customer_id,anomaly_score,is_anomaly,churn_real
1875-QIVME,1.0,1,1
5709-LVOEQ,0.9989,1,0
1371-DWPAZ,0.9892,1,0
2276-YDAVZ,0.9699,1,1
8647-SDTWQ,0.9557,1,0
3370-HXOPH,0.9309,1,0
3519-ZKXGG,0.9281,1,1
1980-KXVPM,0.9144,1,1
4075-WKNIU,0.9088,1,0
8879-XUAHX,0.9085,1,0
5150-ITWWB,0.9048,1,0
4472-LVYGI,0.8991,1,0
2081-VEYEH,0.8874,1,0
1400-MMYXY,0.875,1,1
7817-BOQPW,0.8724,1,1
5671-RQRLP,0.867,1,0
4581-SSPWD,0.8669,1,1
0052-DCKON,0.863,1,0
0329-GTIAJ,0.8442,1,1
6023-YEBUP,0.8412,1,1
6496-SLWHQ,0.8356,1,1
0925-VYDLG,0.8333,1,1
5760-IFJOZ,0.833,1,0
2260-USTRB,0.8325,1,1
4376-KFVRS,0.8289,1,0
3963-RYFNS,0.8251,1,0
2775-SEFEE,0.8229,1,0
5485-WUYWF,0.8204,1,1
5052-PNLOS,0.8171,1,1
9739-JLPQJ,0.817,1,0
2101-RANCD,0.8166,1,0
8433-WXGNA,0.8157,1,1
3750-CKVKH,0.8145,1,1
2889-FPWRM,0.8134,1,1
7321-VGNKU,0.8106,1,0
7929-SKFGK,0.8082,1,0
9701-CDXHR,0.8073,1,0
1096-ADRUX,0.8058,1,0
6993-OHLXR,0.8025,1,1
0637-KVDLV,0.8022,1,1
4713-LZDRV,0.8018,1,1
1996-DBMUS,0.8012,1,0
0164-APGRB,0.7991,1,0
5188-HGMLP,0.7979,1,0
6168-WFVVF,0.7961,1,1
7636-PEPNS,0.7897,1,0
3002-WQZWT,0.7886,1,0
3815-SLMEF,0.7863,1,1
8695-ARGXZ,0.7856,1,0
9944-HKVVB,0.783,1,1
4450-DLLMH,0.7828,1,0
9788-HNGUT,0.7802,1,0
6221-AVQYL,0.7777,1,1
7176-WRTNX,0.7772,1,0
6856-RAURS,0.7766,1,0
8149-AIQCG,0.7765,1,0
1989-PRJHP,0.7763,1,1
7881-EVUAD,0.7747,1,1
8676-TRMJS,0.7712,1,1
8258-GSTJK,0.7698,1,1
3258-SYSWS,0.7691,1,0
0599-XNYDO,0.7688,1,0
3923-CSIHK,0.7678,1,1
9943-VSZUV,0.7661,1,0
9799-CAYJJ,0.7645,1,0
7394-LWLYN,0.7636,1,0
7181-BQYBV,0.7626,1,1
8413-VONUO,0.7621,1,1
2516-VQRRV,0.7619,1,1
8486-AYEQH,0.7604,1,0
7379-FNIUJ,0.7603,1,0
9443-JUBUO,0.7577,1,0
5397-TUPSH,0.7544,1,0
8543-MSDMF,0.7542,1,0
7235-NXZCP,0.7535,1,1
3489-HHPFY,0.7534,1,0
0106-UGRDO,0.7532,1,0
0675-NCDYU,0.7531,1,0
4741-WWJQZ,0.7521,1,0
9505-SQFSW,0.7518,1,0
3396-DKDEL,0.751,1,0
4868-AADLV,0.7506,1,0
9633-XQABV,0.7503,1,0
6351-SCJKT,0.7496,1,0
1303-SRDOK,0.7463,1,0
2957-JIRMN,0.7443,1,0
4450-MDZFX,0.7435,1,0
0531-ZZJWQ,0.7432,1,0
6817-WTYHE,0.7428,1,0
0432-CAJZV,0.7418,1,0
6956-SMUCM,0.7405,1,1
3452-SRFEG,0.7399,1,0
7938-OUHIO,0.7387,1,1
4140-MUHUG,0.7376,1,1
7314-OXENN,0.7367,1,1
3130-ICDUP,0.7358,1,0
2842-BCQGE,0.7357,1,0
7693-QPEFS,0.7351,1,0
4090-KPJIP,0.7348,1,0
7128-GGCNO,0.7344,1,0
2905-KFQUV,0.7332,1,0
1555-DJEQW,0.733,1,1
7576-OYWBN,0.7326,1,1
0685-MLYYM,0.7316,1,1
0442-ZXKVS,0.7306,1,0
5299-SJCZT,0.73,1,1
6424-ELEYH,0.7291,1,1
6077-BDPXA,0.7284,1,0
7218-HKQFK,0.7272,1,1
8329-GWVPJ,0.7264,1,0
7534-BFESC,0.7262,1,1
4512-ZUIYL,0.7256,1,1
0404-SWRVG,0.725,1,1
5649-ANRML,0.7232,1,1
0064-YIJGF,0.7224,1,0
5095-AESKG,0.7212,1,1
5277-ZLOOR,0.7192,1,1
4883-QICIH,0.7188,1,1
1618-CFHME,0.7172,1,1
2545-EBUPK,0.7161,1,0
9351-HXDMR,0.7155,1,0
2737-YNGYW,0.7154,1,1
0754-UKWQP,0.7151,1,1
9850-OWRHQ,0.7148,1,1
3717-OEAUQ,0.7148,1,0
2302-ANTDP,0.7148,1,1
1320-HTRDR,0.7142,1,1
1602-IJQQE,0.7141,1,1
9576-ANLXO,0.7132,1,1
5570-PTWEH,0.7124,1,1
5835-BEQEU,0.7114,1,1
9306-CPCBC,0.7112,1,1
9142-KZXOP,0.711,1,0
3943-KDREE,0.7102,1,1
9819-FBNSV,0.7102,1,0
3208-YPIOE,0.7082,1,1
6022-KOUQO,0.7073,1,0
7952-OBOYL,0.7072,1,0
7569-NMZYQ,0.7053,1,0
9796-MVYXX,0.7051,1,0
3278-FSIXX,0.7047,1,0
6202-DYYFX,0.7045,1,0
8207-VVMYB,0.704,1,0
3295-YVUSR,0.7035,1,0
1679-JRFBR,0.7032,1,0
0536-ACXIP,0.7021,1,0
4806-DXQCE,0.7015,1,0
6110-OHIHY,0.7005,1,1
7851-WZEKY,0.6999,1,1
5419-JPRRN,0.6992,1,1
4432-ADRLB,0.6991,1,1
6007-TCTST,0.699,1,0
8086-OVPWV,0.6989,1,1
4424-TKOPW,0.6989,1,1
3097-NQYSN,0.6973,1,1
3158-MOERK,0.6948,1,1
0254-FNMCI,0.6943,1,0
0107-YHINA,0.693,1,1
2984-AFWNC,0.6924,1,0
6115-ZTBFQ,0.6922,1,0
3049-SOLAY,0.6921,1,1
0323-XWWTN,0.6919,1,0
4919-MOAVT,0.6914,1,1
3810-DVDQQ,0.6902,1,0
4367-NUYAO,0.6895,1,0
3178-FESZO,0.6895,1,1
0617-FHSGK,0.6894,1,1
3213-VVOLG,0.6867,1,0
7216-EWTRS,0.6865,1,1
5122-CYFXA,0.6858,1,0
0265-EDXBD,0.6856,1,1
6348-SNFUS,0.6846,1,0
6923-JHPMP,0.6845,1,0
1389-CXMLU,0.6841,1,1
9611-CTWIH,0.6833,1,1
4652-NNHNY,0.6827,1,1
7571-YXDAD,0.6827,1,1
7823-JSOAG,0.682,1,0
5115-GZDEL,0.6813,1,0
5349-IECLD,0.6804,1,1
9237-HQITU,0.6804,1,1
6680-WKXRZ,0.6795,1,1
0139-IVFJG,0.6783,1,0
5375-XLDOF,0.6782,1,0
0641-EVBOJ,0.6778,1,0
7024-OHCCK,0.6771,1,1
7074-IEVOJ,0.6766,1,1
1142-WACZW,0.6766,1,1
3677-IYRBF,0.6761,1,1
9174-IHETN,0.6745,1,0
9821-POOTN,0.6744,1,1
6645-MXQJT,0.6739,1,0
4398-HSCJH,0.6736,1,1
3071-VBYPO,0.6731,1,0
0259-GBZSH,0.6722,1,1
5734-EJKXG,0.6721,1,0
5091-HFAZW,0.6715,1,0
3620-MWJNE,0.6709,1,0
4029-HPFVY,0.6705,1,0
9546-CQJSU,0.6683,1,1
4067-HLYQI,0.6662,1,0
9057-SIHCH,0.6659,1,1
0508-OOLTO,0.6655,1,0
8908-NMQTX,0.6652,1,0
3886-CERTZ,0.6622,1,1
3703-VAVCL,0.6616,1,1
2842-JTCCU,0.6607,1,1
6650-BWFRT,0.6606,1,0
6347-DCUIK,0.6593,1,1
5365-LLFYV,0.6591,1,0
9565-JSNFM,0.6582,1,1
9356-AXGMP,0.6573,1,0
3006-XIMLN,0.6571,1,1
7359-WWYJV,0.6568,1,0
9248-OJYKK,0.6556,1,1
4929-XIHVW,0.6542,1,0
8984-HPEMB,0.6541,1,0
4948-WBBKL,0.6537,1,0
5442-UTCVD,0.6531,1,1
6173-GOLSU,0.6528,1,0
9350-VLHMB,0.6527,1,0
2609-IAICY,0.6523,1,1
6010-DDPPW,0.652,1,0
0455-XFASS,0.6514,1,0
6161-UUUTA,0.6514,1,1
4393-GEADV,0.651,1,0
6960-HVYXR,0.6505,1,1
3714-NTNFO,0.6505,1,0
5644-PDMZC,0.6495,1,1
0795-LAFGP,0.6495,1,0
8593-WHYHV,0.6493,1,1
7245-NIIWQ,0.6492,1,0
7112-OPOTK,0.6489,1,1
2219-MVUSO,0.6482,1,1
3198-VELRD,0.648,1,1
0769-MURVM,0.6477,1,0
5271-YNWVR,0.6471,1,1
2897-DOVND,0.6455,1,0
5276-KQWHG,0.6454,1,1
9680-NIAUV,0.6445,1,0
7924-GJZFI,0.6443,1,0
5451-YHYPW,0.6434,1,0
8454-AATJP,0.6425,1,0
7398-SKNQZ,0.6425,1,0
4854-CIDCF,0.6416,1,0
6733-LRIZX,0.6415,1,0
7159-FVYPK,0.6412,1,0
7538-GWHML,0.6412,1,1
1113-IUJYX,0.6412,1,1
1597-FZREH,0.641,1,1
8628-MFKAX,0.6407,1,0
6894-LFHLY,0.6407,1,1
2091-RFFBA,0.6406,1,1
5834-ASPWA,0.6405,1,1
4361-BKAXE,0.6399,1,1
4234-XTNEA,0.6395,1,0
4846-WHAFZ,0.639,1,1
1501-SGHBW,0.6387,1,1
9787-XVQIU,0.6382,1,1
4988-IQIGL,0.638,1,1
1157-BQCUW,0.6359,1,1
6358-LYNGM,0.6359,1,1
1452-VOQCH,0.6358,1,0
8816-VXNZD,0.6358,1,1
3276-HDUEG,0.6351,1,1
9631-XEYKE,0.6351,1,0
4778-IZARL,0.6337,1,0
8015-IHCGW,0.6333,1,0
1488-PBLJN,0.6333,1,0
1732-VHUBQ,0.633,1,1
8263-QMNTJ,0.6325,1,0
4629-NRXKX,0.6325,1,1
7594-LZNWR,0.6319,1,0
2761-OCIAX,0.6309,1,1
9250-WYPLL,0.6306,1,1
5561-NWEVX,0.6305,1,1
2235-EZAIK,0.6295,1,0
8174-TBVCF,0.629,1,0
0361-HJRDX,0.6288,1,0
7503-MIOGA,0.6287,1,0
5248-RPYWW,0.6284,1,0
5914-XRFQB,0.6281,1,0
2034-GDRCN,0.6279,1,1
9286-DOJGF,0.6277,1,1
0266-GMEAO,0.6273,1,0
2055-PDADH,0.6273,1,1
8348-HFYIV,0.6272,1,1
4927-WWOOZ,0.6271,1,0
2568-BRGYX,0.627,1,1
9924-JPRMC,0.6266,1,0
5240-IJOQT,0.6259,1,1
7182-OVLBJ,0.6248,1,0
8975-SKGRX,0.6241,1,0
8696-JKZNU,0.6232,1,1
2308-STERM,0.6227,1,0
2274-XUATA,0.6225,1,0
3966-HRMZA,0.6224,1,0
9851-KIELU,0.6222,1,1
8082-GHXOP,0.6219,1,0
0133-BMFZO,0.6215,1,1
0017-IUDMW,0.6215,1,0
7077-XJMET,0.6203,1,0
6204-IEUXJ,0.62,1,1
6705-LXORM,0.6196,1,0
0186-CAERR,0.6195,1,0
6598-RFFVI,0.6188,1,1
0295-PPHDO,0.6182,1,1
6857-VWJDT,0.6182,1,1
3746-EUBYR,0.6168,1,1
5832-XKAES,0.6165,1,1
3452-ABWRL,0.6159,1,0
7878-JGDKK,0.6149,1,0
5178-LMXOP,0.6143,1,1
1393-IMKZG,0.6142,1,0
6356-ELRKD,0.614,1,1
4282-MSACW,0.6138,1,0
7760-OYPDY,0.6138,1,1
4415-IJZTP,0.6137,1,1
7180-PISOG,0.6137,1,1
4334-HOWRP,0.6136,1,0
1051-GEJLJ,0.6135,1,0
5630-AHZIL,0.6131,1,0
4184-TJFAN,0.6127,1,1
8155-IBNHG,0.6123,1,1
8085-MSNLK,0.6122,1,0
4102-OQUPX,0.6118,1,1
8775-ERLNB,0.6118,1,0
3551-HUAZH,0.6118,1,1
5567-WSELE,0.6112,1,1
0723-DRCLG,0.611,1,1
8372-JUXUI,0.611,1,1
2982-IHMFT,0.611,1,1
2314-TNDJQ,0.6106,1,0
9048-JVYVF,0.6105,1,1
2789-HQBOU,0.6104,1,0
2055-SIFSS,0.6103,1,0
5318-IXUZF,0.6101,1,1
3707-GNWHM,0.61,1,1
4482-EWFMI,0.61,1,0
8660-BUETV,0.6099,1,0
6166-ILMNY,0.6097,1,1
4290-BSXUX,0.6092,1,1
0684-AOSIH,0.6085,1,1
1725-IQNIY,0.6071,1,1
3737-GCSPV,0.6067,1,1
1833-VGRUM,0.6065,1,1
7718-RXDGG,0.6062,1,0
2933-FILNV,0.6062,1,1
9396-ZSFLL,0.606,1,0
9426-SXNHE,0.6058,1,0
9558-IHEZX,0.6054,1,0
2923-ARZLG,0.6051,1,0
2223-GDSHL,0.6045,1,0
7890-VYYWG,0.6036,0,1
6474-FVJLC,0.6036,0,1
0013-EXCHZ,0.603,0,1
4484-CGXFK,0.603,0,1
3318-NMQXL,0.603,0,0
9223-UCPVT,0.603,0,1
1480-BKXGA,0.603,0,0
8606-CIQUL,0.6026,0,0
7644-OMVMY,0.6025,0,0
2720-WGKHP,0.6023,0,1
9800-ONTFE,0.6022,0,0
1047-NNCBF,0.602,0,0
3118-UHVVQ,0.6019,0,0
9722-UJOJR,0.6016,0,1
1596-BBVTG,0.6011,0,1
6519-CFDBX,0.6006,0,0
9878-TNQGW,0.6004,0,1
8069-RHUXK,0.6001,0,0
9689-PTNPG,0.5999,0,1
0898-XCGTF,0.5996,0,0
6591-QGOYB,0.5992,0,0
6710-HSJRD,0.5989,0,0
7722-VJRQD,0.5982,0,0
3721-CNEYS,0.5982,0,1
8029-XYPWT,0.598,0,0
6629-LADHQ,0.5976,0,0
8685-WHQPW,0.5974,0,1
5879-SESNB,0.5973,0,0
1352-HNSAW,0.597,0,0
7147-AYBAA,0.5969,0,0
2520-SGTTA,0.5968,0,0
5173-WXOQV,0.5963,0,0
0258-NOKBL,0.5955,0,0
3115-CZMZD,0.5955,0,0
0378-TOVMS,0.5953,0,1
5673-TIYIB,0.5952,0,1
8473-VUVJN,0.595,0,1
2074-GKOWZ,0.5949,0,1
3411-WLRSQ,0.5949,0,0
6692-YQHXC,0.5945,0,0
4529-CKBCL,0.5945,0,1
0083-PIVIK,0.5944,0,0
4910-GMJOT,0.5943,0,1
0225-ZORZP,0.5943,0,0
5135-GRQJV,0.594,0,0
5536-SLHPM,0.5937,0,1
6904-JLBGY,0.5935,0,0
0274-JKUJR,0.5934,0,0
2040-XBAVJ,0.5933,0,0
0842-IWYCP,0.5933,0,0
3126-WQMGH,0.5931,0,0
4342-HFXWS,0.5929,0,0
9734-UYXQI,0.5925,0,1
8603-IJWDN,0.592,0,1
5893-KCLGT,0.5919,0,0
8580-QVLOC,0.5918,0,1
6513-EECDB,0.5917,0,1
3677-TNKIO,0.591,0,1
4086-YQSNZ,0.5905,0,1
6859-QNXIQ,0.5903,0,0
9897-KXHCM,0.5901,0,1
9767-FFLEM,0.5899,0,0
8083-YTZES,0.5891,0,1
4918-QLLIW,0.589,0,1
9258-CNWAC,0.5887,0,0
3892-NXAZG,0.5886,0,0
4139-DETXS,0.5884,0,0
8985-OOPOS,0.5884,0,0
9896-UYMIE,0.5882,0,0
4826-XTSOH,0.5876,0,1
7554-AKDQF,0.587,0,0
8725-JEDFD,0.587,0,0
1779-PWPMG,0.587,0,0
3258-ZKPAI,0.5868,0,0
8873-GLDMH,0.5867,0,0
1143-NMNQJ,0.5865,0,1
3703-KBKZP,0.5861,0,0
7113-HIPFI,0.5861,0,0
0201-MIBOL,0.5859,0,0
4967-WPNCF,0.5857,0,0
6641-XRPSU,0.5851,0,1
4137-BTIKL,0.5848,0,0
4959-JOSRX,0.5847,0,1
7971-HLVXI,0.5846,0,0
8199-ZLLSA,0.5842,0,1
6505-OZNPG,0.5841,0,0
3982-XWFZQ,0.584,0,1
9112-WSNPU,0.5838,0,0
0817-HSUSE,0.5836,0,0
9300-AGZNL,0.5835,0,1
7410-YTJIK,0.5835,0,1
5956-VKDTT,0.5834,0,1
8149-RSOUN,0.5828,0,1
5066-GFJMM,0.5827,0,0
2380-DAMQP,0.5824,0,0
0906-QVPMS,0.5824,0,0
2800-VEQXM,0.5824,0,0
2710-WYVXG,0.5821,0,0
9497-QCMMS,0.582,0,1
5018-GWURO,0.5813,0,0
8617-ENBDS,0.581,0,0
1041-RXHRA,0.5807,0,1
3422-GALYP,0.5804,0,0
7343-EOBEU,0.5799,0,0
3882-IYOIJ,0.5797,0,0
2388-LAESQ,0.5795,0,0
3049-NDXFL,0.5794,0,1
5419-JKZNQ,0.579,0,0
5233-AOZUF,0.5783,0,0
1212-GLHMD,0.5781,0,0
3726-TBHQT,0.5778,0,0
3186-BAXNB,0.5777,0,1
2884-GBPFB,0.5771,0,1
0266-CLZKZ,0.5771,0,0
6521-YYTYI,0.5764,0,1
4854-SSLTN,0.5761,0,0
8207-DMRVL,0.5757,0,0
7198-GLXTC,0.5757,0,1
9839-ETQOE,0.5754,0,0
5600-KTXFM,0.5751,0,0
4983-CCWMC,0.575,0,0
1163-VIPRI,0.5749,0,0
3795-CAWEX,0.5747,0,0
0734-OXWBT,0.5743,0,0
8513-OLYGY,0.5741,0,0
0530-IJVDB,0.5738,0,0
0440-QEXBZ,0.5735,0,0
2372-HWUHI,0.5735,0,1
8241-JUIQO,0.5733,0,0
9812-GHVRI,0.5725,0,0
0374-IOEGQ,0.5724,0,0
9717-QEBGU,0.5723,0,0
7855-DIWPO,0.572,0,0
5574-NXZIU,0.572,0,0
0722-TROQR,0.572,0,1
3680-CTHUH,0.5719,0,0
2832-SCUCO,0.5719,0,0
5192-EBGOV,0.5717,0,1
4422-QVIJA,0.5717,0,0
6017-PPLPX,0.5715,0,1
8713-IGZSO,0.571,0,0
7923-IYJWY,0.5706,0,0
9637-CDTKZ,0.5705,0,0
7269-JISCY,0.5704,0,0
3508-VLHCZ,0.5703,0,0
6702-OHFWR,0.5694,0,1
1444-VVSGW,0.5692,0,1
8903-WMRNW,0.5691,0,0
9124-LHCJQ,0.569,0,1
7379-POKDZ,0.569,0,1
2754-SDJRD,0.569,0,0
2325-NBPZG,0.5689,0,0
3657-COGMW,0.5689,0,0
2476-YGEFM,0.5686,0,0
9261-WDCAF,0.5684,0,0
3509-GWQGF,0.5683,0,0
7841-TZDMQ,0.5682,0,1
2969-QWUBZ,0.568,0,0
3836-FZSDJ,0.5678,0,0
0772-GYEQQ,0.5678,0,1
6304-IJFSQ,0.5678,0,1
2460-NGXBJ,0.5666,0,0
6198-ZFIOJ,0.5646,0,0
2235-ZGKPT,0.5645,0,1
1591-NFNLQ,0.5641,0,1
2121-JAFOM,0.5639,0,0
7206-PQBBZ,0.5638,0,0
8920-NAVAY,0.5635,0,0
6275-YDUVO,0.5633,0,1
5879-HMFFH,0.5629,0,0
9127-FHJBZ,0.5624,0,0
9286-BHDQG,0.5623,0,0
0840-DFEZH,0.5615,0,0
3669-WHAFY,0.5612,0,0
8910-LEDAG,0.5612,0,0
8443-ZRDBZ,0.5611,0,1
7851-FLGGQ,0.5609,0,1
4587-NUKOX,0.5609,0,1
2637-FKFSY,0.5603,0,0
8065-YKXKD,0.5599,0,1
9298-WGMRW,0.5598,0,0
6967-QIQRV,0.5595,0,0
5405-ZMYXQ,0.5586,0,0
0206-TBWLC,0.5577,0,0
0742-LAFQK,0.5576,0,0
3612-YUNGG,0.5574,0,0
9769-TSBZE,0.5573,0,0
6952-OMNWB,0.557,0,0
7997-EASSD,0.5568,0,0
0988-JRWWP,0.5568,0,0
3234-VKACU,0.5568,0,0
7354-OIJLX,0.5565,0,0
3094-JOJAI,0.5565,0,0
5159-YFPKQ,0.5558,0,1
4176-FXYBO,0.5558,0,0
0771-WLCLA,0.5557,0,0
6680-NENYN,0.5556,0,1
6655-LHBYW,0.5546,0,0
5916-QEWPT,0.5544,0,0
1069-XAIEM,0.5539,0,1
9282-IZGQK,0.5539,0,1
8395-ETZKQ,0.5536,0,0
3988-RQIXO,0.5535,0,1
3932-CMDTD,0.5526,0,1
9866-OCCKE,0.5525,0,0
2585-KTFRE,0.5524,0,0
7663-CUXZB,0.5521,0,0
0334-GDDSO,0.552,0,1
1678-FYZOW,0.5516,0,1
0201-OAMXR,0.5516,0,1
1728-BQDMA,0.5514,0,0
2211-RMNHO,0.551,0,0
9945-PSVIP,0.551,0,0
9659-QEQSY,0.5509,0,0
2272-QAGFO,0.5506,0,1
4537-DKTAL,0.5506,0,0
9283-LZQOH,0.5501,0,1
0021-IKXGC,0.55,0,0
8993-PHFWD,0.5498,0,1
5119-NZPTV,0.5498,0,0
6919-ELBGL,0.5497,0,0
4220-TINQT,0.5496,0,0
0301-FIDRB,0.549,0,0
2632-UCGVD,0.5489,0,1
7675-OZCZG,0.5489,0,1
2296-DKZFP,0.5487,0,0
8644-XLFBW,0.5485,0,1
8380-PEFPE,0.5485,0,1
2962-XPMCQ,0.5479,0,1
4683-WYDOU,0.5478,0,0
4671-LXRDQ,0.5475,0,1
1642-HMARX,0.5473,0,0
5168-MQQCA,0.5472,0,0
2725-KXXWT,0.5471,0,1
7294-TMAOP,0.5471,0,1
8775-LHDJH,0.5471,0,1
7274-RTAPZ,0.5471,0,1
5797-APWZC,0.5471,0,1
6825-UYPFK,0.5469,0,1
9101-NTIXF,0.5468,0,0
5419-CONWX,0.5468,0,1
4312-GVYNH,0.5466,0,0
9725-SCPZG,0.5465,0,1
5167-ZFFMM,0.5465,0,1
2525-GVKQU,0.5465,0,0
9968-FFVVH,0.5465,0,0
5502-RLUYV,0.5463,0,1
7369-TRPFD,0.546,0,0
1226-UDFZR,0.5458,0,1
5989-AXPUC,0.5457,0,0
7503-ZGUZJ,0.5452,0,1
1741-WTPON,0.5452,0,0
4587-VVTOX,0.5451,0,1
4342-HENTK,0.5449,0,1
9837-BMCLM,0.5448,0,1
0196-JTUQI,0.5439,0,0
4912-PIGUY,0.5436,0,0
7120-RFMVS,0.5436,0,1
1399-OUPJN,0.5433,0,0
6048-UWKAL,0.5427,0,0
2181-UAESM,0.5424,0,0
2988-PLAHS,0.5423,0,0
8878-HMWBV,0.5419,0,1
4704-ERYFC,0.5413,0,1
4254-QPEDE,0.5412,0,0
9610-WCESF,0.5409,0,0
2272-WUSPA,0.5409,0,0
1941-HOSAM,0.5407,0,0
5968-VXZLG,0.5406,0,0
1981-INRFU,0.5403,0,1
7296-PIXQY,0.5397,0,0
0744-GKNGE,0.5395,0,0
5183-KLYEM,0.5395,0,0
6140-QNRQQ,0.5393,0,1
4374-YMUSQ,0.5391,0,0
8835-VSDSE,0.5387,0,1
0670-ANMUU,0.5385,0,0
5356-CSVSQ,0.5384,0,0
8642-GVWRF,0.5383,0,1
9702-AIUJO,0.5381,0,0
7579-OOPEC,0.5375,0,1
4628-CTTLA,0.5372,0,1
5995-SNNEW,0.5371,0,0
3812-LRZIR,0.5369,0,0
8708-XPXHZ,0.5369,0,1
6357-JJPQT,0.5365,0,0
3329-WDIOK,0.5354,0,1
6557-BZXLQ,0.5353,0,0
9036-CSKBW,0.5352,0,0
5028-GZLDO,0.5351,0,1
4625-XMOYM,0.5348,0,0
7781-HVGMK,0.5346,0,0
4360-PNRQB,0.5344,0,0
2560-WBWXF,0.5341,0,0
1074-AMIOH,0.534,0,0
5804-LEPIM,0.5336,0,1
3308-DGHKL,0.5336,0,0
6445-TNRXS,0.5336,0,0
8541-QVFKM,0.5335,0,0
9158-VCTQB,0.5332,0,1
8042-JVNFH,0.5331,0,1
7587-RZNME,0.5331,0,1
3177-LASXD,0.5331,0,1
3384-CTMSF,0.5331,0,0
6166-YIPFO,0.533,0,0
5442-BHQNG,0.5329,0,0
4079-WWQQQ,0.5328,0,0
7615-ESMYF,0.5327,0,1
6047-YHPVI,0.5326,0,1
3313-QKNKB,0.5325,0,1
1442-OKRJE,0.5324,0,0
3865-YIOTT,0.5324,0,0
2792-LSHWX,0.5322,0,0
2378-YIZKA,0.532,0,0
4546-FOKWR,0.532,0,0
6338-AVWCY,0.5318,0,1
1587-FKLZB,0.5316,0,1
0709-TVGUR,0.5314,0,1
1025-FALIX,0.5311,0,0
3866-MDTUB,0.5311,0,1
9101-BWFSS,0.5308,0,1
7326-RIGQZ,0.5307,0,0
0822-GAVAP,0.5305,0,1
3194-ORPIK,0.5302,0,1
1589-AGTLK,0.5301,0,1
7912-SYRQT,0.5301,0,1
4061-UKJWL,0.5301,0,0
4208-UFFGW,0.53,0,1
6172-FECYY,0.5299,0,1
6917-IAYHD,0.5299,0,0
3027-ZTDHO,0.5299,0,1
3074-GQWYX,0.5297,0,1
1837-YQUCE,0.5295,0,0
9695-IDRZR,0.5288,0,0
4238-HFHSN,0.5288,0,0
7274-CGTOD,0.5287,0,0
1078-TDCRN,0.5286,0,0
6078-VESFR,0.5283,0,0
3799-ISUZQ,0.5281,0,1
0970-ETWGE,0.5278,0,1
4816-JBHOV,0.5277,0,1
7273-TEFQD,0.5273,0,1
8204-YJCLA,0.5272,0,0
9242-TKFSV,0.5272,0,0
6416-TVAIH,0.5271,0,1
3655-SNQYZ,0.5268,0,0
0388-EOPEX,0.5267,0,1
4612-THJBS,0.5266,0,1
4304-TSPVK,0.5266,0,0
2178-PMGCJ,0.5262,0,0
6164-HAQTX,0.5261,0,0
1767-TGTKO,0.526,0,0
3538-WZPHD,0.526,0,1
5360-XGYAZ,0.5258,0,0
9334-GWGOW,0.5252,0,0
7824-PANSQ,0.5251,0,0
3878-AVSOQ,0.5246,0,0
4753-PADAS,0.5244,0,0
3055-VTCGS,0.5242,0,0
9365-SRSZE,0.524,0,0
1625-JAIIY,0.5239,0,1
2856-HYAPG,0.5237,0,1
7392-YYPYJ,0.5237,0,0
2511-MORQY,0.5233,0,0
1229-RCALF,0.5233,0,0
7577-SWIFR,0.5232,0,0
1415-YFWLT,0.5232,0,1
4273-MBHYA,0.5232,0,0
0774-RMNUW,0.5227,0,0
9835-ZIITK,0.5227,0,1
1557-EMYVT,0.5227,0,0
8485-GJCDN,0.5225,0,1
0895-DQHEW,0.5225,0,1
4229-CZMLL,0.5224,0,1
3858-VOBET,0.5221,0,1
8587-XYZSF,0.5207,0,0
3754-DXMRT,0.5205,0,1
5038-ETMLM,0.5201,0,0
8909-BOLNL,0.52,0,0
8992-JQYUN,0.5198,0,1
1219-NNDDO,0.5197,0,0
1125-SNVCK,0.5196,0,0
2303-PJYHN,0.5196,0,0
4695-WJZUE,0.5195,0,1
9220-CXRSC,0.5194,0,0
0541-FITGH,0.5193,0,0
0491-KAPQG,0.5193,0,0
9494-MRNYX,0.5188,0,0
1209-VFFOC,0.5188,0,0
9053-JZFKV,0.5186,0,1
4291-SHSBH,0.5186,0,0
6418-HNFED,0.518,0,0
9776-CLUJA,0.5176,0,1
0907-HQNTS,0.5174,0,0
8690-ZVLCL,0.5173,0,0
8040-MNRTF,0.5172,0,0
1228-ZLNBX,0.5172,0,0
9488-HGMJH,0.5172,0,1
0511-JTEOY,0.5172,0,1
9778-OGKQZ,0.5169,0,0
3070-DVEYC,0.5168,0,1
2868-SNELZ,0.5166,0,1
3068-OMWZA,0.5166,0,1
8364-TRMMK,0.5165,0,1
0975-VOOVL,0.5162,0,0
6762-QVYJO,0.5162,0,0
8224-DWCKX,0.5158,0,0
3398-ZOUAA,0.5157,0,1
2049-BAFNW,0.5156,0,0
3716-BDVDB,0.5155,0,1
1086-LXKFY,0.5155,0,1
1447-GIQMR,0.5155,0,1
3871-IKPYH,0.5155,0,1
4806-HIPDW,0.5155,0,1
3801-HMYNL,0.5154,0,1
5245-VDBUR,0.5148,0,0
9728-FTTVZ,0.5147,0,1
7660-HDPJV,0.5147,0,1
0679-IDSTG,0.5147,0,1
7206-GZCDC,0.5147,0,1
9862-KJTYK,0.5147,0,0
5317-FLPJF,0.5146,0,0
8910-ICHIU,0.5146,0,0
2880-FPNAE,0.5142,0,0
8167-GJLRN,0.5141,0,0
3845-FXCYS,0.5137,0,0
3594-KADLU,0.5137,0,0
5322-TEUJK,0.5134,0,0
8480-PPONV,0.5132,0,0
8150-QUDFX,0.5131,0,0
1689-YQBYY,0.513,0,0
1455-ESIQH,0.513,0,1
4323-SADQS,0.5128,0,1
5996-NRVXR,0.5128,0,0
5176-LDKUH,0.5127,0,0
3722-WPXTK,0.5125,0,1
4821-WQOYN,0.5118,0,0
5896-NPFWW,0.5118,0,1
3428-XZMAZ,0.5115,0,1
6457-GIRWB,0.5115,0,1
4685-ERGHK,0.5114,0,0
1866-DIOQZ,0.5113,0,0
8099-MZPUJ,0.5113,0,0
6260-XLACS,0.5111,0,0
6161-ERDGD,0.5111,0,0
8670-ERCJH,0.511,0,0
7908-QCBCA,0.5107,0,1
5884-GCYMI,0.5107,0,1
2005-DWQZJ,0.5104,0,0
7021-XSNYE,0.5103,0,0
5275-PMFUT,0.5102,0,0
1777-JYQPJ,0.5101,0,0
8107-KNCIM,0.5099,0,0
8111-RKSPX,0.5096,0,1
0621-HJWXJ,0.5094,0,0
0930-EHUZA,0.5094,0,0
0883-EIBTI,0.5093,0,1
9239-GZHZE,0.5092,0,0
0691-IFBQW,0.509,0,1
4282-YMKNA,0.5087,0,1
4957-TREIR,0.5083,0,0
9389-ACWBI,0.5082,0,0
2103-ZRXFN,0.5081,0,0
1304-NECVQ,0.5078,0,1
9522-BNTHX,0.5078,0,0
8943-URTMR,0.5077,0,1
5076-YVXCM,0.5076,0,0
2656-FMOKZ,0.5076,0,1
2969-VAPYH,0.5073,0,0
1950-KSVVJ,0.5072,0,0
3995-WFCSM,0.5069,0,0
6711-FLDFB,0.5061,0,1
5997-OPVFA,0.506,0,0
9277-JOOMO,0.506,0,0
8200-LGKSR,0.5059,0,0
7173-TETGO,0.5058,0,0
3916-NRPAP,0.5057,0,0
5027-QPKTE,0.5057,0,1
4513-CXYIX,0.5054,0,0
5712-PTIWW,0.5053,0,1
0923-PNFUB,0.5052,0,1
5186-SAMNZ,0.5051,0,1
8894-JVDCV,0.5051,0,0
0488-GSLFR,0.5051,0,1
8231-BSWXX,0.505,0,0
9927-DSWDF,0.5049,0,0
1813-JYWTO,0.5048,0,0
0220-EBGCE,0.5047,0,1
7017-VFHAY,0.5044,0,0
7409-KIUTL,0.5044,0,1
3422-LYEPQ,0.5044,0,1
9643-AVVWI,0.5042,0,0
0529-ONKER,0.5042,0,1
3259-FDWOY,0.5042,0,1
7767-UXAGJ,0.5041,0,1
4976-LNFVV,0.5039,0,0
3420-YJLQT,0.5038,0,0
4844-JJWUY,0.5037,0,1
3957-LXOLK,0.503,0,1
8039-EQPIM,0.503,0,0
0369-ZGOVK,0.5029,0,0
5377-NDTOU,0.5028,0,0
3798-EPWRR,0.5027,0,0
9058-CBREO,0.5026,0,1
0013-SMEOE,0.5025,0,0
2792-VPPET,0.5025,0,0
4077-HWUYD,0.5019,0,0
9274-CNFMO,0.5018,0,1
2386-OWURY,0.5015,0,0
0151-ONTOV,0.5012,0,1
1031-IIDEO,0.5012,0,1
0812-WUPTB,0.5012,0,1
2863-IMQDR,0.5009,0,0
9786-IJYDL,0.5007,0,0
5899-MQZZL,0.5005,0,1
8610-ZIKJJ,0.5004,0,0
1820-TQVEV,0.5002,0,1
4110-PFEUZ,0.5002,0,1
2506-TNFCO,0.5002,0,1
1583-IHQZE,0.5002,0,1
3030-YDNRM,0.5002,0,0
7442-YGZFK,0.5,0,0
7396-VJUZB,0.4998,0,0
0748-RDGGM,0.4997,0,1
6729-FZWSY,0.4997,0,0
6360-SVNWV,0.4996,0,0
3334-CTHOL,0.4995,0,1
8185-UPYBR,0.4994,0,1
5981-ITEMU,0.4991,0,1
3199-XGZCY,0.499,0,0
7564-GHCVB,0.499,0,0
5067-WJEUN,0.4989,0,0
3156-QLHBO,0.4987,0,0
4430-UZIPO,0.4987,0,1
6502-MJQAE,0.4986,0,1
2636-ALXXZ,0.4986,0,1
8375-DKEBR,0.4986,0,1
7665-TOALD,0.4986,0,1
5343-SGUBI,0.4984,0,0
4277-BWBML,0.4983,0,0
2740-TVLFN,0.4979,0,0
2575-GFSOE,0.4975,0,1
2824-MYYBN,0.4973,0,0
8445-DNBAE,0.4971,0,0
6556-DBKZF,0.4971,0,0
0248-IPDFW,0.4971,0,0
4749-VFKVB,0.4971,0,1
5605-IYGFG,0.4966,0,0
8261-GWDBQ,0.4965,0,0
3508-CFVZL,0.4964,0,0
3191-CSNMG,0.4963,0,0
4550-EVXNY,0.4962,0,1
4871-JTKJF,0.4962,0,1
7254-IQWOZ,0.4962,0,1
8062-YBDOE,0.4962,0,1
4312-KFRXN,0.496,0,0
5397-NSKQG,0.4957,0,0
0968-GSIKN,0.4956,0,1
1258-YMZNM,0.4952,0,0
5597-GLBUC,0.495,0,1
2430-RRYUW,0.4948,0,0
5652-MSDEY,0.4947,0,0
4547-LYTDD,0.4947,0,1
8444-WRIDW,0.4943,0,1
0235-KGSLC,0.4941,0,1
8990-ZXLSU,0.4938,0,0
3453-RTHJQ,0.4938,0,0
0378-CJKPV,0.4933,0,0
0519-XUZJU,0.4932,0,1
9398-MMQTO,0.493,0,0
5533-NHFRF,0.4926,0,0
5032-MIYKT,0.4924,0,0
3910-MRQOY,0.4924,0,0
3090-LETTY,0.4923,0,0
2984-TBYKU,0.4921,0,0
9481-IEBZY,0.4917,0,0
8382-SHQEH,0.4917,0,1
1122-JWTJW,0.4916,0,1
0913-XWSCN,0.4914,0,0
4501-EQDRN,0.4913,0,1
0679-TDGAK,0.4911,0,0
7055-HNEOJ,0.4909,0,0
4797-AXPXK,0.4908,0,1
1867-TJHTS,0.4907,0,0
6664-FPDAC,0.4906,0,1
2293-IJWPS,0.4903,0,0
7880-XSOJX,0.4901,0,0
2108-XWMPY,0.49,0,1
9617-INGJY,0.4898,0,0
8309-IEYJD,0.4898,0,0
5940-AHUHD,0.4898,0,1
5376-DEQCP,0.4898,0,1
2985-FMWYF,0.4898,0,0
2368-GAKKQ,0.4897,0,0
2482-CZGBB,0.4894,0,1
6407-UTSLV,0.4893,0,0
5908-QMGOE,0.4892,0,1
3292-PBZEJ,0.4892,0,0
2058-DCJBE,0.4891,0,1
2162-FRZAA,0.4891,0,0
0322-CHQRU,0.489,0,1
9309-BZGNT,0.489,0,0
7465-ZZRVX,0.4887,0,0
6927-WTFIV,0.4887,0,1
5539-TMZLF,0.4886,0,1
1084-UQCHV,0.4886,0,1
3520-FJGCV,0.4885,0,0
4291-YZODP,0.4884,0,0
3345-JHUEO,0.4881,0,0
4759-TRPLW,0.4879,0,1
1853-UDXBW,0.4878,0,1
5583-SXDAG,0.4878,0,1
4510-HIMLV,0.4877,0,1
5134-IKDAY,0.4877,0,1
5456-ITGIC,0.4876,0,0
0562-KBDVM,0.4876,0,0
6877-TJMBR,0.4873,0,1
4390-KYULV,0.4871,0,1
2262-SLNVK,0.487,0,0
3494-JCHRQ,0.487,0,1
0328-GRPMV,0.487,0,1
4702-IOQDC,0.487,0,1
9603-OAIHC,0.487,0,0
2446-PLQVO,0.4869,0,1
4603-JANFB,0.4869,0,1
5550-VFRLC,0.4869,0,1
6653-CBBOM,0.4869,0,1
1363-TXLSL,0.4869,0,1
5982-PSMKW,0.4868,0,0
8869-LIHMK,0.4865,0,0
2202-CUYXZ,0.4865,0,1
8361-LTMKD,0.4864,0,1
9985-MWVIX,0.4862,0,1
2619-WFQWU,0.4862,0,1
1846-XWOQN,0.4862,0,1
5542-TBBWB,0.4861,0,0
5875-YPQFJ,0.4861,0,1
1062-LHZOD,0.4861,0,1
9804-ICWBG,0.4861,0,1
8016-NCFVO,0.486,0,0
8937-RDTHP,0.4857,0,1
0390-DCFDQ,0.4854,0,1
1915-IOFGU,0.4854,0,1
0515-YPMCW,0.4854,0,1
7963-GQRMY,0.4852,0,1
5160-UXJED,0.4851,0,0
4770-UEZOX,0.4851,0,0
3704-IEAXF,0.485,0,0
1936-UAFEH,0.485,0,0
7825-ECJRF,0.4849,0,1
4111-BNXIF,0.4848,0,0
5976-JCJRH,0.4846,0,1
0020-JDNXP,0.4845,0,0
7808-DVWEP,0.4843,0,0
7083-MIOPC,0.4841,0,0
9199-PWQVC,0.484,0,0
3992-YWPKO,0.484,0,1
1640-PLFMP,0.484,0,0
3244-DCJWY,0.484,0,1
3941-XTSKM,0.4839,0,0
3908-MKIMJ,0.4839,0,0
2004-OCQXK,0.4838,0,1
9867-XOBQA,0.4833,0,0
1230-QAJDW,0.4833,0,0
2013-SGDXK,0.4832,0,1
9605-WGJVW,0.4831,0,0
1628-BIZYP,0.4828,0,0
6230-BSUXY,0.4828,0,1
8051-HJRLT,0.4828,0,1
3315-TOTBP,0.4826,0,1
7153-OANIO,0.4822,0,1
3642-GKTCT,0.4822,0,0
2920-RNCEZ,0.4822,0,0
3066-RRJIO,0.4822,0,1
8000-REIQB,0.4822,0,1
9717-IOAAF,0.4817,0,0
7729-JTEEC,0.4814,0,0
3043-TYBNO,0.4807,0,0
1374-DMZUI,0.4807,0,1
6906-ANDWJ,0.4806,0,1
0123-CRBRT,0.4806,0,0
6942-LBFDP,0.4806,0,0
3420-ZDBMA,0.4805,0,0
2452-MRMZF,0.4798,0,0
9272-LSVYH,0.4797,0,0
0917-EZOLA,0.4793,0,1
9746-MDMBK,0.479,0,0
3627-FCRDW,0.479,0,1
4455-BFSPD,0.479,0,0
9548-LIGTA,0.4789,0,0
3450-WXOAT,0.4788,0,0
3407-QGWLG,0.4786,0,0
0224-RLWWD,0.4785,0,0
9903-LYSAB,0.4784,0,0
6379-RXJRQ,0.4784,0,1
2115-BFTIW,0.4783,0,1
3669-LVWZB,0.4782,0,1
0584-BJQGZ,0.4781,0,0
4749-OJKQU,0.4779,0,0
3331-HQDTW,0.4777,0,1
6772-KSATR,0.4776,0,1
5482-PLVPE,0.4774,0,1
2903-YYTBW,0.4773,0,0
8180-AKMJV,0.4773,0,0
7395-XWZOY,0.477,0,0
7801-KICAO,0.477,0,0
6227-HWPWX,0.4769,0,1
1929-ZCBHE,0.4769,0,0
8882-TLVRW,0.4769,0,0
5307-UVGNB,0.4769,0,0
6030-REHUX,0.4768,0,0
7321-ZNSLA,0.4768,0,0
6519-ZHPXP,0.4767,0,0
6595-COKXZ,0.4764,0,1
5858-EAFCZ,0.4764,0,0
1958-RNRKS,0.4761,0,0
5787-KXGIY,0.4761,0,0
4006-HKYHO,0.476,0,0
5923-GXUOC,0.4759,0,1
2167-FQSTQ,0.4756,0,0
8242-PDSGJ,0.4756,0,0
3589-PPVKW,0.4756,0,0
2253-KPMNB,0.4751,0,0
7103-ZGVNT,0.4749,0,0
7663-RGWBC,0.4748,0,1
8779-QRDMV,0.4748,0,1
6145-NNPNO,0.4748,0,0
3062-ICYZQ,0.4745,0,0
3084-DOWLE,0.4745,0,0
1135-HIORI,0.4742,0,0
8963-JLGJT,0.4741,0,0
2672-OJQZP,0.4741,0,0
4373-VVHQL,0.4741,0,0
7529-ZDFXI,0.474,0,0
2696-NARTR,0.4737,0,1
9050-IKDZA,0.4737,0,0
0807-ZABDG,0.4734,0,1
7734-DBOAI,0.4734,0,1
8705-WZCYL,0.4733,0,0
1221-GHZEP,0.4733,0,0
5895-QSXOD,0.4733,0,0
9448-REEVD,0.473,0,1
2731-GJRDG,0.4728,0,0
8915-NNTRC,0.4728,0,0
2077-MPJQO,0.4725,0,0
2954-PIBKO,0.4725,0,0
2737-WFVYW,0.4725,0,1
6670-MFRPK,0.4724,0,0
6142-VSJQO,0.4723,0,1
0082-LDZUE,0.4723,0,0
3961-SXAXY,0.4722,0,0
1478-VPOAD,0.4722,0,0
6917-FIJHC,0.4721,0,0
3442-ZHHCC,0.472,0,0
7219-TLZHO,0.472,0,0
0644-OQMDK,0.472,0,0
7781-EWARA,0.4719,0,0
0742-NXBGR,0.4717,0,1
9514-JDSKI,0.4716,0,1
0415-MOSGF,0.4715,0,1
3512-IZIKN,0.4715,0,1
4361-JEIVL,0.4715,0,1
6982-SSHFK,0.4715,0,1
6650-VJONK,0.4714,0,0
2080-GKCWQ,0.4711,0,0
4301-VVZKA,0.4711,0,0
7504-UWHNB,0.4707,0,0
7404-JLKQG,0.4707,0,0
4195-SMMNX,0.4706,0,1
3884-HCSWG,0.4706,0,1
4146-SVFUD,0.4706,0,0
4086-WITJG,0.4705,0,0
2108-YKQTY,0.4704,0,1
8183-ONMXC,0.4701,0,1
9845-PEEKO,0.4701,0,0
5928-QLDHB,0.47,0,0
1942-OQFRW,0.4699,0,0
9214-EKVXR,0.4699,0,0
0661-KBKPA,0.4699,0,0
8720-RQSBJ,0.4699,0,0
3085-QUOZK,0.4699,0,1
1895-QTKDO,0.4699,0,0
5522-JBWMO,0.4699,0,0
1043-UXOVO,0.4695,0,0
9700-ZCLOT,0.4694,0,0
3669-OYSJI,0.4693,0,1
6185-TASNN,0.4693,0,0
7593-XFKDI,0.4693,0,1
3496-LFSZU,0.4692,0,0
0526-SXDJP,0.4691,0,0
1987-AUELQ,0.4691,0,0
2323-ARSVR,0.469,0,0
2669-QVCRG,0.4689,0,0
5727-MYATE,0.4686,0,0
2791-SFVEW,0.4685,0,0
4855-SNKMY,0.4684,0,1
3223-DWFIO,0.4684,0,0
0078-XZMHT,0.4683,0,0
7625-XCQRH,0.4681,0,1
0181-RITDD,0.4681,0,0
2045-BMBTJ,0.4679,0,0
1769-GRUIK,0.4678,0,0
3255-GRXMG,0.4676,0,0
8106-GWQOK,0.4668,0,0
3262-EIDHV,0.4664,0,0
6993-YGFJV,0.4663,0,0
6959-UWKHF,0.4661,0,1
0716-BQNDX,0.4661,0,0
4329-YPDDQ,0.466,0,0
7341-LXCAF,0.466,0,1
2799-TSLAG,0.466,0,0
2569-WGERO,0.466,0,0
3813-DHBBB,0.4659,0,0
9588-OZDMQ,0.4658,0,0
9667-TKTVZ,0.4657,0,0
3755-JBMNH,0.4656,0,1
5227-JSCFE,0.4656,0,0
4057-FKCZK,0.4655,0,0
3274-NSDWE,0.4654,0,0
6844-DZKRF,0.4654,0,0
8270-RKSAP,0.4651,0,0
0188-GWFLE,0.4651,0,0
9249-FXSCK,0.465,0,1
1867-BDVFH,0.4647,0,1
9581-GVBXT,0.4644,0,0
6500-JVEGC,0.4642,0,0
3838-OZURD,0.4641,0,1
5103-MHMHY,0.4639,0,1
1976-CFOCS,0.4639,0,1
7054-LGEQW,0.4639,0,1
8950-MTZNV,0.4638,0,0
9848-JQJTX,0.4638,0,0
8710-YGLWG,0.4638,0,0
1053-MXTTK,0.4638,0,0
4847-QNOKA,0.4638,0,1
3481-JHUZH,0.4637,0,0
3870-SPZSI,0.4637,0,0
7130-VTEWQ,0.4634,0,1
0843-WTBXE,0.4633,0,1
3050-GBUSH,0.4626,0,0
1080-BWSYE,0.4623,0,0
3165-HDOEW,0.4623,0,1
4237-RLAQD,0.4623,0,1
6127-IYJOZ,0.4623,0,0
5472-CVMDX,0.4618,0,0
4109-CYRBD,0.4617,0,0
7636-XUHWW,0.4616,0,0
6585-WCEWR,0.4615,0,0
8630-FJLIB,0.4615,0,0
5208-HFSBT,0.4612,0,1
9360-AHGNL,0.4612,0,1
4250-ZBWLV,0.461,0,1
2983-ZANRP,0.4608,0,1
3413-BMNZE,0.4607,0,0
3039-MJSLN,0.4607,0,0
7825-GKXMW,0.4607,0,1
5133-POWUA,0.4607,0,0
2193-SFWQW,0.4604,0,0
2192-CKRLV,0.4603,0,0
0864-FVJNJ,0.4597,0,0
4837-PZTIC,0.4594,0,0
8356-WUAOJ,0.4592,0,0
5307-DZCVC,0.4591,0,1
2535-PBCGC,0.459,0,0
9685-WKZGT,0.459,0,1
1016-DJTSV,0.4585,0,0
0580-PIQHM,0.4583,0,0
0402-CQAJN,0.4582,0,1
3244-CQPHU,0.458,0,0
7598-UAASY,0.458,0,1
3521-HTQTV,0.4578,0,0
9842-EFSYY,0.4576,0,0
8715-KKTFG,0.4575,0,0
0887-HJGAR,0.4574,0,1
7359-PTSXY,0.4574,0,1
9828-AOQLM,0.4574,0,1
9117-SHLZX,0.4574,0,1
6582-OIVSP,0.4572,0,0
1963-SVUCV,0.4572,0,1
5552-ZNFSJ,0.4572,0,1
5077-DXTCG,0.4572,0,1
7065-YUNRY,0.4572,0,1
9489-JMTTN,0.4571,0,0
2018-QKYGT,0.4569,0,0
4614-NUVZD,0.4569,0,1
0848-SOMKO,0.4569,0,0
6867-ACCZI,0.4569,0,0
4903-UYAVB,0.4564,0,1
5248-YGIJN,0.4559,0,0
5089-IFSDP,0.4558,0,1
8718-PTMEZ,0.4558,0,1
8080-DDEMJ,0.4557,0,1
4193-ORFCL,0.4557,0,1
3926-CUQZX,0.4557,0,1
5144-PQCDZ,0.4557,0,0
7754-IXRMC,0.4557,0,0
5692-FPTAH,0.4555,0,1
0621-TWIEM,0.4555,0,1
2275-RBYQS,0.4555,0,0
9348-ROUAI,0.4555,0,0
7319-ZNRTR,0.4554,0,0
8404-VIOMB,0.4551,0,0
0366-NQSHS,0.4551,0,0
3566-HJGPK,0.455,0,0
3413-DHLPB,0.4547,0,0
9317-WZPGV,0.4545,0,1
6860-YRJZP,0.4544,0,0
0485-ZBSLN,0.4543,0,0
4223-WOZCM,0.4543,0,0
2135-RXIHG,0.4541,0,1
6128-CZOMY,0.4541,0,1
7252-NTGSS,0.454,0,0
4706-DGAHW,0.454,0,0
1612-EOHDH,0.454,0,1
2885-HIJDH,0.4539,0,0
1197-BVMVG,0.4537,0,0
5275-SQEIZ,0.4534,0,1
5960-MVTUK,0.4533,0,0
2626-URJFX,0.4533,0,1
5010-IPEAQ,0.453,0,0
8819-WFGGJ,0.4529,0,0
4043-MKDTV,0.4522,0,0
0067-DKWBL,0.4522,0,1
8124-NZVGJ,0.4521,0,0
2833-SLKDQ,0.4519,0,1
5696-QURRL,0.4519,0,1
3086-RUCRN,0.4519,0,0
2088-IEBAU,0.4518,0,0
4611-ANLQC,0.4518,0,0
8749-TZYEC,0.4517,0,0
5514-YQENT,0.4515,0,0
2316-ESMLS,0.4511,0,0
7684-XSZIY,0.4511,0,0
6979-ZNSFF,0.451,0,1
9824-BEMCV,0.4508,0,1
1282-IHQAC,0.4506,0,0
4016-BJKTZ,0.4506,0,0
3551-GAEGL,0.4506,0,0
2082-CEFLT,0.4504,0,1
9244-ZVAPM,0.4504,0,0
0929-HYQEW,0.4503,0,0
1077-HUUJM,0.4502,0,0
0318-QUUOB,0.4502,0,1
6457-USBER,0.4502,0,1
0330-IVZHA,0.4502,0,1
7439-DKZTW,0.4502,0,0
2382-BCKQJ,0.4501,0,1
5016-ETTFF,0.45,0,1
2826-UWHIS,0.4496,0,0
8699-ASUFO,0.4496,0,1
7691-XVTZH,0.4494,0,0
2672-HUYVI,0.4492,0,1
0784-ZQJZX,0.4491,0,0
5743-KHMNA,0.4491,0,0
2867-UIMSS,0.4488,0,1
1024-VRZHF,0.4486,0,1
1304-SEGFY,0.4485,0,0
7716-YTYHG,0.4483,0,1
5968-XQIVE,0.4482,0,0
7989-VCQOH,0.4482,0,0
0617-AQNWT,0.4481,0,1
5931-FLJJF,0.4475,0,1
4118-CEVPF,0.4475,0,0
0411-EZJZE,0.4473,0,0
6365-HITVU,0.4473,0,0
2815-CPTUL,0.4472,0,1
0230-WEQUW,0.4471,0,0
6627-CFOSN,0.4471,0,0
0730-BGQGF,0.447,0,0
7903-CMPEY,0.4466,0,1
2900-PHPLN,0.4465,0,0
7881-INRLC,0.4465,0,1
6885-PKOAM,0.4464,0,0
4952-YSOGZ,0.4464,0,1
1196-AMORA,0.4463,0,1
8687-BAFGU,0.4459,0,0
6896-SRVYQ,0.4458,0,0
9073-ZZIAY,0.4455,0,0
2887-JPYLU,0.4455,0,0
6390-DSAZX,0.4454,0,1
9894-EZEWG,0.4449,0,1
4274-OWWYO,0.4449,0,1
9840-EFJQB,0.4449,0,0
2468-SJFLM,0.4449,0,0
4654-DLAMQ,0.4448,0,0
4116-IQRFR,0.4448,0,0
8745-PVESG,0.4446,0,0
6870-ECSHE,0.4445,0,0
4737-AQCPU,0.4442,0,0
2460-FPSYH,0.4442,0,1
3097-NNSPB,0.4437,0,1
6480-YAGIY,0.4437,0,0
9747-DDZOS,0.4433,0,1
9880-TDQAC,0.4432,0,0
3296-SILRA,0.4431,0,1
7562-UXTPG,0.443,0,0
9342-VNIMQ,0.4429,0,0
6996-KNSML,0.4424,0,1
9399-APLBT,0.4423,0,1
3765-JXVKY,0.4423,0,1
2424-WVHPL,0.4423,0,0
3164-YAXFY,0.4423,0,0
9959-WOFKT,0.4421,0,0
3696-DFHHB,0.442,0,0
5074-FBGHB,0.442,0,0
3891-NLXJB,0.4419,0,0
8805-JNRAZ,0.4419,0,0
6048-QBXKL,0.4417,0,0
1061-PNTHC,0.4417,0,0
7389-KBFIT,0.4416,0,0
0137-OCGAB,0.4416,0,1
2777-PHDEI,0.4415,0,1
5494-HECPR,0.4414,0,1
9574-BOSMD,0.4414,0,0
5494-WOZRZ,0.4411,0,0
6253-GNHWH,0.4409,0,0
6910-HADCM,0.4408,0,1
2530-ENDWQ,0.4408,0,1
6086-ESGRL,0.4408,0,1
1285-OKIPP,0.4405,0,1
8823-RLPWL,0.4404,0,0
0122-OAHPZ,0.44,0,1
2024-BASKD,0.44,0,1
1866-OBPNR,0.44,0,0
7055-JCGNI,0.4399,0,0
6999-CHVCF,0.4395,0,0
3082-VQXNH,0.4395,0,0
9885-CSMWE,0.4394,0,1
1251-KRREG,0.4394,0,1
3108-PCCGG,0.4393,0,0
2133-TSRRM,0.4393,0,0
6158-DWPZT,0.4393,0,1
1705-GUHPV,0.4392,0,0
3211-ILJTT,0.4392,0,1
9444-JTXHZ,0.4391,0,1
1179-INLAT,0.4391,0,0
4030-VPZBD,0.4388,0,1
3376-BMGFE,0.4387,0,1
2249-YPRNG,0.4386,0,1
9506-UXUSK,0.4386,0,0
7603-USHJS,0.4384,0,1
1448-PWKYE,0.4383,0,1
9300-RENDD,0.4383,0,1
9933-QRGTX,0.4377,0,0
9992-UJOEL,0.4377,0,0
1977-STDKI,0.4377,0,1
8821-XNHVZ,0.4375,0,1
6749-UTDVX,0.4373,0,0
0567-XRHCU,0.4372,0,0
1746-TGTWV,0.4372,0,0
5054-IEXZT,0.4372,0,1
9584-EXCDZ,0.4372,0,0
0238-WHBIQ,0.4368,0,0
3627-FHKBK,0.4367,0,1
9940-RHLFB,0.4367,0,1
5564-NEMQO,0.4367,0,1
0231-LXVAP,0.4366,0,1
0533-BNWKF,0.4364,0,1
0319-QZTCO,0.4364,0,0
0495-RVCBF,0.436,0,1
7568-PODML,0.4359,0,1
5196-SGOAK,0.4359,0,1
5043-TRZWM,0.4359,0,0
7279-BUYWN,0.4357,0,1
8614-VGMMV,0.4356,0,1
4598-ZADCK,0.4356,0,0
4765-OXPPD,0.4356,0,1
6434-TTGJP,0.4354,0,0
8120-JDCAM,0.4354,0,0
6963-KQYQB,0.4353,0,0
8058-INTPH,0.4352,0,1
7595-EUIVN,0.4352,0,1
8580-AECUZ,0.4352,0,1
8945-GRKHX,0.4348,0,1
4971-PUYQO,0.4347,0,1
9620-ENEJV,0.4346,0,0
3389-KTRXV,0.4346,0,0
7493-TPUWZ,0.4345,0,1
6567-HOOPW,0.4345,0,1
8237-ULIXL,0.4345,0,0
2254-DLXRI,0.4345,0,0
2868-MZAGQ,0.4345,0,1
6728-DKUCO,0.4344,0,0
6695-AMZUF,0.4344,0,0
2683-JXWQQ,0.4341,0,0
7602-MVRMB,0.434,0,0
6372-RFVNS,0.434,0,1
9297-EONCV,0.4339,0,0
9507-EXLTT,0.4337,0,1
5919-TMRGD,0.4337,0,1
4056-QHXHZ,0.4333,0,0
2925-VDZHY,0.4333,0,0
7868-TMWMZ,0.4333,0,0
3181-VTHOE,0.4333,0,0
3587-PMCOY,0.4331,0,0
9373-WSLOY,0.433,0,0
1930-QPBVZ,0.4329,0,0
5862-BRIXZ,0.4327,0,0
2608-BHKFN,0.4326,0,1
9526-BIHHD,0.4326,0,1
5666-MBJPT,0.4325,0,0
0018-NYROU,0.4325,0,0
1414-YADCW,0.4325,0,0
1101-SSWAG,0.4325,0,0
4662-EKDPQ,0.4324,0,1
9432-VOFYX,0.4323,0,0
5944-UGLLK,0.4321,0,0
4712-AUQZO,0.4321,0,0
8740-CRYFY,0.4317,0,1
3511-BFTJW,0.4317,0,0
5960-WPXQM,0.4316,0,1
9972-EWRJS,0.4314,0,0
3055-OYMSE,0.4314,0,0
8706-HRADD,0.4314,0,0
4501-VCPFK,0.4311,0,0
2506-CLAKW,0.4311,0,1
8993-IZEUX,0.431,0,0
5315-CKEQK,0.4308,0,0
9408-SSNVZ,0.4308,0,1
7580-UGXNC,0.4307,0,1
0979-MOZQI,0.4306,0,0
6350-XFYGW,0.4306,0,0
7964-ZRKKG,0.4305,0,0
6504-VBLFL,0.4303,0,0
1830-IPXVJ,0.4303,0,0
7110-BDTWG,0.43,0,0
0549-CYCQN,0.4296,0,0
7590-VHVEG,0.4294,0,0
7639-OPLNG,0.4293,0,0
7594-RQHXR,0.4291,0,1
6618-RYATB,0.4291,0,1
9019-QVLZD,0.4291,0,1
2514-GINMM,0.4291,0,1
8722-NGNBH,0.4291,0,1
1761-AEZZR,0.4291,0,1
5393-RXQSZ,0.4291,0,1
6701-DHKWQ,0.4287,0,0
1114-CENIM,0.4287,0,1
6734-GMPVK,0.4284,0,0
6461-SZMCV,0.4281,0,0
0699-NDKJM,0.428,0,0
5318-YKDPV,0.4276,0,0
0993-OSGPT,0.4274,0,0
7657-DYEPJ,0.4272,0,1
4816-LXZYW,0.4267,0,1
0019-GFNTW,0.4267,0,0
7789-HKSBS,0.4266,0,0
3911-RSNHI,0.4265,0,0
4423-JWZJN,0.4262,0,0
2799-ARNLO,0.4261,0,0
4825-XJGDM,0.4261,0,0
7579-KKLOE,0.426,0,0
5921-NGYRH,0.426,0,0
7951-VRDVK,0.4258,0,0
5999-LCXAO,0.4257,0,0
2079-FBMZK,0.4257,0,1
9955-QOPOY,0.4256,0,0
6240-EURKS,0.4254,0,1
3945-GFWQL,0.4253,0,1
5445-PZWGX,0.425,0,1
6987-XQSJT,0.425,0,1
3779-OSWCF,0.4249,0,0
1095-WGNGG,0.4248,0,0
4227-OJHAL,0.4248,0,0
5130-YPIRV,0.4247,0,0
0799-DDIHE,0.4244,0,0
1298-PHBTI,0.4241,0,0
5356-KZCKT,0.424,0,0
1814-WFGVS,0.4237,0,0
4189-NAKJS,0.4236,0,0
3893-JRNFS,0.4235,0,0
8111-BKVDS,0.4235,0,0
5980-NOPLP,0.4233,0,1
3621-CHYVB,0.4233,0,0
7136-RVDTZ,0.4232,0,1
5044-LRQAQ,0.4232,0,0
7278-CKDNC,0.4229,0,0
6317-YPKDH,0.4224,0,1
8665-UTDHZ,0.4224,0,1
7608-RGIRO,0.4223,0,0
5493-SDRDQ,0.422,0,1
3023-GFLBR,0.4219,0,1
2876-GZYZC,0.4219,0,0
1816-FLZDK,0.4219,0,0
0459-SPZHJ,0.4218,0,0
4323-OHFOW,0.4217,0,0
5115-SQAAU,0.4213,0,0
8046-DNVTL,0.4209,0,0
2169-RRLFW,0.4207,0,0
3569-JFODW,0.4206,0,0
3192-NQECA,0.4204,0,1
7134-MJPDY,0.4202,0,0
7384-GHBPI,0.4198,0,1
2067-QYTCF,0.4195,0,0
4548-SDBKE,0.4195,0,1
8780-YRMTT,0.4195,0,0
3978-YNKDD,0.4194,0,0
8815-LMFLX,0.4194,0,0
7816-VGHTO,0.4193,0,0
1661-CZBAU,0.4185,0,0
8495-LJDFO,0.4185,0,0
8041-TMEID,0.4184,0,0
3639-XJHKQ,0.4184,0,0
5562-YJQGT,0.4181,0,0
4381-MHQDC,0.4181,0,0
1215-VFYVK,0.4181,0,0
0958-YHXGP,0.418,0,0
6369-MCAKO,0.4177,0,0
4872-JCVCA,0.4175,0,0
9269-CQOOL,0.4175,0,1
2882-WDTBA,0.4173,0,0
4697-LUPSU,0.4167,0,0
8208-EUMTE,0.4166,0,0
5175-WLYXL,0.4159,0,0
1666-JZPZT,0.4159,0,0
6284-KMNUF,0.4159,0,0
0835-JKADZ,0.4159,0,0
7596-ZYWBB,0.4158,0,0
2988-GBIVW,0.4156,0,0
7233-PAHHL,0.4154,0,0
8295-FHIVV,0.415,0,0
3649-JPUGY,0.4149,0,0
7519-JTWQH,0.4149,0,0
4592-IWTJI,0.4147,0,1
8111-SLLHI,0.4145,0,1
0114-IGABW,0.4143,0,0
2773-OVBPK,0.414,0,0
2369-UAPKZ,0.4139,0,1
4443-EMBNA,0.4139,0,0
6656-JWRQX,0.4138,0,0
6778-YSNIH,0.4136,0,0
8224-UAXBZ,0.4135,0,0
4139-JPIAM,0.4134,0,0
1231-YNDEK,0.4133,0,0
6233-HXJMX,0.4132,0,0
3034-ZBEQN,0.4131,0,1
1775-KWJKQ,0.4129,0,0
1208-DNHLN,0.4125,0,1
9668-PUGNU,0.4123,0,0
5872-OEQNH,0.4123,0,0
0032-PGELS,0.4123,0,1
3308-JSGML,0.4122,0,0
7209-JCUDS,0.4122,0,1
3999-QGRJH,0.4121,0,1
6203-HBZPA,0.412,0,0
0739-UUAJR,0.412,0,0
5820-PTRYM,0.4119,0,0
5173-ZXXXL,0.4119,0,0
2621-UDNLU,0.4117,0,0
4393-OBCRR,0.4117,0,0
5759-RCVCB,0.4111,0,1
8329-UTMVM,0.4111,0,0
6258-PVZWJ,0.4111,0,0
8053-WWDRO,0.411,0,1
3528-HFRIQ,0.4109,0,0
6248-TKCQV,0.4106,0,0
8901-HJXTF,0.4105,0,1
9950-MTGYX,0.4105,0,0
0746-JTRFU,0.4105,0,1
6181-AXXYF,0.4104,0,0
0214-JHPFW,0.4103,0,0
9572-WUKSB,0.4101,0,0
5256-SKJGO,0.41,0,0
5868-CZJDR,0.41,0,1
8654-DHAOW,0.4098,0,0
8571-ZCMCX,0.4097,0,0
1791-PQHBB,0.4097,0,0
7967-HYCDE,0.4094,0,0
6614-YOLAC,0.4093,0,0
1334-PDUKM,0.4088,0,0
4999-IEZLT,0.4088,0,0
7537-CBQUZ,0.4087,0,0
2599-CIPQE,0.4087,0,0
5154-VEKBL,0.4085,0,1
8901-UPRHR,0.4084,0,0
9867-JCZSP,0.4082,0,0
7109-MFBYV,0.4078,0,0
0177-PXBAT,0.4076,0,0
6416-JNVRK,0.4075,0,0
9928-BZVLZ,0.4075,0,0
6810-VCAEX,0.4074,0,0
4817-KEQSP,0.4072,0,0
3440-JPSCL,0.4072,0,1
0334-ZFJSR,0.4072,0,0
0345-XMMUG,0.4071,0,0
1485-YDHMM,0.4071,0,0
2480-EJWYP,0.407,0,0
9938-EKRGF,0.4069,0,0
8152-VETUR,0.4068,0,0
3097-IDVPU,0.4067,0,0
8561-NMTBD,0.4066,0,0
7632-MNYOY,0.4064,0,1
1116-FRYVH,0.4061,0,0
9499-XPZXM,0.4059,0,0
5156-UMKOW,0.4058,0,0
0409-WTMPL,0.4052,0,0
2988-QRAJY,0.405,0,0
2796-UUZZO,0.4049,0,0
2878-RMWXY,0.4049,0,0
5149-CUZUJ,0.4047,0,0
5816-SCGFC,0.4043,0,0
1545-ACTAS,0.4042,0,0
2398-YPMUR,0.4041,0,1
0375-HVGXO,0.404,0,1
2137-DQMEV,0.404,0,0
7989-AWGEH,0.4039,0,0
0363-SVHYR,0.4036,0,0
4431-EDMIQ,0.4036,0,0
3285-UCQVC,0.4032,0,1
2408-PSJVE,0.4027,0,0
0804-XBFBV,0.4026,0,0
1708-PBBOA,0.4026,0,0
8626-PTQGE,0.4026,0,0
8755-IWJHN,0.4026,0,0
9796-BPKIW,0.4024,0,0
4671-VJLCL,0.402,0,0
0336-KXKFK,0.4018,0,0
5329-KRDTM,0.4018,0,0
5440-FLBQG,0.4018,0,1
3301-VKTGC,0.4018,0,0
7688-AWMDX,0.4017,0,0
4940-KHCWD,0.4017,0,0
4451-RWASJ,0.4015,0,0
8740-XLHDR,0.4013,0,1
6223-DHJGV,0.4013,0,0
9512-PHSMG,0.4011,0,0
8044-BGWPI,0.4009,0,0
8441-SHIPE,0.4009,0,0
2038-YSEZE,0.4008,0,0
3428-MMGUB,0.4007,0,0
1222-LRYKO,0.4006,0,0
3831-YCPUO,0.4004,0,0
4992-LTJNE,0.4003,0,0
9224-VTYID,0.4,0,0
1409-PHXTF,0.4,0,0
7740-BTPUX,0.4,0,0
3415-TAILE,0.3995,0,1
7872-RDDLZ,0.3994,0,0
6963-EZQEE,0.3993,0,0
7426-WEIJX,0.3992,0,0
3970-XGJDU,0.3989,0,0
1624-NALOJ,0.3989,0,1
3197-NNYNB,0.3988,0,0
0244-LGNFY,0.3987,0,0
3317-HRTNN,0.3987,0,1
7101-HRBLJ,0.3986,0,0
7526-IVLYU,0.3986,0,0
1568-LJSZU,0.3983,0,0
5940-NFXKV,0.3983,0,1
1227-UDMZR,0.3982,0,0
5285-MVEHD,0.3981,0,0
2272-UOINI,0.3979,0,0
6341-AEVKX,0.3977,0,0
0523-VNGTF,0.3977,0,0
6701-YVNQG,0.3976,0,0
4018-PPNDW,0.3975,0,0
7711-YIJWC,0.3973,0,0
5730-RIITO,0.3968,0,0
8779-YIQQA,0.3968,0,0
9651-GTSAQ,0.3966,0,1
0665-XHDJU,0.396,0,0
2501-XWWTZ,0.396,0,0
4670-TABXH,0.3959,0,0
6174-NRBTZ,0.3959,0,0
3714-JTVOV,0.3956,0,1
0233-FTHAV,0.3956,0,0
3913-RDSJZ,0.3956,0,0
7854-FOKSF,0.3955,0,1
3865-QBWSJ,0.3955,0,0
9570-KYEUA,0.3955,0,0
1730-ZMAME,0.3954,0,0
3776-EKTKM,0.3954,0,1
0343-QLUZP,0.3954,0,0
4869-EPIUS,0.3953,0,0
3486-HOOGQ,0.3952,0,0
8631-WUXGY,0.3951,0,0
2378-VTKDH,0.3951,0,0
8824-RWFXJ,0.395,0,1
0298-XACET,0.395,0,0
1740-CSDJP,0.3947,0,1
1518-OMDIK,0.3947,0,0
1450-SKCVI,0.3947,0,1
6211-WHMYA,0.3945,0,0
5529-GIBVH,0.3945,0,0
8821-KVZKQ,0.3945,0,0
0396-HUJBP,0.3944,0,0
2720-FVBQP,0.3944,0,0
0374-FIUCA,0.3944,0,0
2277-VWCNI,0.3943,0,0
3146-MSEGF,0.3943,0,0
2834-JRTUA,0.3943,0,1
3091-FYHKI,0.3942,0,1
2387-KDZQY,0.3939,0,0
3668-QPYBK,0.3937,0,1
4115-UMJFQ,0.3937,0,0
0254-WWRKD,0.3936,0,0
2606-RMDHZ,0.3935,0,1
7501-VTYLJ,0.3934,0,0
2265-CYWIV,0.3934,0,1
3566-VVORZ,0.3934,0,0
7356-IWLFW,0.3933,0,0
9503-XJUME,0.3931,0,0
1576-PFZIW,0.393,0,0
3920-HIHMQ,0.393,0,0
5650-YLIBA,0.3929,0,0
1951-IEYXM,0.3928,0,0
6961-VCPMC,0.3927,0,1
9540-JYROE,0.3926,0,1
8028-PNXHQ,0.3926,0,0
6651-RLGGM,0.3925,0,0
5223-UZAVK,0.3925,0,0
3237-AJGEH,0.3923,0,1
0076-LVEPS,0.3921,0,0
8958-JPTRR,0.3917,0,0
3656-TKRVZ,0.3915,0,1
4785-QRJHC,0.3914,0,1
9661-JALZV,0.3913,0,0
8806-EAGWC,0.3912,0,1
3472-OAOOR,0.3911,0,0
5583-EJXRD,0.3908,0,0
4674-HGNUA,0.3908,0,0
4274-DRSQT,0.3907,0,0
6583-KQJLK,0.3906,0,0
3744-ZRRDZ,0.3905,0,1
4763-PGDPO,0.3905,0,1
8292-FRFZQ,0.39,0,0
7980-MHFLQ,0.39,0,0
3751-KTZEL,0.3896,0,1
3486-NPGST,0.3896,0,0
3967-KXAPS,0.3893,0,0
3324-OIRTO,0.3893,0,0
5663-QBGIS,0.3892,0,0
8294-UIMBA,0.3891,0,0
2019-HDCZY,0.3888,0,0
5378-IKEEG,0.3886,0,1
0841-NULXI,0.3886,0,1
4942-VZZOM,0.3885,0,0
8672-OAUPW,0.3883,0,0
4789-KWMXN,0.3882,0,1
0619-OLYUR,0.3882,0,0
7377-DMMRI,0.388,0,1
2485-ITVKB,0.3879,0,1
8218-FFJDS,0.3879,0,0
7044-YAACC,0.3879,0,0
4452-QIIEB,0.3878,0,0
5140-FOMCQ,0.3878,0,0
9475-NNDGC,0.3877,0,0
8535-SFUTN,0.3877,0,0
0289-IVARM,0.3875,0,0
3841-CONLJ,0.3875,0,0
1459-QNFQT,0.3874,0,0
1403-LKLIK,0.3873,0,0
2454-RPBRZ,0.3873,0,1
7508-DQAKK,0.3873,0,0
4983-CLMLV,0.3871,0,0
4664-NJCMS,0.3868,0,0
6034-ZRYCV,0.3867,0,1
2673-ZALNP,0.3867,0,0
7408-OFWXJ,0.3866,0,0
6365-MTGZX,0.3865,0,1
2075-PUEPR,0.3865,0,0
4541-RMRLG,0.3865,0,1
9108-EJFJP,0.3864,0,0
7963-SHNDT,0.3861,0,0
0048-PIHNL,0.386,0,0
9102-OXKFY,0.3858,0,0
9055-MOJJJ,0.3857,0,0
9898-KZQDZ,0.3856,0,1
2277-BKJKN,0.3855,0,0
1356-MKYSK,0.385,0,0
5248-KWLAR,0.385,0,0
7078-NVFAM,0.3849,0,0
6481-LXPWL,0.3848,0,0
5954-BDFSG,0.3846,0,0
8999-YPYBV,0.3846,0,0
6549-BTYPG,0.3846,0,0
0471-ARVMX,0.3845,0,0
8181-YHCMF,0.3845,0,0
2956-GGUCQ,0.3845,0,1
1619-YWUBB,0.3843,0,0
9435-JMLSX,0.3843,0,0
1407-DIGZV,0.3842,0,0
2267-FPIMA,0.3842,0,0
4702-HDRKD,0.384,0,0
1345-ZUKID,0.3839,0,0
8898-KASCD,0.3839,0,0
1498-NHTLT,0.3837,0,0
6048-NJXHX,0.3836,0,0
2845-AFFTX,0.3836,0,1
3441-CGZJH,0.3836,0,0
9052-VKDUW,0.3835,0,0
4138-NAXED,0.3834,0,0
7157-SMCFK,0.3833,0,0
5373-SFODM,0.3833,0,1
1971-DTCZB,0.3832,0,0
8008-ESFLK,0.3832,0,0
8331-ZXFOE,0.3832,0,0
9600-NAXZN,0.3831,0,1
9732-KPKBW,0.3827,0,1
3933-DQPWX,0.3826,0,0
4393-RYCRE,0.3825,0,0
3372-KWFBM,0.3823,0,1
6572-ADKRS,0.3823,0,0
2227-JRSJX,0.3822,0,0
5129-HHMZC,0.3822,0,0
2400-XIWIO,0.3821,0,0
4396-KLSEH,0.3821,0,0
4701-LKOZD,0.3819,0,0
6368-TZZDT,0.3818,0,0
7774-OJSXI,0.3813,0,1
3318-OSATS,0.3813,0,1
6139-ZZRBQ,0.3812,0,0
5948-UJZLF,0.3812,0,0
8148-WOCMK,0.381,0,0
5394-SVGJV,0.381,0,1
2176-LVPNX,0.3807,0,0
4627-MIHJH,0.3798,0,0
5485-ITNPC,0.3797,0,0
0320-DWVTU,0.3795,0,0
8023-QHAIO,0.3794,0,0
2750-BJLSB,0.3793,0,0
1832-PEUTS,0.3792,0,0
0946-FKYTX,0.3791,0,0
2773-MADBQ,0.379,0,0
1431-AIDJQ,0.3788,0,0
9391-YZEJW,0.3788,0,0
1763-WQFUK,0.3783,0,0
3808-HFKDE,0.3781,0,0
1122-YJBCS,0.3777,0,0
2309-OSFEU,0.3775,0,1
3873-WOSBC,0.3774,0,0
1534-OULXE,0.3774,0,0
8597-CWYHH,0.3773,0,0
9553-DLCLU,0.3771,0,0
3768-VHXQO,0.377,0,0
3571-RFHAR,0.3769,0,1
7945-HLKEA,0.3769,0,0
8847-GEOOQ,0.3768,0,0
4730-AWNAU,0.3768,0,0
4007-NHVHI,0.3768,0,0
8133-ANHHJ,0.3767,0,0
6023-GSSXW,0.3764,0,0
6734-FQAJX,0.3762,0,0
8410-BGQXN,0.3762,0,0
8398-TBIYD,0.3759,0,0
5127-BZENZ,0.3759,0,0
1097-FSPVW,0.3758,0,0
7750-EYXWZ,0.3757,0,0
0326-VDYXE,0.3757,0,0
9152-AMKAK,0.3757,0,0
4001-TSBTV,0.3754,0,0
7707-PYBBH,0.3754,0,0
1084-MNSMJ,0.3754,0,0
6981-TDRFT,0.3753,0,0
8714-EUHJO,0.3752,0,1
5788-YPOEG,0.3751,0,0
7164-BPTUT,0.3751,0,0
6865-JZNKO,0.3751,0,0
8100-PNJMH,0.375,0,0
0702-PGIBZ,0.375,0,1
1043-YCUTE,0.375,0,1
2197-OMWGI,0.3748,0,0
9221-OTIVJ,0.3746,0,1
5766-FTRTS,0.3746,0,0
9200-NLNPD,0.3746,0,0
7795-CFOCW,0.3746,0,0
6924-TDGMT,0.3737,0,0
4829-ZLJTK,0.3734,0,0
3884-UEBXB,0.3734,0,0
3891-PUQOD,0.3732,0,1
3005-NFMTA,0.3731,0,1
4115-BNPJY,0.373,0,0
3470-BTGQO,0.373,0,0
7566-DSRLQ,0.3729,0,0
3707-LRWZD,0.3728,0,1
3339-EAQNV,0.3727,0,0
9518-IMLHK,0.3726,0,0
2194-IIQOF,0.3726,0,0
5019-GQVCR,0.3725,0,0
0495-ZBNGW,0.3725,0,1
3018-TFTSU,0.3724,0,1
7339-POGZN,0.372,0,0
0354-WYROK,0.372,0,1
6537-OTKMY,0.3718,0,0
3633-CDBUW,0.3718,0,0
4201-JMNGR,0.3716,0,1
2043-WVTQJ,0.3716,0,0
8387-MOJJT,0.3715,0,1
5204-HMGYF,0.3713,0,0
3090-HAWSU,0.3713,0,1
2018-PZKMU,0.371,0,0
0929-PECLO,0.3708,0,0
8468-FZTOE,0.3708,0,0
5804-HYIEZ,0.3707,0,0
3758-CKOQL,0.3707,0,0
0613-WUXUM,0.3707,0,0
5863-OOKCL,0.3706,0,0
2931-SVLTV,0.3705,0,0
7892-QVYKW,0.3705,0,0
5740-YHGTW,0.3703,0,0
3022-BEXHZ,0.37,0,0
0979-PHULV,0.3699,0,1
3847-BAERP,0.3697,0,0
3658-KIBGF,0.3697,0,1
3577-AMVUX,0.3697,0,0
8450-JOVAH,0.3696,0,1
7246-ZGQDF,0.3695,0,0
0207-MDKNV,0.3694,0,1
2469-DTSGX,0.3691,0,0
3373-DIUUN,0.3691,0,0
6207-WIOLX,0.3688,0,1
9577-WJVCQ,0.3687,0,0
7255-SSFBC,0.3686,0,0
8634-MPHTR,0.3685,0,1
1400-WIVLL,0.3684,0,0
8972-HJWNV,0.3681,0,1
7665-NKLAV,0.368,0,0
1839-UMACK,0.3679,0,0
3563-SVYLG,0.3678,0,0
2114-MGINA,0.3678,0,1
8903-XEBGX,0.3678,0,0
0096-BXERS,0.3677,0,0
6916-HIJSE,0.3676,0,0
9500-WBGRP,0.3672,0,0
2056-EVGZL,0.3671,0,0
7599-NTMDP,0.367,0,0
1635-FJFCC,0.3669,0,0
2831-EBWRN,0.3669,0,0
2674-MLXMN,0.3664,0,0
7609-NRNCA,0.3664,0,0
9066-QRSDU,0.3663,0,0
7820-ZYGNY,0.3663,0,0
3647-GMGDH,0.3663,0,1
7409-JURKQ,0.3662,0,0
2335-GSODA,0.3661,0,0
8316-BBQAY,0.3661,0,0
7762-ONLJY,0.366,0,0
6260-ONULR,0.3659,0,0
7956-XQWGU,0.3658,0,0
1582-RAFML,0.3657,0,1
6393-WRYZE,0.3656,0,1
6953-PBDIN,0.3656,0,0
2853-CWQFQ,0.3652,0,0
1301-LOPVR,0.3652,0,0
4946-EDSEW,0.3651,0,1
9462-MJUAW,0.3649,0,1
2055-BFOCC,0.3649,0,0
3312-ZWLGF,0.3648,0,0
0174-QRVVY,0.3648,0,0
8777-MBMTS,0.3647,0,0
9013-AQORL,0.3645,0,0
3219-JQRSL,0.3645,0,0
5214-NLTIT,0.3645,0,0
8952-WCVCD,0.3644,0,0
0302-JOIVN,0.3644,0,1
9415-ZNBSX,0.3644,0,0
5651-CRHKQ,0.3643,0,0
3720-DBRWL,0.3641,0,0
9888-ZCUMM,0.3637,0,0
9906-NHHVC,0.3636,0,0
6122-LJADA,0.3635,0,0
7799-LGRDP,0.3633,0,0
4836-WNFNO,0.3632,0,0
9971-ZWPBF,0.363,0,0
1541-ETJZO,0.3629,0,1
8413-YNHNV,0.3629,0,0
5155-AZQPB,0.3625,0,0
4676-MQUEA,0.3624,0,0
3115-JPJDD,0.3623,0,0
3249-VHRIP,0.3623,0,0
5590-BYNII,0.3621,0,1
5884-FBCTL,0.362,0,0
2292-XQWSV,0.3618,0,0
4484-GLZOU,0.3618,0,1
4797-MIWUM,0.3613,0,0
1167-OYZJF,0.3612,0,0
9365-CSLBQ,0.3611,0,0
7074-STDCN,0.361,0,0
0524-IAVZO,0.3609,0,1
7115-IRDHS,0.3609,0,0
1928-BXYIV,0.3608,0,0
1982-FEBTD,0.3606,0,0
1385-TQOZW,0.3605,0,0
3757-NJYBX,0.3605,0,1
8017-UVSZU,0.3604,0,0
2996-XAUVF,0.3603,0,0
4026-SKKHW,0.3603,0,0
2809-ILCYT,0.3601,0,0
6997-UVGOX,0.3601,0,0
4231-LZUYM,0.3597,0,0
5680-LQOGP,0.3596,0,0
9866-QEVEE,0.3595,0,1
7711-GQBZC,0.3594,0,0
5380-XPJNZ,0.3591,0,0
5243-SAOTC,0.3589,0,0
7131-ZQZNK,0.3589,0,0
9139-TWBAS,0.3589,0,0
2748-MYRVK,0.3587,0,1
9995-HOTOH,0.3586,0,0
0310-SUCIN,0.3585,0,0
5125-CNDSP,0.3585,0,0
2499-AJYUA,0.3584,0,0
6954-OOYZZ,0.3579,0,0
1264-BYWMS,0.3577,0,1
4676-WLUHT,0.3577,0,0
2592-SEIFQ,0.3576,0,1
4121-AGSIN,0.3575,0,0
4891-NLUBA,0.3574,0,0
5327-CNLUQ,0.3574,0,0
3896-RCYYE,0.3568,0,0
3400-ESFUW,0.3568,0,1
6408-WHTEF,0.3568,0,0
0230-UBYPQ,0.3567,0,0
7576-JMYWV,0.3567,0,0
4774-HHGGS,0.3565,0,0
9453-PATOS,0.3563,0,0
6933-VLYFX,0.3562,0,0
8311-UEUAB,0.3561,0,0
5762-TJXGK,0.356,0,0
0208-BPQEJ,0.3559,0,0
2144-ESWKO,0.3558,0,0
3537-HPKQT,0.3558,0,0
9853-JFZDU,0.3557,0,0
5294-CDGWY,0.3557,0,1
6582-PLFUU,0.3556,0,0
0725-CXOTM,0.3554,0,0
8286-AFUYI,0.3553,0,0
7340-KEFQE,0.3552,0,0
6876-ADESB,0.355,0,1
2607-FBDFF,0.355,0,0
9944-AEXBM,0.3549,0,0
5980-BDHPY,0.3549,0,0
1465-VINDH,0.3549,0,1
7005-CYUIL,0.3549,0,0
5906-CVLHP,0.3548,0,1
8515-OCTJS,0.3548,0,1
3256-EZDBI,0.3548,0,0
7009-LGECI,0.3547,0,0
0643-OKLRP,0.3547,0,1
4723-BEGSG,0.3546,0,0
7586-ZATGZ,0.3546,0,0
7876-DNYAP,0.3544,0,0
4000-VGMQP,0.3544,0,0
3640-JQGJG,0.3544,0,0
5673-FSSMF,0.3544,0,1
6352-TWCAU,0.3543,0,1
1956-YIFGE,0.3542,0,0
6425-JWTDV,0.3542,0,0
5207-PLSTK,0.354,0,0
4063-EIKNQ,0.354,0,0
6479-VDGRK,0.354,0,0
1194-BHJYC,0.3539,0,0
6923-EFPNL,0.3539,0,1
8670-MEFCP,0.3538,0,0
4973-MGTON,0.3537,0,0
8259-DZLIZ,0.3536,0,0
6051-PTVNS,0.3535,0,0
3199-NPKCN,0.3534,0,0
6682-VCIXC,0.3534,0,0
5724-BIDBU,0.3533,0,0
3877-JRJIP,0.3531,0,1
9350-ZXYJC,0.3529,0,0
1131-QQZEB,0.3528,0,0
8436-BJUMM,0.3528,0,1
6120-RJKLU,0.3527,0,0
2957-LOLHO,0.3527,0,1
3474-BAFSJ,0.3527,0,0
0224-HJAPT,0.3527,0,1
9481-WHGWY,0.3527,0,0
5126-RCXYW,0.3526,0,0
1045-LTCYT,0.3526,0,0
4178-EGMON,0.3525,0,0
5099-BAILX,0.3524,0,1
0840-DCNZE,0.3523,0,0
0303-UNCIP,0.3521,0,0
0016-QLJIS,0.3521,0,0
5337-IIWKZ,0.3521,0,0
6683-VLCTZ,0.3521,0,1
0265-PSUAE,0.352,0,0
9838-BFCQT,0.3518,0,0
3566-CAAYU,0.3517,0,0
7802-EFKNY,0.3517,0,1
1689-MRZQR,0.3516,0,1
3733-ZEECP,0.3515,0,0
3724-BSCVH,0.3514,0,0
1564-HJUVY,0.3513,0,0
5304-EFJLP,0.3512,0,0
7233-IOQNP,0.351,0,0
6180-YBIQI,0.3509,0,0
6114-TCFID,0.3508,0,0
8468-EHYJA,0.3507,0,0
1320-REHCS,0.3507,0,0
3174-RKMOW,0.3507,0,0
9661-MHUMO,0.3507,0,1
5671-UUNXD,0.3505,0,0
3982-DQLUS,0.3505,0,0
2061-VVFST,0.3505,0,0
8853-TZDGH,0.3503,0,0
1051-EQPZR,0.3501,0,0
3716-UVSPD,0.3499,0,0
6635-MYYYZ,0.3499,0,1
4646-QZXTF,0.3499,0,0
3617-XLSGQ,0.3498,0,0
2874-YXVVA,0.3496,0,0
1150-WFARN,0.3496,0,1
2794-XIMMO,0.3494,0,1
7876-AEHIG,0.3494,0,0
2273-QCKXA,0.3493,0,0
6522-OIQSX,0.3492,0,0
1915-OAKWD,0.3491,0,0
9274-UARKJ,0.3491,0,0
4009-ALQFH,0.3491,0,1
8756-RDDLT,0.3491,0,0
5651-CPDND,0.3491,0,0
2405-LBMUW,0.349,0,0
5055-BRMNE,0.3489,0,0
0744-BIKKF,0.3488,0,0
4137-JOPHL,0.3488,0,0
6603-QWSPR,0.3485,0,0
3325-FUYCG,0.3484,0,1
5816-QVHRX,0.3484,0,0
3404-JNXAX,0.3483,0,0
1216-BGTSP,0.3482,0,0
4430-YHXGG,0.3482,0,0
4250-FDVOU,0.348,0,1
0191-ZHSKZ,0.3479,0,0
1099-BTKWT,0.3477,0,0
8229-TNIQA,0.3476,0,1
9830-ECLEN,0.3474,0,0
0562-HKHML,0.3473,0,0
0623-GDISB,0.3472,0,0
0322-YINQP,0.3472,0,1
9752-ZNQUT,0.3472,0,0
1794-HBQTJ,0.3472,0,1
0975-UYDTX,0.3472,0,0
2858-EIMXH,0.3471,0,0
3546-GHEAE,0.347,0,0
2911-IJORQ,0.3469,0,0
0430-IHCDJ,0.3468,0,0
3082-WQRVY,0.3467,0,0
9039-ZVJDC,0.3463,0,0
1302-UHBDD,0.3463,0,0
8944-AILEF,0.3462,0,0
8623-TMRBY,0.3462,0,1
3374-TTZTK,0.3458,0,0
1465-LNTLJ,0.3457,0,0
9090-SGQXL,0.3455,0,1
9889-TMAHG,0.3454,0,1
7892-POOKP,0.3453,0,1
3638-DIMPH,0.3452,0,0
0115-TFERT,0.3452,0,1
9758-MFWGD,0.3452,0,0
4012-ZTHBR,0.3451,0,0
2073-QBVBI,0.3451,0,0
2696-RZVZW,0.3448,0,0
5236-PERKL,0.3446,0,1
8840-DQLGN,0.3445,0,1
6959-GQEGV,0.3445,0,0
1623-NLDOT,0.3444,0,1
3160-TYXLT,0.3442,0,0
1530-ZTDOZ,0.3441,0,0
7137-RYLPP,0.3441,0,1
4132-POCZS,0.344,0,0
3756-VNWDH,0.344,0,0
2040-LDIWQ,0.3439,0,0
5324-KTGCG,0.3439,0,0
3594-UVONA,0.3439,0,1
5909-ECHUI,0.3439,0,1
5751-USDBL,0.3439,0,0
6022-UGGSO,0.3437,0,1
9135-MGVPY,0.3436,0,0
3030-YZADT,0.3436,0,1
5702-SKUOB,0.3436,0,0
7096-ZNBZI,0.3435,0,0
6067-NGCEU,0.3435,0,0
4554-YGZIH,0.3435,0,1
2636-SJDOU,0.3433,0,0
6917-YACBP,0.3433,0,0
9490-DFPMD,0.3433,0,1
4656-CAURT,0.3433,0,0
2739-CCZMB,0.3431,0,0
4402-FTBXC,0.343,0,0
0384-LPITE,0.343,0,0
0168-XZKBB,0.3429,0,0
4198-VFOEA,0.3429,0,0
3889-VWBID,0.3429,0,0
2599-CZABP,0.3429,0,0
0480-KYJVA,0.3428,0,0
0723-VSOBE,0.3428,0,0
1599-EAHXY,0.3427,0,0
2403-BCASL,0.3427,0,1
6598-KELSS,0.3425,0,0
5981-ZVXOT,0.3424,0,0
6173-ITPWD,0.342,0,1
7853-OETYL,0.342,0,0
0536-ESJEP,0.3419,0,0
4747-LCAQL,0.3419,0,0
4464-JCOLN,0.3418,0,1
1656-DRSMG,0.3417,0,0
5203-XEHAX,0.3417,0,0
4177-JPDFU,0.3417,0,0
1891-FZYSA,0.3417,0,1
2580-ASVVY,0.3416,0,0
4727-MCYZG,0.3416,0,0
4236-XPXAV,0.3416,0,1
4065-JJAVA,0.341,0,0
1614-JBEBI,0.341,0,0
6532-YLWSI,0.3409,0,1
4480-MBMLB,0.3409,0,0
6229-UOLQL,0.3408,0,0
2001-MCUUW,0.3407,0,0
2790-XUYMV,0.3403,0,0
6143-JQKEA,0.3402,0,0
6559-ILWKJ,0.3395,0,1
5989-OMNJE,0.3393,0,0
5149-TGWDZ,0.3392,0,0
4021-RQSNY,0.3392,0,1
9518-RWHZL,0.3392,0,1
6629-CZTTH,0.3391,0,1
4896-CPRPF,0.339,0,0
5945-AZYHT,0.339,0,0
1471-GIQKQ,0.3389,0,0
2722-JMONI,0.3388,0,1
8885-QSQBX,0.3388,0,0
8757-TFHHJ,0.3386,0,0
0481-SUMCB,0.3386,0,0
7312-XSBAT,0.3386,0,0
5013-SBUIH,0.3385,0,1
2338-BQEZT,0.3383,0,0
7225-IILWY,0.3381,0,0
8095-WANWK,0.338,0,0
5175-AOBHI,0.338,0,1
1660-HSOOQ,0.3379,0,1
8064-RAVOH,0.3379,0,0
9822-OAOVB,0.3378,0,0
3063-QFSZL,0.3378,0,1
3393-FMZPV,0.3378,0,1
2722-VOJQL,0.3377,0,1
5027-YOCXN,0.3377,0,0
7148-XZPHA,0.3376,0,0
1310-QRITU,0.3375,0,0
5701-GUXDC,0.3375,0,0
3946-MHCZW,0.3374,0,1
8601-QACRS,0.3374,0,1
7284-BUYEC,0.3373,0,0
1845-CSBRZ,0.3373,0,0
1453-RZFON,0.3372,0,0
8969-PRHFK,0.3372,0,0
1406-PUQVY,0.3372,0,0
1536-HBSWP,0.3372,0,0
7623-TRNQN,0.3372,0,1
7873-CVMAW,0.3371,0,0
3810-PJUHR,0.3371,0,0
9564-KCLHR,0.337,0,1
8695-WDYEA,0.337,0,0
9537-VHDTA,0.337,0,0
2961-VNFKL,0.3369,0,0
3745-HRPHI,0.3369,0,0
7207-RMRDB,0.3368,0,1
8938-UMKPI,0.3367,0,1
7030-FZTFM,0.3366,0,0
6728-CZFEI,0.3366,0,0
4307-KWMXE,0.3366,0,0
8224-KDLKN,0.3365,0,0
3804-RVTGV,0.3364,0,1
7663-YJHSN,0.3364,0,0
4580-TMHJU,0.3363,0,1
7036-TYDEC,0.3362,0,0
9028-LIHRP,0.3362,0,0
9227-YBAXE,0.3361,0,0
9606-PBKBQ,0.3361,0,1
5781-RFZRP,0.3361,0,0
5117-ZSMHQ,0.336,0,0
5647-URDKA,0.3359,0,0
7876-BEUTG,0.3357,0,0
7622-FWGEW,0.3357,0,0
8966-SNIZF,0.3357,0,0
6968-MHOMU,0.3356,0,0
2479-BRAMR,0.3355,0,1
3583-EKAPL,0.3354,0,1
4351-QLCSU,0.3354,0,1
8280-MQRQN,0.3353,0,1
8747-UDCOI,0.3353,0,0
6608-QQLVK,0.3353,0,1
9743-DQKQW,0.3353,0,0
7250-EQKIY,0.3353,0,1
2207-NHRJK,0.3352,0,1
9637-EIHEQ,0.3352,0,1
7449-HVPIV,0.3352,0,0
2639-UGMAZ,0.335,0,0
3186-AJIEK,0.3349,0,0
9134-WYRVP,0.3349,0,0
2480-SQIOB,0.3349,0,0
5501-TVMGM,0.3347,0,0
3518-PZXZQ,0.3347,0,0
2232-DMLXU,0.3347,0,1
1452-UZOSF,0.3347,0,0
7351-MHQVU,0.3345,0,0
9067-YGSCA,0.3345,0,0
3190-XFANI,0.3344,0,1
9294-TDIPC,0.3343,0,0
1845-ZLLIG,0.3342,0,0
1809-DMJHQ,0.3342,0,1
0374-AACSZ,0.3342,0,0
5047-LHVLY,0.3342,0,1
4678-DVQEO,0.3341,0,1
0749-IRGQE,0.334,0,0
3999-WRNGR,0.3339,0,0
0376-YMCJC,0.3339,0,1
6689-KXGBO,0.3338,0,1
3766-EJLFL,0.3337,0,0
5171-EPLKN,0.3336,0,0
7398-HPYZQ,0.3336,0,0
6087-YPWHO,0.3336,0,0
4074-SJFFA,0.3335,0,1
6888-SBYAI,0.3334,0,0
4317-VTEOA,0.3334,0,1
7794-JASDG,0.3334,0,0
9974-JFBHQ,0.3333,0,0
1891-UAWWU,0.3332,0,1
0257-ZESQC,0.3332,0,1
6905-NIQIN,0.3331,0,1
0130-SXOUN,0.3331,0,0
2947-DOMLJ,0.3331,0,1
1919-RTPQD,0.3331,0,0
0999-QXNSA,0.333,0,0
2990-IAJSV,0.3329,0,0
6339-TBELP,0.3329,0,0
6786-OBWQR,0.3329,0,0
3584-WKTTW,0.3328,0,0
1166-PQLGG,0.3327,0,0
4658-HCOHW,0.3327,0,1
3859-CVCET,0.3327,0,1
8627-ZYGSZ,0.3325,0,0
8610-WFCJF,0.3324,0,1
1568-BEKZM,0.3322,0,0
2361-FJWNO,0.3322,0,0
9110-HSGTV,0.3321,0,0
6980-CDGFC,0.3321,0,0
2908-WGAXL,0.3321,0,0
7627-JKIAZ,0.332,0,1
6212-ATMLK,0.332,0,0
0674-EYYZV,0.3319,0,0
9873-MNDKV,0.3317,0,0
2604-XVDAM,0.3317,0,0
6352-GIGGQ,0.3317,0,0
8089-UZWLX,0.3315,0,0
9359-UGBTK,0.3315,0,0
1641-BYBTK,0.3315,0,0
7325-ENZFI,0.3314,0,0
3729-OWRVL,0.3314,0,0
5575-TPIZQ,0.3314,0,0
8309-PPCED,0.3314,0,0
0356-ERHVT,0.3313,0,0
3258-SANFR,0.3313,0,0
4718-WXBGI,0.3313,0,0
9805-FILKB,0.3312,0,0
3275-RHRNE,0.3312,0,0
0308-GIQJT,0.3311,0,0
8905-IAZPF,0.3311,0,0
2580-ATZSQ,0.3311,0,0
6075-QMNRR,0.331,0,0
5046-NUHWD,0.331,0,0
6038-GCYEC,0.3309,0,1
0836-SEYLU,0.3308,0,1
8158-WPEZG,0.3306,0,0
2587-YNLES,0.3305,0,0
8197-BFWVU,0.3304,0,0
8348-JLBUG,0.3304,0,0
3536-IQCTX,0.3303,0,1
9074-KGVOX,0.3301,0,0
1094-BKOSX,0.3301,0,0
4250-WAROZ,0.3301,0,0
2386-LAHRK,0.3299,0,1
6727-IOTLZ,0.3299,0,0
4929-BSTRX,0.3299,0,1
5482-NUPNA,0.3299,0,1
6281-FKEWS,0.3298,0,0
4525-VZCZG,0.3297,0,0
2041-JIJCI,0.3296,0,0
6242-MBHPK,0.3295,0,0
0254-KCJGT,0.3295,0,0
7284-ZZLOH,0.3293,0,0
5440-VHLUL,0.3293,0,0
4349-GFQHK,0.3292,0,1
7895-VONWT,0.3292,0,0
6907-FLBER,0.3292,0,0
2632-IVXVF,0.3292,0,0
0114-PEGZZ,0.3287,0,0
8169-SAEJD,0.3285,0,0
3323-CPBWR,0.3283,0,0
3426-NIYYL,0.3283,0,1
2200-DSAAL,0.3282,0,0
0786-IVLAW,0.328,0,0
4385-ZKVNW,0.3279,0,0
0229-LFJAF,0.3278,0,0
2656-TABEH,0.3278,0,1
3336-JORSO,0.3276,0,1
3727-OWVYD,0.3275,0,0
3092-IGHWF,0.3275,0,1
1852-QSWCD,0.3275,0,0
8808-ELEHO,0.3274,0,1
2615-YVMYX,0.3268,0,0
0869-PAPRP,0.3268,0,0
7801-CEDNV,0.3268,0,0
6990-YNRIO,0.3267,0,1
1976-AZZPJ,0.3267,0,0
1450-GALXR,0.3266,0,1
6402-SSEJG,0.3266,0,0
6518-PPLMZ,0.3266,0,0
9031-ZVQPT,0.3265,0,0
7056-IMHCC,0.3264,0,1
5299-RULOA,0.3263,0,1
9614-RMGHA,0.3261,0,1
7883-ROJOC,0.326,0,0
3398-GCPMU,0.326,0,0
2828-SLQPF,0.326,0,0
8107-RZLNV,0.326,0,0
3865-ZYKAD,0.3257,0,0
5383-MMTWC,0.3257,0,1
0121-SNYRK,0.3252,0,0
7572-KPVKK,0.3252,0,0
8582-KRHPJ,0.3251,0,0
4323-ELYYB,0.325,0,0
0786-VSSUD,0.325,0,1
7349-ALMUX,0.325,0,0
6723-CEGQI,0.325,0,0
4098-NAUKP,0.3249,0,0
2419-FSORS,0.3248,0,0
2478-EEWWM,0.3248,0,0
8584-KMVXD,0.3248,0,0
2190-PHBHR,0.3247,0,0
4647-XXZAM,0.3247,0,0
2830-LEWOA,0.3246,0,0
1839-FBNFR,0.3246,0,0
1291-CUOCY,0.3245,0,0
6542-LWGXJ,0.3245,0,0
8979-CAMGB,0.3245,0,0
2000-DHJUY,0.3244,0,0
9691-HKOVS,0.3244,0,0
1140-UKVZG,0.3242,0,0
9644-KVCNC,0.3242,0,0
9445-ZUEQE,0.3241,0,0
9541-ZPSEA,0.324,0,0
5696-JVVQY,0.324,0,0
8495-PRWFH,0.3237,0,0
9714-EDSUC,0.3236,0,0
7089-IVVAZ,0.3235,0,1
6103-BOCOU,0.3235,0,0
5135-RDDQL,0.3234,0,0
1397-XKKWR,0.3233,0,0
5129-JLPIS,0.3233,0,0
7401-JIXNM,0.3232,0,0
7593-JNWRU,0.3231,0,1
3389-YGYAI,0.323,0,1
9822-WMWVG,0.3229,0,0
8455-HIRAQ,0.3229,0,0
9000-PLFUZ,0.3228,0,0
8318-LCNBW,0.3228,0,0
2587-EKXTS,0.3221,0,0
7721-JXEAW,0.3221,0,1
0402-OAMEN,0.3221,0,0
3197-ARFOY,0.3219,0,0
8161-QYMTT,0.3218,0,0
0056-EPFBG,0.3218,0,0
0048-LUMLS,0.3216,0,0
4608-LCIMN,0.3215,0,0
3223-WZWJM,0.3215,0,1
4785-FCIFB,0.3215,0,0
3612-YVGSJ,0.3214,0,0
1897-OKVMW,0.3213,0,0
0420-HLGXF,0.3213,0,0
8374-UULRV,0.3213,0,0
7492-TAFJD,0.3211,0,0
6199-IWKGC,0.321,0,0
5117-IFGPS,0.3209,0,0
1730-VFMWO,0.3209,0,0
7293-LSCDV,0.3208,0,0
0362-ZBZWJ,0.3206,0,1
7470-DYNOE,0.3205,0,0
1355-KUSBG,0.3205,0,0
0626-QXNGV,0.3204,0,0
1422-DGUBX,0.3203,0,0
1680-VDCWW,0.3202,0,0
4686-UXDML,0.3202,0,0
9624-EGDEQ,0.3198,0,0
0386-CWRGM,0.3198,0,0
5656-MJEFC,0.3198,0,0
0722-SVSFK,0.3197,0,0
4616-ULAOA,0.3197,0,0
3346-BRMIS,0.3195,0,1
2659-VXMWZ,0.3194,0,1
8644-XYTSV,0.3194,0,0
3352-RICWQ,0.3193,0,0
2898-MRKPI,0.3192,0,0
3580-HYCSP,0.3191,0,0
3522-CDKHF,0.3191,0,0
8242-JSVBO,0.3189,0,0
1139-WUOAH,0.3188,0,0
2606-PKWJB,0.3185,0,0
8265-HKSOW,0.3184,0,0
5693-PIPCS,0.3182,0,0
8409-WQJUX,0.3181,0,0
7301-ABVAD,0.318,0,0
7570-WELNY,0.3179,0,0
5498-IBWPI,0.3178,0,0
5774-QPLTF,0.3178,0,0
4719-UMSIY,0.3177,0,0
7548-SEPYI,0.3176,0,1
1658-XUHBX,0.3176,0,0
5334-JLAXU,0.3176,0,0
8165-CBKXO,0.3175,0,0
0880-TKATG,0.3174,0,1
7783-YKGDV,0.3172,0,1
1017-FBQMM,0.317,0,0
5386-THSLQ,0.317,0,0
0690-SRQID,0.317,0,0
1049-FYSYG,0.3169,0,0
4236-UJPWO,0.3168,0,0
1028-FFNJK,0.3168,0,0
7410-OIEDU,0.3167,0,0
1335-NTIUC,0.3166,0,0
1271-UODNO,0.3166,0,0
2685-SREOM,0.3164,0,1
4547-FZJWE,0.3164,0,0
2187-PKZAY,0.3164,0,0
7854-EKTJL,0.3164,0,1
5067-DGXLL,0.3163,0,0
2516-XSJKX,0.3162,0,0
2798-NYLMZ,0.3161,0,0
9039-RBEEE,0.316,0,1
5385-SUIRI,0.3159,0,1
4720-VSTSI,0.3159,0,1
0730-KOAVE,0.3159,0,0
1866-RZZQS,0.3158,0,1
8205-OTCHB,0.3158,0,1
4822-LPTYJ,0.3157,0,0
5392-AKEMH,0.3153,0,0
4446-BZKHU,0.3152,0,1
2761-XECQW,0.3151,0,0
6695-FRVEC,0.3149,0,0
1813-JLKWR,0.3148,0,0
5170-PTRKA,0.3148,0,0
6738-ISCBM,0.3147,0,0
6647-ZEDXT,0.3147,0,0
3378-AJRAO,0.3147,0,0
5229-PRWKT,0.3147,0,1
1304-BCCFO,0.3146,0,0
2362-IBOOY,0.3146,0,1
6119-SPUDB,0.3144,0,0
1600-DILPE,0.3143,0,0
8146-QQKZH,0.3143,0,0
8498-XXGWA,0.3142,0,0
9108-EQPNQ,0.3142,0,0
9489-UTFKA,0.3141,0,0
0419-YAAPX,0.3139,0,0
5022-KVDQT,0.3139,0,0
1972-XMUWV,0.3138,0,0
6624-JDRDS,0.3138,0,0
0373-AIVNJ,0.3134,0,0
0104-PPXDV,0.3133,0,0
6408-OTUBZ,0.3133,0,0
4827-LTQRJ,0.3133,0,0
2560-QTSBS,0.3133,0,0
3026-ATZYV,0.3132,0,0
4713-ZBURT,0.3132,0,0
5533-RJFTJ,0.3132,0,0
5716-LIBJC,0.3131,0,0
3170-NMYVV,0.3131,0,0
9070-BCKQP,0.3129,0,0
7785-RDVIG,0.3128,0,0
1960-UOTYM,0.3125,0,0
8201-AAXCB,0.3122,0,0
1862-SKORY,0.3122,0,1
3370-GQEAL,0.3121,0,0
4570-QHXHL,0.3121,0,0
5451-MHQOF,0.312,0,0
7925-PNRGI,0.3118,0,0
0794-YVSGE,0.3115,0,0
1891-QRQSA,0.3113,0,0
5598-IKHQQ,0.3113,0,0
1766-GKNMI,0.3113,0,0
2266-SJNAT,0.3112,0,0
3946-JEWRQ,0.3112,0,0
1187-WILMM,0.311,0,0
5110-CHOPY,0.3109,0,0
6689-VRRTK,0.3109,0,0
9575-IWCAZ,0.3109,0,0
2904-GGUAZ,0.3107,0,0
7493-GVFIO,0.3107,0,0
2824-DXNKN,0.3104,0,0
5287-QWLKY,0.3103,0,1
5795-KTGUD,0.3103,0,0
9625-QSTYE,0.3103,0,1
9239-ZBZZV,0.3102,0,1
0839-JTCUD,0.31,0,0
3503-TYDAY,0.31,0,0
6097-EQISJ,0.31,0,1
2027-FECZV,0.3099,0,1
8752-IMQOS,0.3098,0,0
0701-RFGFI,0.3096,0,0
9327-QSDED,0.3096,0,0
2834-JKOOW,0.3095,0,0
7975-JMZNT,0.3095,0,0
8071-SBTRN,0.3094,0,0
5712-VBOXD,0.3094,0,0
9348-YVOMK,0.3093,0,0
1383-EZRWL,0.3092,0,1
0292-WEGCH,0.3091,0,0
0136-IFMYD,0.3089,0,0
7245-JMTTQ,0.3089,0,0
6297-NOOPG,0.3089,0,0
9591-YVTEB,0.3088,0,0
3977-QCRSL,0.3088,0,0
3407-JMJQQ,0.3088,0,0
3518-FSTWG,0.3086,0,0
9552-TGUZV,0.3086,0,0
8091-TTVAX,0.3084,0,0
8592-PLTMQ,0.3084,0,0
6583-SZVGP,0.3083,0,0
4508-OEBEY,0.3083,0,0
0237-YFUTL,0.3083,0,0
1841-YSJGV,0.3082,0,0
5360-LJCNJ,0.3082,0,0
0397-GZBBC,0.308,0,1
0756-MPZRL,0.308,0,0
0771-CHWSK,0.308,0,0
1162-ECVII,0.3079,0,0
5389-FFVKB,0.3078,0,1
8267-ZNYVZ,0.3077,0,1
3096-YXENJ,0.3077,0,0
7328-ZJAJO,0.3077,0,0
2977-CEBSX,0.3077,0,0
3739-YBWAB,0.3076,0,0
1871-MOWRM,0.3075,0,1
9450-TRJUU,0.3074,0,0
4315-MURBD,0.3074,0,1
3685-YLCMQ,0.3073,0,1
5882-CMAZQ,0.3073,0,0
7727-SHVZV,0.3073,0,0
3347-YJZZE,0.3072,0,0
4937-QPZPO,0.3072,0,0
8822-KNBHV,0.3071,0,0
5520-FVEWJ,0.307,0,1
4553-DVPZG,0.3069,0,0
9081-WWXKP,0.3068,0,0
9732-EQMWY,0.3068,0,0
2692-AQCPF,0.3068,0,0
6410-LEFEN,0.3066,0,1
2868-LLSKM,0.3065,0,0
6137-MFAJN,0.3065,0,0
8076-FEZKJ,0.3063,0,0
4911-BANWH,0.3062,0,1
8871-JLMHM,0.3062,0,0
7009-PCARS,0.3062,0,0
1170-SASML,0.3061,0,0
4859-ZSRDZ,0.306,0,0
6473-ULUHT,0.306,0,0
5630-IXDXV,0.3059,0,0
6908-VVYHM,0.3059,0,0
7285-KLOTR,0.3057,0,0
0308-IVGOK,0.3056,0,0
7921-BEPCI,0.3055,0,0
8285-ABVLB,0.3053,0,0
9372-TXXPS,0.3053,0,0
3417-TSCIC,0.3052,0,0
7471-WNSUF,0.3051,0,0
4994-OBRSZ,0.305,0,0
3806-DXQOM,0.305,0,1
6305-YLBMM,0.305,0,1
3797-FKOGQ,0.3049,0,0
6719-FGEDO,0.3049,0,0
8164-OCKUJ,0.3048,0,0
3580-REOAC,0.3046,0,1
7480-QNVZJ,0.3045,0,1
0093-XWZFY,0.3045,0,1
9547-ITEFG,0.3044,0,0
3315-IKYZQ,0.3044,0,0
3227-WLKLI,0.3042,0,0
5186-PEIZU,0.3041,0,0
5208-FVQKB,0.3041,0,0
4690-LLKUA,0.304,0,1
0959-WHOKV,0.304,0,0
7649-SIJJF,0.304,0,0
0111-KLBQG,0.3037,0,0
2718-GAXQD,0.3037,0,1
7244-QWYHG,0.3037,0,0
6818-WOBHJ,0.3036,0,1
3973-SKMLN,0.3035,0,0
0924-BJCRC,0.3034,0,0
2397-BRLOM,0.3034,0,1
5619-XZZKR,0.3034,0,0
5202-IVJNU,0.3032,0,1
8774-GSBUN,0.3032,0,0
2080-CAZNM,0.3032,0,0
8519-IMDHU,0.3032,0,1
4462-CYWMH,0.303,0,0
0094-OIFMO,0.303,0,1
2623-DRYAM,0.3029,0,0
9710-ZUSHQ,0.3028,0,1
1834-ABKHQ,0.3028,0,0
1150-FTQGN,0.3026,0,0
0701-TJSEF,0.3025,0,0
4909-JOUPP,0.3025,0,0
4322-RCYMT,0.3024,0,1
7521-AFHAB,0.3023,0,0
5268-DSMNQ,0.3022,0,0
6313-GIDIT,0.3021,0,1
1395-OFUWC,0.3021,0,0
3445-HXXGF,0.3019,0,1
6311-UEUME,0.3019,0,1
4973-RLZVI,0.3017,0,0
5453-YBTWV,0.3016,0,0
6285-FTQBF,0.3013,0,0
5297-MDOIR,0.3013,0,0
3230-IUALN,0.3012,0,0
5172-RKOCB,0.3011,0,0
6128-DAFVY,0.3011,0,0
0655-YDGFJ,0.3009,0,0
7109-CQYUZ,0.3008,0,0
1960-UYCNN,0.3007,0,0
2812-ENYMO,0.3004,0,0
1676-MQAOA,0.3004,0,0
2886-KEFUM,0.3003,0,1
4816-OKWNX,0.2999,0,0
2003-CKLOR,0.2997,0,1
9929-PLVPA,0.2996,0,0
6080-TCMYC,0.2994,0,0
7130-YXBRO,0.2993,0,0
3055-MJDSB,0.2991,0,0
2664-XJZNO,0.2989,0,0
5803-NQJZO,0.2986,0,0
5956-YHHRX,0.2984,0,0
7029-IJEJK,0.2984,0,0
8229-BUJHX,0.2983,0,0
6691-CCIHA,0.2983,0,0
2359-QWQUL,0.2982,0,1
3606-TWKGI,0.2982,0,1
8401-EMUWF,0.2981,0,0
3663-MITLP,0.298,0,1
7029-RPUAV,0.298,0,1
6234-PFPXL,0.2979,0,0
7541-YLXCL,0.2978,0,1
7969-AULMZ,0.2977,0,1
5183-SNMJQ,0.2977,0,0
1760-CAZHT,0.2975,0,0
4039-PIMHX,0.2975,0,0
7605-BDWDC,0.2975,0,0
9802-CAQUT,0.2973,0,0
4020-KIUDI,0.297,0,0
2990-OGYTD,0.2969,0,0
2586-CWXVV,0.2969,0,0
7251-XFOIL,0.2968,0,0
6994-FGRHH,0.2968,0,0
9402-CXWPL,0.2967,0,0
4238-JSSWH,0.2967,0,0
2205-YMZZJ,0.2965,0,1
9861-PDSZP,0.2965,0,0
9281-OFDMF,0.2964,0,0
7134-HBPBS,0.2963,0,0
8314-DPQHL,0.2962,0,0
3672-YITQD,0.2961,0,1
6967-PEJLL,0.2961,0,0
0117-LFRMW,0.296,0,1
9746-YKGXB,0.296,0,0
4707-MAXGU,0.2958,0,0
7718-UPSKJ,0.2957,0,0
9259-PACGQ,0.2956,0,1
0961-ZWLVI,0.2956,0,0
9674-EHPPG,0.2956,0,0
3071-MVJCD,0.2955,0,0
3106-ULWFW,0.2954,0,1
7606-BPHHN,0.2954,0,0
5519-NPHVG,0.2953,0,1
6465-GSRCL,0.2952,0,0
9818-XQCUV,0.2952,0,0
6295-OSINB,0.2951,0,0
5519-YLDGW,0.2951,0,1
2344-JMOGN,0.2949,0,1
6476-YHMGA,0.2949,0,0
0463-ZSDNT,0.2948,0,0
6614-FHDBO,0.2946,0,0
9137-UIYPG,0.2946,0,0
9079-YEXQJ,0.2944,0,1
4032-RMHCI,0.2944,0,0
9708-HPXWZ,0.2944,0,0
6833-JMZYP,0.2944,0,0
7272-QDCKA,0.2943,0,0
4750-ZRXIU,0.2942,0,1
6741-EGCBI,0.2939,0,0
5153-RTHKF,0.2939,0,0
5201-CBWYG,0.2937,0,0
6397-JNZZG,0.2936,0,1
0463-WZZKO,0.2935,0,0
9844-FELAJ,0.2934,0,0
8887-IPQNC,0.2934,0,0
4143-HHPMK,0.2934,0,1
4450-YOOHP,0.2932,0,0
5027-XWQHA,0.2931,0,1
5075-JSDKI,0.293,0,0
8735-SDUFN,0.293,0,0
2451-YMUXS,0.2928,0,0
8707-HOEDG,0.2927,0,0
7137-NAXML,0.2927,0,0
2057-BOYKM,0.2927,0,0
0017-DINOC,0.2926,0,0
0397-ZXWQF,0.2926,0,0
9094-AZPHK,0.2925,0,0
8819-ZBYNA,0.2925,0,0
8875-AKBYH,0.2925,0,0
6901-GOGZG,0.2925,0,0
6283-GITPX,0.2925,0,0
7740-KKCXF,0.2924,0,0
4682-BLBUC,0.2924,0,0
1685-VAYJF,0.2923,0,0
0234-TEVTT,0.2922,0,0
6308-CQRBU,0.2922,0,0
3120-FAZKD,0.292,0,0
1297-VQDRP,0.2919,0,0
2302-OUZXB,0.2919,0,0
1925-TIBLE,0.2918,0,1
3976-HXHCE,0.2918,0,0
7733-UDMTP,0.2917,0,0
2038-OEQZH,0.2916,0,0
1320-GVNHT,0.2915,0,0
9405-GPBBG,0.2915,0,0
9578-FOMUK,0.2915,0,0
6976-BWGLQ,0.2914,0,0
4060-LDNLU,0.2914,0,0
4990-ALDGW,0.2914,0,0
7567-ECMCM,0.2912,0,0
7868-BGSZA,0.2912,0,0
0825-CPPQH,0.2911,0,0
6179-GJPSO,0.2911,0,1
0856-NAOES,0.291,0,0
3934-HXCFZ,0.2909,0,1
0197-PNKNK,0.2909,0,0
5201-FRKKS,0.2908,0,0
5955-EPOAZ,0.2908,0,0
1577-HKTFG,0.2907,0,1
9762-YAQAA,0.2907,0,0
0654-PQKDW,0.2907,0,0
1090-ESELR,0.2905,0,0
7005-CCBKV,0.2905,0,1
7488-MXJIV,0.2904,0,1
7730-IUTDZ,0.2903,0,1
6235-VDHOM,0.2903,0,1
7153-CHRBV,0.2902,0,0
4184-VODJZ,0.2901,0,0
2236-HILPA,0.2901,0,0
6374-NTQLP,0.2901,0,0
0363-QJVFX,0.2901,0,1
1621-YNCJH,0.29,0,0
4534-WGCIR,0.29,0,0
5061-PBXFW,0.2899,0,0
5311-IHLEI,0.2898,0,0
4256-ZWTZI,0.2897,0,0
6637-KYRCV,0.2897,0,0
7295-JOMMD,0.2897,0,1
8035-PWSEV,0.2896,0,0
8775-CEBBJ,0.2895,0,1
1347-KTTTA,0.2895,0,0
5668-MEISB,0.2895,0,0
7941-RCJOW,0.2894,0,0
5286-YHCVC,0.2894,0,0
2143-LJULT,0.2894,0,0
6732-FZUGP,0.2894,0,0
7446-KQISO,0.2892,0,0
1215-FIGMP,0.2892,0,0
1984-FCOWB,0.2892,0,1
2240-HSJQD,0.2892,0,0
4822-YCXMX,0.2891,0,1
8919-FYFQZ,0.2889,0,1
8098-LLAZX,0.2889,0,1
7234-FECYN,0.2889,0,1
9236-NDUCW,0.2888,0,0
4815-YOSUK,0.2888,0,0
4391-RESHN,0.2887,0,1
0014-BMAQU,0.2887,0,0
0853-TWRVK,0.2885,0,0
7208-PSIHR,0.2885,0,0
7982-VCELR,0.2884,0,0
1036-GUDCL,0.2881,0,0
9958-MEKUC,0.288,0,0
9777-IQHWP,0.2879,0,0
0516-WJVXC,0.2879,0,1
9068-VPWQQ,0.2878,0,0
6509-TSGWN,0.2877,0,0
4544-RXFMG,0.2877,0,0
3948-KXDUF,0.2876,0,0
0218-QNVAS,0.2874,0,0
4566-QVRRW,0.2874,0,1
8619-IJNDK,0.2873,0,0
6661-EIPZC,0.2871,0,0
8552-OBVRU,0.2869,0,0
6855-VLGOS,0.2869,0,0
7858-GTZSP,0.2868,0,0
4893-GYUJU,0.2867,0,0
4188-PCPIG,0.2866,0,0
5857-TYBCJ,0.2863,0,0
5394-MEITZ,0.2862,0,0
2848-YXSMW,0.2859,0,0
7047-FWEYA,0.2859,0,0
9003-CPATH,0.2858,0,0
7075-BNDVQ,0.2858,0,0
0479-HMSWA,0.2857,0,0
3363-DTIVD,0.2857,0,0
2968-SSGAA,0.2856,0,1
4701-AHWMW,0.2856,0,1
6599-RCLCJ,0.2855,0,1
9764-REAFF,0.2855,0,0
4476-OSWTN,0.2854,0,0
9451-LPGOO,0.2853,0,1
4567-AKPIA,0.2853,0,0
5215-LNLDJ,0.2853,0,0
6060-QBMGV,0.2851,0,0
8548-AWOFC,0.285,0,0
4837-QUSFT,0.2849,0,0
6869-FGJJC,0.2848,0,0
7860-KSUGX,0.2848,0,0
8466-PZBLH,0.2847,0,0
9681-KYGYB,0.2844,0,0
2000-MPKCA,0.2844,0,0
9361-YNQWJ,0.2843,0,0
8565-HBFNN,0.2843,0,0
9411-TPQQV,0.2843,0,0
2146-EGVDT,0.2843,0,0
1354-YZFNB,0.2842,0,0
9530-GRMJG,0.2841,0,0
8883-ANODQ,0.284,0,0
4585-HETAI,0.284,0,1
5067-XJQFU,0.2839,0,0
5982-XMDEX,0.2839,0,0
3069-SSVSN,0.2836,0,0
0661-XEYAN,0.2836,0,1
0743-HRVFF,0.2836,0,0
4119-ZYPZY,0.2835,0,0
0945-TSONX,0.2835,0,0
2452-SNHFZ,0.2833,0,0
3259-QMXUN,0.2832,0,0
0193-ESZXP,0.2831,0,1
2509-TFPJU,0.2831,0,0
8024-XNAFQ,0.283,0,0
1194-HVAIF,0.283,0,0
9763-PDTKK,0.283,0,1
7771-ZONAT,0.2829,0,0
1428-IEDPR,0.2829,0,0
5393-HJZSM,0.2828,0,0
0447-BEMNG,0.2827,0,1
5655-JSMZM,0.2825,0,1
0089-IIQKO,0.2824,0,0
9863-JZAIC,0.2824,0,1
1299-AURJA,0.2823,0,0
7789-CRUVC,0.2821,0,0
6215-NQCPY,0.282,0,0
6384-VMJHP,0.2819,0,0
9060-HJJRW,0.2819,0,0
2692-PFYTJ,0.2818,0,0
2712-SYWAY,0.2818,0,0
1496-GGSUK,0.2818,0,1
0277-ORXQS,0.2818,0,0
6394-HHHZM,0.2818,0,0
3850-OKINF,0.2817,0,0
8263-JQAIK,0.2817,0,1
8591-TKMZH,0.2814,0,0
8631-NBHFZ,0.2812,0,1
0345-HKJVM,0.2812,0,1
4257-GAESD,0.2812,0,0
8646-JCOMS,0.2811,0,0
2724-FJDYW,0.2811,0,0
3957-HHLMR,0.281,0,0
6169-PGNCD,0.281,0,0
6008-NAIXK,0.2809,0,0
9931-KGHOA,0.2808,0,0
6762-NSODU,0.2806,0,0
9825-YCXWZ,0.2805,0,0
9134-CEQMF,0.2805,0,1
6734-PSBAW,0.2803,0,0
7621-VPNET,0.2802,0,0
6777-TGHTM,0.2801,0,1
6723-WSNTY,0.2801,0,0
5622-UEJFI,0.2799,0,0
3806-YAZOV,0.2797,0,0
2660-EMUBI,0.2797,0,1
0932-YIXYU,0.2797,0,0
3653-NCRDJ,0.2797,0,0
4075-JFPGR,0.2796,0,0
6402-ZFPPI,0.2796,0,1
8800-ZKRFW,0.2796,0,0
6776-TLWOI,0.2795,0,1
4415-WNGVR,0.2795,0,0
3067-SVMTC,0.2795,0,0
4803-LBYPN,0.2795,0,0
4550-VBOFE,0.2794,0,1
5133-VRSAB,0.2791,0,0
2675-IJRGJ,0.2791,0,0
1430-SFQSA,0.2789,0,0
2636-OHFMN,0.2787,0,1
7049-GKVZY,0.2784,0,0
1027-LKKQQ,0.2783,0,0
8728-SKJLR,0.2783,0,0
3956-CJUST,0.2781,0,0
1240-HCBOH,0.278,0,0
4102-HLENU,0.2779,0,0
2181-TIDSV,0.2779,0,0
6184-DYUOB,0.2779,0,0
7169-YWAMK,0.2779,0,0
4445-KWOKW,0.2778,0,0
1985-MBRYP,0.2776,0,0
4833-QTJNO,0.2776,0,0
7480-SPLEF,0.2775,0,0
2230-XTUWL,0.2775,0,0
2789-CZANW,0.2775,0,0
5855-EIBDE,0.2775,0,0
4526-RMTLL,0.2775,0,0
9895-VFOXH,0.2773,0,0
3143-ILDAL,0.2773,0,1
7365-BVCJH,0.2773,0,0
5669-SRAIP,0.2773,0,1
7048-GXDAY,0.2773,0,0
3439-GVUSX,0.2773,0,0
1448-CYWKC,0.2772,0,0
0082-OQIQY,0.2772,0,0
9681-OXGVC,0.2771,0,1
0394-YONDK,0.277,0,0
0027-KWYKW,0.2769,0,0
2498-XLDZR,0.2767,0,0
1322-AGOQM,0.2765,0,1
0795-XCCTE,0.2765,0,0
7508-MYBOG,0.2764,0,1
7317-GGVPB,0.2763,0,1
4079-ULGFR,0.2762,0,0
9065-ZCPQX,0.2762,0,0
6137-NICCO,0.2762,0,0
6168-YBYNP,0.2762,0,0
6633-MPWBS,0.2762,0,1
4439-JMPMT,0.2761,0,1
4979-HPRFL,0.276,0,0
9465-RWMXL,0.276,0,1
6199-IPCAO,0.2759,0,0
7943-RQCHR,0.2758,0,1
2521-NPUZR,0.2758,0,0
0655-RBDUG,0.2757,0,1
9420-LOJKX,0.2757,0,1
1729-VLAZJ,0.2757,0,0
3913-FCUUW,0.2757,0,0
3214-IYUUQ,0.2757,0,0
7114-AEOZE,0.2756,0,0
8861-HGGKB,0.2755,0,1
1131-SUEKT,0.2755,0,0
9571-EDEBV,0.2753,0,0
3166-PNEOF,0.2751,0,0
5020-ZSTTY,0.275,0,1
5336-UFNZP,0.2749,0,0
9750-BOOHV,0.2749,0,0
3132-TVFDZ,0.2747,0,1
0867-LDTTC,0.2747,0,0
2892-GESUL,0.2746,0,0
6463-HHXJR,0.2746,0,0
2080-SRCDE,0.2744,0,0
9027-YFHQJ,0.2744,0,0
3662-FXJFO,0.2743,0,0
2154-KVJFF,0.2743,0,1
6158-HDPXZ,0.2743,0,0
1635-NZATJ,0.2743,0,0
3733-UOCWF,0.2743,0,0
9823-EALYC,0.2743,0,0
1926-QUZNN,0.2742,0,0
3777-XROBG,0.2741,0,0
8799-OXZMD,0.274,0,0
0475-RIJEP,0.274,0,1
5294-IMHHT,0.2739,0,0
8384-FZBJK,0.2739,0,0
4192-GORJT,0.2738,0,1
1421-HCERK,0.2738,0,0
8627-EHGIP,0.2737,0,1
9501-UKKNL,0.2735,0,0
5153-LXKDT,0.2734,0,0
4829-AUOAX,0.2734,0,1
7242-QZLXF,0.2733,0,1
8896-BQTTI,0.2732,0,0
3320-VEOYC,0.273,0,0
1767-CJKBA,0.2729,0,0
5161-UBZXI,0.2728,0,0
7643-RCHXS,0.2727,0,0
7145-FEJWU,0.2725,0,0
1264-FUHCX,0.2724,0,0
4565-NLZBV,0.2724,0,0
4023-RTIQM,0.2723,0,0
8097-VBQTZ,0.2722,0,0
2050-ONYDQ,0.2719,0,0
8671-KKKOS,0.2718,0,0
5351-QESIO,0.2717,0,0
8429-XIBUM,0.2717,0,1
8165-ZJRNM,0.2716,0,0
9136-ALYBR,0.2716,0,1
9140-CZQZZ,0.2714,0,0
7306-YDSOI,0.2714,0,0
1935-IMVBB,0.2714,0,0
5965-GGPRW,0.2713,0,0
3533-UVMOM,0.2712,0,0
6485-QXWWE,0.2712,0,0
3811-VBYBZ,0.2711,0,1
2325-WINES,0.2711,0,0
8741-LQOBK,0.2711,0,0
0668-OGMHD,0.2711,0,0
6015-VVHHE,0.2711,0,1
3898-BSJYF,0.271,0,0
7191-ADRGF,0.2709,0,0
8378-LKJAF,0.2709,0,0
9675-ICXCT,0.2708,0,0
2672-DZUOY,0.2708,0,1
7537-RBWEA,0.2708,0,0
0023-HGHWL,0.2708,0,1
8727-JQFHV,0.2708,0,0
1334-FJSVR,0.2708,0,1
6032-IGALN,0.2708,0,1
2716-GFZOR,0.2707,0,0
5414-OFQCB,0.2707,0,0
7634-HLQJR,0.2707,0,0
8639-NHQEI,0.2706,0,0
2990-HWIML,0.2706,0,1
1696-HXOWK,0.2705,0,0
9210-IAHGH,0.2704,0,1
3950-VPYJB,0.2704,0,0
0392-BZIUW,0.2704,0,0
0816-TSPHQ,0.2699,0,0
4360-QRAVE,0.2699,0,0
5480-HPRRX,0.2698,0,1
0616-ATFGB,0.2697,0,1
9907-SWKKF,0.2697,0,1
1866-NXPSP,0.2696,0,0
2233-TXSIU,0.2696,0,0
0612-RTZZA,0.2695,0,1
4195-NZGTA,0.2695,0,0
2209-XADXF,0.2695,0,0
7673-BQGKU,0.2695,0,0
6333-YDVLT,0.2695,0,0
3014-WJKSM,0.2692,0,0
1024-GUALD,0.2691,0,1
7932-WPTDS,0.2691,0,1
6386-SZZKH,0.2691,0,1
6366-ZGQGL,0.2691,0,1
3744-ZBHON,0.269,0,0
0068-FIGTF,0.269,0,0
3786-WOVKF,0.2688,0,0
1427-VERSM,0.2688,0,0
5216-WASFJ,0.2687,0,0
0125-LZQXK,0.2686,0,1
4531-AUZNK,0.2686,0,0
5829-NVSQN,0.2686,0,0
1452-XRSJV,0.2685,0,0
8065-QBYTO,0.2685,0,0
3429-IFLEM,0.2685,0,0
9137-NOQKA,0.2684,0,0
9625-QNLUX,0.2684,0,0
4729-XKASR,0.2683,0,1
2207-RYYRL,0.2683,0,0
2452-KDRRH,0.2683,0,0
9330-VOFSZ,0.2683,0,0
4584-LBNMK,0.268,0,0
2519-TWKFS,0.268,0,0
6024-RUGGH,0.2679,0,0
0401-WDBXM,0.2679,0,0
8039-ACLPL,0.2678,0,0
4795-UXVCJ,0.2676,0,0
9227-LUNBG,0.2674,0,1
0565-IYCGT,0.2674,0,1
2565-JSLRY,0.2674,0,1
1116-DXXDF,0.2674,0,0
4328-VUFWD,0.2673,0,0
8260-NGFNY,0.2673,0,1
1768-ZAIFU,0.2673,0,1
9534-NSXEM,0.2672,0,0
1555-HAPSU,0.2672,0,0
1342-JPNKI,0.2672,0,1
5701-SVCWR,0.2672,0,0
4589-IUAJB,0.2671,0,0
3272-VUHPV,0.2671,0,0
5808-TOTXO,0.267,0,0
5261-QSHQM,0.267,0,1
7634-WSWDB,0.2668,0,0
0691-NIKRI,0.2668,0,0
6631-HMANX,0.2668,0,0
6302-JGYRJ,0.2668,0,1
6133-OZILE,0.2668,0,0
8224-IVVPA,0.2668,0,0
6900-RBKER,0.2666,0,0
7550-WIQVA,0.2665,0,0
7636-OWBPG,0.2665,0,0
1488-SYSFC,0.2664,0,0
0221-WMXNQ,0.2663,0,0
3410-MHHUM,0.2663,0,0
2251-PYLPB,0.2662,0,0
2439-LYPMQ,0.2661,0,0
6656-GULJQ,0.266,0,0
9693-XMUOB,0.266,0,0
1074-WVEVG,0.2658,0,0
6437-UDQJM,0.2658,0,0
2176-OSJUV,0.2657,0,0
5816-JMLGY,0.2656,0,0
7951-QKZPL,0.2656,0,1
1257-SXUXQ,0.2655,0,0
4367-NHWMM,0.2654,0,0
4195-PNGZS,0.2654,0,0
9921-EZKBY,0.2653,0,0
0013-MHZWF,0.2653,0,0
9909-IDLEK,0.2652,0,0
0219-YTZUE,0.2651,0,1
2862-PFNIK,0.265,0,0
6718-BDGHG,0.265,0,0
1820-DJFPH,0.265,0,0
4389-UEFCZ,0.265,0,0
0866-QLSIR,0.265,0,1
2538-OIMXF,0.265,0,0
6813-GZQCG,0.2649,0,0
9129-UXERG,0.2649,0,0
9638-JIQYA,0.2648,0,0
1360-XFJMR,0.2648,0,0
3487-EARAT,0.2646,0,0
6928-ONTRW,0.2646,0,0
5364-XYIRR,0.2644,0,1
8327-LZKAS,0.2644,0,1
5795-BKOYE,0.2643,0,0
0973-KYVNF,0.2643,0,0
8232-CTLKO,0.2643,0,0
2632-TACXW,0.2643,0,0
5293-WXJAK,0.2642,0,1
8849-PRIQJ,0.2641,0,0
6840-RESVB,0.2639,0,0
3644-QXEHN,0.2639,0,0
2272-JKMSI,0.2637,0,0
1571-SAVHK,0.2636,0,1
2651-ZCBXV,0.2636,0,0
2037-XJFUP,0.2636,0,1
0818-OCPZO,0.2636,0,1
5056-FIMPT,0.2636,0,0
9495-SKLKD,0.2635,0,0
2924-KHUVI,0.2634,0,0
5380-AFSSK,0.2633,0,1
1266-NZYUI,0.2633,0,0
5334-AFQJB,0.2633,0,0
0023-UYUPN,0.2631,0,0
7576-ASEJU,0.2631,0,0
1042-HFUCW,0.2629,0,0
6993-YCOBK,0.2629,0,0
5975-BAICR,0.2629,0,0
3643-AHCFP,0.2628,0,1
5947-SGKCL,0.2626,0,0
0570-BFQHT,0.2625,0,0
5732-IKGQH,0.2625,0,0
3261-CQXOL,0.2625,0,0
7399-QHBJS,0.2624,0,0
4566-GOLUK,0.2623,0,1
6732-VAILE,0.2621,0,0
3761-FLYZI,0.262,0,0
5781-BKHOP,0.262,0,0
9430-NKQLY,0.2619,0,0
8809-XKHMD,0.2619,0,0
4597-ELFTS,0.2618,0,1
5406-KGRMX,0.2617,0,0
6586-MYGKD,0.2617,0,0
0303-WMMRN,0.2617,0,0
3870-MQAMG,0.2616,0,1
2739-CACDQ,0.2615,0,0
6778-JFCMK,0.2615,0,0
7611-YKYTC,0.2615,0,0
7401-RUBNK,0.2614,0,0
0442-TDYUO,0.2614,0,0
5073-WXOYN,0.2614,0,1
6537-QLGEX,0.2614,0,0
6861-XWTWQ,0.2613,0,1
4801-JZAZL,0.2612,0,0
9114-DPSIA,0.2611,0,0
1936-CZAKF,0.2609,0,0
8931-GJJIQ,0.2608,0,1
1525-LNLOJ,0.2608,0,0
1063-DHQJF,0.2607,0,0
1480-IVEVR,0.2607,0,0
1910-FMXJM,0.2606,0,0
0795-GMVQO,0.2603,0,0
8844-TONUD,0.2603,0,1
8060-HIWJJ,0.2602,0,0
6094-ZIVKX,0.2601,0,0
8118-TJAFG,0.26,0,0
3009-JWMPU,0.2599,0,1
3541-ZNUHK,0.2599,0,0
1666-JXLKU,0.2597,0,0
0603-TPMIB,0.2596,0,0
1222-KJNZD,0.2595,0,0
4335-BSMJS,0.2595,0,0
7665-VIGUD,0.2595,0,0
3654-ARMGP,0.2595,0,0
8178-EYZUO,0.2594,0,1
0895-UADGO,0.2594,0,0
3585-YNADK,0.2594,0,0
7605-SNLQG,0.2593,0,0
2105-PHWON,0.2593,0,0
0384-RVBPI,0.2593,0,0
1207-BLKSA,0.2593,0,0
2226-ICFDO,0.259,0,0
2673-CXQEU,0.2589,0,0
4425-OWHWB,0.2589,0,0
0406-BPDVR,0.2589,0,1
6439-LAJXL,0.2589,0,0
0020-INWCK,0.2589,0,0
3797-VTIDR,0.2588,0,1
7018-FPXHH,0.2586,0,0
4439-YRNVD,0.2586,0,0
9027-TMATR,0.2585,0,0
1085-LDWAM,0.2582,0,0
3470-OBUET,0.2581,0,0
7629-WIXZF,0.2581,0,0
9362-MWODR,0.2581,0,0
4350-ZTLPI,0.258,0,0
8809-RIHDD,0.258,0,1
5141-ZUVBH,0.258,0,0
5889-JTMUL,0.2578,0,1
9419-IPPBE,0.2577,0,0
2011-TRQYE,0.2575,0,1
6416-YJTTB,0.2574,0,0
5158-RIVOP,0.2574,0,0
3793-MMFUH,0.2574,0,1
3814-MLAXC,0.2573,0,1
3714-XPXBW,0.2573,0,0
5220-AGAAX,0.2572,0,0
1724-BQUHA,0.2572,0,1
6630-UJZMY,0.2571,0,0
0042-RLHYP,0.2571,0,0
0137-UDEUO,0.257,0,1
8259-NFJTV,0.2569,0,0
8213-TAZPM,0.2569,0,0
5014-WUQMG,0.2566,0,0
2180-DXNEG,0.2564,0,1
9153-BTBVV,0.2563,0,0
7758-UJWYS,0.2563,0,0
4106-HADHQ,0.2562,0,1
2839-RFSQE,0.2562,0,1
5055-MGMGF,0.256,0,0
8780-RSYYU,0.256,0,0
0971-QIFJK,0.256,0,0
2782-JEEBU,0.2559,0,0
8017-LXHFA,0.2559,0,1
9367-OIUXP,0.2557,0,0
5605-XNWEN,0.2555,0,0
6323-AYBRX,0.2555,0,1
8731-WBBMB,0.2555,0,0
2190-BCXEC,0.2554,0,0
2919-HBCJO,0.2553,0,1
0620-XEFWH,0.2552,0,0
0270-THENM,0.2551,0,0
3887-PBQAO,0.255,0,0
8128-YVJRG,0.255,0,1
2725-TTRIQ,0.255,0,0
0899-LIIBW,0.255,0,0
5985-BEHZK,0.255,0,0
8999-XXGNS,0.2549,0,0
0455-ENTCR,0.2549,0,0
2504-DSHIH,0.2549,0,0
3282-ZISZV,0.2548,0,0
5376-PCKNB,0.2548,0,0
5090-EMGTC,0.2546,0,0
1335-MXCSE,0.2544,0,0
3863-QSTYI,0.2544,0,0
3096-WPXBT,0.2543,0,0
2270-CHBFN,0.2543,0,0
1455-UGQVH,0.2543,0,1
2305-MRGLV,0.2542,0,0
4566-NECEV,0.2542,0,0
3665-JATSN,0.2541,0,0
2927-CVULT,0.2541,0,0
0880-FVFWF,0.2541,0,0
6543-CPZMK,0.254,0,1
1925-LFCZZ,0.254,0,0
9734-YWGEX,0.2539,0,1
3550-SAHFP,0.2539,0,1
7979-CORPM,0.2539,0,1
0336-PIKEI,0.2538,0,0
6328-ZPBGN,0.2538,0,1
2946-KIQSP,0.2535,0,0
3298-QEICA,0.2535,0,0
0191-EQUUH,0.2535,0,0
7014-ZZXAW,0.2535,0,0
0602-DDUML,0.2534,0,0
5296-PSYVW,0.2533,0,0
0823-HSCDJ,0.2533,0,1
5857-XRECV,0.2532,0,0
9488-FVZCC,0.2531,0,0
7524-VRLPL,0.2531,0,0
3498-LZGQZ,0.2531,0,0
1518-VOWAV,0.2531,0,1
1716-LSAMB,0.253,0,0
2307-FYNNL,0.253,0,0
7501-IWUNG,0.2529,0,0
2215-ZAFGX,0.2529,0,0
3727-RJMEO,0.2528,0,1
7613-LLQFO,0.2527,0,1
8884-ADFVN,0.2526,0,1
9800-OUIGR,0.2523,0,0
3167-SNQPL,0.2522,0,0
4132-KALRO,0.2521,0,0
1272-ILHFG,0.2521,0,0
8050-DVOJX,0.252,0,0
0412-UCCNP,0.252,0,0
1073-XXCZD,0.2519,0,0
4115-NZRKS,0.2518,0,0
9150-HEPMB,0.2518,0,0
9330-IJWIO,0.2517,0,1
9209-NWPGU,0.2516,0,0
4458-KVRBJ,0.2516,0,0
7249-WBIYX,0.2514,0,1
2826-DXLQO,0.2514,0,0
4299-SIMNS,0.2513,0,0
2446-BEGGB,0.2513,0,1
1307-TVUFB,0.2512,0,0
2522-AHJXR,0.2512,0,0
7010-BRBUU,0.2512,0,0
8766-PAFNE,0.2512,0,0
9763-GRSKD,0.2512,0,0
2007-QVGAW,0.251,0,0
6807-SIWJI,0.2509,0,0
8421-WZOOW,0.2509,0,0
2144-BFDSO,0.2509,0,0
0822-QGCXA,0.2509,0,0
5382-SOYZL,0.2508,0,0
1986-PHGZF,0.2507,0,0
8338-QIUNR,0.2506,0,0
0337-CNPZE,0.2506,0,1
7746-AWNQW,0.2506,0,0
3569-VLDHH,0.2505,0,0
3489-VSFRD,0.2505,0,0
6925-BAYGL,0.2504,0,0
9388-ZEYVT,0.2504,0,0
9919-FZDED,0.2502,0,0
2294-DMMUS,0.2502,0,0
9626-WEQRM,0.2501,0,0
7067-KSAZT,0.2501,0,1
4654-GGUII,0.2501,0,0
0942-KOWSM,0.25,0,0
0324-BRPCJ,0.2499,0,1
8058-DMYRU,0.2497,0,0
7017-VFULY,0.2497,0,0
7203-OYKCT,0.2497,0,0
2908-ZTPNF,0.2497,0,0
5854-KSRBJ,0.2497,0,0
0697-ZMSWS,0.2495,0,1
4578-PHJYZ,0.2494,0,0
8608-OZTLB,0.2493,0,0
1302-TPUBN,0.2491,0,0
6265-SXWBU,0.2491,0,0
8544-JNBOX,0.249,0,0
0196-VULGZ,0.249,0,1
1508-DFXCU,0.249,0,0
1548-FEHVL,0.2489,0,0
6621-NRZAK,0.2488,0,0
4847-TAJYI,0.2488,0,0
9254-RBFON,0.2488,0,1
0222-CNVPT,0.2488,0,0
1862-QRWPE,0.2488,0,0
5298-GSTLM,0.2486,0,0
2982-VPSGI,0.2485,0,1
2987-BJXIK,0.2485,0,0
1309-XGFSN,0.2484,0,0
1492-KGETH,0.2484,0,0
1403-GYAFU,0.2483,0,0
7549-MYGPK,0.2481,0,1
2408-TZMJL,0.2481,0,1
1013-QCWAM,0.2481,0,0
6837-HAEVO,0.2479,0,0
5186-EJEGL,0.2479,0,0
7799-DSEWS,0.2479,0,0
5449-FIBXJ,0.2478,0,1
2926-JEJJC,0.2478,0,0
1579-KLYDT,0.2477,0,1
4378-MYPGO,0.2477,0,0
2696-ECXKC,0.2475,0,0
8050-WYBND,0.2474,0,0
6362-QHAFM,0.2474,0,0
8350-NYMVI,0.2473,0,0
4530-NDRKU,0.2473,0,0
7779-LGOVN,0.2472,0,1
1090-PYKCI,0.2472,0,0
9964-WBQDJ,0.2472,0,0
3938-YFPXD,0.2471,0,0
2250-IVBWA,0.247,0,0
9565-AXSMR,0.247,0,0
2057-ZBLPD,0.247,0,1
6128-AQBMT,0.247,0,0
7346-MEDWM,0.247,0,0
7821-DPRQE,0.2469,0,0
2625-TRCZQ,0.2467,0,0
7706-YLMQA,0.2466,0,0
1460-UZPRJ,0.2465,0,0
4159-NAAIX,0.2464,0,0
2967-MXRAV,0.2463,0,0
9993-LHIEB,0.2463,0,0
9318-NKNFC,0.2463,0,1
8992-CEUEN,0.2463,0,0
1564-NTYXF,0.2462,0,1
3951-NJCVI,0.246,0,0
8148-NLEGT,0.2459,0,0
5966-EMAZU,0.2459,0,0
9121-PHQSR,0.2459,0,0
8092-NLTGF,0.2458,0,0
2096-XOTMO,0.2458,0,0
1455-HFBXA,0.2456,0,0
5627-TVBPP,0.2456,0,0
7619-PLRLP,0.2456,0,0
7905-TVXTA,0.2456,0,0
1608-GMEWB,0.2455,0,0
2027-WKXMW,0.2455,0,0
7161-DFHUF,0.2455,0,0
1855-CFULU,0.2453,0,0
7602-DBTOU,0.2451,0,0
4625-EWPTF,0.2451,0,1
1060-ENTOF,0.245,0,0
2234-XADUH,0.245,0,0
9206-GVPEQ,0.245,0,1
8194-PEEBY,0.2448,0,0
3259-KNMRR,0.2448,0,0
1842-EZJMK,0.2448,0,1
0264-CNITK,0.2448,0,0
8922-NPKBJ,0.2448,0,0
0564-JJHGS,0.2446,0,1
6854-EXGSF,0.2445,0,0
9025-AOMKI,0.2445,0,1
5793-YOLJN,0.2444,0,0
6288-CHQJB,0.2443,0,0
4957-SREEC,0.2443,0,0
5448-VWNAM,0.2442,0,0
7515-LODFU,0.2442,0,0
8474-UMLNT,0.2441,0,0
2809-ZMYOQ,0.244,0,0
0565-JUPYD,0.244,0,0
4693-VWVBO,0.244,0,0
7159-NOKYQ,0.2439,0,0
5846-ABOBJ,0.2439,0,0
7703-ZEKEF,0.2439,0,1
1697-BCSHV,0.2439,0,0
4900-MSOMT,0.2438,0,0
4452-ROHMO,0.2438,0,0
6797-LNAQX,0.2436,0,1
7663-ZTEGJ,0.2435,0,0
9500-LTVBP,0.2435,0,0
8035-BUYVG,0.2435,0,1
8622-ZLFKO,0.2435,0,0
8819-IMISP,0.2434,0,0
5730-DBDSI,0.2434,0,0
1248-DYXUB,0.2433,0,0
6050-IJRHS,0.2433,0,0
6583-QGCSI,0.2433,0,1
9795-VOWON,0.2431,0,0
2077-DDHJK,0.2431,0,0
1171-TYKUR,0.243,0,0
0129-KPTWJ,0.2429,0,0
7398-LXGYX,0.2428,0,0
4291-TPNFG,0.2428,0,0
7508-KBIMB,0.2427,0,0
6559-RAKOZ,0.2427,0,0
5569-IDSEY,0.2426,0,0
8760-ZRHKE,0.2426,0,0
5985-TBABQ,0.2426,0,0
9488-FYQAU,0.2426,0,0
9640-ZSLDC,0.2425,0,0
7964-VEXDG,0.2425,0,0
2817-LVCPP,0.2425,0,0
8984-EYLLL,0.2425,0,0
4404-HIBDJ,0.2424,0,1
8098-TDCBU,0.2424,0,0
4163-NCJAK,0.2423,0,0
6617-WLBQC,0.2423,0,0
3279-DYZQM,0.2421,0,0
3200-MNQTF,0.2421,0,0
4193-IBKSW,0.2421,0,0
7037-MTYVW,0.2421,0,0
3955-JBZZM,0.242,0,0
4188-FRABG,0.242,0,0
5934-RMPOV,0.242,0,0
6175-IRFIT,0.242,0,0
6490-FGZAT,0.2419,0,0
6837-BJYDQ,0.2417,0,0
4091-TVOCN,0.2417,0,0
2172-EJXVF,0.2416,0,0
8434-VGEQQ,0.2415,0,0
3422-WJOYD,0.2413,0,0
9305-CDSKC,0.2413,0,1
6064-PUPMC,0.2412,0,0
1591-XWLGB,0.2411,0,0
7695-PKLCZ,0.2411,0,0
2746-DIJLO,0.2411,0,0
1927-QEWMY,0.241,0,0
5172-MIGPM,0.241,0,0
0784-GTUUK,0.2409,0,0
5609-CEBID,0.2409,0,1
5025-GOOKI,0.2409,0,0
8245-UMPYT,0.2409,0,1
9086-YJYXS,0.2409,0,0
6922-NCEDI,0.2408,0,0
6261-RCVNS,0.2407,0,1
0178-SZBHO,0.2406,0,0
9975-SKRNR,0.2405,0,0
8590-YFFQO,0.2405,0,0
7562-GSUHK,0.2404,0,1
4827-DPADN,0.2404,0,0
2877-VDUER,0.2403,0,0
1432-FPAXX,0.2402,0,1
6633-SYEUS,0.2402,0,0
5002-GCQFH,0.2401,0,0
1410-RSCMR,0.24,0,0
3795-GWTRD,0.2398,0,0
5930-GBIWP,0.2397,0,0
4795-KTRTH,0.2396,0,1
0508-SQWPL,0.2396,0,0
1371-WEPDS,0.2395,0,0
2450-ZKEED,0.2395,0,0
9874-QLCLH,0.2395,0,1
5699-BNCAS,0.2395,0,0
0868-VJRDR,0.2395,0,0
2012-NWRPA,0.2394,0,1
5443-SCMKX,0.2393,0,0
1423-BMPBQ,0.2392,0,0
0480-BIXDE,0.2392,0,0
3050-RLLXC,0.2392,0,0
5919-VCZYM,0.2389,0,0
4012-YCFAI,0.2388,0,0
7994-UYIVZ,0.2388,0,0
9507-HSMMZ,0.2388,0,0
7351-KYHQH,0.2387,0,0
5016-LIPDW,0.2387,0,0
1022-RKXDR,0.2384,0,0
3705-RHRFR,0.2383,0,0
2165-VOEGB,0.2382,0,1
0103-CSITQ,0.2382,0,0
7587-AOVVU,0.2382,0,0
1750-CSKKM,0.2381,0,1
6122-EFVKN,0.2381,0,0
0969-RGKCU,0.238,0,0
4998-IKFSE,0.238,0,0
3486-KHMLI,0.2379,0,0
4199-QHJNM,0.2379,0,0
3506-OVLKD,0.2379,0,0
6674-KVJHG,0.2379,0,0
4826-TZEVA,0.2377,0,0
1599-MMYRQ,0.2377,0,0
6234-RAAPL,0.2377,0,0
9885-MFVSU,0.2375,0,0
2027-OAQQC,0.2374,0,1
7129-AZJDE,0.2374,0,0
6198-PNNSZ,0.2374,0,0
5181-OABFK,0.2372,0,0
9938-TKDGL,0.2372,0,0
7622-NXQZR,0.2372,0,0
5018-HEKFO,0.2371,0,0
0899-WZRSD,0.237,0,0
9093-FPDLG,0.2368,0,0
1764-VUUMT,0.2368,0,0
7729-XBTWX,0.2367,0,0
2242-MFOTG,0.2366,0,0
2898-LSJGD,0.2366,0,1
4194-WHFCB,0.2365,0,0
4667-QONEA,0.2364,0,0
4818-DRBQT,0.2364,0,1
3727-OVPRY,0.2363,0,0
4716-HHKQH,0.2362,0,0
8097-OMULG,0.2362,0,0
0487-RPVUM,0.2362,0,0
1110-KYLGQ,0.2361,0,0
3088-LHEFH,0.2361,0,0
8200-KLNYW,0.236,0,0
6152-ONASV,0.2358,0,0
6300-BWMJX,0.2357,0,0
3696-XRIEN,0.2356,0,0
8857-CUPFQ,0.2355,0,0
6874-SGLHU,0.2353,0,0
6734-CKRSM,0.2353,0,0
3473-XIIIT,0.2352,0,1
5846-NEQVZ,0.2351,0,0
0871-URUWO,0.2351,0,1
7694-VLBWQ,0.2351,0,1
8125-QPFJD,0.235,0,0
2030-BTZRO,0.235,0,0
9965-YOKZB,0.2348,0,1
4293-ETKAP,0.2347,0,0
9659-ZTWSM,0.2347,0,0
9225-BZLNZ,0.2345,0,0
6696-YDAYZ,0.2345,0,0
5469-CTCWN,0.2345,0,1
6968-URWQU,0.2344,0,0
3629-ZNKXA,0.2342,0,0
4129-LYCOI,0.2342,0,0
3162-KKZXO,0.2341,0,0
6244-BESBM,0.2341,0,0
2612-RRIDN,0.2341,0,1
3694-DELSO,0.234,0,0
8626-XHBIE,0.234,0,0
9572-MTILT,0.234,0,1
3580-GICBM,0.234,0,0
6259-WJQLC,0.234,0,0
5144-TVGLP,0.234,0,0
2890-WFBHU,0.2339,0,0
0011-IGKFF,0.2338,0,1
5666-CYCYZ,0.2338,0,0
0851-DFJKB,0.2337,0,0
2860-RANUS,0.2337,0,1
3454-JFUBC,0.2337,0,0
3307-TLCUD,0.2335,0,0
9803-FTJCG,0.2335,0,0
0640-YJTPY,0.2335,0,0
3597-YASZG,0.2335,0,0
4724-WXVWF,0.2334,0,0
3424-NMNBO,0.2333,0,1
5233-GEEAX,0.2333,0,1
6574-MCOEH,0.2332,0,0
6576-FBXOJ,0.2332,0,0
9339-FIIJL,0.2331,0,0
6331-EWIEB,0.2331,0,1
5628-RKIFK,0.233,0,0
6400-BWQKW,0.2329,0,1
3327-YBAKM,0.2328,0,0
5468-BPMMO,0.2328,0,0
3209-ZPKFI,0.2328,0,0
0804-YGEQV,0.2328,0,0
3689-MOZGR,0.2326,0,0
9115-YQHGA,0.2326,0,0
6857-TKDJV,0.2326,0,0
5977-CKHON,0.2326,0,0
9278-VZKCD,0.2326,0,0
6196-HBOBZ,0.2325,0,0
5696-CEIQJ,0.2325,0,0
1492-QGCLU,0.2325,0,0
3740-RLMVT,0.2325,0,0
9185-TQCVP,0.2324,0,1
8063-GBATB,0.2323,0,1
5174-ITUMV,0.2323,0,0
2911-UREFD,0.2321,0,1
4832-VRBMR,0.2321,0,0
1015-OWJKI,0.2321,0,0
2851-STERV,0.232,0,0
2560-PPCHE,0.232,0,0
1133-KXCGE,0.232,0,0
3544-FBCAS,0.232,0,0
4822-RVYBB,0.232,0,1
9103-TCIHJ,0.2319,0,1
9754-CLVZW,0.2319,0,0
2234-EOFPT,0.2319,0,0
7995-ZHHNZ,0.2318,0,0
0112-QWPNC,0.2318,0,1
9919-YLNNG,0.2318,0,0
1184-PJVDB,0.2318,0,1
2259-OUUSZ,0.2317,0,0
0581-BXBUB,0.2317,0,0
7978-DKUQH,0.2317,0,0
1376-HHBDV,0.2317,0,0
2812-REYAT,0.2316,0,0
8405-IGQFX,0.2315,0,0
8645-KWHJO,0.2314,0,0
9436-ZBZCT,0.2313,0,1
5959-BELXA,0.2313,0,1
1550-LOAHA,0.2311,0,1
8990-YOZLV,0.2309,0,0
6827-IEAUQ,0.2309,0,0
7427-AUFPY,0.2308,0,0
8755-OGKNA,0.2308,0,0
8450-UYIBU,0.2307,0,0
5371-VYLSX,0.2307,0,0
5136-GFPMB,0.2306,0,0
6872-HXFNF,0.2306,0,0
6227-FBDXH,0.2305,0,0
5447-WZAFP,0.2304,0,0
6848-HJTXY,0.2303,0,0
9378-FXTIZ,0.2303,0,1
6176-YJWAS,0.2302,0,0
0128-MKWSG,0.2302,0,0
4523-WXCEF,0.2301,0,1
7813-ZGGAW,0.23,0,0
7481-ATQQS,0.23,0,1
2410-CIYFZ,0.2299,0,0
3646-ITDGM,0.2299,0,0
9495-REDIY,0.2299,0,0
5196-WPYOW,0.2298,0,0
9492-TOKRI,0.2297,0,1
6688-UZPWD,0.2296,0,1
2391-SOORI,0.2295,0,1
4191-XOVOM,0.2294,0,0
8930-XOTDP,0.2294,0,0
3585-ISXZP,0.2294,0,1
5199-FPUSP,0.2294,0,0
3269-ATYWD,0.2294,0,1
9092-GDZKO,0.2294,0,0
6797-UCJHZ,0.2293,0,0
1697-LYYYX,0.2292,0,0
0420-TXVSG,0.2291,0,0
3692-JHONH,0.229,0,0
9057-MSWCO,0.2289,0,1
6331-LWDTQ,0.2289,0,1
4419-UJMUS,0.2289,0,0
6292-TOSSS,0.2289,0,0
8414-OOEEL,0.2286,0,0
4767-HZZHQ,0.2286,0,0
2758-RNWXS,0.2284,0,0
2359-KMGLI,0.2283,0,1
1698-XFZCI,0.2283,0,0
2072-ZVJJX,0.228,0,0
9975-GPKZU,0.2279,0,0
1293-BSEUN,0.2279,0,0
2969-WGHQO,0.2278,0,0
3016-KSVCP,0.2278,0,0
2040-VZIKE,0.2278,0,0
2187-LZGPL,0.2277,0,1
6892-XPFPU,0.2276,0,1
4521-WFJAI,0.2276,0,0
0379-DJQHR,0.2275,0,0
8345-MVDYC,0.2275,0,0
6092-QZVPP,0.2274,0,0
5678-VFNEQ,0.2274,0,0
4853-OITSN,0.2273,0,0
7088-FBAWU,0.2273,0,0
2434-EEVDB,0.2273,0,0
2320-SLKMB,0.2272,0,0
3365-SAIGS,0.2272,0,0
6845-RGTYS,0.2272,0,1
3642-BYHDO,0.227,0,0
5387-ASZNZ,0.227,0,0
2153-MREFK,0.227,0,1
7950-XWOVN,0.2269,0,0
5649-TJHOV,0.2269,0,1
1442-BQPVU,0.2268,0,0
2129-ALKBS,0.2266,0,0
0306-JAELE,0.2266,0,1
8782-NUUOL,0.2265,0,0
6469-QJKZW,0.2265,0,0
3170-GWYKC,0.2262,0,0
4237-CLSMM,0.2262,0,0
1535-VTJOQ,0.2262,0,0
5481-NTDOH,0.2262,0,0
9560-BBZXK,0.2261,0,0
6625-IUTTT,0.2261,0,0
3902-MIVLE,0.226,0,0
9281-CEDRU,0.226,0,0
4707-YNOQA,0.2259,0,0
9432-RUVSL,0.2259,0,0
6035-RIIOM,0.2258,0,0
9170-GYZJC,0.2258,0,1
5087-SUURX,0.2257,0,1
2533-TIBIX,0.2257,0,0
3162-ZJZFU,0.2257,0,0
9441-QHEVC,0.2256,0,0
6569-KTMDU,0.2256,0,0
6121-VZNQB,0.2256,0,1
0058-EVZWM,0.2256,0,0
0365-BZUWY,0.2256,0,0
0531-XBKMM,0.2256,0,0
4779-ZGICK,0.2256,0,0
8070-AAWZP,0.2255,0,0
8676-OOQEJ,0.2254,0,0
4910-AQFFX,0.2253,0,1
3391-JSQEW,0.2253,0,0
9359-JANWS,0.2252,0,0
1265-ZFOSD,0.2251,0,0
9953-ZMKSM,0.225,0,0
1335-HQMKX,0.2249,0,0
8681-ICONS,0.2248,0,0
9381-NDKME,0.2248,0,1
1200-TUZHR,0.2247,0,0
2519-ERQOJ,0.2246,0,0
4445-ZJNMU,0.2246,0,0
2959-EEXWB,0.2246,0,0
5996-EBTKM,0.2245,0,0
5380-WJKOV,0.2245,0,1
1907-YLNYW,0.2245,0,0
9253-QXKBE,0.2243,0,1
4612-SSVHJ,0.2243,0,0
0723-FDLAY,0.2242,0,0
8034-RYTVV,0.2242,0,0
2017-CCBLH,0.2242,0,0
5619-PTMIK,0.2242,0,0
7163-OCEQI,0.2242,0,0
5325-UWTWJ,0.2241,0,0
4377-VDHYI,0.2241,0,0
3927-NLNRY,0.2239,0,1
0019-EFAEP,0.2239,0,0
7764-BDPEE,0.2238,0,0
2263-SFSQZ,0.2238,0,0
3148-AOIQT,0.2238,0,0
5482-VXSXJ,0.2237,0,0
1833-TCXKK,0.2237,0,0
9795-NREXC,0.2237,0,0
1502-XFCVR,0.2237,0,1
8050-XGRVL,0.2235,0,0
8734-DKSTZ,0.2234,0,0
0577-WHMEV,0.2234,0,0
7402-PWYJJ,0.2234,0,0
7753-USQYQ,0.2234,0,0
2481-SBOYW,0.2234,0,0
0030-FNXPP,0.2233,0,0
6693-FRIRW,0.2233,0,0
1744-JHKYS,0.2232,0,0
2082-OJVTK,0.2231,0,1
2097-YVPKN,0.2231,0,0
9795-SHUHB,0.223,0,0
1260-TTRXI,0.223,0,1
8336-TAVKX,0.223,0,0
3173-WSSUE,0.2229,0,0
6210-KBBPI,0.2229,0,1
8967-SZQAS,0.2229,0,0
7302-ZHMHP,0.2228,0,0
5599-HVLTW,0.2228,0,0
7055-VKGDA,0.2227,0,1
7516-GMHUV,0.2227,0,0
8328-SKJNO,0.2227,0,0
9281-PKKZE,0.2225,0,0
0661-KQHNK,0.2225,0,0
4644-OBGFZ,0.2224,0,0
6851-WEFYX,0.2223,0,0
2984-MIIZL,0.2223,0,1
6974-DAFLI,0.2221,0,0
1213-NGCUN,0.2221,0,1
4355-CVPVS,0.222,0,0
3780-DDGSE,0.222,0,0
8947-YRTDV,0.2219,0,0
7797-EJMDP,0.2219,0,0
9385-NXKDA,0.2219,0,0
6743-HHQPF,0.2219,0,0
6217-KDYWC,0.2219,0,0
9170-CCKOU,0.2218,0,1
8042-RNLKO,0.2218,0,0
3229-USWAR,0.2218,0,0
1710-RCXUS,0.2218,0,0
5498-TXHLF,0.2217,0,1
5696-EXCYS,0.2217,0,0
8469-SNFFH,0.2216,0,0
9029-FEGVJ,0.2216,0,0
4818-QIUFN,0.2216,0,1
2896-TBNBE,0.2215,0,0
9585-KKMFD,0.2215,0,0
7629-WFGLW,0.2214,0,0
8650-RHRKE,0.2213,0,1
8651-ENBZX,0.2212,0,1
0707-HOVVN,0.2212,0,0
8640-SDGKB,0.2211,0,1
3007-FDPEA,0.2211,0,0
4791-QRGMF,0.2209,0,1
0885-HMGPY,0.2207,0,0
9972-VAFJJ,0.2206,0,0
6847-KJLTS,0.2206,0,0
8464-EETCQ,0.2205,0,0
8999-BOHSE,0.2204,0,1
9715-WZCLW,0.2204,0,0
5370-IIVVL,0.2203,0,0
1796-JANOW,0.2203,0,0
5684-FJVYR,0.2203,0,0
7691-KGKGP,0.2202,0,0
1918-ZBFQJ,0.2202,0,1
4877-TSOFF,0.2201,0,0
1254-IZEYF,0.2201,0,1
4002-BQWPQ,0.2201,0,0
8597-CTXVJ,0.22,0,0
7338-ERIVA,0.22,0,0
6986-IJDHX,0.2199,0,1
4919-IKATY,0.2199,0,1
7363-QTBIW,0.2199,0,0
5032-USPKF,0.2199,0,0
9397-TZSHA,0.2198,0,0
4310-KEDTB,0.2197,0,0
3254-YRILK,0.2195,0,1
9774-NRNAU,0.2195,0,0
1112-CUNAO,0.2194,0,1
3196-NVXLZ,0.2194,0,0
6892-BOGQE,0.2194,0,0
5676-CFLYY,0.2192,0,0
5748-RNCJT,0.2192,0,1
7139-JZFVG,0.219,0,0
1324-NLTJE,0.219,0,1
8443-WVPSS,0.219,0,1
0537-QYZZN,0.2189,0,0
8879-ZKJOF,0.2188,0,0
0909-SELIE,0.2188,0,0
5176-OLSKT,0.2187,0,0
9167-APMXZ,0.2187,0,0
4298-OYIFC,0.2187,0,0
2545-LXYVJ,0.2187,0,0
6784-XYJAE,0.2185,0,0
0780-XNZFN,0.2185,0,0
1337-BOZWO,0.2184,0,0
8400-WZICQ,0.2184,0,0
4632-XJMEX,0.2184,0,0
5206-XZZQI,0.2184,0,0
8782-LKFPK,0.2184,0,0
8800-JOOCF,0.2183,0,0
9992-RRAMN,0.2183,0,1
7670-ZBPOQ,0.2182,0,0
5970-GHJAW,0.2182,0,0
5346-BZCHP,0.2181,0,0
6112-KTHFQ,0.2181,0,0
4782-OSFXZ,0.2181,0,0
4024-CSNBY,0.2181,0,0
4139-SUGLD,0.218,0,1
6326-MTTXK,0.218,0,1
6804-GDMOI,0.2178,0,1
4626-GYCZP,0.2178,0,1
0867-MKZVY,0.2178,0,1
0277-BKSQP,0.2178,0,0
9470-YFUYI,0.2177,0,0
0928-JMXNP,0.2177,0,0
1087-UDSIH,0.2177,0,1
1784-EZDKJ,0.2176,0,0
0100-DUVFC,0.2175,0,0
5546-BYZSM,0.2174,0,0
0742-MOABM,0.2174,0,1
0963-ZBDRN,0.2173,0,1
9253-VIFJQ,0.2173,0,0
8205-VSLRB,0.2172,0,0
8182-BJDSI,0.2171,0,1
5614-DNZCE,0.217,0,0
7176-WIONM,0.217,0,0
9040-KZVWO,0.2169,0,0
9231-ZJYAM,0.2167,0,1
8868-GAGIO,0.2167,0,0
1343-EHPYB,0.2164,0,1
2321-OMBXY,0.2161,0,1
3410-YOQBQ,0.2161,0,0
0678-RLHVP,0.216,0,0
7838-LAZFO,0.2159,0,0
4010-YLMVT,0.2159,0,0
3387-VATUS,0.2158,0,1
9639-BUJXT,0.2155,0,0
1658-BYGOY,0.2155,0,1
6394-MFYNG,0.2153,0,1
3413-CSSTH,0.2152,0,0
1785-BPHTP,0.2151,0,0
3635-JBPSG,0.2151,0,0
3635-QQRQD,0.2151,0,0
8807-ARQET,0.215,0,0
0496-AHOOK,0.215,0,0
2533-QVMSK,0.2149,0,1
6907-CQGPN,0.2149,0,0
6108-OQZDQ,0.2149,0,1
8645-KOMJQ,0.2148,0,0
3308-MHOOC,0.2148,0,0
2330-PQGDQ,0.2148,0,0
5590-ZSKRV,0.2148,0,0
3373-YZZYM,0.2148,0,0
1663-MHLHE,0.2148,0,0
1098-TDVUQ,0.2148,0,0
5510-BOIUJ,0.2148,0,1
9374-YOLBJ,0.2148,0,0
4232-JGKIY,0.2148,0,0
5628-FCGYG,0.2148,0,0
5897-ZYEKH,0.2148,0,0
5301-GAUUY,0.2147,0,1
0733-VUNUW,0.2145,0,1
7156-MXBJE,0.2145,0,0
6484-LATFU,0.2141,0,0
6257-DTAYD,0.2141,0,0
0634-SZPQA,0.2137,0,1
2325-ZUSFD,0.2137,0,1
1265-HVPZB,0.2137,0,0
8570-KLJYJ,0.2136,0,0
4903-CNOZC,0.2136,0,0
1177-XZBJL,0.2135,0,0
3338-CVVEH,0.2135,0,0
9102-IAYHT,0.2135,0,1
0657-DOGUM,0.2135,0,0
1379-FRVEB,0.2135,0,0
1010-DIAUQ,0.2135,0,1
3957-SQXML,0.2133,0,0
6726-WEXXK,0.2133,0,0
1271-SJBGZ,0.2132,0,1
1465-WCZVT,0.2132,0,0
8661-BOYNW,0.2132,0,0
5197-LQXXH,0.2131,0,0
8807-OPMBM,0.2129,0,0
9360-OMDZZ,0.2128,0,0
4915-BFSXL,0.2128,0,0
2400-FEQME,0.2127,0,0
2626-VEEWG,0.2127,0,0
9548-ZMVTX,0.2127,0,0
3588-WSTTJ,0.2127,0,0
0305-SQECB,0.2125,0,0
4475-NVTLU,0.2124,0,0
3211-AAPKX,0.2123,0,0
9512-UIBFX,0.2123,0,1
4667-OHGKG,0.2123,0,1
7926-IJOOU,0.2123,0,0
8221-HVAYI,0.2123,0,0
9586-JGQKH,0.2123,0,0
3996-ZNWYK,0.2123,0,0
1636-NTNCO,0.2123,0,0
8792-AOROI,0.2123,0,0
0761-AETCS,0.2123,0,1
4947-DSMXK,0.2123,0,0
1724-IQWNM,0.2123,0,0
0356-OBMAC,0.2123,0,0
1937-OTUKY,0.2122,0,0
6726-NNFWD,0.2122,0,0
7544-ZVIKX,0.2122,0,0
1449-XQEMT,0.2121,0,1
4488-KQFDT,0.2121,0,0
3904-UKFRE,0.2121,0,0
8118-LSUEL,0.2121,0,1
5003-XZWWO,0.212,0,0
7503-EPSZW,0.212,0,0
3144-KMTWZ,0.212,0,0
0931-MHTEM,0.2119,0,0
0909-SDHNU,0.2119,0,0
2528-HFYZX,0.2118,0,1
5073-RZGBK,0.2118,0,0
0458-HEUZG,0.2117,0,0
7271-AJDTL,0.2117,0,0
4332-MUOEZ,0.2116,0,0
1137-DGOWI,0.2115,0,0
4176-RELJR,0.2114,0,0
9447-YPTBX,0.2113,0,0
8168-UQWWF,0.2111,0,1
6741-QRLUP,0.211,0,0
2971-SGAFL,0.211,0,0
7240-FQLHE,0.211,0,1
0962-CQPWQ,0.2109,0,0
9786-YWNHU,0.2109,0,0
2725-IWWBA,0.2109,0,0
2607-DHDAK,0.2108,0,0
7779-ORAEL,0.2107,0,0
6134-KWTBV,0.2107,0,0
7765-LWVVH,0.2106,0,0
5382-TEMLV,0.2105,0,0
7996-MHXLW,0.2105,0,0
0983-TATYJ,0.2105,0,0
0464-WJTKO,0.2104,0,0
7641-EUYET,0.2104,0,1
4706-AXVKM,0.2102,0,1
7520-HQWJU,0.2102,0,0
0404-AHASP,0.2101,0,0
8232-UTFOZ,0.2101,0,0
0036-IHMOT,0.21,0,0
2519-LBNQL,0.2099,0,0
2995-UPRYS,0.2099,0,1
4418-LZMSV,0.2099,0,0
8705-DWKTI,0.2098,0,0
7318-EIVKO,0.2098,0,0
9513-DXHDA,0.2098,0,0
5756-OZRIO,0.2098,0,0
2718-YSKCS,0.2097,0,0
7471-MQPOS,0.2096,0,0
5729-KLZAR,0.2095,0,1
5766-ZJYBB,0.2095,0,1
9629-NHXFW,0.2095,0,0
3748-FVMZZ,0.2095,0,0
2220-IAHLS,0.2095,0,0
2573-GYRUU,0.2095,0,0
7298-IZWLY,0.2095,0,0
6516-NKQBO,0.2095,0,0
9601-BRXPO,0.2094,0,1
6899-PPEEA,0.2094,0,1
6950-TWMYB,0.2094,0,0
2642-DTVCO,0.2093,0,1
1309-BXVOQ,0.2093,0,1
6479-SZPLM,0.2093,0,0
6050-FFXES,0.2092,0,0
6614-YWYSC,0.2091,0,0
2582-FFFZR,0.2091,0,0
3565-UNOCC,0.2091,0,1
5993-JSUWV,0.209,0,0
3834-XUIFC,0.209,0,1
6341-JVQGF,0.2088,0,0
4078-SAYYN,0.2088,0,1
7033-CLAMM,0.2088,0,0
5702-KVQRD,0.2088,0,0
0052-YNYOT,0.2088,0,0
2141-RRYGO,0.2087,0,1
2429-AYKKO,0.2087,0,0
8242-SOQUO,0.2086,0,0
8988-ECPJR,0.2086,0,1
7463-IFMQU,0.2085,0,0
2581-VKIRT,0.2085,0,0
2126-GSEGL,0.2085,0,0
6370-ZVHDV,0.2084,0,0
7850-VWJUU,0.2084,0,0
7395-IGJOS,0.2084,0,1
9667-EQRXU,0.2084,0,1
0383-CLDDA,0.2083,0,0
0562-FGDCR,0.2083,0,0
6681-ZSEXG,0.2082,0,0
6339-DKLMK,0.2081,0,0
6439-PKTRR,0.208,0,0
1032-MAELW,0.208,0,0
5474-LAMUQ,0.208,0,0
9705-IOVQQ,0.2079,0,0
6339-RZCBJ,0.2079,0,0
2834-SPCJV,0.2079,0,1
3466-BYAVD,0.2078,0,0
8722-PRFDV,0.2078,0,0
8250-ZNGGW,0.2078,0,0
0621-CXBKL,0.2078,0,0
4987-GQWPO,0.2078,0,0
1136-XGEQU,0.2077,0,0
4472-VESGY,0.2077,0,0
1241-EZFMJ,0.2077,0,0
0623-IIHUG,0.2077,0,1
8212-CRQXP,0.2077,0,0
6242-SGYTS,0.2077,0,0
0396-YCHWO,0.2076,0,0
8123-QBNAZ,0.2076,0,0
2661-GKBTK,0.2074,0,0
6016-NXBNJ,0.2074,0,0
1439-LCGVL,0.2074,0,0
9824-QCJPK,0.2074,0,0
2040-OBMLJ,0.2073,0,0
7831-QGOXH,0.2073,0,1
6713-OKOMC,0.2071,0,0
2770-NSVDG,0.2071,0,0
5626-MGTUK,0.207,0,0
5641-DMBFJ,0.207,0,0
9323-HGFWY,0.2069,0,0
0506-LVNGN,0.2068,0,1
9347-AERRL,0.2067,0,0
4510-PYUSH,0.2067,0,1
4751-ERMAN,0.2066,0,0
8390-FESFV,0.2065,0,0
3967-VQOGC,0.2065,0,0
9194-GFVOI,0.2064,0,0
7394-FKDNK,0.2064,0,1
7103-IPXPJ,0.2064,0,0
1228-FZFRV,0.2064,0,1
4583-PARNH,0.2063,0,0
5893-PYOLZ,0.2062,0,0
0256-LTHVJ,0.2061,0,1
4853-RULSV,0.2061,0,1
0268-QKIWO,0.206,0,1
0704-VCUMB,0.2059,0,0
6933-FHBZC,0.2059,0,0
4660-IRIBM,0.2058,0,0
9479-HYNYL,0.2058,0,0
0621-JFHOL,0.2057,0,0
3249-ZPQRG,0.2057,0,1
8234-GSZYK,0.2057,0,0
3247-ZVOUO,0.2056,0,1
7175-NTIXE,0.2055,0,0
5148-ORICT,0.2053,0,0
5939-SXWHM,0.2052,0,0
5624-BQSSA,0.2052,0,1
6728-WYQBC,0.2052,0,0
2111-DWYHN,0.2051,0,0
3143-JQEGI,0.2051,0,1
0436-TWFFZ,0.205,0,0
8788-DOXSU,0.2049,0,0
1360-RCYRT,0.2049,0,0
8347-GDTMP,0.2048,0,0
5357-TZHPP,0.2048,0,1
6510-UPNKS,0.2048,0,0
8949-JTMAY,0.2048,0,1
1052-QJIBV,0.2047,0,0
5876-QMYLD,0.2047,0,0
7421-ZLUPA,0.2047,0,0
8659-IOOPU,0.2047,0,0
6388-TABGU,0.2047,0,0
6661-HBGWL,0.2047,0,1
4654-ULTTN,0.2047,0,0
1991-VOPLL,0.2046,0,0
0831-JNISG,0.2046,0,0
2806-MLNTI,0.2046,0,0
7860-UXCRM,0.2046,0,0
7197-VOJMM,0.2046,0,0
5327-XOKKY,0.2045,0,0
6770-XUAGN,0.2044,0,1
2691-NZETQ,0.2044,0,1
8267-KFGYD,0.2044,0,0
0946-CLJTI,0.2044,0,1
5569-KGJHX,0.2043,0,1
6769-DCQLI,0.2043,0,1
3932-IJWDZ,0.204,0,0
3648-GZPHF,0.2038,0,0
8397-MVTAZ,0.2038,0,1
4163-HFTUK,0.2037,0,0
8191-XWSZG,0.2037,0,0
2640-LYMOV,0.2037,0,0
0667-NSRGI,0.2035,0,0
1169-SAOCL,0.2034,0,0
8144-DGHXP,0.2034,0,0
2650-GYRYL,0.2032,0,0
5906-DVAPM,0.2032,0,0
2277-DJJDL,0.2032,0,0
8739-XNIKG,0.2032,0,0
7762-URZQH,0.203,0,1
1091-SOZGA,0.203,0,0
8961-QDZZJ,0.2027,0,0
3874-EQOEP,0.2025,0,1
2778-OCLGR,0.2024,0,1
0953-LGOVU,0.2023,0,0
1468-DEFNC,0.2023,0,0
8069-YQQAJ,0.2023,0,0
3096-JRDSO,0.2023,0,1
8946-BFWSG,0.2021,0,0
3547-LQRIK,0.2019,0,0
6103-QCKFX,0.2018,0,0
9169-BSVIN,0.2017,0,0
0897-FEGMU,0.2016,0,1
2530-FMFXO,0.2016,0,0
3948-FVVRP,0.2016,0,0
1104-TNLZA,0.2016,0,0
7268-WNTCP,0.2016,0,0
0628-CNQRM,0.2015,0,1
6736-DHUQI,0.2015,0,0
7558-IMLMT,0.2014,0,0
6870-ZWMNX,0.2012,0,0
3678-MNGZX,0.2011,0,0
3841-NFECX,0.2011,0,0
9369-XFEHK,0.201,0,1
9625-RZFUK,0.201,0,0
0505-SPOOW,0.2009,0,0
0988-AADSA,0.2008,0,0
7752-XUSCI,0.2008,0,1
4881-JVQOD,0.2008,0,0
5736-YEJAX,0.2007,0,0
7601-DHFWZ,0.2007,0,0
6377-WHAOX,0.2006,0,0
9208-OLGAQ,0.2006,0,0
7869-ZYDST,0.2006,0,0
3926-YZVVX,0.2005,0,0
5915-ANOEI,0.2005,0,0
5848-FHRFC,0.2005,0,0
4003-FUSHP,0.2005,0,0
5647-FXOTP,0.2005,0,0
4283-IVYCI,0.2004,0,0
8780-IHCRN,0.2004,0,0
4800-CZMPC,0.2003,0,1
5281-BUZGT,0.2003,0,1
5950-AAAGJ,0.2002,0,0
9297-FVVDH,0.2002,0,0
1142-IHLOO,0.2002,0,0
7901-TBKJX,0.2001,0,0
1261-FWTTE,0.2001,0,0
4277-PVRAN,0.1999,0,1
2252-ISRNH,0.1999,0,0
7521-YXVZY,0.1998,0,0
2568-OIADY,0.1997,0,1
8634-CILSZ,0.1996,0,1
0440-EKDCF,0.1996,0,0
9926-PJHDQ,0.1995,0,0
2782-LFZVW,0.1994,0,0
6968-GMKPR,0.1993,0,0
9451-WLYRI,0.1992,0,0
5995-LFTLE,0.1992,0,0
2851-MMUTZ,0.1992,0,0
7730-CLDSV,0.1991,0,0
7434-SHXLS,0.1991,0,1
6982-UQZLY,0.1991,0,1
7243-LCGGZ,0.1991,0,0
0426-TIRNE,0.1991,0,1
3500-NSDOA,0.199,0,0
5504-WSIUR,0.1989,0,0
8996-ZROXE,0.1988,0,0
5446-DKWYW,0.1988,0,0
6467-CHFZW,0.1988,0,1
9489-DEDVP,0.1988,0,0
3161-ONRWK,0.1988,0,0
6682-QJDGB,0.1988,0,1
1268-ASBGA,0.1988,0,1
9845-QOMAD,0.1987,0,0
6127-ISGTU,0.1987,0,1
1482-OXZSY,0.1986,0,0
7266-GSSJX,0.1985,0,0
2612-RANWT,0.1984,0,1
7998-WNZEM,0.1984,0,0
6502-KUGLL,0.1982,0,0
7517-SAWMO,0.1982,0,1
0422-UXFAP,0.1982,0,0
1247-QBVSH,0.1981,0,0
4289-DTDKW,0.1979,0,1
7599-FKVXZ,0.1979,0,1
0967-BMLBD,0.1978,0,0
8212-DJRCH,0.1977,0,0
5143-EGQFK,0.1976,0,1
2233-FAGXV,0.1975,0,0
0178-CIIKR,0.1975,0,0
3658-QQJYD,0.1975,0,0
5035-PGZXH,0.1975,0,0
8361-LBRDI,0.1974,0,0
2252-NKNSI,0.1974,0,0
4143-OOBWZ,0.1973,0,1
1699-UOTXU,0.1973,0,0
9025-ZRPVR,0.1971,0,1
1834-WULEG,0.1971,0,0
4950-BDEUX,0.1971,0,0
2984-RGEYA,0.197,0,0
5442-BXVND,0.197,0,0
7940-UQQUG,0.1969,0,0
7901-IIDQV,0.1968,0,0
7162-WPHPM,0.1968,0,0
2001-EWBQU,0.1968,0,0
7560-QJAVJ,0.1967,0,0
7228-OMTPN,0.1966,0,1
7375-WMVMT,0.1966,0,0
7898-PDWQE,0.1966,0,0
0203-HHYIJ,0.1965,0,1
3936-QQFLL,0.1964,0,0
8750-QWZAJ,0.1964,0,0
7181-OQCUT,0.1962,0,0
9921-ZVRHG,0.1962,0,1
7486-KSRVI,0.1962,0,1
2393-DIVAI,0.1961,0,0
1273-MTETI,0.196,0,1
3021-VLNRJ,0.196,0,0
3133-PZNSR,0.1959,0,0
7905-NJMXS,0.1957,0,0
9565-FLVCG,0.1956,0,0
4598-XLKNJ,0.1954,0,1
2364-UFROM,0.1954,0,0
3230-JCNZS,0.1951,0,0
0378-XSZPU,0.1951,0,1
6769-DYBQN,0.195,0,1
0732-OCQOC,0.1949,0,0
0282-NVSJS,0.1949,0,0
2951-QOQTK,0.1949,0,1
3572-UUHRS,0.1947,0,0
0781-LKXBR,0.1947,0,1
3638-WEABW,0.1947,0,0
1399-UBQIU,0.1946,0,0
9940-HPQPG,0.1945,0,1
6815-ABQFQ,0.1945,0,0
6818-DJXAA,0.1945,0,0
9337-SRRNI,0.1945,0,0
8992-OBVDG,0.1943,0,0
7614-QVWQL,0.1943,0,1
3863-IUBJR,0.1941,0,1
8016-ZMGMO,0.1941,0,0
7758-XKCBS,0.194,0,1
8012-SOUDQ,0.1939,0,0
3638-VBZTA,0.1939,0,0
4718-DHSMV,0.1938,0,0
7426-GSWPO,0.1938,0,0
4957-TIALW,0.1938,0,0
0596-BQCEQ,0.1937,0,1
5567-GZKQY,0.1937,0,0
3791-LGQCY,0.1936,0,1
6773-LQTVT,0.1936,0,0
9770-LXDBK,0.1934,0,0
9424-CMPOG,0.1934,0,0
6418-PIQSP,0.1934,0,0
8216-AZUUZ,0.1934,0,0
5480-TBGPH,0.1933,0,1
7973-DZRKH,0.1933,0,0
8190-ZTQFB,0.1931,0,0
1734-ZMNTZ,0.193,0,0
9677-AVKED,0.193,0,0
6121-TNHBO,0.193,0,0
4013-GUXND,0.193,0,0
3027-YNWZU,0.1929,0,0
6437-UKHMV,0.1928,0,1
2091-GPPIQ,0.1928,0,0
6034-YMTOB,0.1927,0,0
3137-NYQQI,0.1927,0,0
3990-QYKBE,0.1927,0,1
9168-INPSZ,0.1927,0,0
0654-HMSHN,0.1926,0,1
4081-DYXAV,0.1924,0,1
7008-LZVOZ,0.1922,0,0
9646-NMHXE,0.1921,0,0
0960-HUWBM,0.1921,0,0
9589-ABEPT,0.1921,0,0
6332-FBZRI,0.1919,0,0
2171-UDMFD,0.1919,0,0
7240-ETPTR,0.1918,0,1
0827-ITJPH,0.1917,0,0
5499-ECUTN,0.1915,0,0
7633-MVPUY,0.1915,0,0
2360-RDGRO,0.1914,0,0
6988-CJEYV,0.1912,0,0
7609-YBPXG,0.1911,0,0
3594-IVHJZ,0.1911,0,0
4423-YLHDV,0.191,0,1
8914-RBTSB,0.1909,0,1
9809-IMGCQ,0.1908,0,1
0236-HFWSV,0.1908,0,1
0195-IESCP,0.1906,0,1
3572-UOLYZ,0.1906,0,0
2817-NTQDO,0.1906,0,1
2279-AXJJK,0.1906,0,0
7856-GANIL,0.1906,0,0
6425-YQLLO,0.1904,0,1
1265-BCFEO,0.1904,0,0
9477-LGWQI,0.1904,0,0
6980-IMXXE,0.1904,0,0
6985-HAYWX,0.1903,0,0
4950-HKQTE,0.1902,0,0
0687-ZVTHB,0.1899,0,1
4636-QRJKY,0.1898,0,1
2873-ZLIWT,0.1898,0,1
8752-GHJFU,0.1898,0,0
9087-EYCPR,0.1897,0,0
9851-QXEEQ,0.1897,0,1
1657-DYMBM,0.1896,0,0
4302-ZYFEL,0.1896,0,0
4572-DVCGN,0.1895,0,1
2208-NKVVH,0.1894,0,0
5578-NKCXI,0.1893,0,0
8659-HDIYE,0.1893,0,0
9367-WXLCH,0.1892,0,1
7089-XXAYG,0.1891,0,0
6599-CEBNN,0.1891,0,1
8512-WIWYV,0.1891,0,0
5120-ZBLAI,0.1891,0,0
2541-YGPKE,0.189,0,0
4128-ETESU,0.189,0,0
2754-VDLTR,0.189,0,1
4986-MXSFP,0.1889,0,0
3230-WYKIR,0.1889,0,1
7080-TNUWP,0.1887,0,0
9593-CVZKR,0.1887,0,0
5146-YYFRZ,0.1884,0,0
5138-WVKYJ,0.1883,0,1
7470-MCQTK,0.1882,0,1
7901-HXJVA,0.188,0,0
9620-QJREV,0.1879,0,0
5240-CAOYT,0.1879,0,0
8780-IXSTS,0.1879,0,1
5229-DTFYB,0.1877,0,0
0947-IDHRQ,0.1877,0,1
0952-KMEEH,0.1877,0,1
5119-KEPFY,0.1876,0,0
9957-YODKZ,0.1876,0,0
3251-YMVWZ,0.1874,0,0
8374-XGEJJ,0.1874,0,1
9173-IVZVP,0.1874,0,0
8104-OSKWT,0.1873,0,0
1569-TTNYJ,0.1872,0,1
7225-CBZPL,0.1872,0,0
3902-FOIGH,0.1872,0,1
5339-TJFEK,0.187,0,0
8739-QOTTN,0.1869,0,0
6229-LSCKB,0.1868,0,0
3419-SNJJD,0.1867,0,1
3372-CDXFJ,0.1867,0,0
2404-JIBFC,0.1867,0,0
8769-KKTPH,0.1867,0,0
5457-COLHT,0.1866,0,0
0559-CKHUS,0.1865,0,0
8457-XIGKN,0.1865,0,0
9732-OUYRN,0.1865,0,0
5322-ZSMZY,0.1865,0,0
6734-JDTTV,0.1865,0,0
3012-VFFMN,0.1864,0,0
8393-JMVMB,0.1863,0,0
7617-EYGLW,0.1863,0,0
4760-XOHVN,0.1863,0,1
3679-XASPY,0.1863,0,0
9174-FKWZE,0.1863,0,1
1725-MIMXW,0.1863,0,1
6096-EGVTU,0.1859,0,0
9355-NPPFS,0.1859,0,0
0680-DFNNY,0.1858,0,1
1545-JFUML,0.1858,0,0
1206-EHBDD,0.1857,0,0
7748-UMTRK,0.1857,0,0
2523-EWWZL,0.1857,0,0
4011-ARPHK,0.1856,0,0
2662-NNTDK,0.1856,0,0
8058-JMEQO,0.1855,0,1
5480-XTFFL,0.1854,0,0
2433-KMEAS,0.1854,0,1
9314-IJWSQ,0.1853,0,0
2640-PMGFL,0.1853,0,1
2195-ZRVAX,0.1852,0,1
2462-XIIJB,0.1852,0,1
0811-GSDTP,0.1852,0,0
9979-RGMZT,0.1852,0,0
2888-ADFAO,0.1851,0,0
3645-DEYGF,0.1851,0,0
2700-LUEVA,0.1851,0,0
9500-IWPXQ,0.185,0,0
0921-OHLVP,0.1849,0,0
6458-CYIDZ,0.1848,0,0
5701-ZIKJE,0.1848,0,0
4581-LNWUM,0.1848,0,0
5828-AVIPD,0.1847,0,1
4890-VMUAV,0.1846,0,0
5088-QZLRL,0.1844,0,0
0862-PRCBS,0.1844,0,0
2480-JZOSN,0.1844,0,0
4905-JEFDW,0.1844,0,1
0604-THJFP,0.1843,0,0
1371-OJCEK,0.1843,0,0
3621-CEOVK,0.1843,0,1
6897-RWMUB,0.1842,0,0
8496-DMZUK,0.1842,0,0
8679-JOEVF,0.1842,0,1
5193-QLVZB,0.1842,0,0
6619-RPLQZ,0.1841,0,0
3128-YOVTD,0.184,0,0
5883-GTGVD,0.184,0,1
8184-WMOFI,0.184,0,0
1237-WIYYZ,0.1839,0,0
2085-JVGAD,0.1838,0,0
3716-LRGXK,0.1837,0,0
8006-PYCSW,0.1837,0,0
4304-XUMGI,0.1837,0,0
0778-NELLA,0.1836,0,1
5309-TAIKL,0.1836,0,0
7993-PYKOF,0.1836,0,1
3195-TQDZX,0.1836,0,0
5249-QYHEX,0.1835,0,0
6100-QQHEB,0.1834,0,1
6194-HBGQN,0.1834,0,0
5889-LFOLL,0.1834,0,1
2495-INZWQ,0.1834,0,1
2522-WLNSF,0.1833,0,0
9529-OFXHY,0.1833,0,0
6862-CQUMB,0.1832,0,0
3785-KTYSH,0.1831,0,0
2408-WITXK,0.1831,0,1
6616-AALSR,0.1831,0,0
0871-OPBXW,0.183,0,0
6432-TWQLB,0.183,0,1
0106-GHRQR,0.183,0,0
1251-STYSZ,0.183,0,0
3976-NLDEZ,0.1829,0,0
5049-GLYVG,0.1829,0,1
2929-ERCFZ,0.1828,0,1
0533-UCAAU,0.1828,0,0
0187-WZNAB,0.1828,0,0
5044-XDPYX,0.1828,0,0
8777-PVYGU,0.1828,0,0
6549-NNDYT,0.1828,0,0
8878-RYUKI,0.1827,0,0
7841-FCRQD,0.1826,0,0
2634-HCZGT,0.1825,0,1
8065-BVEPF,0.1825,0,0
1945-XISKS,0.1825,0,0
1195-OIYEJ,0.1825,0,1
8563-OYMQY,0.1824,0,0
2959-MJHIC,0.1824,0,1
4524-QCSSM,0.1824,0,0
8276-MQBYC,0.1823,0,1
4776-XSKYQ,0.1823,0,0
4097-YODCF,0.1822,0,0
1731-TVIUK,0.1821,0,1
3537-RYBHH,0.1821,0,0
5204-QZXPU,0.182,0,1
2332-TODQS,0.182,0,0
3001-UNBTL,0.182,0,0
7248-VZQLC,0.182,0,1
8564-LDKFL,0.1816,0,0
6823-SIDFQ,0.1816,0,0
8219-VYBVI,0.1816,0,0
2550-AEVRU,0.1815,0,0
0080-OROZO,0.1815,0,0
5512-IDZEI,0.1815,0,0
6284-AHOOQ,0.1814,0,1
8679-LZBMD,0.1814,0,0
0902-XKXPN,0.1814,0,0
7839-NUIAA,0.1813,0,0
7833-PKIHD,0.1813,0,0
3719-TDVQB,0.1812,0,0
5118-MUEYH,0.1811,0,0
3570-YUEKJ,0.1811,0,0
4686-GEFRM,0.1811,0,0
7668-XCFYV,0.181,0,0
8625-AZYZY,0.181,0,1
1360-JYXKQ,0.181,0,0
5832-EXGTT,0.181,0,0
5197-YPYBZ,0.1808,0,0
1023-BQXZE,0.1808,0,0
3915-ODIYG,0.1808,0,0
3284-SVCRO,0.1808,0,0
0520-FDVVT,0.1807,0,1
4908-XAXAY,0.1807,0,0
5707-ZMDJP,0.1807,0,0
0484-JPBRU,0.1806,0,0
7669-LCRSD,0.1806,0,0
6849-OYAMU,0.1805,0,1
5811-IWXYM,0.1805,0,0
1431-CYWMH,0.1805,0,0
1552-AAGRX,0.1803,0,0
8818-DOPVL,0.1802,0,0
9207-ZPANB,0.1802,0,0
2150-WLKUW,0.1802,0,0
5568-DMXZS,0.1801,0,0
2484-DGXPZ,0.1801,0,1
5006-MXVRN,0.1801,0,0
9537-JALFH,0.18,0,0
1768-HNVGJ,0.1798,0,0
8727-XDPUD,0.1798,0,0
7041-TXQJH,0.1798,0,0
3701-SFMUH,0.1797,0,0
3764-MNMOI,0.1797,0,0
2324-AALNO,0.1797,0,0
5553-AOINX,0.1795,0,0
5697-GOMBF,0.1795,0,0
8620-RJPZN,0.1795,0,0
5902-WBLSE,0.1794,0,0
7945-PRBVF,0.1794,0,0
9063-ZGTUY,0.1794,0,1
3763-GCZHZ,0.1794,0,1
7020-OZKXZ,0.1793,0,0
9079-LWTFD,0.1793,0,0
0439-IFYUN,0.1792,0,0
0550-DCXLH,0.1792,0,0
3088-FVYWK,0.1791,0,0
1755-RMCXH,0.1791,0,0
4872-VXRIL,0.179,0,0
2208-UGTGR,0.179,0,0
7563-BIUPC,0.1789,0,1
6900-PXRMS,0.1789,0,1
7253-UVNDW,0.1788,0,1
4514-GFCFI,0.1787,0,1
1696-MZVAU,0.1786,0,0
4003-OCTMP,0.1785,0,0
0512-FLFDW,0.1784,0,0
6339-YPSAH,0.1784,0,0
5228-EXCET,0.1784,0,1
0260-ZDLGK,0.1784,0,1
8272-ONJLV,0.1784,0,0
1472-TNCWL,0.1782,0,0
9600-UDOPK,0.1782,0,1
5461-QKNTN,0.1782,0,0
6080-LNESI,0.1781,0,0
5071-FBJFS,0.178,0,0
2845-KDHVX,0.1779,0,0
4283-FUTGF,0.1779,0,1
0431-APWVY,0.1779,0,1
2472-OVKUP,0.1777,0,1
8292-ITGYJ,0.1777,0,0
1543-LLLFT,0.1776,0,0
2862-JVEOY,0.1776,0,0
6848-YLDFR,0.1776,0,0
8375-KVTHK,0.1775,0,0
0635-WKOLD,0.1775,0,0
6035-BXTTY,0.1774,0,0
8152-UOBNY,0.1774,0,0
4355-HBJHH,0.1773,0,1
6177-PEVRA,0.1772,0,0
0487-CRLZF,0.1772,0,0
5656-JAMLX,0.1772,0,0
3753-TSEMP,0.1771,0,1
9308-ANMVE,0.177,0,0
6609-MXJHJ,0.177,0,0
4993-JCRGJ,0.177,0,0
7124-UGSUR,0.177,0,1
5527-ACHSO,0.1769,0,0
5271-DBYSJ,0.1769,0,0
9700-ISPUP,0.1768,0,0
1329-VHWNP,0.1768,0,0
2675-DHUTR,0.1768,0,0
7893-IXHRQ,0.1767,0,1
9708-KFDBY,0.1767,0,0
3803-KMQFW,0.1767,0,1
8499-BRXTD,0.1767,0,0
5057-LCOUI,0.1766,0,1
1853-ARAAQ,0.1766,0,0
6770-UAYGJ,0.1766,0,0
8481-YYXWG,0.1765,0,1
1057-FOGLZ,0.1764,0,0
5136-KCKGI,0.1764,0,1
8851-RAGOV,0.1762,0,0
2150-UWTFY,0.1762,0,1
3569-EDBPQ,0.1761,0,0
1752-OZXFY,0.176,0,0
4626-OZDTJ,0.1759,0,0
8966-KZXXA,0.1759,0,0
6806-YDEUL,0.1759,0,0
3606-SBKRY,0.1758,0,0
9412-GHEEC,0.1756,0,1
8532-UEFWH,0.1755,0,0
5640-CAXOA,0.1754,0,0
2865-TCHJW,0.1753,0,1
4958-XCBDQ,0.1753,0,1
0320-JDNQG,0.1752,0,1
7322-OCWHC,0.1752,0,0
9891-NQDBD,0.1752,0,0
9544-PYPSJ,0.1752,0,0
4745-LSPLO,0.1751,0,1
4255-DDUOU,0.1751,0,1
2002-MZHWP,0.1751,0,1
6728-VOIFY,0.1751,0,0
9753-OYLBX,0.1751,0,0
7452-FOLON,0.175,0,0
9095-HFAFX,0.175,0,1
4989-LIXVT,0.175,0,0
4607-CHPCA,0.175,0,1
7526-BEZQB,0.175,0,1
8043-PNYSD,0.1749,0,0
7551-JOHTI,0.1748,0,1
1905-OEILC,0.1748,0,0
2883-ILGWO,0.1748,0,0
5906-BFOZT,0.1748,0,0
8566-YPRGL,0.1748,0,0
7811-JIVPF,0.1748,0,0
5949-EBSQK,0.1747,0,1
0327-WFZSY,0.1746,0,0
5565-FILXA,0.1746,0,1
3500-RMZLT,0.1746,0,1
5840-NVDCG,0.1745,0,0
2894-QOJRX,0.1745,0,1
6941-PMGEP,0.1744,0,1
7315-WYOAW,0.1744,0,0
9770-KXGQU,0.1744,0,0
7167-PCEYD,0.1743,0,0
8148-BPLZQ,0.1742,0,0
9619-GSATL,0.1741,0,0
1469-LBJQJ,0.174,0,0
7025-WCBNE,0.1739,0,0
0310-MVLET,0.1738,0,1
7460-ITWWP,0.1738,0,0
6686-YPGHK,0.1737,0,1
3787-TRIAL,0.1737,0,0
8752-STIVR,0.1737,0,1
9091-WTUUY,0.1735,0,0
1265-XTECC,0.1735,0,1
8868-WOZGU,0.1734,0,1
5917-RYRMG,0.1733,0,0
8290-YWKHZ,0.1733,0,1
9715-SBVSU,0.1732,0,0
8108-UXRQN,0.173,0,0
4742-DRORA,0.1729,0,0
5003-OKNNK,0.1729,0,0
5924-IFQTT,0.1729,0,0
4831-EOBFE,0.1729,0,1
6340-DACFT,0.1728,0,0
6064-ZATLR,0.1727,0,0
2576-HXMPA,0.1726,0,0
2866-IKBTM,0.1726,0,0
1622-HSHSF,0.1726,0,0
8605-ITULD,0.1726,0,0
7601-WFVZV,0.1726,0,0
1029-QFBEN,0.1726,0,1
0927-CNGRH,0.1726,0,0
6195-MELTI,0.1726,0,0
8434-PNQZX,0.1726,0,0
6907-NZZIJ,0.1725,0,1
4194-FJARJ,0.1725,0,0
2832-KJCRD,0.1724,0,0
5458-CQJTA,0.1724,0,1
9828-QHFBK,0.1724,0,0
2342-CKIAO,0.1723,0,0
6986-IXNDM,0.1723,0,0
9647-ERGBE,0.1722,0,1
9026-LHEVG,0.1722,0,0
6518-LGAOV,0.1721,0,1
6072-NUQCB,0.1718,0,0
3855-ONCAR,0.1717,0,0
2697-NQBPF,0.1715,0,0
6615-NGGZJ,0.1715,0,1
9135-HSWOC,0.1713,0,0
9821-BESNZ,0.1713,0,0
3545-CNWRG,0.1712,0,0
8166-ZZTFS,0.1712,0,1
7921-LMDFQ,0.1712,0,0
7989-CHGTL,0.1712,0,1
4588-YBNIB,0.1712,0,1
1522-VVDMG,0.1711,0,1
8414-MYSHR,0.1709,0,1
0463-TXOAK,0.1709,0,0
1153-GNOLC,0.1709,0,0
0504-HHAPI,0.1708,0,1
6685-XSHHU,0.1708,0,0
8510-AWCXC,0.1708,0,1
4134-BSXLX,0.1708,0,0
4835-YSJMR,0.1706,0,0
0486-HECZI,0.1706,0,1
1208-NBVFH,0.1706,0,0
9018-PCIOK,0.1705,0,0
4433-JCGCG,0.1705,0,1
7000-WCEVQ,0.1705,0,1
7188-CBBBA,0.1704,0,0
2239-CGBUZ,0.1704,0,0
3144-AUDBS,0.1703,0,1
9978-HYCIN,0.1702,0,0
4547-KQRTM,0.1701,0,1
2546-KZAAT,0.17,0,0
9588-YRFHY,0.1699,0,0
0618-XWMSS,0.1699,0,1
6345-FZOQH,0.1697,0,0
8778-LMWTJ,0.1696,0,0
6941-KXRRV,0.1695,0,0
5876-HZVZM,0.1695,0,1
0674-GCDXG,0.1695,0,0
9332-GYWLO,0.1694,0,0
5993-BQHEA,0.1694,0,0
8859-YSTWS,0.1693,0,0
3688-FTHLT,0.1692,0,0
0810-BDHAW,0.1691,0,0
3620-EHIMZ,0.1691,0,0
0278-YXOOG,0.169,0,1
8904-OPDCK,0.1689,0,0
0916-QOFDP,0.1689,0,0
7780-OTDSO,0.1688,0,1
6211-WWLTF,0.1685,0,0
1544-JJMYL,0.1685,0,0
8849-GYOKR,0.1684,0,1
5095-ETBRJ,0.1683,0,0
9227-UAQFT,0.1682,0,0
2256-YLYLP,0.1682,0,0
9761-XUJWD,0.1682,0,0
6849-WLEYG,0.1681,0,1
9103-CXVOK,0.1681,0,0
6124-ACRHJ,0.1681,0,0
3930-ZGWVE,0.1681,0,0
7239-HZZCX,0.1681,0,1
1156-ZFYDO,0.1681,0,0
2465-BLLEU,0.1681,0,0
7853-WNZSY,0.1681,0,0
3717-OFRTN,0.1681,0,0
7291-CDTMJ,0.168,0,0
3785-NRHYR,0.168,0,0
5562-BETPV,0.168,0,0
0970-QXPXW,0.168,0,0
4369-NYSCF,0.168,0,0
0434-CSFON,0.168,0,0
4412-YLTKF,0.168,0,1
0247-SLUJI,0.168,0,0
6615-ZGEDR,0.168,0,1
0004-TLHLJ,0.168,0,1
1194-SPVSP,0.168,0,0
8329-IBCTI,0.168,0,1
6141-OOXUQ,0.168,0,1
7721-DVEKZ,0.168,0,0
5799-JRCZO,0.1679,0,0
5399-ZIMKF,0.1677,0,0
1226-IENZN,0.1675,0,0
4878-BUNFV,0.1675,0,0
2363-BJLSL,0.1674,0,0
8059-UDZFY,0.1674,0,0
7581-EBBOU,0.1674,0,0
2100-BDNSN,0.1673,0,1
4072-IPYLT,0.1673,0,0
7968-QUXNS,0.1671,0,0
0468-YRPXN,0.167,0,0
9351-LZYGF,0.1669,0,0
0673-IGUQO,0.1669,0,0
1703-MGIAB,0.1669,0,0
5996-DAOQL,0.1669,0,0
2212-LYASK,0.1669,0,0
2668-TZSPS,0.1669,0,0
8559-WNQZS,0.1669,0,0
8262-COGGB,0.1669,0,0
3605-JISKB,0.1667,0,0
3316-UWXUY,0.1667,0,0
2616-FLVQC,0.1667,0,0
6374-AFWOX,0.1667,0,0
7469-LKBCI,0.1666,0,0
3154-HMWUU,0.1666,0,0
2808-CHTDM,0.1666,0,0
4565-EVZMJ,0.1666,0,0
1932-UEDCX,0.1666,0,0
1215-EXRMO,0.1664,0,0
8784-CGILN,0.1664,0,1
0829-XXPLX,0.1664,0,0
6376-GAHQE,0.1663,0,1
0788-DXBFY,0.1663,0,0
3796-ENZGF,0.1663,0,0
6918-UMQCG,0.1662,0,0
1429-UYJSV,0.1662,0,0
2577-GVSIL,0.1661,0,0
8562-GHPPI,0.1661,0,0
2911-WDXMV,0.1661,0,0
8033-VCZGH,0.1661,0,0
3452-GWUIN,0.1661,0,0
4892-VLANZ,0.1661,0,1
3768-NLUBH,0.166,0,1
4573-JKNAE,0.1659,0,0
1475-VWVDO,0.1659,0,0
0639-TSIQW,0.1658,0,1
3462-BJQQA,0.1657,0,0
1567-DSCIC,0.1656,0,1
5081-NWSUP,0.1656,0,0
6345-ULYRW,0.1655,0,1
5130-IEKQT,0.1655,0,1
4054-CUMIA,0.1654,0,0
6693-DJWTY,0.1654,0,0
3727-JEZTU,0.1653,0,0
6579-JPICP,0.1653,0,0
2239-CFOUJ,0.1653,0,0
1963-VAUKV,0.1653,0,1
6463-MVYRY,0.1652,0,0
6088-BXMRG,0.1651,0,0
5219-YIPTK,0.1651,0,1
1704-NRWYE,0.1649,0,1
2026-TGDHM,0.1649,0,1
6646-QVXLR,0.1648,0,1
7064-JHXCE,0.1648,0,0
2070-FNEXE,0.1647,0,1
5294-DMSFH,0.1647,0,0
5321-NTRKC,0.1646,0,0
0916-KNFAJ,0.1646,0,0
4813-HQMGZ,0.1646,0,0
4692-NNQRU,0.1645,0,0
2612-PHGOX,0.1645,0,0
2821-WARNZ,0.1645,0,0
4849-PYRLQ,0.1644,0,0
7234-KMNRQ,0.1644,0,0
5825-XJOCM,0.1644,0,0
5845-BZZIB,0.1644,0,0
5515-AKOAJ,0.1643,0,1
3154-CFSZG,0.1643,0,0
5555-RNPGT,0.1643,0,0
9114-VEPUF,0.1643,0,0
1850-AKQEP,0.1642,0,0
2324-EFHVG,0.1642,0,0
8917-FAEMR,0.1642,0,0
1899-VXWXM,0.1642,0,1
7426-RHZGU,0.1642,0,0
8849-AYPTR,0.1642,0,0
6478-HRRCZ,0.1641,0,0
5348-CAGXB,0.1641,0,0
4873-ILOLJ,0.1641,0,1
4634-JLRJT,0.164,0,0
7641-TQFHN,0.164,0,0
3590-TCXTB,0.164,0,0
0239-OXEXL,0.164,0,0
1099-GODLO,0.164,0,0
2592-YKDIF,0.164,0,0
9643-YBLUR,0.164,0,0
6427-FEFIG,0.1639,0,0
6243-OZGFH,0.1639,0,0
7073-QETQY,0.1638,0,0
6754-WKSHP,0.1638,0,0
3349-ANQNH,0.1637,0,0
4291-HPAXL,0.1636,0,0
1064-FBXNK,0.1636,0,0
1135-LMECX,0.1636,0,0
0107-WESLM,0.1636,0,1
0587-DMGBH,0.1636,0,1
8433-WPJTV,0.1636,0,0
8174-LNWMW,0.1635,0,0
3319-DWOEP,0.1635,0,1
7710-JSYOA,0.1634,0,0
8929-KSWIH,0.1633,0,0
5313-FPXWG,0.1632,0,0
0887-WBJVH,0.1632,0,0
0980-PVMRC,0.1632,0,0
3935-TBRZZ,0.1632,0,0
8266-VBFQL,0.1631,0,0
7975-TZMLR,0.1631,0,0
7028-DVOIQ,0.1631,0,1
9256-JTBNZ,0.1631,0,0
5149-QYTTU,0.1631,0,0
7693-LCKZL,0.1629,0,1
3969-JQABI,0.1627,0,0
5549-ZGHFB,0.1627,0,0
8087-LGYHQ,0.1627,0,0
0410-IPFTY,0.1627,0,0
7776-QGYJC,0.1626,0,0
4568-KNYWR,0.1626,0,0
1088-CNNKB,0.1624,0,0
8565-WUXZU,0.1624,0,0
2014-MKGMH,0.1624,0,0
2123-VSCOT,0.1624,0,0
7242-EDTYC,0.1623,0,0
9233-PSYHO,0.1622,0,0
6267-DCFFZ,0.1622,0,0
8402-EIVQS,0.1622,0,0
1930-WNXSB,0.1621,0,0
0820-FNRNX,0.1621,0,0
0362-RAOQO,0.1621,0,0
9840-DVNDC,0.1621,0,1
3511-APPBJ,0.1621,0,0
0281-CNTZX,0.162,0,0
8785-CJSHH,0.1619,0,0
6242-FEGFD,0.1618,0,0
6994-KERXL,0.1618,0,0
6402-EJMWF,0.1617,0,0
7909-FIOIY,0.1616,0,0
0380-NEAVX,0.1615,0,0
0727-BMPLR,0.1615,0,1
6135-OZQVA,0.1615,0,0
1100-DDVRV,0.1614,0,0
7228-PAQPD,0.1614,0,0
0556-FJEGU,0.1614,0,0
3842-IYKUE,0.1613,0,1
2811-POVEX,0.1613,0,0
6250-CGGUN,0.1613,0,0
6101-IMRMM,0.1613,0,1
8668-KNZTI,0.1612,0,0
2235-DWLJU,0.1612,0,0
1830-GGFNM,0.1611,0,0
5777-KJIRB,0.161,0,0
4391-LNRXK,0.1609,0,0
4913-EHYUI,0.1609,0,1
3552-CTCYF,0.1609,0,0
6407-GSJNL,0.1609,0,0
9755-JHNMN,0.1608,0,0
7717-BICXI,0.1607,0,0
0420-BWTPW,0.1606,0,1
5035-BVCXS,0.1605,0,0
3597-MVHJT,0.1605,0,0
8344-WFMFH,0.1605,0,0
1323-OOEPC,0.1605,0,1
2034-CGRHZ,0.1605,0,1
8313-NDOIA,0.1604,0,0
5934-TSSAU,0.1603,0,0
9251-WNSOD,0.1602,0,0
8751-EDEKA,0.1602,0,0
4471-KXAUH,0.1601,0,1
8380-MQINP,0.1601,0,0
8980-WQFWL,0.16,0,0
2672-TGEFF,0.16,0,0
6169-PPETC,0.1599,0,0
5195-KPUNQ,0.1599,0,0
5828-DWPIL,0.1598,0,0
3427-GGZZI,0.1598,0,0
5698-BQJOH,0.1598,0,1
9146-JRIOX,0.1597,0,0
2229-VWQJH,0.1596,0,0
2205-LPVGL,0.1596,0,0
7083-YNSKY,0.1596,0,1
1814-DKOLC,0.1595,0,0
0824-VWDPO,0.1595,0,0
3317-VLGQT,0.1594,0,0
4981-FLTMF,0.1594,0,0
4648-YPBTM,0.1593,0,0
2446-ZKVAF,0.1592,0,0
7450-NWRTR,0.1592,0,1
4710-FDUIZ,0.1591,0,1
7672-VFMXZ,0.1591,0,0
9430-FRQOC,0.1589,0,1
9385-EHGDO,0.1588,0,0
7595-EHCDL,0.1588,0,0
0927-LCSMG,0.1588,0,1
2786-GCDPI,0.1588,0,0
3675-EQOZA,0.1587,0,0
4501-UYKBC,0.1586,0,0
2856-NNASM,0.1586,0,1
9947-OTFQU,0.1586,0,1
4228-ZGYUW,0.1586,0,1
5791-KAJFD,0.1585,0,0
0572-ZJKLT,0.1585,0,0
5214-CHIWJ,0.1584,0,0
4933-BSAIP,0.1584,0,0
0757-WCUUZ,0.1584,0,0
6029-WTIPC,0.1584,0,1
6814-ZPWFQ,0.1583,0,0
4549-ZDQYY,0.1583,0,0
0206-OYVOC,0.1582,0,0
7798-JVXYM,0.1581,0,0
9279-CJEOJ,0.1581,0,0
7138-GIRSH,0.158,0,0
4726-DLWQN,0.1579,0,0
3221-CJMSG,0.1579,0,0
2933-XEUJM,0.1578,0,0
5244-IRFIH,0.1578,0,1
0872-CASZJ,0.1578,0,0
5445-GLVOT,0.1577,0,0
5331-RGMTT,0.1577,0,0
9061-TIHDA,0.1576,0,1
2483-XSSMZ,0.1576,0,0
9912-OMZDS,0.1575,0,0
8648-PFRMP,0.1575,0,0
1493-AMTIE,0.1574,0,1
4786-UKSNZ,0.1574,0,1
8305-VHZBZ,0.1574,0,1
6469-MRVET,0.1574,0,0
7310-EGVHZ,0.1574,0,0
7839-QRKXN,0.1574,0,1
3247-MHJKM,0.1574,0,0
2955-PSXOE,0.1574,0,1
5356-RHIPP,0.1574,0,1
8048-DSDFQ,0.1574,0,0
6380-ARCEH,0.1574,0,0
4717-GHADL,0.1573,0,0
2436-QBZFP,0.1572,0,0
2955-BJZHG,0.1571,0,1
3134-DSHVC,0.1571,0,0
6921-OZMFH,0.1571,0,0
1000-AJSLD,0.157,0,1
7089-RKVSZ,0.157,0,0
3148-BLQJT,0.157,0,1
1240-KNSEZ,0.157,0,1
7251-LJBQN,0.1569,0,0
5915-DGNVC,0.1569,0,0
2282-YGNOR,0.1569,0,0
7639-LIAYI,0.1568,0,0
8932-CZHRQ,0.1567,0,0
0620-DLSLK,0.1567,0,0
3138-BKYAV,0.1567,0,1
1907-UBQFC,0.1566,0,1
4710-NKCAW,0.1566,0,0
2928-HLDBA,0.1564,0,0
4628-WQCQQ,0.1564,0,1
8873-TMKGR,0.1564,0,0
5060-TQUQN,0.1564,0,0
5022-JNQEQ,0.1564,0,0
6654-QGBZZ,0.1563,0,0
7878-RTCZG,0.1563,0,0
2369-FEVNO,0.1563,0,0
3900-AQPHZ,0.1563,0,1
5917-HBSDW,0.1563,0,0
9314-QDMDW,0.1563,0,0
4698-KVLLG,0.1563,0,0
2320-JRSDE,0.1563,0,1
7969-FFOWG,0.1563,0,0
2753-JMMCV,0.1563,0,0
8417-FMLZI,0.1563,0,1
5515-IDEJJ,0.1563,0,1
2654-VBVPB,0.1563,0,0
8630-QSGXK,0.1563,0,0
4800-VHZKI,0.1563,0,1
9142-XMYJH,0.1562,0,0
8313-AFGBW,0.1561,0,0
6322-HRPFA,0.156,0,0
6891-JPYFF,0.156,0,0
0595-ITUDF,0.1559,0,0
9817-APLHW,0.1559,0,0
7638-QVMVY,0.1558,0,1
8073-IJDCM,0.1558,0,1
7814-LEEVE,0.1558,0,0
2379-ENZGV,0.1558,0,1
3090-QFUVD,0.1558,0,0
9122-UMROB,0.1558,0,0
2676-ISHSF,0.1558,0,0
3099-OONVS,0.1557,0,0
6439-GTPCA,0.1557,0,1
6595-YGXIT,0.1557,0,1
4851-BQDNX,0.1557,0,0
9191-MYQKX,0.1556,0,1
3460-TJBWI,0.1554,0,0
6013-BHCAW,0.1554,0,0
4560-WQAQW,0.1554,0,0
6551-ZCOTS,0.1553,0,0
6625-FLENO,0.1553,0,0
6906-MPARY,0.1552,0,0
4906-ZHGPK,0.1551,0,0
5364-EVNIB,0.1551,0,1
3682-YEUWS,0.1551,0,0
2869-ADAWR,0.155,0,1
5949-HGVJL,0.155,0,0
8749-CLJXC,0.155,0,0
7096-UCLNH,0.155,0,0
1349-WXNGG,0.155,0,1
5028-HTLJB,0.155,0,1
3030-ZKIWL,0.155,0,0
0568-ONFPC,0.155,0,1
9402-ROUMJ,0.155,0,0
2812-SFXMJ,0.155,0,0
9962-BFPDU,0.155,0,0
4661-NJEUX,0.155,0,0
5868-YTYKS,0.1549,0,0
2876-VBBBL,0.1549,0,1
0670-KDOMA,0.1549,0,0
8203-XJZRC,0.1549,0,0
4211-MMAZN,0.1549,0,1
2081-KJSQF,0.1549,0,0
6689-TCZHQ,0.1548,0,1
2430-USGXP,0.1547,0,1
1325-USMEC,0.1546,0,0
4395-PZMSN,0.1546,0,0
4925-LMHOK,0.1546,0,1
0650-BWOZN,0.1546,0,0
4049-ZPALD,0.1546,0,0
6972-SNKKW,0.1546,0,0
2999-AANRQ,0.1546,0,0
9107-UKCKY,0.1545,0,0
3858-XHYJO,0.1545,0,0
3001-CBHLQ,0.1545,0,1
1898-JSNDC,0.1544,0,0
2931-VUVJN,0.1544,0,0
1550-EENBN,0.1544,0,0
5542-DHSXL,0.1544,0,0
5868-YWPDW,0.1543,0,1
1384-RCUXW,0.1543,0,0
9661-ACXBS,0.1542,0,1
4622-YNKIJ,0.1541,0,0
0074-HDKDG,0.1541,0,0
4366-CTOUZ,0.1539,0,0
3524-WQDSG,0.1538,0,0
7954-MLBUN,0.1538,0,0
3530-VWVGU,0.1538,0,0
0093-EXYQL,0.1536,0,0
7100-FQPRV,0.1535,0,0
9565-DJPIB,0.1534,0,1
7268-IGMFD,0.1534,0,0
6103-LIANB,0.1532,0,0
1319-YLZJG,0.1532,0,0
2025-JKFWI,0.153,0,1
4877-EVATK,0.153,0,1
3807-XHCJH,0.153,0,0
7698-YFGEZ,0.153,0,0
7722-CVFXN,0.1529,0,0
5222-IMUKT,0.1529,0,0
2804-ETQDK,0.1529,0,0
6286-SUUWT,0.1528,0,0
5143-WMWOG,0.1528,0,1
4059-IIEBK,0.1528,0,0
2542-HYGIQ,0.1528,0,0
2474-BRUCM,0.1528,0,1
3506-LCJDC,0.1528,0,1
0042-JVWOJ,0.1526,0,0
7472-EQOAV,0.1526,0,0
7247-XOZPB,0.1526,0,0
7129-ACFOG,0.1525,0,0
1035-IPQPU,0.1524,0,0
4114-QMKVN,0.1524,0,0
2458-EOMRE,0.1523,0,0
1217-VASWC,0.1523,0,0
9172-ANCRX,0.1522,0,1
3399-BMLVW,0.1522,0,0
4123-FCVCB,0.1522,0,0
0141-YEAYS,0.1522,0,0
5760-FXFVO,0.1522,0,0
9576-SYUHJ,0.1521,0,0
7853-GVUDZ,0.152,0,1
1934-SJVJK,0.152,0,1
7786-WBJYI,0.152,0,1
4781-ZXYGU,0.152,0,0
4897-QSUYC,0.152,0,1
1066-JKSGK,0.152,0,1
5802-ADBRC,0.152,0,0
3604-WLABM,0.152,0,0
8974-OVACP,0.152,0,0
6549-YMFAW,0.152,0,0
0147-ESWWR,0.1518,0,0
3794-NFNCH,0.1518,0,0
6188-UXBBR,0.1518,0,0
1897-RCFUM,0.1515,0,0
2091-MJTFX,0.1515,0,1
5222-JCXZT,0.1515,0,0
1456-TWCGB,0.1514,0,0
6258-NGCNG,0.1514,0,0
5937-EORGB,0.1514,0,0
1134-YWTYF,0.1514,0,0
2320-YKQBO,0.1514,0,0
0311-QYWSS,0.1513,0,0
9871-ELEYA,0.1513,0,0
6435-VWCCY,0.1513,0,0
6464-KEXXH,0.1512,0,0
2252-JHJGE,0.1512,0,0
5747-PMBSQ,0.1512,0,1
9779-DPNEJ,0.1512,0,0
2604-IJPDU,0.1512,0,0
4538-WNTMJ,0.1511,0,0
0215-BQKGS,0.151,0,0
7993-NQLJE,0.151,0,0
8838-GPHZP,0.1509,0,0
0187-QSXOE,0.1508,0,0
8677-HDZEE,0.1508,0,0
0253-ZTEOB,0.1508,0,0
5887-IKKYO,0.1508,0,0
9154-QDGTH,0.1508,0,0
2284-VFLKH,0.1508,0,0
7359-SSBJK,0.1507,0,1
0516-OOHAR,0.1507,0,0
7054-DMVAS,0.1507,0,0
9139-WQQDY,0.1507,0,1
6646-JPPHA,0.1506,0,0
0743-HNPFG,0.1505,0,0
9220-ZNKJI,0.1505,0,0
9648-BCHKM,0.1504,0,0
3774-VBNXY,0.1504,0,0
1757-TCATG,0.1504,0,0
6838-YAUVY,0.1504,0,0
4325-NFSKC,0.1502,0,1
1394-SUIUH,0.1501,0,0
8404-VLQFB,0.15,0,0
7690-KPNCU,0.15,0,0
4955-VCWBI,0.15,0,0
1098-KFQEC,0.15,0,0
1723-HKXJQ,0.15,0,1
5600-PDUJF,0.1499,0,0
8738-JOKAR,0.1499,0,0
1470-PSXNM,0.1497,0,0
0248-PGHBZ,0.1497,0,0
9138-EFSMO,0.1497,0,0
4080-IIARD,0.1496,0,0
0295-QVKPB,0.1496,0,0
7382-DFJTU,0.1496,0,0
8319-QBEHW,0.1495,0,0
7654-YWJUF,0.1495,0,0
0886-QGENL,0.1494,0,1
1216-JWVUX,0.1494,0,0
4135-FRWKJ,0.1494,0,0
9508-ILZDG,0.1494,0,0
9371-BITHB,0.1494,0,0
4070-OKWVH,0.1493,0,0
8490-BXHEO,0.1492,0,0
8049-WJCLQ,0.1492,0,0
8079-XRJRS,0.1492,0,1
3956-MGXOG,0.1492,0,0
5686-CMAWK,0.1492,0,0
2357-COQEK,0.1491,0,1
6581-NQCBA,0.1491,0,1
6893-ODYYE,0.1491,0,0
5832-TRLPB,0.149,0,0
4690-PKDQG,0.149,0,0
2027-CWDNU,0.1489,0,0
5339-PXDVH,0.1489,0,0
2346-DJQTB,0.1489,0,0
6772-WFQRD,0.1488,0,0
8295-KMENE,0.1488,0,0
0307-BCOPK,0.1486,0,0
9798-OPFEM,0.1485,0,0
6502-HCJTI,0.1484,0,1
5295-PCJOO,0.1484,0,1
6543-JXSOO,0.1484,0,0
7079-QRCBC,0.1482,0,1
6563-VNPMN,0.1482,0,0
4926-UMJZD,0.1481,0,0
5302-BDJNT,0.1481,0,0
8711-LOBKY,0.1481,0,0
8189-HBVRW,0.1481,0,0
4803-AXVYP,0.1481,0,1
4807-IZYOZ,0.148,0,0
7531-GQHME,0.148,0,0
5306-BVTKJ,0.1479,0,0
8514-VZHEB,0.1479,0,0
0601-WZHJF,0.1478,0,1
4636-TVXVG,0.1477,0,0
9554-DFKIC,0.1477,0,0
2657-VPXTA,0.1477,0,0
9626-VFRGG,0.1476,0,0
9076-AXYIK,0.1476,0,0
1163-ONYEY,0.1475,0,0
7872-BAAZR,0.1475,0,0
5018-LXQQG,0.1475,0,0
9633-DENPU,0.1474,0,0
2810-FTLEM,0.1474,0,1
5320-BRKGK,0.1474,0,0
4495-LHSSK,0.1474,0,0
8957-THMOA,0.1473,0,0
6508-NJYRO,0.1472,0,0
2107-FBPTK,0.1472,0,0
1333-PBMXB,0.147,0,0
5986-WWXDV,0.147,0,0
1024-KPRBB,0.147,0,0
8859-AXJZP,0.147,0,0
6429-SHBCB,0.147,0,0
5049-MUBWG,0.1468,0,0
2511-ALLCS,0.1468,0,0
6711-VTNRE,0.1467,0,1
5543-QDCRY,0.1466,0,0
8198-RKSZG,0.1465,0,0
6289-CPNLD,0.1464,0,1
4742-TXUEX,0.1464,0,0
2123-AGEEN,0.1464,0,0
9699-UBQFS,0.1464,0,0
4597-NUCQV,0.1464,0,1
6620-JDYNW,0.1462,0,0
5842-POCOP,0.1462,0,1
8510-TMWYB,0.1461,0,0
3451-VAWLI,0.1461,0,0
7607-QKKTJ,0.146,0,0
3780-YVMFA,0.146,0,0
9127-QRZMH,0.146,0,0
2361-UPSND,0.1459,0,0
4631-OACRM,0.1459,0,1
9053-EJUNL,0.1458,0,0
3057-VJJQE,0.1458,0,0
5569-OUICF,0.1458,0,1
5445-UTODQ,0.1458,0,1
0939-YAPAF,0.1457,0,1
6892-EZDTG,0.1456,0,1
6368-NWMCE,0.1455,0,0
9777-WJJPR,0.1455,0,0
0877-SDMBN,0.1454,0,1
7130-CTCUS,0.1453,0,0
8357-EQXFO,0.1453,0,1
3717-LNXKW,0.1453,0,0
5180-UCIIQ,0.1452,0,1
6353-BRMMA,0.145,0,0
2578-JQPHZ,0.145,0,0
2203-GHNWN,0.1448,0,0
7852-LECYP,0.1448,0,0
0928-XUTSN,0.1448,0,0
4291-HYEBC,0.1448,0,0
8388-FYNPZ,0.1446,0,0
6771-XWBDM,0.1446,0,1
0810-DHDBD,0.1446,0,0
8982-NHAVY,0.1444,0,0
6685-GBWJZ,0.1443,0,0
9114-AAFQH,0.1443,0,0
6116-RFVHN,0.1442,0,0
5151-HQRDG,0.144,0,0
1262-OPMFY,0.144,0,1
1075-BGWOH,0.144,0,1
6794-HKIAJ,0.1439,0,0
4459-BBGHE,0.1439,0,0
8714-CTZJW,0.1439,0,0
5174-RNGBH,0.1439,0,1
2676-SSLTO,0.1438,0,0
3239-TPHPZ,0.1438,0,0
9408-HRXRK,0.1436,0,0
2122-YWVYA,0.1436,0,0
9498-FIMXL,0.1436,0,0
8450-LUGUK,0.1434,0,0
0221-NAUXK,0.1433,0,0
0607-MVMGC,0.1433,0,0
1345-GKDZZ,0.1432,0,0
6551-GNYDG,0.1431,0,0
2075-RMJIK,0.1431,0,0
8734-FNWVH,0.1431,0,0
3397-AVTKU,0.1431,0,0
8735-IJJEG,0.143,0,0
7929-DMBCV,0.143,0,0
7107-UBYKY,0.1429,0,0
4929-ROART,0.1429,0,0
5150-LJNSR,0.1428,0,0
8761-NSOBC,0.1428,0,1
6546-OPBBH,0.1428,0,0
2649-HWLYB,0.1426,0,0
9494-BDNNC,0.1426,0,0
4840-ORQXB,0.1426,0,0
7361-YPXFS,0.1426,0,0
1728-CXQBE,0.1424,0,0
1548-ARAGG,0.1424,0,0
6745-JEFZB,0.1423,0,0
8631-XVRZL,0.1423,0,0
1641-RQDAY,0.1423,0,0
7511-YMXVQ,0.142,0,1
3401-URHDA,0.142,0,0
2160-GPFXD,0.1418,0,0
7661-CPURM,0.1418,0,0
4124-MMETB,0.1417,0,1
4770-QAZXN,0.1417,0,0
4504-YOULA,0.1416,0,0
9820-RMCQV,0.1415,0,1
2558-BUOZZ,0.1415,0,0
3525-DVKFN,0.1415,0,0
3530-CRZSB,0.1415,0,0
3190-ITQXP,0.1414,0,0
5922-ABDVO,0.1413,0,1
8519-QJGJD,0.1413,0,1
4282-ACRXS,0.1412,0,0
4295-YURET,0.1412,0,0
0727-BNRLG,0.141,0,0
4759-PXTAN,0.1409,0,0
7321-KKSDU,0.1408,0,0
9026-RNUJS,0.1407,0,1
2402-TAIRZ,0.1407,0,0
8917-SZTTJ,0.1406,0,0
0516-UXRMT,0.1405,0,0
7994-XIRTR,0.1404,0,0
5968-HYJRZ,0.1403,0,0
8066-POXGX,0.1402,0,1
1088-AUUZZ,0.1402,0,0
4881-GQJTW,0.1402,0,0
4213-HKBJO,0.1402,0,0
5424-RLQLC,0.1401,0,0
1596-OQSPS,0.14,0,0
6298-QDFNH,0.14,0,1
1561-BWHIN,0.1399,0,0
2239-JALAW,0.1399,0,1
9916-AYHTC,0.1397,0,0
7610-TVOPG,0.1397,0,0
4343-EJVQB,0.1396,0,0
4324-AHJKS,0.1396,0,0
4806-KEXQR,0.1395,0,1
5955-ERIHD,0.1395,0,1
9650-VBUOG,0.1395,0,0
2669-OIDSD,0.1394,0,0
6296-DDOOR,0.1394,0,0
0847-HGRML,0.1393,0,0
1702-CCFNJ,0.1393,0,0
6719-OXYBR,0.1393,0,0
1357-BIJKI,0.1392,0,0
2391-IPLOP,0.1392,0,0
7473-ZBDSN,0.1391,0,0
4819-HJPIW,0.1391,0,0
7190-XHTWJ,0.1391,0,0
6481-ESCNL,0.139,0,0
1047-RNXZV,0.1389,0,0
2931-XIQBR,0.1389,0,0
0567-GGCAC,0.1388,0,0
1389-WNUIB,0.1388,0,0
2800-QQUSO,0.1387,0,0
7330-WZLNC,0.1387,0,1
6651-AZVTJ,0.1387,0,1
2225-ZRGSG,0.1387,0,1
5766-XQXMQ,0.1387,0,1
2603-HVKCG,0.1386,0,0
2378-HTWFW,0.1386,0,0
4429-WYGFR,0.1384,0,0
0853-NWIFK,0.1383,0,0
3174-AKMAS,0.1383,0,0
2974-GGUXS,0.1383,0,0
1474-JUWSM,0.1382,0,0
9518-XXBXE,0.1382,0,0
4657-FWVFY,0.1381,0,0
6481-OGDOO,0.1381,0,1
2674-MIAHT,0.138,0,0
4636-OLWOE,0.138,0,0
0696-UKTOX,0.138,0,0
8404-GFGCZ,0.1379,0,0
9412-ARGBX,0.1379,0,1
7168-HDQHG,0.1378,0,0
0325-XBFAC,0.1378,0,1
5213-TWWJU,0.1377,0,0
6248-BSHKG,0.1377,0,0
6621-YOBKI,0.1377,0,0
3253-HKOKL,0.1375,0,0
4652-ODEVH,0.1375,0,0
9084-OAYKL,0.1373,0,0
5453-AXEPF,0.1372,0,0
4077-CROMM,0.137,0,1
4403-BWPAY,0.137,0,0
3567-PQTSO,0.1369,0,0
2692-BUCFV,0.1369,0,0
4441-NIHPT,0.1369,0,1
0212-ISBBF,0.1368,0,0
1810-MVMAI,0.1367,0,0
2070-XYMFH,0.1367,0,0
8008-HAWED,0.1366,0,1
5539-HIVAK,0.1366,0,0
4116-TZAQJ,0.1365,0,1
5998-DZLYR,0.1363,0,0
7233-DRTRF,0.1363,0,0
1707-HABPF,0.1361,0,0
9780-FKVVF,0.136,0,0
5465-BUBFA,0.136,0,0
4962-CHQPW,0.1359,0,0
9415-DPEWS,0.1358,0,1
5236-XMZJY,0.1358,0,0
8166-ORCHU,0.1356,0,0
1202-KKGFU,0.1356,0,0
0936-NQLJU,0.1356,0,0
4505-EXZHB,0.1355,0,1
0848-ZGQIJ,0.1354,0,0
0348-SDKOL,0.1354,0,1
9970-QBCDA,0.1354,0,0
3392-EHMNK,0.1354,0,0
5792-JALQC,0.1353,0,0
2645-QTLMB,0.1353,0,1
9560-ARGQJ,0.1352,0,1
3351-NQLDI,0.135,0,1
7957-RYHQD,0.1349,0,1
6898-RBTLU,0.1349,0,0
0947-MUGVO,0.1348,0,1
6178-KFNHS,0.1348,0,1
5226-NOZFC,0.1348,0,0
2929-QNSRW,0.1347,0,1
8246-SHFGA,0.1346,0,0
3712-PKXZA,0.1346,0,0
3235-ETOOB,0.1346,0,1
7142-HVGBG,0.1345,0,1
1573-LGXBA,0.1345,0,0
8249-THVEC,0.1344,0,0
7666-WKRON,0.1344,0,1
2972-YDYUW,0.1344,0,0
8129-GMVGI,0.1344,0,0
6270-OMFIW,0.1343,0,1
9592-ERDKV,0.1343,0,0
3807-BPOMJ,0.1343,0,0
1921-KYSAY,0.1342,0,0
3161-GETRM,0.134,0,0
9741-YLNTD,0.1339,0,0
1934-MKPXS,0.1339,0,0
2054-PJOCK,0.1338,0,0
0440-MOGPM,0.1338,0,0
5998-VVEJY,0.1337,0,1
3629-WEAAM,0.1335,0,0
8818-XYFCQ,0.1333,0,1
9289-LBQVU,0.1333,0,0
0263-FJTQO,0.1332,0,0
0022-TCJCI,0.1331,0,1
4635-EJYPD,0.133,0,0
8612-GXIDD,0.133,0,0
9776-OJUZI,0.133,0,0
8884-FEEWR,0.1329,0,0
4112-LUEIZ,0.1329,0,1
6061-GWWAV,0.1328,0,0
3192-LNKRK,0.1328,0,0
0870-VEMYL,0.1328,0,1
4088-YLDSU,0.1327,0,1
3096-GKWEB,0.1326,0,0
3557-HTYWR,0.1326,0,0
7356-AYNJP,0.1325,0,0
3571-DPYUH,0.1324,0,0
2267-WTPYD,0.1323,0,0
3845-JHAMY,0.1323,0,0
1626-ERCMM,0.1323,0,1
7508-SMHXL,0.1323,0,0
7277-OZCGZ,0.1323,0,0
6447-EGDIV,0.1322,0,0
1494-EJZDW,0.1321,0,0
3472-QPRCH,0.1321,0,0
3468-DRVQJ,0.132,0,0
5542-NKVRU,0.132,0,0
9766-HGEDE,0.132,0,0
8845-LWKGE,0.1319,0,0
7445-WMRBW,0.1319,0,0
8709-KRDVL,0.1319,0,0
1154-HYWWO,0.1318,0,0
4489-SNOJF,0.1318,0,1
9919-KNPOO,0.1318,0,0
2038-LLMLM,0.1315,0,0
5935-FCCNB,0.1314,0,0
9782-LGXMC,0.1313,0,0
0719-SYFRB,0.1312,0,1
1386-ZIKUV,0.1312,0,0
1172-VIYBP,0.1312,0,0
9801-GDWGV,0.1312,0,1
1436-ZMJAN,0.1311,0,0
4680-KUTAJ,0.1311,0,0
2135-DQWAQ,0.131,0,0
1396-QWFBJ,0.131,0,1
0815-MFZGM,0.131,0,0
4884-ZTHVF,0.1308,0,0
3387-PLKUI,0.1308,0,0
9470-RTWDV,0.1307,0,0
2243-FNMMI,0.1307,0,0
4526-EXKKN,0.1306,0,0
9469-WEJBT,0.1306,0,0
5685-IIXLY,0.1305,0,1
3363-EWLGO,0.1305,0,0
5442-PPTJY,0.1304,0,0
8019-ENHXU,0.1302,0,1
0280-XJGEX,0.1301,0,1
0731-EBJQB,0.1301,0,0
7714-YXSMB,0.1299,0,0
9688-YGXVR,0.1299,0,0
0330-BGYZE,0.1299,0,0
7771-CFQRQ,0.1299,0,0
9054-FOWNV,0.1299,0,0
7776-QWNFX,0.1298,0,1
4817-VYYWS,0.1297,0,1
9710-NJERN,0.1297,0,0
1131-ALZWV,0.1297,0,0
5681-LLOEI,0.1294,0,0
6646-VRFOL,0.1294,0,1
9720-JJJOR,0.1293,0,0
1353-LJWEM,0.1293,0,0
7353-YOWFP,0.1293,0,0
1539-LNKHM,0.1292,0,0
4299-OPXEJ,0.1292,0,0
1506-YJTYT,0.1291,0,0
0134-XWXCE,0.1291,0,0
4884-TVUQF,0.1291,0,0
4672-FOTSD,0.129,0,0
3352-ALMCK,0.1288,0,0
3058-HJCUY,0.1288,0,1
6821-JPCDC,0.1288,0,0
6766-HFKLA,0.1287,0,0
7030-NJVDP,0.1286,0,0
5914-GXMDA,0.1286,0,0
7064-FRRSW,0.1286,0,0
3266-FTKHB,0.1285,0,0
6584-VQMYT,0.1284,0,0
4140-WJAWW,0.1284,0,1
3217-FZDMN,0.1284,0,1
2805-EDJPQ,0.1283,0,0
6383-ZTSIW,0.1283,0,0
2519-FAKOD,0.1283,0,1
0428-IKYCP,0.1283,0,0
6559-PDZLR,0.1282,0,0
3507-GASNP,0.128,0,0
6890-PFRQX,0.128,0,0
4369-HTUIF,0.1278,0,1
0793-TWELN,0.1277,0,0
0129-QMPDR,0.1276,0,0
5278-PNYOX,0.1276,0,0
0365-GXEZS,0.1275,0,0
0623-EJQEG,0.1275,0,0
4226-KKDON,0.1273,0,0
2202-OUTMO,0.1273,0,0
1751-NCDLI,0.1271,0,0
2667-WYLWJ,0.1271,0,1
4163-KIUHY,0.1271,0,0
9386-LDCZR,0.1271,0,0
4641-FROLU,0.1269,0,0
6729-GDNGC,0.1268,0,0
8332-OSJDW,0.1268,0,0
3212-KXOCR,0.1268,0,0
9531-NSBMR,0.1268,0,0
5839-SUYVZ,0.1267,0,0
3082-YVEKW,0.1265,0,0
7416-CKTEP,0.1265,0,0
9357-UJRUN,0.1263,0,0
2680-XKKNJ,0.1263,0,0
5995-WWKKG,0.1262,0,0
4062-HBMOS,0.1261,0,0
8217-QYOHV,0.1261,0,0
8020-BWHYL,0.1261,0,1
9904-EHEVJ,0.126,0,0
3736-BLEPA,0.126,0,0
6715-OFDBP,0.126,0,1
2195-VVRJF,0.126,0,0
9046-JBFWA,0.1259,0,0
2550-QHZGP,0.1259,0,0
7530-HDYDS,0.1259,0,1
7459-IMVYU,0.1258,0,0
7928-VJYAB,0.1256,0,0
7402-EYFXX,0.1256,0,0
2085-BOJKI,0.1256,0,0
0576-WNXXC,0.1255,0,1
8327-WKMIE,0.1254,0,0
9742-XOKTS,0.1251,0,0
4285-GYRQC,0.1251,0,1
9631-RXVJM,0.1251,0,0
2616-UUTFK,0.125,0,0
7244-KXYZN,0.1249,0,0
8812-ZRHFP,0.1248,0,0
4079-VTGLK,0.1248,0,0
4130-MZLCC,0.1248,0,0
3683-QKIUE,0.1246,0,1
5726-CVNYA,0.1245,0,0
6765-MBQNU,0.1244,0,0
4615-PIVVU,0.1244,0,0
3224-DFQNQ,0.1243,0,0
3694-GLTJM,0.1242,0,0
9670-BPNXF,0.1242,0,0
7241-AJHFS,0.1242,0,0
9822-BIIGN,0.1242,0,0
2921-XWDJH,0.1241,0,0
8550-XSXUQ,0.1239,0,0
3583-KRKMD,0.1239,0,0
9470-XCCEM,0.1239,0,0
4636-JGAAI,0.1237,0,0
1370-GGAWX,0.1236,0,0
7136-IHZJA,0.1236,0,0
6060-DRTNL,0.1236,0,1
5232-NXPAY,0.1234,0,0
8623-ULFNQ,0.1234,0,0
5312-UXESG,0.1234,0,0
8707-RMEZH,0.1234,0,0
0447-RXSGD,0.1234,0,0
8080-POTJR,0.1234,0,0
9496-IVVRP,0.1233,0,0
3005-TYFRD,0.1233,0,0
4951-UKAAQ,0.1233,0,1
8874-EJNSR,0.1232,0,0
0813-TAXXS,0.1232,0,0
6032-KRXXO,0.1231,0,1
3488-PGMQJ,0.1231,0,1
5886-VLQVU,0.123,0,0
1565-RHDJD,0.123,0,1
0148-DCDOS,0.123,0,1
2122-SZZZD,0.1229,0,0
9089-UOWJG,0.1228,0,0
7696-AMHOD,0.1227,0,0
7739-LAXOG,0.1226,0,1
0980-FEXWF,0.1225,0,0
4482-FTFFX,0.1225,0,0
5168-MSWXT,0.1225,0,0
6496-JDSSB,0.1225,0,0
5312-TSZVC,0.1225,0,0
7916-VCCPB,0.1224,0,0
7861-UVUFT,0.1224,0,1
2027-DNKIV,0.1224,0,0
9290-SHCMB,0.1224,0,0
1591-MQJTP,0.1224,0,0
0585-EGDDA,0.1223,0,0
5266-PFRQK,0.1223,0,0
0057-QBUQH,0.1223,0,0
5716-EZXZN,0.1223,0,0
8430-TWCBX,0.1222,0,0
2155-AMQRX,0.1222,0,0
3823-KYNQY,0.1222,0,0
3446-QDSZF,0.1221,0,0
6599-SFQVE,0.122,0,0
0315-LVCRK,0.1218,0,0
8869-TORSS,0.1218,0,1
8559-CIZFV,0.1218,0,1
9189-JWSHV,0.1217,0,1
4210-QFJMF,0.1216,0,1
3987-KQDDU,0.1216,0,0
7319-VENRZ,0.1215,0,0
9833-TGFHX,0.1215,0,0
3164-AALRN,0.1215,0,1
1004-NOZNR,0.1214,0,0
9846-GKXAS,0.1213,0,1
8393-DLHGA,0.1213,0,1
9847-HNVGP,0.1212,0,0
2237-ZFSMY,0.1212,0,1
1353-GHZOS,0.1212,0,0
5423-BHIXO,0.1212,0,0
7305-ZWMAJ,0.121,0,0
2439-QKJUL,0.121,0,0
5384-ZTTWP,0.121,0,0
2346-LOCWC,0.1209,0,0
8976-OQHGT,0.1209,0,1
1670-SVOWZ,0.1208,0,1
8226-BXGES,0.1207,0,0
5312-IRCFR,0.1207,0,0
1784-BXEFA,0.1207,0,0
0484-FFVBJ,0.1207,0,0
5575-GNVDE,0.1207,0,0
3340-QBBFM,0.1206,0,0
0637-YLETY,0.1205,0,1
3898-GUYTS,0.1204,0,0
8496-EJAUI,0.1204,0,1
3359-DSRKA,0.1203,0,0
8003-EWNDZ,0.1202,0,0
1984-GPTEH,0.1202,0,0
9541-PWTWO,0.1201,0,0
7879-CGSFV,0.1201,0,0
0513-RBGPE,0.12,0,0
4277-UDIEF,0.12,0,0
9391-LMANN,0.12,0,0
0666-UXTJO,0.12,0,0
5269-NRGDP,0.12,0,0
0608-JDVEC,0.12,0,0
3908-BLSYF,0.1198,0,1
3549-ZTMNH,0.1198,0,0
8132-YPVBX,0.1197,0,0
1955-IBMMB,0.1197,0,0
0519-DRGTI,0.1196,0,0
4735-ASGMA,0.1196,0,1
6725-TPKJO,0.1196,0,0
6075-SLNIL,0.1194,0,0
6877-LGWXO,0.1191,0,1
5821-MMEIL,0.119,0,0
5536-RTPWK,0.119,0,1
1658-TJVOA,0.119,0,0
8100-HZZLJ,0.1189,0,0
6202-JVYEU,0.1189,0,0
5813-UECBU,0.1188,0,1
4468-KAZHE,0.1187,0,0
6171-ZTVYB,0.1186,0,0
3070-BDOQC,0.1184,0,0
7143-BQIBA,0.1184,0,0
8637-XJIVR,0.1184,0,1
7013-PSXHK,0.1183,0,0
8854-CCVSQ,0.118,0,1
2453-SAFNS,0.118,0,0
1970-KKFWL,0.1179,0,0
1952-DVVSW,0.1179,0,0
7803-XOCCZ,0.1179,0,0
0835-DUUIQ,0.1179,0,0
9133-AYJZG,0.1178,0,0
4468-YDOVK,0.1175,0,0
3312-UUMZW,0.1174,0,0
5961-VUSRV,0.1174,0,0
7673-LPRNY,0.1174,0,0
8277-RVRSV,0.1173,0,0
9128-CPXKI,0.117,0,0
3703-TTEPD,0.1169,0,0
5827-MWCZK,0.1169,0,0
8922-LIEGH,0.1169,0,1
6303-KFWSL,0.1168,0,0
7966-YOTQW,0.1168,0,0
8456-QDAVC,0.1168,0,0
3521-MNKLV,0.1168,0,0
6447-GORXK,0.1168,0,0
2245-ADZFJ,0.1167,0,0
2428-HYUNX,0.1167,0,0
2371-KFUOG,0.1165,0,0
7479-NITWS,0.1165,0,1
9467-ROOLM,0.1165,0,0
5913-INRQV,0.1164,0,0
9375-MHRRS,0.1164,0,0
2788-CJQAQ,0.1162,0,0
4709-LKHYG,0.116,0,0
5650-VDUDS,0.1159,0,1
5524-KHNJP,0.1158,0,0
4817-QRJSX,0.1158,0,1
0407-BDJKB,0.1157,0,1
0440-UEDAI,0.1157,0,0
5649-VUKMC,0.1157,0,1
5859-HZYLF,0.1156,0,0
6543-XRMYR,0.1155,0,1
1092-GANHU,0.1155,0,1
5924-SNGKP,0.1154,0,0
2706-QZIHY,0.1154,0,0
4737-HOBAX,0.1153,0,0
2495-KZNFB,0.1153,0,0
6878-GGDWG,0.1153,0,0
0661-WCQNQ,0.1153,0,0
5146-CBVOE,0.1153,0,0
3104-OWCGK,0.1152,0,1
5651-WYIPH,0.1151,0,0
5760-WRAHC,0.1151,0,0
3457-PQBYH,0.1151,0,0
8624-GIOUT,0.115,0,1
7217-JYHOQ,0.1149,0,0
7596-LDUXP,0.1149,0,0
9814-AOUDH,0.1144,0,0
6082-GLJIX,0.1144,0,0
5649-RXQTV,0.1138,0,0
1106-HRLKZ,0.1136,0,0
9402-ORRAH,0.1136,0,0
9480-BQJEI,0.1136,0,0
8461-EFQYM,0.1136,0,0
3982-JGSFD,0.1136,0,0
2351-BKRZW,0.1135,0,0
7998-ZLXWN,0.1135,0,0
3521-SYVOR,0.1135,0,1
5404-GGUKR,0.1133,0,0
9257-AZMTZ,0.1133,0,0
0581-MDMPW,0.1133,0,0
9837-FWLCH,0.1133,0,0
6266-QHOJZ,0.1132,0,0
5951-AOFIH,0.1131,0,0
5522-NYKPB,0.113,0,0
2189-UXTKY,0.1129,0,1
2348-KCJLT,0.1128,0,0
9058-HRZSV,0.1128,0,0
4980-URKXC,0.1127,0,0
6754-LZUKA,0.1126,0,0
7996-BPXHY,0.1125,0,0
3896-ZVNET,0.1124,0,0
6752-APNJL,0.1123,0,0
9050-QLROH,0.1121,0,1
4695-VADHF,0.1121,0,1
8547-NSBBO,0.1121,0,0
6791-YBNAK,0.112,0,0
4918-FYJNT,0.112,0,0
6614-VBEGU,0.1119,0,0
8388-DMKAE,0.1119,0,0
7156-MHUGY,0.1118,0,1
1020-JPQOW,0.1118,0,0
1840-BIUOG,0.1118,0,0
2466-NEJOJ,0.1116,0,0
2754-XBHTB,0.1116,0,1
8189-XRIKE,0.1112,0,0
0575-CUQOV,0.1111,0,0
2665-NPTGL,0.1109,0,0
6518-KZXCB,0.1108,0,0
6217-TOWGS,0.1107,0,0
4760-THGOT,0.1107,0,0
2843-CQMEG,0.1107,0,0
9178-JHUVJ,0.1105,0,0
9696-RMYBA,0.1105,0,0
1684-FLBGS,0.1105,0,0
2379-GYFLQ,0.1104,0,0
2978-XXSOG,0.11,0,0
6527-PZFPV,0.1097,0,0
4187-CINZD,0.1097,0,1
1391-UBDAR,0.1097,0,0
9445-SZLCH,0.1097,0,1
4619-EVPHY,0.1094,0,0
2952-QAYZF,0.1094,0,1
0135-NMXAP,0.1093,0,1
1306-RPWXZ,0.1093,0,0
8010-EZLOU,0.1092,0,1
7619-ODSGN,0.1092,0,1
3131-NWVFJ,0.1089,0,0
4307-KTUMW,0.1089,0,1
4145-UQXUQ,0.1089,0,1
7196-LIWRH,0.1088,0,0
2332-EFBJY,0.1088,0,1
7026-YMSBE,0.1086,0,0
8970-ANWXO,0.1086,0,0
0269-XFESX,0.1085,0,0
6377-KSLXC,0.1085,0,0
0060-FUALY,0.1084,0,0
4373-MAVJG,0.1084,0,1
0876-WDUUZ,0.1083,0,1
6322-PJJDJ,0.1082,0,0
5756-JYOJT,0.1081,0,0
8749-JMNKX,0.1081,0,1
1218-VKFPE,0.108,0,1
9391-DXGGG,0.108,0,0
4828-FAZPK,0.108,0,0
2845-HSJCY,0.1079,0,1
3750-RNQKR,0.1078,0,0
9509-MPYOD,0.1078,0,0
0940-OUQEC,0.1077,0,1
3452-FLHYD,0.1077,0,0
7129-CAKJW,0.1075,0,0
5176-LMJXE,0.1075,0,0
7297-DVYGA,0.1073,0,0
8096-LOIST,0.1073,0,0
8717-VCTXJ,0.1073,0,0
4700-UBQMV,0.1073,0,0
3671-SHRSP,0.1073,0,1
7126-RBHSD,0.1072,0,0
9738-QLWTP,0.1072,0,0
7503-QQRVF,0.1071,0,1
2927-QRRQV,0.107,0,0
2418-TPEUN,0.107,0,0
8406-LNMHF,0.107,0,0
0708-LGSMF,0.1069,0,0
6330-JKLPC,0.1069,0,1
0428-AXXLJ,0.1069,0,0
0378-NHQXU,0.1068,0,1
6704-UTUKK,0.1068,0,0
5651-YLPRD,0.1068,0,0
3721-WKIIL,0.1067,0,0
8563-IIOXK,0.1067,0,1
2916-BQZLN,0.1066,0,0
2257-BOVXD,0.1065,0,0
6538-POCHL,0.1064,0,0
9330-DHBFL,0.1061,0,0
3733-LSYCE,0.1061,0,0
4086-ATNFV,0.1061,0,0
4821-SJHJV,0.1061,0,0
8591-NXRCV,0.1061,0,0
0689-DSXGL,0.1059,0,0
9251-AWQGT,0.1059,0,0
4465-VDKIQ,0.1059,0,0
4815-GBTCD,0.1059,0,0
6979-TNDEU,0.1057,0,0
5609-IMCGG,0.1057,0,0
8268-YDIXR,0.1057,0,0
1346-PJWTK,0.1056,0,0
9909-DFRJA,0.1056,0,0
4902-OHLSK,0.1056,0,1
3723-BFBGR,0.1056,0,0
5949-XIKAE,0.1055,0,1
3374-LXDEV,0.1055,0,1
1092-WPIVQ,0.1055,0,0
5939-XAIXZ,0.1054,0,0
6252-DFGTK,0.1054,0,0
7649-PHJVR,0.1053,0,0
5167-GBFRE,0.1052,0,1
5777-ZPQNC,0.1052,0,0
6946-LMSQS,0.1051,0,1
7495-OOKFY,0.105,0,1
3948-XHGNA,0.105,0,1
6345-HOVES,0.105,0,0
2023-VQFDL,0.1049,0,0
9313-CDOGY,0.1049,0,0
6992-TKNYO,0.1049,0,0
5353-WILCI,0.1049,0,0
1998-VHJHK,0.1048,0,0
5349-AZPEW,0.1048,0,0
5131-PONJI,0.1047,0,0
7094-MSZAO,0.1046,0,0
4522-XRWWI,0.1046,0,0
2371-JQHZZ,0.1045,0,0
1121-QSIVB,0.1045,0,0
4633-MKHYU,0.1045,0,0
4815-TUMEQ,0.1042,0,0
1447-PJGGA,0.1042,0,1
5780-INQIK,0.1041,0,0
7018-WBJNK,0.1041,0,0
2740-JFBOK,0.1041,0,0
4922-CVPDX,0.104,0,0
0997-YTLNY,0.104,0,0
3771-PZOBW,0.1039,0,0
8746-OQQRW,0.1039,0,0
6839-ITVZJ,0.1038,0,1
8837-VVWLQ,0.1038,0,1
6522-YRBXD,0.1036,0,0
1709-EJDOX,0.1036,0,0
7787-BNTZM,0.1036,0,0
5606-AMZBO,0.1035,0,0
8595-SIZNC,0.1035,0,0
9504-YAZWB,0.1034,0,0
6789-HJBWG,0.1034,0,0
5433-KYGHE,0.1032,0,0
1095-JUDTC,0.1032,0,1
6257-RJOHI,0.1031,0,0
6923-AQONU,0.103,0,0
2108-GLPQB,0.103,0,0
0611-DFXKO,0.1028,0,1
8992-VONJD,0.1028,0,0
6198-RTPMF,0.1028,0,0
6873-UDNLD,0.1025,0,0
5108-ADXWO,0.1024,0,1
6047-SUHPR,0.102,0,0
7432-FFVAR,0.102,0,0
1894-IGFSG,0.1018,0,1
9391-EOYLI,0.1018,0,1
3283-WCWXT,0.1018,0,0
4795-WRNVT,0.1016,0,0
5198-EFNBM,0.1015,0,0
8404-FYDIB,0.1014,0,0
9885-AIBVB,0.1014,0,0
7032-LMBHI,0.1014,0,0
9602-WCXPI,0.1013,0,0
6507-ZJSUR,0.101,0,0
7554-NEWDD,0.1009,0,0
0956-ACVZC,0.1008,0,0
5692-ICXLW,0.1008,0,0
9917-KWRBE,0.1007,0,0
6435-SRWBJ,0.1006,0,0
6828-HMKWP,0.1004,0,0
0708-SJDIS,0.1004,0,0
9442-JTWDL,0.1003,0,0
6000-APYLU,0.1003,0,1
2475-MROZF,0.1003,0,0
5338-YHWYT,0.1003,0,0
3985-HOYPM,0.1002,0,0
5753-QQWPW,0.1001,0,0
4094-NSEDU,0.1,0,1
9711-FJTBX,0.1,0,0
2719-BDAQO,0.1,0,1
7854-EDSSA,0.1,0,1
4647-MUZON,0.0998,0,0
0489-WMEMG,0.0998,0,0
7016-BPGEU,0.0997,0,1
3096-IZETN,0.0997,0,1
1357-MVDOZ,0.0996,0,0
6937-GCDGQ,0.0996,0,0
7105-BENQF,0.0994,0,0
4480-QQRHC,0.0992,0,0
4822-NGOCH,0.099,0,1
6578-KRMAW,0.099,0,0
9912-GVSEQ,0.099,0,1
8337-MSSXB,0.099,0,1
8865-TNMNX,0.0989,0,0
9881-VCZEP,0.0988,0,0
1732-FEKLD,0.0986,0,0
7036-ZZKBD,0.0986,0,0
7674-YTAFD,0.0985,0,0
1527-SXDPN,0.0985,0,1
7216-KAOID,0.0983,0,0
8325-QRPZR,0.0983,0,0
8652-YHIYU,0.0981,0,0
8802-UNOJF,0.098,0,1
5439-WIKXB,0.098,0,0
1810-BOHSY,0.098,0,0
7639-SUPCW,0.0979,0,1
9046-DQMTP,0.0979,0,0
3137-LUPIX,0.0979,0,0
0257-KXZGU,0.0978,0,0
9170-ARBTB,0.0978,0,0
7826-VVKWT,0.0978,0,0
2694-CIUMO,0.0977,0,0
2589-AYCRP,0.0977,0,0
3318-ISQFQ,0.0977,0,0
6586-PSJOX,0.0976,0,0
8739-WWKDU,0.0975,0,1
7560-QRBXH,0.0975,0,0
0691-JVSYA,0.0972,0,1
2347-WKKAE,0.0972,0,0
2359-KLTEK,0.0971,0,0
6969-MVBAI,0.0971,0,0
6486-LHTMA,0.0971,0,0
7011-CVEUC,0.097,0,0
8417-GSODA,0.097,0,0
5844-QVTAT,0.097,0,0
5847-MXBEO,0.0969,0,0
3354-OADJP,0.0969,0,0
1174-FGIFN,0.0967,0,0
9894-QMIMJ,0.0967,0,0
5288-AHOUP,0.0967,0,0
6821-BUXUX,0.0965,0,1
1585-MQSSU,0.0964,0,1
3043-SUDUA,0.0964,0,0
7072-MBHEV,0.0963,0,0
7706-DZNKK,0.0963,0,0
0156-FVPTA,0.0961,0,1
4353-HYOJD,0.096,0,0
3981-QSVQI,0.0959,0,0
9530-EHPOH,0.0959,0,1
5789-LDFXO,0.0959,0,0
3351-NGXYI,0.0958,0,0
3207-OYBWH,0.0958,0,1
8337-UPOAQ,0.0955,0,1
1965-AKTSX,0.0955,0,1
1574-DYCWE,0.0954,0,0
2592-HODOV,0.0954,0,0
4503-BDXBD,0.0954,0,1
7336-RLLRH,0.0953,0,0
3059-NGMXB,0.0951,0,0
1346-UFHAX,0.095,0,0
1536-YHDOE,0.0949,0,0
0621-TSSMU,0.0948,0,0
4487-ZYJZK,0.0947,0,0
0939-EREMR,0.0947,0,0
2351-RRBUE,0.0946,0,0
6344-SFJVH,0.0946,0,0
1563-IWQEX,0.0946,0,0
8467-WYNSR,0.0945,0,0
8690-UPCZI,0.0945,0,0
2208-NQBCT,0.0944,0,0
4174-LPGTI,0.0944,0,1
5708-EVONK,0.0944,0,1
7623-HKYRK,0.0942,0,0
0471-LVHGK,0.0941,0,1
6961-MJKBO,0.0941,0,0
8680-CGLTP,0.0938,0,0
1338-CECEE,0.0937,0,0
7874-ECPQJ,0.0936,0,0
4830-FAXFM,0.0936,0,0
4123-DVHPH,0.0936,0,0
0096-FCPUF,0.0935,0,0
7746-QYVCO,0.0935,0,0
9392-XBGTD,0.0935,0,0
7502-BNYGS,0.0935,0,0
4694-PHWFW,0.0935,0,0
3398-FSHON,0.0935,0,1
5372-FBKBN,0.0934,0,0
5701-YVSVF,0.0934,0,0
6663-JOCQO,0.0934,0,0
9644-UMGQA,0.0933,0,0
8313-KTIHG,0.0932,0,0
2294-SALNE,0.0932,0,0
6671-NGWON,0.0931,0,0
6253-WRFHY,0.093,0,0
7527-QNRUS,0.0929,0,0
0872-NXJYS,0.0929,0,1
3058-WQDRE,0.0928,0,0
8981-FJGLA,0.0927,0,0
6712-OAWRH,0.0927,0,1
6029-CSMJE,0.0926,0,0
8540-ZQGEA,0.0926,0,0
9190-MFJLN,0.0926,0,1
2675-OTVVJ,0.0926,0,0
4013-UBXWQ,0.0926,0,1
4320-QMLLA,0.0925,0,0
4338-EYCER,0.0925,0,0
0902-RFHOF,0.0924,0,0
9948-YPTDG,0.0923,0,1
1965-DDBWU,0.0922,0,1
2120-SMPEX,0.0922,0,0
1193-RTSLK,0.0921,0,1
8763-KIAFH,0.0921,0,0
1925-GMVBW,0.0921,0,0
0112-QAWRZ,0.0919,0,0
4860-IJUDE,0.0919,0,0
4039-HEUNW,0.0918,0,1
5642-MHDQT,0.0917,0,0
1552-CZCLL,0.0916,0,0
9067-SQTNS,0.0916,0,0
1087-GRUYI,0.0915,0,0
4190-MFLUW,0.0914,0,1
1241-FPMOF,0.0914,0,0
3466-RITXD,0.0914,0,0
4811-JBUVU,0.0914,0,0
8257-RZAHR,0.0912,0,1
6620-HVDUJ,0.0911,0,0
7931-PXHFC,0.091,0,1
4500-HKANN,0.091,0,0
3724-UCSHY,0.0909,0,0
4808-YNLEU,0.0908,0,0
8945-MUQUF,0.0907,0,1
5197-PYEPU,0.0907,0,0
6286-ZHAOK,0.0907,0,0
3969-GYXEL,0.0906,0,0
2688-BHGOG,0.0906,0,0
8402-OOOHJ,0.0905,0,0
1428-GTBJJ,0.0905,0,1
4080-OGPJL,0.0904,0,1
0875-CABNR,0.0904,0,1
0727-IWKVK,0.0904,0,1
3705-PSNGL,0.0904,0,1
0547-HURJB,0.0903,0,0
0516-VRYBW,0.0903,0,1
1686-STUHN,0.0902,0,0
5495-GPSRW,0.0902,0,0
2373-NTKOD,0.09,0,0
8221-EQDGL,0.09,0,0
2207-QPJED,0.0899,0,0
0943-ZQPXH,0.0898,0,0
3243-ZHOHY,0.0897,0,0
7551-DACSP,0.0897,0,1
8785-EPNCG,0.0897,0,1
0002-ORFBO,0.0897,0,0
2959-FENLU,0.0896,0,0
5473-KHBPS,0.0895,0,0
2878-DHMIN,0.0895,0,0
5537-UXXVS,0.0894,0,0
7328-OWMOM,0.0894,0,0
7742-MYPGI,0.0894,0,0
0347-UBKUZ,0.0893,0,0
5989-PGKJB,0.0891,0,0
6005-OBZPH,0.0891,0,1
2384-OVPSA,0.0889,0,0
6692-UDPJC,0.0889,0,1
2474-LCNUE,0.0888,0,0
7407-SUJIZ,0.0887,0,0
5242-UOWHD,0.0887,0,0
2333-KWEWW,0.0885,0,0
4559-UWIHT,0.0885,0,0
5442-XSDCW,0.0885,0,1
2068-WWXQZ,0.0885,0,0
7483-IQWIB,0.0884,0,0
5774-XZTQC,0.0883,0,0
1402-PTHGN,0.0883,0,0
2486-WYVVE,0.0883,0,0
7321-PKUYW,0.088,0,1
0314-TKOSI,0.088,0,0
3113-IWHLC,0.0879,0,0
6000-UKLWI,0.0878,0,0
2507-QZPQS,0.0877,0,0
0311-UNPFF,0.0877,0,1
8205-MQUGY,0.0877,0,0
9068-FHQHD,0.0877,0,0
9692-TUSXH,0.0875,0,1
7658-UYUQS,0.0875,0,0
5093-FEGLU,0.0874,0,0
7435-ZNUYY,0.0873,0,0
4456-RHSNB,0.0873,0,0
7025-IWFHT,0.0872,0,0
1038-RQOST,0.0872,0,0
4860-YZGZM,0.087,0,0
3540-RZJYU,0.0869,0,1
3038-PQIUY,0.0869,0,0
3205-MXZRA,0.0869,0,0
4361-FEBGN,0.0868,0,0
4785-NKHCX,0.0866,0,0
3129-AAQOU,0.0865,0,0
3853-LYGAM,0.0863,0,0
0031-PVLZI,0.0862,0,1
3640-PHQXK,0.0861,0,1
1866-ZSLJM,0.0859,0,0
7547-EKNFS,0.0859,0,1
6349-JDHQP,0.0858,0,0
9617-UDPEU,0.0858,0,0
4536-PLEQY,0.0856,0,0
5616-PRTNT,0.0855,0,1
7964-YESJC,0.0855,0,0
8735-DCXNF,0.0854,0,0
5274-XHAKY,0.0852,0,0
5590-YRFJT,0.0852,0,1
9415-TPKRV,0.085,0,0
5161-XEUVX,0.085,0,0
9097-ZUBYC,0.0849,0,0
9867-NNXLC,0.0849,0,0
9391-TTOYH,0.0849,0,0
0377-JBKKT,0.0848,0,0
0071-NDAFP,0.0848,0,0
0487-VVUVK,0.0846,0,0
3466-WAESX,0.0846,0,0
9313-QOLTZ,0.0845,0,0
6599-GZWCM,0.0845,0,0
6834-NXDCA,0.0844,0,1
0895-LNKRC,0.0843,0,0
7054-ENNGU,0.0843,0,0
6568-POCUI,0.0842,0,0
7683-CBDKJ,0.0842,0,1
1575-KRZZE,0.0842,0,0
6319-IEJWJ,0.0841,0,1
8063-RJYNF,0.084,0,1
0318-ZOPWS,0.0839,0,0
6061-PQHMK,0.0839,0,0
4083-BFNYK,0.0839,0,0
4311-QTTAI,0.0839,0,0
7743-EXURX,0.0839,0,1
5012-YSPJJ,0.0839,0,0
8008-OTEZX,0.0838,0,0
5429-LWCMV,0.0838,0,0
0607-DAAHE,0.0837,0,1
2985-JUUBZ,0.0837,0,0
2930-UOTMB,0.0837,0,1
4186-ZBUEW,0.0835,0,0
4879-GZLFH,0.0834,0,0
5296-BFCYD,0.0834,0,0
8229-MYEJZ,0.0832,0,0
7102-JJVTX,0.0832,0,0
7016-NVRIC,0.0831,0,0
2192-OZITF,0.083,0,0
3842-QTGDL,0.0829,0,0
3750-YHRYO,0.0826,0,0
3045-XETSH,0.0826,0,1
2229-DPMBI,0.0826,0,0
5899-OUVKV,0.0826,0,0
9987-LUTYD,0.0825,0,0
0582-AVCLN,0.0825,0,0
3178-CIFOT,0.0824,0,0
3717-FDJFU,0.0824,0,0
1872-EBWSC,0.0823,0,0
2189-WWOEW,0.0823,0,1
4883-KCPZJ,0.0822,0,0
0003-MKNFE,0.0821,0,0
6366-XIVKZ,0.082,0,0
0750-EBAIU,0.082,0,0
5310-NOOVA,0.0819,0,0
6231-WFGFH,0.0819,0,0
1293-HHSHJ,0.0818,0,0
1552-TKMXS,0.0818,0,0
1559-DTODC,0.0817,0,0
8573-CGOCC,0.0817,0,0
1580-BMCMR,0.0814,0,0
6603-YRDCJ,0.0813,0,0
9773-PEQBZ,0.0813,0,0
8033-ATFAS,0.0812,0,0
5260-UMPWX,0.0812,0,0
1877-HKBQX,0.0811,0,0
8701-DGLVH,0.081,0,0
6497-TILVL,0.0807,0,0
2455-USLMV,0.0806,0,0
2266-FUBDZ,0.0805,0,0
2823-LKABH,0.0805,0,0
7647-GYYKX,0.0805,0,0
0040-HALCW,0.0803,0,0
5515-RUGKN,0.08,0,0
7410-KTVFV,0.08,0,1
5593-SUAOO,0.0799,0,0
7061-OVMIM,0.0799,0,0
5898-IGSLP,0.0798,0,0
3079-BCHLN,0.0798,0,0
8007-YYPWD,0.0797,0,0
5712-AHQNN,0.0797,0,0
1513-XNPPH,0.0796,0,1
5201-USSQZ,0.0795,0,0
8317-BVKSO,0.0793,0,0
5973-EJGDP,0.0793,0,0
3523-QRQLL,0.0792,0,1
6994-ORCWG,0.0791,0,0
3523-BRGUW,0.079,0,0
2322-VCZHZ,0.079,0,0
5231-FIQPA,0.079,0,0
1269-FOYWN,0.079,0,0
2796-NNUFI,0.0789,0,0
0991-BRRFB,0.0788,0,1
1735-XMJVH,0.0788,0,0
3914-FDRHP,0.0787,0,0
9938-PRCVK,0.0786,0,0
0064-SUDOG,0.0785,0,0
2960-NKRSO,0.0785,0,0
2208-MPXIO,0.0783,0,0
8225-BTJAU,0.0783,0,1
6705-LNMDD,0.0782,0,0
1624-WOIWJ,0.0781,0,1
5995-OIGLP,0.078,0,1
5914-DVBWJ,0.0779,0,1
6483-OATDN,0.0778,0,0
5136-RGMZO,0.0777,0,0
9921-QFQUL,0.0776,0,0
4203-QGNZA,0.0776,0,0
1173-NOEYG,0.0775,0,0
9986-BONCE,0.0774,0,1
2074-GUHPQ,0.0774,0,0
0506-YLVKJ,0.0773,0,0
4801-KFYKL,0.0772,0,0
3345-PBBFH,0.0772,0,0
1120-BMWUB,0.0772,0,1
4826-DXMUP,0.0771,0,0
2432-TFSMK,0.077,0,0
8859-DZTGQ,0.0767,0,0
8606-OEGQZ,0.0766,0,0
2657-ALMWY,0.0766,0,1
8510-BBWMU,0.0766,0,0
7812-FZHPE,0.0766,0,1
1792-UXAFY,0.0766,0,1
0354-VXMJC,0.0766,0,0
5366-OBVMR,0.0765,0,0
5871-DGTXZ,0.0764,0,0
2925-MXLSX,0.0763,0,0
0118-JPNOY,0.0763,0,0
2703-AMTUL,0.0762,0,0
4385-GZQXV,0.0762,0,1
1754-GKYPY,0.0758,0,0
1771-OADNZ,0.0757,0,1
4958-GZWIY,0.0756,0,1
2228-BZDEE,0.0755,0,0
8182-PNAGI,0.0755,0,1
5846-QFDFI,0.0753,0,0
9099-FTUHS,0.0752,0,0
8160-HOWOX,0.075,0,0
7919-ZODZZ,0.075,0,0
0854-UYHZD,0.075,0,0
7766-CLTIC,0.0749,0,0
4659-NZRUF,0.0749,0,1
2858-MOFSQ,0.0749,0,1
9524-EGPJC,0.0749,0,1
3280-NMUVX,0.0747,0,0
1794-SWWKL,0.0747,0,0
4378-BZYFP,0.0746,0,0
8902-ZEOVF,0.0743,0,0
3709-OIJEA,0.0742,0,0
2037-SGXHH,0.0742,0,1
1685-BQULA,0.0741,0,0
0564-MUUQK,0.0739,0,0
7927-AUXBZ,0.0738,0,1
4825-FUREZ,0.0738,0,0
0357-NVCRI,0.0737,0,0
1755-FZQEC,0.0737,0,0
6440-DKQGE,0.0736,0,0
9788-YTFGE,0.0736,0,0
9172-JITSM,0.0735,0,1
0365-TRTPY,0.0735,0,0
1722-LDZJS,0.0735,0,0
9609-BENEA,0.0735,0,0
2207-OBZNX,0.0734,0,1
0015-UOCOJ,0.0734,0,0
6288-LBEAR,0.0734,0,0
2139-FQHLM,0.0733,0,0
8220-OCUFY,0.0731,0,0
2428-ZMCTB,0.0731,0,0
4623-ZKHLY,0.0731,0,0
9961-JBNMK,0.0731,0,1
1236-WFCDV,0.073,0,1
5804-JMYIO,0.073,0,0
9367-TCUYN,0.0728,0,0
1964-SVLEA,0.0725,0,0
7123-WQUHX,0.0725,0,0
5982-FPVQN,0.0725,0,0
3402-XRIUO,0.0724,0,0
1173-XZPYF,0.0722,0,0
0454-OKRCT,0.0722,0,0
4335-UPJSI,0.0721,0,0
4397-FRLTA,0.0721,0,0
0839-QNXME,0.072,0,0
2683-BPJSO,0.0719,0,1
4223-BKEOR,0.0718,0,0
4365-MSDYN,0.0718,0,0
4640-UHDOS,0.0718,0,1
5402-HTOTQ,0.0718,0,0
0516-QREYC,0.0717,0,0
9546-KDTRB,0.0716,0,0
9229-RQABD,0.0715,0,0
5843-TTHGI,0.0712,0,0
7205-BAIAD,0.0711,0,0
4923-ADWXJ,0.0711,0,0
9555-SAHUZ,0.0708,0,0
0689-NKYLF,0.0708,0,1
6218-KNUBD,0.0708,0,0
8465-SBRXP,0.0707,0,0
1089-XZWHH,0.0706,0,0
6625-UTXEW,0.0706,0,0
2979-SXESE,0.0705,0,1
1848-LBZHY,0.0704,0,0
8067-NIOYM,0.0703,0,0
6016-LVTJQ,0.0702,0,0
3179-GBRWV,0.07,0,0
5519-TEEUH,0.07,0,0
5707-ORNDZ,0.07,0,1
4248-HCETZ,0.07,0,1
1644-IRKSF,0.0698,0,1
2320-TZRRH,0.0698,0,0
4316-XCSLJ,0.0698,0,0
0637-UBJRP,0.0695,0,1
7337-CINUD,0.0694,0,0
9831-BPFRI,0.0694,0,1
4248-QPAVC,0.0692,0,1
2495-TTHBQ,0.0691,0,0
4104-PVRPS,0.0689,0,0
0461-CVKMU,0.0685,0,1
3458-IDMFK,0.0685,0,0
1015-JPFYW,0.0684,0,0
4183-MYFRB,0.0684,0,0
5016-IBERQ,0.0684,0,0
2995-YWTCD,0.0682,0,0
6476-EPYZR,0.0682,0,0
9658-WYUFB,0.0682,0,1
2371-JUNGC,0.0682,0,0
4827-USJHP,0.0681,0,0
1629-DQQVB,0.068,0,0
1183-CANVH,0.068,0,0
8138-EALND,0.068,0,0
0285-INHLN,0.0679,0,0
3173-NVMPX,0.0679,0,0
1627-AFWVJ,0.0679,0,0
6507-DTJZV,0.0676,0,0
4521-YEEHE,0.0676,0,0
1697-NVVGY,0.0676,0,0
3778-FOAQW,0.0675,0,0
6648-INWPS,0.0675,0,0
8963-MQVYN,0.0673,0,0
2676-OXPPQ,0.0673,0,0
3097-PYWXL,0.0673,0,0
7682-AZNDK,0.0673,0,0
5639-NTUPK,0.0672,0,0
1093-YSWCA,0.0669,0,0
7311-MQJCH,0.0668,0,0
5447-VYTKW,0.0666,0,0
8314-HTWVE,0.0664,0,0
1902-XBTFB,0.0661,0,1
4160-AMJTL,0.0659,0,1
3097-FQTVJ,0.0658,0,0
9033-EOXWV,0.0657,0,1
9030-QGZNL,0.0657,0,0
0098-BOWSO,0.0656,0,0
6131-FOYAS,0.0656,0,0
3077-RSNTJ,0.0655,0,0
6563-VRERX,0.0652,0,0
6859-RKMZJ,0.0649,0,0
1336-EZFZY,0.0646,0,0
0301-KOBTQ,0.0646,0,0
0376-OIWME,0.0644,0,0
0114-RSRRW,0.0642,0,0
0486-LGCCH,0.0641,0,0
9938-ZREHM,0.0641,0,0
0625-AFOHS,0.0639,0,0
8590-OHDIW,0.0638,0,0
8942-DBMHZ,0.0637,0,0
4280-DLSHD,0.0637,0,0
0423-UDIJQ,0.0637,0,0
4522-AKYLR,0.0636,0,0
3873-NFTGI,0.0635,0,0
4703-MQYKT,0.0634,0,0
8791-GFXLZ,0.0631,0,0
6668-CNMFP,0.0628,0,0
8215-NGSPE,0.0628,0,0
2159-TURXX,0.0627,0,0
2709-UQGNP,0.0627,0,0
1205-WNWPJ,0.0625,0,1
3890-RTCMS,0.0623,0,0
1818-ESQMW,0.062,0,0
6371-NZYEG,0.0618,0,0
9730-DRTMJ,0.0617,0,0
7601-GNDYK,0.0616,0,0
9163-GHAYE,0.0616,0,0
7815-PDTHL,0.0615,0,0
1307-ATKGB,0.0615,0,0
4154-AQUGT,0.0615,0,1
7184-LRUUR,0.0614,0,0
0023-XUOPT,0.0612,0,1
7270-BDIOA,0.0612,0,1
2157-MXBJS,0.0611,0,1
5566-SOEZD,0.0609,0,0
8896-RAZCR,0.0608,0,0
5602-BVFMK,0.0608,0,0
2311-QYMUQ,0.0607,0,1
5366-IJEQJ,0.0607,0,1
7446-SFAOA,0.0606,0,0
6461-PPAXN,0.0606,0,0
8621-MNIHH,0.0606,0,1
8573-JGCZW,0.0605,0,0
1904-WAJAA,0.0605,0,0
5815-HGGHV,0.0602,0,0
7108-DGVUU,0.0602,0,0
5478-JJVZK,0.0602,0,0
5624-RYAMH,0.06,0,0
4625-LAMOB,0.0599,0,0
5198-HQAEN,0.0598,0,0
7517-LDMPS,0.0597,0,0
0750-EKNGL,0.0597,0,0
9483-GCPWE,0.0595,0,0
9364-YKUVW,0.0593,0,0
7976-CICYS,0.0593,0,0
2774-LVQUS,0.0593,0,1
3125-RAHBV,0.0591,0,0
4518-FZBSX,0.0588,0,0
1169-WCVAK,0.0587,0,0
6635-CPNUN,0.0587,0,0
5687-DKDTV,0.0587,0,1
3146-JTQHR,0.0584,0,0
2186-QZEYA,0.0583,0,0
5092-STPKP,0.0583,0,0
4750-UKWJK,0.0583,0,0
7299-GNVPL,0.0583,0,0
4526-ZJJTM,0.0582,0,0
6087-MVHJH,0.0582,0,1
4931-TRZWN,0.0582,0,0
0297-RBCSG,0.058,0,0
3280-MRDOF,0.0578,0,0
1452-KIOVK,0.0577,0,0
8663-UPDGF,0.0577,0,0
8883-GRDWQ,0.0577,0,0
5057-RKGLH,0.0576,0,0
1821-BUCWY,0.0576,0,0
0754-EEBDC,0.0574,0,0
2801-NISEI,0.0574,0,0
4933-IKULF,0.0573,0,0
6413-XKKPU,0.0573,0,1
2682-KEVRP,0.0572,0,0
6131-JLWZM,0.0571,0,0
2065-MMKGR,0.0569,0,0
8577-QSOCG,0.0569,0,0
5572-ZDXHY,0.0568,0,1
2595-KIWPV,0.0564,0,0
2690-DVRVK,0.0564,0,0
6265-FRMTQ,0.0563,0,0
5014-GSOUQ,0.0561,0,0
6421-SZVEM,0.0559,0,0
2729-VNVAP,0.0558,0,0
2039-JONDJ,0.0557,0,0
4735-BJKOU,0.0556,0,0
2300-RQGOI,0.0554,0,0
8565-CLBZW,0.0554,0,1
1852-XEMDW,0.0554,0,0
2087-QAREY,0.0553,0,0
1395-WSWXR,0.0552,0,0
7422-WNBTY,0.0549,0,0
5063-IUOKK,0.0547,0,0
9793-WECQC,0.0544,0,0
7977-HXJKU,0.0544,0,0
3737-XBQDD,0.0544,0,0
4558-CGYCZ,0.0544,0,0
0557-ASKVU,0.0543,0,0
8189-DUKMV,0.0542,0,0
4884-LEVMQ,0.0541,0,0
1352-VHKAJ,0.054,0,0
2223-KAGMX,0.0538,0,1
8263-OKETD,0.0538,0,0
0080-EMYVY,0.0538,0,0
2882-DDZPG,0.0534,0,0
4945-RVMTE,0.0533,0,0
6419-ZTTLE,0.0533,0,0
8383-SGHJU,0.0531,0,0
3482-ABPKK,0.0529,0,0
4558-FANTW,0.0529,0,1
4824-GUCBY,0.0529,0,0
6475-VHUIZ,0.0525,0,0
5148-HKFIR,0.0521,0,0
4183-WCSEP,0.0519,0,1
2907-ILJBN,0.0519,0,0
2958-NHPPS,0.0517,0,0
5039-LZRQT,0.0513,0,0
3374-PZLXD,0.0512,0,0
9418-RUKPH,0.0512,0,0
0674-DGMAQ,0.0512,0,0
4644-PIZRT,0.0511,0,0
6778-EICRF,0.0509,0,0
9860-LISIZ,0.0508,0,0
0603-OLQDC,0.0508,0,0
2188-SXWVT,0.0508,0,0
1855-AGAWH,0.0507,0,0
1597-LHYNC,0.0505,0,1
4716-MRVEN,0.0504,0,0
1682-VCOIO,0.0503,0,0
9184-GALIL,0.0503,0,0
8399-YNDCH,0.0502,0,1
0682-USIXD,0.0498,0,0
8173-RXAYP,0.0495,0,0
2749-CTKAJ,0.0495,0,0
0578-SKVMF,0.0491,0,1
9052-DHNKM,0.0488,0,0
5837-LXSDN,0.0486,0,0
6575-SUVOI,0.0485,0,0
6897-UUBNU,0.0485,0,0
6156-UZDLF,0.0485,0,0
5062-CJJKH,0.0484,0,0
9069-LGEUL,0.0483,0,0
2732-ISEZX,0.0483,0,0
9058-MJLZC,0.0483,0,0
9746-UGFAC,0.0481,0,0
3348-CFRNX,0.0479,0,1
5778-BVOFB,0.0476,0,0
4537-CIBHB,0.0474,0,0
1849-RJYIG,0.0473,0,0
7459-RRWQZ,0.0472,0,1
4609-KNNWG,0.0472,0,0
0219-QAERP,0.0471,0,0
5918-VUKWP,0.047,0,0
7696-CFTAT,0.0469,0,0
4576-CSAJH,0.0469,0,1
6164-HXUGH,0.0469,0,0
8387-UGUSU,0.0467,0,0
9972-NKTFD,0.0461,0,0
8908-SLFCJ,0.0459,0,0
2805-AUFQN,0.0459,0,0
1270-XKUCC,0.0458,0,0
3976-BWUCK,0.0456,0,1
5419-KLXBN,0.0454,0,1
3003-CMDUU,0.0451,0,0
6746-WAUWT,0.0448,0,0
2642-MAWLJ,0.0446,0,0
3800-LYTRK,0.0443,0,0
8075-GXIUB,0.0443,0,0
6261-LHRTG,0.0442,0,0
5084-OOVCJ,0.0441,0,0
7277-KAMWT,0.0441,0,0
3301-LSLWQ,0.0436,0,0
2150-OEGBV,0.0435,0,0
2684-EIWEO,0.0432,0,1
7133-VBDCG,0.0432,0,1
4673-KKSLS,0.0431,0,0
1481-ZUWZA,0.043,0,1
6479-OAUSD,0.0429,0,0
7677-SJJJK,0.0426,0,0
9801-NOSHQ,0.0426,0,0
2277-AXSDC,0.0423,0,0
5396-IZEPB,0.0422,0,0
4013-TLDHQ,0.0421,0,1
1843-TLSGD,0.042,0,0
9931-DCEZH,0.0418,0,0
9548-LERKT,0.0416,0,0
4732-RRJZC,0.0415,0,0
7632-YUTXB,0.0415,0,0
1104-FEJAM,0.0415,0,0
9150-KPBJQ,0.0414,0,0
6147-CBCRA,0.0413,0,0
5850-BDWCY,0.0413,0,0
4685-TFLLS,0.041,0,0
4701-MLJPN,0.0409,0,1
3675-YDUPJ,0.0408,0,0
4486-EFAEB,0.0407,0,0
8748-HFWBO,0.0406,0,0
9481-SFCQY,0.0406,0,0
3556-BVQGL,0.0405,0,0
6082-OQFBA,0.0403,0,0
9618-LFJRU,0.0403,0,0
2138-VFAPZ,0.0402,0,0
3865-ZFZIB,0.0402,0,0
9473-CBZOP,0.04,0,0
4712-UYOOI,0.0398,0,0
5177-RVZNU,0.0397,0,0
3721-CNZHX,0.0394,0,0
3769-MHZNV,0.0394,0,0
4324-BZCKL,0.0392,0,0
6551-VLJMV,0.0391,0,0
8966-OIQHG,0.0389,0,0
9705-ZJBCG,0.0386,0,0
0895-LMRSF,0.0384,0,0
9574-RKJIF,0.0381,0,1
2717-HVIZY,0.0373,0,0
5505-OVWQW,0.0372,0,0
6040-CGACY,0.0372,0,0
1776-SPBWV,0.037,0,0
9526-JAWYF,0.0369,0,1
6698-OXETB,0.0369,0,0
3078-ZKNTS,0.0369,0,0
7850-THJMU,0.0368,0,0
1226-JZNKR,0.0362,0,0
7552-KEYGT,0.0362,0,0
5849-ASHZJ,0.0358,0,0
3423-HHXAO,0.0356,0,0
7105-MXJLL,0.0352,0,0
1373-ORVIZ,0.0351,0,1
8544-GOQSH,0.0349,0,0
0164-XAIRP,0.0349,0,0
6506-EYCNH,0.0349,0,0
6898-MDLZW,0.0348,0,0
4939-KYYPY,0.0346,0,0
1699-TLDLZ,0.0345,0,0
3070-FNFZQ,0.0344,0,0
1089-HDMKP,0.034,0,0
9798-DRYDS,0.034,0,0
8084-OIVBS,0.0338,0,0
0956-SYCWG,0.0338,0,0
6278-FEPBZ,0.0337,0,0
1038-ZAGBI,0.0336,0,1
2840-XANRC,0.0329,0,1
6214-EDAKZ,0.0324,0,1
7279-NMVJC,0.0323,0,0
0422-OHQHQ,0.032,0,0
9143-CANJF,0.0313,0,0
1009-IRMNA,0.0312,0,1
7845-URHJN,0.0312,0,1
9932-WBWIK,0.0311,0,0
1635-HDGFT,0.0311,0,0
1803-BGNBD,0.0308,0,0
8773-HHUOZ,0.0308,0,1
0859-YGKFW,0.0306,0,0
6319-QSUSR,0.0306,0,0
3752-CQSJI,0.0304,0,0
9578-VRMNM,0.0302,0,1
1069-QJOEE,0.0301,0,0
2937-FTHUR,0.0301,0,0
1401-FTHFQ,0.0299,0,0
8022-BECSI,0.0293,0,0
0224-NIJLP,0.0293,0,0
4318-RAJVY,0.0293,0,0
3824-RHKVR,0.0285,0,0
5124-EOGYE,0.0283,0,0
5688-KZTSN,0.0282,0,1
7817-OMJNA,0.0281,0,0
0310-VQXAM,0.028,0,0
4936-YPJNK,0.0279,0,0
5345-BMKWB,0.0278,0,0
0872-JCPIB,0.0276,0,0
7777-UNYHB,0.0276,0,0
2931-FSOHN,0.0276,0,0
0536-BGFMZ,0.0276,0,0
4182-BGSIQ,0.0274,0,0
1328-EUZHC,0.0274,0,0
7446-YPODE,0.0273,0,0
0228-MAUWC,0.0273,0,0
0774-IFUVM,0.0273,0,0
1498-DQNRX,0.0268,0,0
7140-ADSMJ,0.0268,0,0
2346-CZYIL,0.0268,0,0
7813-TKCVO,0.0264,0,0
6652-YFFJO,0.0263,0,0
3190-FZATL,0.0261,0,0
4895-TMWIR,0.0258,0,1
1699-HPSBG,0.0255,0,1
6100-FJZDG,0.0255,0,0
7267-FRMJW,0.0251,0,0
5206-HPJKM,0.025,0,0
8143-ETQTI,0.0246,0,0
2829-HYVZP,0.0244,0,0
3061-BCKYI,0.0244,0,0
0594-UFTUL,0.0238,0,0
8735-NBLWT,0.0234,0,0
2819-GWENI,0.0234,0,0
0142-GVYSN,0.0233,0,0
0396-UKGAI,0.0228,0,0
9967-ATRFS,0.0227,0,0
9504-DSHWM,0.0227,0,0
9474-PHLYD,0.0225,0,1
7010-ZMVBF,0.022,0,0
4083-EUGRJ,0.0218,0,1
4568-TTZRT,0.0214,0,0
4092-OFQZS,0.0213,0,0
0787-LHDYT,0.0208,0,0
5438-QMDDL,0.0207,0,0
6036-TTFYU,0.0206,0,0
3594-BDSOA,0.0201,0,0
1245-HARPS,0.0199,0,0
8746-BFOAJ,0.0198,0,0
8109-YUOHE,0.0196,0,0
8292-TYSPY,0.0195,0,1
2466-FCCPT,0.0185,0,0
8439-LTUGF,0.0185,0,0
5577-OTWWW,0.0182,0,1
0380-ZCSBI,0.0178,0,0
9522-ZSINC,0.0167,0,0
8884-MRNSU,0.0157,0,0
8204-TIFGJ,0.0149,0,0
3181-MIZBN,0.0139,0,0
6861-OKBCE,0.0128,0,1
9621-OUPYD,0.0127,0,0
2164-SOQXL,0.0124,0,0
3623-FQBOX,0.0123,0,0
7596-IIWYC,0.0122,0,0
6838-HVLXG,0.0111,0,0
4018-KJYUY,0.01,0,0
7047-YXDMZ,0.0095,0,0
4632-PAOYU,0.0095,0,0
5546-QUERU,0.0093,0,0
5469-NUJUR,0.0086,0,0
1790-NESIO,0.0082,0,0
6131-IUNXN,0.008,0,0
1159-WFSGR,0.0078,0,0
8999-EXMNO,0.0075,0,0
1223-UNPKS,0.0067,0,0
1930-BZLHI,0.0066,0,0
1178-PZGAB,0.0063,0,0
0829-DDVLK,0.0058,0,0
3011-WQKSZ,0.0058,0,0
4359-INNWN,0.0054,0,0
7542-CYDDM,0.0047,0,0
1763-KUAAW,0.0046,0,0
4488-PSYCG,0.0046,0,1
4616-EWBNJ,0.0046,0,0
4804-NCPET,0.0,0,0
