customer_id,monthly_potential_eur,upsell_priority
0621-JFHOL,52.3,High
9560-BBZXK,51.94,High
7340-KEFQE,49.23,High
3298-QEICA,48.67,High
9236-NDUCW,48.51,High
0191-EQUUH,48.49,High
0458-HEUZG,48.08,High
6122-EFVKN,48.07,High
8069-RHUXK,47.9,High
3884-UEBXB,47.87,High
6158-DWPZT,47.38,High
8727-XDPUD,47.23,High
9795-VOWON,46.91,High
3417-TSCIC,46.75,High
3069-SSVSN,46.18,High
1696-MZVAU,45.99,High
4940-KHCWD,45.01,High
8046-DNVTL,44.82,High
2162-FRZAA,44.81,High
7963-SHNDT,44.41,High
3635-JBPSG,44.41,High
5472-CVMDX,44.39,High
3511-BFTJW,44.35,High
6119-SPUDB,44.35,High
0979-MOZQI,44.32,High
8242-PDSGJ,44.25,High
8882-TLVRW,44.16,High
1116-FRYVH,43.98,High
0343-QLUZP,43.96,High
0056-EPFBG,43.87,High
9796-MVYXX,43.63,High
7492-TAFJD,43.57,High
3933-DQPWX,43.44,High
9674-EHPPG,43.24,High
2335-GSODA,43.21,High
7758-UJWYS,42.97,High
7665-NKLAV,42.84,High
2996-XAUVF,42.76,High
7321-ZNSLA,42.63,High
3891-NLXJB,42.51,High
7816-VGHTO,42.47,High
0946-FKYTX,42.38,High
9758-MFWGD,42.33,High
4776-XSKYQ,42.19,High
4999-IEZLT,42.15,High
9309-BZGNT,42.1,High
9750-BOOHV,42.07,High
3551-GAEGL,42.03,High
6174-NRBTZ,41.93,High
3908-MKIMJ,41.62,High
0526-SXDJP,41.57,High
4837-PZTIC,41.55,High
1303-SRDOK,41.31,High
3249-VHRIP,39.59,High
0567-XRHCU,39.23,High
9610-WCESF,39.23,High
0895-UADGO,39.13,High
7274-CGTOD,39.07,High
9174-IHETN,38.52,High
4198-VFOEA,38.47,High
0756-MPZRL,38.27,High
2316-ESMLS,38.26,High
5199-FPUSP,38.12,High
0562-KBDVM,38.0,High
6723-CEGQI,37.99,High
0019-GFNTW,37.89,High
3034-ZBEQN,37.64,High
1623-NLDOT,37.46,High
9581-GVBXT,37.45,High
0723-VSOBE,37.39,High
2580-ASVVY,37.34,High
1430-SFQSA,37.33,High
0121-SNYRK,37.18,High
6481-LXPWL,37.16,High
0305-SQECB,37.16,High
8898-KASCD,37.13,High
0017-DINOC,37.12,High
2259-OUUSZ,37.1,High
1397-XKKWR,37.07,High
5245-VDBUR,37.05,High
5701-GUXDC,37.02,High
3739-YBWAB,37.01,High
9286-BHDQG,36.97,High
5170-PTRKA,36.87,High
4032-RMHCI,36.8,High
2144-ESWKO,36.79,High
7110-BDTWG,36.77,High
3648-GZPHF,36.74,High
4115-UMJFQ,36.73,High
2253-KPMNB,36.73,High
0230-UBYPQ,36.7,High
5227-JSCFE,36.53,High
2073-QBVBI,36.41,High
9885-MFVSU,36.4,High
8780-YRMTT,36.25,High
4872-JCVCA,36.17,High
2361-FJWNO,36.15,High
5126-RCXYW,36.01,High
4676-WLUHT,35.69,High
5671-RQRLP,35.13,High
0369-ZGOVK,34.87,High
0617-AQNWT,34.84,High
0848-SOMKO,34.84,High
6556-DBKZF,34.63,High
3566-CAAYU,34.5,High
6559-ILWKJ,34.46,High
9565-JSNFM,34.42,High
7599-NTMDP,34.32,High
5397-TUPSH,34.31,High
1814-WFGVS,34.18,High
1334-FJSVR,34.17,High
6834-NXDCA,34.16,High
5650-VDUDS,34.12,High
2192-CKRLV,34.11,High
5351-QESIO,34.07,High
7365-BVCJH,34.02,High
6180-YBIQI,34.01,High
3439-GVUSX,34.01,High
9895-VFOXH,34.0,High
5482-PLVPE,34.0,High
1777-JYQPJ,34.0,High
2933-FILNV,33.98,High
4236-UJPWO,33.9,High
8263-JQAIK,33.9,High
9136-ALYBR,33.9,High
4312-GVYNH,33.89,High
5261-QSHQM,33.89,High
5590-YRFJT,33.86,High
2346-DJQTB,33.85,High
8904-OPDCK,33.84,High
2862-PFNIK,33.82,High
5215-LNLDJ,33.81,High
3055-MJDSB,33.8,High
9227-LUNBG,33.8,High
4729-XKASR,33.79,High
2592-SEIFQ,33.78,High
2538-OIMXF,33.77,High
1024-GUALD,33.77,High
6366-ZGQGL,33.77,High
7932-WPTDS,33.77,High
7802-EFKNY,33.73,High
1335-NTIUC,33.73,High
5167-GBFRE,33.73,High
9638-JIQYA,33.72,High
4367-NHWMM,33.71,High
1329-VHWNP,33.7,High
6344-SFJVH,33.67,High
1936-CZAKF,33.66,High
0746-JTRFU,33.66,High
9862-KJTYK,33.65,High
0804-XBFBV,33.63,High
4819-HJPIW,33.63,High
7909-FIOIY,33.62,High
9743-DQKQW,33.61,High
6542-LWGXJ,33.6,High
0616-ATFGB,33.57,High
7089-XXAYG,33.56,High
2672-DZUOY,33.55,High
3058-WQDRE,33.55,High
4815-GBTCD,33.55,High
0023-HGHWL,33.55,High
6032-IGALN,33.54,High
5349-AZPEW,33.54,High
9907-SWKKF,33.54,High
7537-RBWEA,33.54,High
5480-HPRRX,33.54,High
7242-QZLXF,33.53,High
1768-ZAIFU,33.52,High
8993-PHFWD,33.52,High
4987-GQWPO,33.52,High
4195-NZGTA,33.52,High
0612-RTZZA,33.52,High
0277-ORXQS,33.51,High
2209-XADXF,33.51,High
8260-NGFNY,33.51,High
6464-KEXXH,33.51,High
6158-HDPXZ,33.51,High
1559-DTODC,33.5,High
7605-BDWDC,33.49,High
7016-BPGEU,33.49,High
0420-BWTPW,33.49,High
9000-PLFUZ,33.48,High
3797-VTIDR,33.48,High
4282-ACRXS,33.47,High
6345-HOVES,33.44,High
6447-GORXK,33.4,High
9928-BZVLZ,33.38,High
7021-XSNYE,33.35,High
6791-YBNAK,33.27,High
6029-CSMJE,33.25,High
0661-XEYAN,33.24,High
1496-GGSUK,33.24,High
6743-HHQPF,33.19,High
1153-GNOLC,33.18,High
4291-HYEBC,33.09,High
3813-DHBBB,33.08,High
5397-NSKQG,33.06,High
5656-MJEFC,33.03,High
3787-TRIAL,32.97,High
7173-TETGO,32.95,High
0298-XACET,32.83,High
9845-PEEKO,32.68,High
7564-GHCVB,32.67,High
1929-ZCBHE,32.62,High
6670-MFRPK,32.61,High
8319-QBEHW,32.47,High
6967-PEJLL,32.31,High
6810-VCAEX,32.29,High
5125-CNDSP,32.06,High
9495-REDIY,31.86,High
6701-DHKWQ,31.85,High
6114-TCFID,31.78,High
8328-SKJNO,31.77,High
4654-GGUII,31.75,High
1729-VLAZJ,31.74,High
5640-CAXOA,31.62,High
0373-AIVNJ,31.56,High
6950-TWMYB,31.55,High
0308-IVGOK,31.47,High
2606-PKWJB,31.46,High
7325-ENZFI,31.42,High
1206-EHBDD,31.26,High
4039-PIMHX,31.22,High
4472-LVYGI,31.17,High
8745-PVESG,31.14,High
4905-JEFDW,31.12,High
9541-ZPSEA,31.08,High
7666-WKRON,31.05,High
2877-VDUER,31.02,High
0454-OKRCT,30.94,High
6867-ACCZI,30.84,High
7795-CFOCW,30.72,High
6599-GZWCM,30.67,High
9867-XOBQA,30.53,High
1813-JYWTO,30.51,High
8292-FRFZQ,30.46,High
4835-YSJMR,30.44,High
1096-ADRUX,30.4,High
2773-MADBQ,30.39,High
5135-RDDQL,30.29,High
9906-NHHVC,30.15,High
6434-TTGJP,29.99,High
8035-BUYVG,29.91,High
5110-CHOPY,29.84,High
1139-WUOAH,29.82,High
4513-CXYIX,29.81,High
5176-LDKUH,29.74,High
5010-IPEAQ,29.53,High
9040-KZVWO,29.51,High
2197-OMWGI,29.48,High
7191-ADRGF,29.45,High
8819-WFGGJ,29.45,High
3704-IEAXF,29.4,High
2770-NSVDG,29.38,High
6164-HAQTX,29.38,High
7853-OETYL,29.34,High
8587-XYZSF,29.33,High
5583-EJXRD,29.27,High
6034-ZRYCV,29.26,High
0739-UUAJR,29.26,High
0282-NVSJS,29.18,High
0668-OGMHD,29.18,High
5233-GEEAX,29.14,High
5016-ETTFF,29.14,High
6661-EIPZC,29.14,High
3256-EZDBI,29.13,High
3285-UCQVC,29.12,High
1816-FLZDK,29.12,High
6022-KOUQO,29.1,High
5133-VRSAB,29.07,High
6624-JDRDS,29.07,High
9626-WEQRM,29.06,High
0975-VOOVL,28.98,High
6202-DYYFX,28.95,High
5960-MVTUK,28.94,High
1142-WACZW,28.93,High
6235-VDHOM,28.93,High
1442-BQPVU,28.92,High
2826-DXLQO,28.92,High
7636-OWBPG,28.91,High
4310-KEDTB,28.88,High
4801-JZAZL,28.87,High
7421-ZLUPA,28.85,High
8901-HJXTF,28.84,High
5256-SKJGO,28.83,High
8799-OXZMD,28.77,High
9572-WUKSB,28.75,High
8650-RHRKE,28.74,High
1360-RCYRT,28.73,High
0928-JMXNP,28.72,High
2586-CWXVV,28.72,High
7758-XKCBS,28.71,High
6713-OKOMC,28.7,High
5143-EGQFK,28.7,High
4592-IWTJI,28.67,High
3677-IYRBF,28.63,High
7740-KKCXF,28.63,High
9102-OXKFY,28.62,High
9526-BIHHD,28.61,High
5999-LCXAO,28.61,High
0909-SDHNU,28.6,High
7622-NXQZR,28.6,High
2233-TXSIU,28.55,High
7284-ZZLOH,28.5,High
2533-TIBIX,28.5,High
9057-MSWCO,28.47,High
5533-RJFTJ,28.47,High
6598-KELSS,28.45,High
3745-HRPHI,28.43,High
5202-IVJNU,28.43,High
4625-EWPTF,28.43,High
6656-JWRQX,28.43,High
3538-WZPHD,28.42,High
6549-NNDYT,28.41,High
3082-VQXNH,28.4,High
4030-VPZBD,28.4,High
8167-GJLRN,28.4,High
8676-OOQEJ,28.4,High
6543-CPZMK,28.39,High
6317-YPKDH,28.39,High
7590-VHVEG,28.38,High
2606-RMDHZ,28.38,High
0032-PGELS,28.36,High
1282-IHQAC,28.32,High
7253-UVNDW,28.32,High
8205-OTCHB,28.31,High
4825-XJGDM,28.26,High
1078-TDCRN,28.24,High
3689-MOZGR,28.24,High
7244-QWYHG,28.23,High
6637-KYRCV,28.21,High
9388-ZEYVT,28.16,High
1432-FPAXX,28.16,High
5156-UMKOW,28.16,High
7389-KBFIT,28.14,High
3237-AJGEH,28.11,High
4992-LTJNE,28.06,High
0811-GSDTP,28.04,High
1716-LSAMB,28.03,High
1395-OFUWC,28.01,High
8665-UTDHZ,28.01,High
4057-FKCZK,27.98,High
7688-AWMDX,27.96,High
1322-AGOQM,27.96,High
7029-IJEJK,27.96,High
6348-SNFUS,27.89,High
2314-TNDJQ,27.87,High
6177-PEVRA,27.79,High
4544-RXFMG,27.77,High
8208-EUMTE,27.74,High
1271-UODNO,27.73,High
4859-ZSRDZ,27.72,High
5067-WJEUN,27.68,High
2904-GGUAZ,27.65,High
2137-DQMEV,27.63,High
6339-DKLMK,27.6,High
8069-YQQAJ,27.59,High
9746-YKGXB,27.58,High
8919-FYFQZ,27.54,High
5872-OEQNH,27.45,High
1371-DWPAZ,27.44,High
7636-PEPNS,27.43,High
8883-ANODQ,27.39,High
7338-ERIVA,27.38,High
5868-CZJDR,27.37,High
3057-VJJQE,27.34,High
1335-MXCSE,27.33,High
1209-VFFOC,27.29,High
3638-DIMPH,27.26,High
4081-DYXAV,27.19,High
8398-TBIYD,27.18,High
6522-OIQSX,27.18,High
1298-PHBTI,27.15,High
2599-CZABP,27.05,High
0230-WEQUW,27.05,High
8718-PTMEZ,27.0,High
8169-SAEJD,26.99,High
7570-WELNY,26.97,High
8231-BSWXX,26.97,High
5160-UXJED,26.95,High
7136-RVDTZ,26.85,High
7971-HLVXI,26.82,High
0014-BMAQU,26.82,High
0234-TEVTT,26.82,High
7594-LZNWR,26.73,High
0233-FTHAV,26.72,High
7269-JISCY,26.69,High
8165-CBKXO,26.69,High
8627-ZYGSZ,26.68,High
2212-LYASK,26.59,High
5386-THSLQ,26.57,High
9142-KZXOP,26.56,High
1337-BOZWO,26.53,High
9138-EFSMO,26.47,High
7855-DIWPO,26.45,High
6416-TVAIH,26.41,High
7718-RXDGG,26.4,High
2856-HYAPG,26.4,High
9702-AIUJO,26.39,High
6968-MHOMU,26.37,High
1025-FALIX,26.37,High
3398-ZOUAA,26.34,High
9824-BEMCV,26.34,High
8725-JEDFD,26.32,High
4806-HIPDW,26.31,High
3716-BDVDB,26.31,High
3871-IKPYH,26.31,High
8224-UAXBZ,26.31,High
1447-GIQMR,26.31,High
6227-HWPWX,26.31,High
8993-IZEUX,26.28,High
8990-ZXLSU,26.28,High
2575-GFSOE,26.28,High
7129-AZJDE,26.28,High
0018-NYROU,26.27,High
3453-RTHJQ,26.26,High
6993-OHLXR,26.25,High
1086-LXKFY,26.23,High
2834-JKOOW,26.22,High
8485-GJCDN,26.21,High
4692-NNQRU,26.2,High
7112-OPOTK,26.19,High
9701-CDXHR,26.16,High
7771-ZONAT,26.11,High
1414-YADCW,26.04,High
4704-ERYFC,26.02,High
8652-YHIYU,26.02,High
7924-GJZFI,26.02,High
0679-IDSTG,26.01,High
3223-DWFIO,26.01,High
2799-ARNLO,26.01,High
5027-QPKTE,26.01,High
9799-CAYJJ,26.01,High
6457-GIRWB,26.0,High
2079-FBMZK,26.0,High
7660-HDPJV,26.0,High
7206-GZCDC,26.0,High
9728-FTTVZ,26.0,High
3428-XZMAZ,26.0,High
5884-GCYMI,25.99,High
5044-LRQAQ,25.99,High
7908-QCBCA,25.98,High
8565-WUXZU,25.94,High
3750-CKVKH,25.87,High
2506-TNFCO,25.85,High
1820-TQVEV,25.85,High
2636-ALXXZ,25.85,High
6502-MJQAE,25.85,High
0488-GSLFR,25.85,High
8375-DKEBR,25.85,High
5276-KQWHG,25.85,High
7665-TOALD,25.85,High
0455-XFASS,25.85,High
4291-SHSBH,25.85,High
9576-ANLXO,25.84,High
5186-SAMNZ,25.83,High
4983-CCWMC,25.83,High
4110-PFEUZ,25.83,High
8120-JDCAM,25.82,High
3999-QGRJH,25.74,High
4482-EWFMI,25.73,High
2058-DCJBE,25.73,High
4550-EVXNY,25.73,High
7538-GWHML,25.73,High
5539-TMZLF,25.72,High
8062-YBDOE,25.72,High
1016-DJTSV,25.72,High
4871-JTKJF,25.72,High
4919-MOAVT,25.72,High
7254-IQWOZ,25.72,High
6166-ILMNY,25.71,High
6557-BZXLQ,25.71,High
1084-UQCHV,25.71,High
6047-YHPVI,25.71,High
4501-EQDRN,25.7,High
7504-UWHNB,25.69,High
9767-FFLEM,25.69,High
0549-CYCQN,25.68,High
2178-PMGCJ,25.68,High
4883-QICIH,25.65,High
1422-DGUBX,25.65,High
7674-YTAFD,25.61,High
6869-FGJJC,25.59,High
5605-IYGFG,25.59,High
2897-DOVND,25.58,High
2402-TAIRZ,25.58,High
0958-YHXGP,25.58,High
5542-TBBWB,25.57,High
9804-ICWBG,25.57,High
4603-JANFB,25.57,High
7245-NIIWQ,25.57,High
5875-YPQFJ,25.57,High
4510-HIMLV,25.57,High
5550-VFRLC,25.57,High
5134-IKDAY,25.57,High
7326-RIGQZ,25.56,High
5832-XKAES,25.55,High
1062-LHZOD,25.55,High
0599-XNYDO,25.54,High
8630-FJLIB,25.53,High
2482-CZGBB,25.46,High
4512-ZUIYL,25.44,High
0330-IVZHA,25.44,High
3799-ISUZQ,25.44,High
9603-OAIHC,25.43,High
5583-SXDAG,25.43,High
3494-JCHRQ,25.43,High
7153-OANIO,25.43,High
5895-QSXOD,25.43,High
1853-UDXBW,25.43,High
8000-REIQB,25.42,High
3941-XTSKM,25.42,High
5600-KTXFM,25.42,High
3066-RRJIO,25.41,High
3884-HCSWG,25.41,High
9796-BPKIW,25.41,High
9389-ACWBI,25.41,High
3474-BAFSJ,25.41,High
6705-LXORM,25.4,High
2920-RNCEZ,25.4,High
8329-GWVPJ,25.39,High
2608-BHKFN,25.39,High
6692-YQHXC,25.39,High
3509-GWQGF,25.38,High
5343-SGUBI,25.37,High
6641-XRPSU,25.35,High
2242-MFOTG,25.34,High
0214-JHPFW,25.34,High
9506-UXUSK,25.33,High
9272-LSVYH,25.33,High
6064-ZATLR,25.32,High
6379-RXJRQ,25.31,High
5119-NZPTV,25.31,High
9408-SSNVZ,25.3,High
0328-GRPMV,25.3,High
2262-SLNVK,25.3,High
6077-BDPXA,25.3,High
1846-XWOQN,25.3,High
4702-IOQDC,25.3,High
9540-JYROE,25.29,High
2398-YPMUR,25.29,High
9985-MWVIX,25.28,High
2619-WFQWU,25.28,High
5566-SOEZD,25.28,High
5931-FLJJF,25.28,High
7394-LWLYN,25.27,High
5976-JCJRH,25.27,High
9633-XQABV,25.27,High
7562-UXTPG,25.27,High
6168-WFVVF,25.26,High
9717-QEBGU,25.25,High
7296-PIXQY,25.25,High
2501-XWWTZ,25.24,High
7044-YAACC,25.24,High
7206-PQBBZ,25.24,High
4029-HPFVY,25.23,High
6339-TBELP,25.23,High
5442-BHQNG,25.22,High
7379-POKDZ,25.22,High
5804-LEPIM,25.21,High
2260-USTRB,25.21,High
6653-CBBOM,25.21,High
3244-DCJWY,25.21,High
2446-PLQVO,25.21,High
1363-TXLSL,25.21,High
9605-WGJVW,25.21,High
7465-ZZRVX,25.21,High
1640-PLFMP,25.21,High
5095-ETBRJ,25.2,High
2815-CPTUL,25.2,High
2568-BRGYX,25.19,High
7321-VGNKU,25.18,High
3400-ESFUW,25.17,High
4629-NRXKX,25.17,High
1821-BUCWY,25.16,High
3496-LFSZU,25.15,High
2896-TBNBE,25.15,High
6017-PPLPX,25.15,High
2905-KFQUV,25.14,High
4763-PGDPO,25.13,High
4869-EPIUS,25.13,High
8270-RKSAP,25.11,High
8348-JLBUG,25.11,High
1915-IOFGU,25.1,High
4759-TRPLW,25.1,High
2884-GBPFB,25.1,High
3211-ILJTT,25.1,High
2055-PDADH,25.1,High
4067-HLYQI,25.1,High
0515-YPMCW,25.09,High
6078-VESFR,25.08,High
0390-DCFDQ,25.08,High
9584-EXCDZ,25.06,High
9237-HQITU,25.0,High
0685-MLYYM,24.99,High
0114-IGABW,24.99,High
9365-SRSZE,24.98,High
0644-OQMDK,24.98,High
7147-AYBAA,24.97,High
9620-ENEJV,24.97,High
1041-RXHRA,24.95,High
4342-HENTK,24.94,High
1047-NNCBF,24.92,High
9432-VOFYX,24.91,High
8835-VSDSE,24.9,High
2115-BFTIW,24.87,High
9722-UJOJR,24.87,High
3721-CNEYS,24.86,High
1031-IIDEO,24.85,High
5376-DEQCP,24.85,High
7967-HYCDE,24.85,High
8051-HJRLT,24.85,High
2683-JXWQQ,24.85,High
9617-INGJY,24.84,High
5940-AHUHD,24.84,High
0812-WUPTB,24.84,High
1122-JWTJW,24.84,High
3717-OEAUQ,24.84,High
8309-IEYJD,24.83,High
5028-GZLDO,24.83,High
3376-BMGFE,24.83,High
0151-ONTOV,24.83,High
0968-GSIKN,24.83,High
0519-XUZJU,24.83,High
5032-MIYKT,24.83,High
9112-WSNPU,24.81,High
1996-DBMUS,24.79,High
9795-SHUHB,24.77,High
3627-FCRDW,24.74,High
1732-VHUBQ,24.73,High
3420-ZDBMA,24.7,High
6614-YOLAC,24.7,High
4450-DLLMH,24.68,High
7025-WCBNE,24.66,High
3755-JBMNH,24.64,High
5297-MDOIR,24.62,High
3422-LYEPQ,24.6,High
1077-HUUJM,24.6,High
6504-VBLFL,24.59,High
7409-KIUTL,24.59,High
1769-GRUIK,24.58,High
9488-HGMJH,24.57,High
3177-LASXD,24.57,High
0508-OOLTO,24.57,High
2040-OBMLJ,24.57,High
3878-AVSOQ,24.57,High
8042-JVNFH,24.56,High
8644-XLFBW,24.55,High
8040-MNRTF,24.55,High
3677-TNKIO,24.55,High
0511-JTEOY,24.55,High
8380-PEFPE,24.55,High
7921-BEPCI,24.54,High
6140-QNRQQ,24.53,High
9762-YAQAA,24.53,High
1837-YQUCE,24.52,High
6681-ZSEXG,24.5,High
6927-WTFIV,24.5,High
7997-EASSD,24.5,High
3115-JPJDD,24.49,High
1480-IVEVR,24.49,High
1599-MMYRQ,24.48,High
3923-CSIHK,24.47,High
8910-LEDAG,24.45,High
9139-TWBAS,24.44,High
8070-AAWZP,24.39,High
5762-TJXGK,24.36,High
4177-JPDFU,24.36,High
9819-FBNSV,24.33,High
9995-HOTOH,24.32,High
2946-KIQSP,24.32,High
7233-IOQNP,24.25,High
8582-KRHPJ,24.19,High
6617-WLBQC,24.19,High
6917-IAYHD,24.16,High
4712-AUQZO,24.16,High
4323-SADQS,24.14,High
9738-QLWTP,24.07,High
4881-JVQOD,24.06,High
3806-DXQOM,24.01,High
0412-UCCNP,23.98,High
3016-KSVCP,23.94,High
8259-NFJTV,23.93,High
0774-RMNUW,23.93,High
3307-TLCUD,23.92,High
7596-ZYWBB,23.92,High
7075-BNDVQ,23.84,High
2011-TRQYE,23.81,High
4194-FJARJ,23.8,High
9372-TXXPS,23.77,High
1976-AZZPJ,23.76,High
1459-QNFQT,23.75,High
5792-JALQC,23.68,High
2408-WITXK,23.64,High
2894-QOJRX,23.63,High
8672-OAUPW,23.63,High
5730-RIITO,23.61,High
8510-TMWYB,23.59,High
6762-QVYJO,23.57,High
4111-BNXIF,23.57,High
9359-JANWS,23.54,High
3638-WEABW,23.52,High
3841-CONLJ,23.48,High
5882-CMAZQ,23.48,High
3594-KADLU,23.47,High
3751-KTZEL,23.47,High
1261-FWTTE,23.46,High
0375-HVGXO,23.44,High
8316-BBQAY,23.44,High
7950-XWOVN,23.44,High
6240-EURKS,23.41,High
4976-LNFVV,23.39,High
7131-ZQZNK,23.39,High
6907-CQGPN,23.36,High
0822-GAVAP,23.34,High
7633-MVPUY,23.33,High
9220-CXRSC,23.33,High
8066-POXGX,23.31,High
6133-OZILE,23.3,High
3472-OAOOR,23.26,High
2309-OSFEU,23.26,High
3050-GBUSH,23.23,High
8626-PTQGE,23.21,High
0778-NELLA,23.21,High
2908-ZTPNF,23.2,High
3845-JHAMY,23.19,High
8741-LQOBK,23.18,High
0841-NULXI,23.17,High
3091-FYHKI,23.17,High
4139-SUGLD,23.17,High
1740-CSDJP,23.15,High
8039-EQPIM,23.14,High
4501-VCPFK,23.12,High
7746-AWNQW,23.11,High
8158-WPEZG,23.1,High
2485-ITVKB,23.1,High
9888-ZCUMM,23.1,High
7384-GHBPI,23.09,High
3815-SLMEF,23.07,High
5759-RCVCB,23.06,High
7306-YDSOI,23.05,High
7102-JJVTX,23.04,High
7018-FPXHH,23.03,High
4664-NJCMS,23.01,High
8571-ZCMCX,23.0,High
4012-YCFAI,22.93,High
0440-EKDCF,22.92,High
1049-FYSYG,22.92,High
9880-TDQAC,22.92,High
2049-BAFNW,22.92,High
2108-XWMPY,22.88,High
8106-GWQOK,22.87,High
5649-TJHOV,22.85,High
7801-CEDNV,22.84,High
8181-YHCMF,22.83,High
3399-BMLVW,22.83,High
0953-LGOVU,22.81,High
7139-JZFVG,22.8,High
5338-YHWYT,22.79,High
4178-EGMON,22.79,High
5862-BRIXZ,22.7,High
8050-WYBND,22.68,High
6695-FRVEC,22.68,High
7854-FOKSF,22.67,High
5993-JSUWV,22.66,High
1699-UOTXU,22.64,High
4718-DHSMV,22.64,High
4307-KWMXE,22.61,High
2782-JEEBU,22.6,High
5181-OABFK,22.6,High
7716-YTYHG,22.58,High
4500-HKANN,22.55,High
5378-IKEEG,22.54,High
7078-NVFAM,22.53,High
8124-NZVGJ,22.52,High
5498-IBWPI,22.51,High
1534-OULXE,22.51,High
1625-JAIIY,22.48,High
4439-YRNVD,22.47,High
6937-GCDGQ,22.47,High
5697-GOMBF,22.43,High
7722-VJRQD,22.41,High
3776-EKTKM,22.39,High
9220-ZNKJI,22.35,High
2483-XSSMZ,22.34,High
0489-WMEMG,22.33,High
7890-VYYWG,22.33,High
4702-HDRKD,22.32,High
8865-TNMNX,22.31,High
6773-LQTVT,22.31,High
8111-RKSPX,22.31,High
4854-SSLTN,22.31,High
3295-YVUSR,22.3,High
1834-ABKHQ,22.29,High
8563-IIOXK,22.28,High
4622-YNKIJ,22.24,High
4547-LYTDD,22.24,High
0336-KXKFK,22.2,High
6549-BTYPG,22.18,High
4430-UZIPO,22.18,High
2101-RANCD,22.17,High
9903-LYSAB,22.17,High
5593-SUAOO,22.12,High
6421-SZVEM,22.12,High
8149-AIQCG,22.12,High
0021-IKXGC,22.1,High
7128-GGCNO,22.1,High
8406-LNMHF,22.08,High
0104-PPXDV,22.03,High
4360-QRAVE,22.03,High
7693-QPEFS,22.03,High
6603-YRDCJ,21.99,High
0254-WWRKD,21.97,High
3315-IKYZQ,21.96,High
8541-QVFKM,21.95,High
8232-CTLKO,21.93,High
4891-NLUBA,21.92,High
2868-LLSKM,21.89,High
1196-AMORA,21.89,High
6513-EECDB,21.89,High
8224-DWCKX,21.88,High
6221-AVQYL,21.87,High
1972-XMUWV,21.85,High
1832-PEUTS,21.82,High
0581-BXBUB,21.81,High
1977-STDKI,21.81,High
1907-UBQFC,21.81,High
6537-OTKMY,21.8,High
7517-SAWMO,21.8,High
1391-UBDAR,21.8,High
3911-RSNHI,21.77,High
0980-FEXWF,21.77,High
3926-YZVVX,21.77,High
4023-RTIQM,21.77,High
6360-SVNWV,21.73,High
5317-FLPJF,21.71,High
5777-KJIRB,21.71,High
5921-NGYRH,21.69,High
9830-ECLEN,21.64,High
2091-RFFBA,21.64,High
3428-MMGUB,21.63,High
0650-BWOZN,21.62,High
1450-SKCVI,21.61,High
3070-DVEYC,21.6,High
4652-NNHNY,21.59,High
2330-PQGDQ,21.58,High
0491-KAPQG,21.57,High
8473-VUVJN,21.54,High
2983-ZANRP,21.54,High
0122-OAHPZ,21.54,High
9747-DDZOS,21.53,High
7916-VCCPB,21.53,High
5108-ADXWO,21.52,High
3707-LRWZD,21.51,High
6896-SRVYQ,21.51,High
7603-USHJS,21.51,High
8873-GLDMH,21.51,High
0080-EMYVY,21.5,High
8034-RYTVV,21.5,High
0197-PNKNK,21.49,High
6390-DSAZX,21.49,High
8617-ENBDS,21.44,High
0531-ZZJWQ,21.43,High
2636-SJDOU,21.43,High
3055-OYMSE,21.4,High
7801-KICAO,21.4,High
6860-YRJZP,21.39,High
6347-DCUIK,21.39,High
0947-MUGVO,21.39,High
5188-HGMLP,21.38,High
9850-OWRHQ,21.38,High
4450-MDZFX,21.36,High
8496-EJAUI,21.35,High
3094-JOJAI,21.34,High
2405-LBMUW,21.28,High
8314-DPQHL,21.27,High
2272-QAGFO,21.27,High
8647-SDTWQ,21.27,High
7691-XVTZH,21.26,High
6599-CEBNN,21.26,High
6900-RBKER,21.25,High
2957-JIRMN,21.25,High
5908-QMGOE,21.24,High
2696-NARTR,21.24,High
1867-BDVFH,21.24,High
6682-VCIXC,21.24,High
0004-TLHLJ,21.23,High
4854-CIDCF,21.22,High
8871-JLMHM,21.21,High
3452-SRFEG,21.21,High
8372-JUXUI,21.21,High
6339-YPSAH,21.21,High
7341-LXCAF,21.21,High
2656-FMOKZ,21.21,High
8083-YTZES,21.2,High
8775-ERLNB,21.2,High
3002-WQZWT,21.2,High
0404-SWRVG,21.2,High
4585-HETAI,21.2,High
1833-VGRUM,21.2,High
5956-VKDTT,21.19,High
8685-WHQPW,21.19,High
9306-CPCBC,21.19,High
8699-ASUFO,21.19,High
8361-LTMKD,21.18,High
4860-IJUDE,21.18,High
3703-KBKZP,21.18,High
3707-GNWHM,21.18,High
1396-QWFBJ,21.17,High
1197-BVMVG,21.16,High
4415-IJZTP,21.16,High
3551-HUAZH,21.16,High
4102-OQUPX,21.16,High
7180-PISOG,21.16,High
0723-DRCLG,21.16,High
7823-JSOAG,21.15,High
3714-JTVOV,21.15,High
0709-TVGUR,21.15,High
3746-EUBYR,21.14,High
6022-UGGSO,21.14,High
6023-GSSXW,21.14,High
1094-BKOSX,21.13,High
9283-LZQOH,21.13,High
2982-IHMFT,21.13,High
5405-ZMYXQ,21.13,High
6680-WKXRZ,21.13,High
3397-AVTKU,21.11,High
3181-VTHOE,21.08,High
1925-LFCZZ,21.08,High
8728-SKJLR,21.07,High
1194-BHJYC,21.07,High
8687-BAFGU,21.06,High
6281-FKEWS,21.04,High
5684-FJVYR,21.04,High
4480-QQRHC,21.03,High
5414-OFQCB,21.03,High
7978-DKUQH,21.02,High
1658-TJVOA,21.0,High
4441-NIHPT,20.98,High
9947-OTFQU,20.97,High
7503-QQRVF,20.96,High
0187-WZNAB,20.96,High
1428-GTBJJ,20.94,High
0983-TATYJ,20.94,High
5201-FRKKS,20.93,High
9840-EFJQB,20.92,High
4274-OWWYO,20.92,High
2880-FPNAE,20.92,High
9894-EZEWG,20.91,High
4505-EXZHB,20.91,High
9398-MMQTO,20.9,High
5839-SUYVZ,20.9,High
2024-BASKD,20.9,High
1866-OBPNR,20.89,High
2468-SJFLM,20.88,High
3411-WLRSQ,20.87,High
6250-CGGUN,20.86,High
3488-PGMQJ,20.85,High
0388-EOPEX,20.85,High
4116-TZAQJ,20.85,High
5399-ZIMKF,20.84,High
0927-LCSMG,20.84,High
6726-NNFWD,20.82,High
6229-UOLQL,20.81,High
2325-NBPZG,20.8,High
8404-VIOMB,20.8,High
3235-ETOOB,20.79,High
4343-EJVQB,20.79,High
7654-YWJUF,20.78,High
4282-YMKNA,20.77,High
8065-YKXKD,20.76,High
6424-ELEYH,20.74,High
6736-DHUQI,20.74,High
6778-JFCMK,20.73,High
3606-SBKRY,20.72,High
5240-IJOQT,20.7,High
4546-FOKWR,20.67,High
4611-ANLQC,20.65,High
9548-ZMVTX,20.6,High
0722-TROQR,20.52,High
6711-FLDFB,20.52,High
4229-CZMLL,20.51,High
9274-CNFMO,20.51,High
0439-IFYUN,20.5,High
4826-TZEVA,20.5,High
1024-VRZHF,20.49,High
0265-EDXBD,20.48,High
7235-NXZCP,20.48,High
9685-WKZGT,20.48,High
3858-VOBET,20.47,High
9494-MRNYX,20.46,High
9286-DOJGF,20.46,High
6358-LYNGM,20.45,High
1157-BQCUW,20.45,High
6906-ANDWJ,20.45,High
7912-SYRQT,20.45,High
5899-MQZZL,20.45,High
9334-GWGOW,20.44,High
4090-KPJIP,20.44,High
3765-JXVKY,20.44,High
9399-APLBT,20.44,High
3030-YDNRM,20.44,High
5233-AOZUF,20.44,High
2761-OCIAX,20.43,High
7571-YXDAD,20.43,High
6856-RAURS,20.43,High
7401-RUBNK,20.43,High
4770-UEZOX,20.43,High
3943-KDREE,20.42,High
6572-ADKRS,20.42,High
8107-KNCIM,20.42,High
5879-SESNB,20.41,High
0925-VYDLG,20.41,High
2424-WVHPL,20.41,High
2800-VEQXM,20.41,High
1452-VOQCH,20.4,High
1980-KXVPM,20.39,High
0513-RBGPE,20.39,High
8816-VXNZD,20.39,High
2984-MIIZL,20.39,High
3276-HDUEG,20.38,High
4948-WBBKL,20.38,High
4137-JOPHL,20.37,High
8676-TRMJS,20.37,High
2276-YDAVZ,20.37,High
3208-YPIOE,20.36,High
9787-XVQIU,20.34,High
3199-XGZCY,20.34,High
1228-ZLNBX,20.34,High
2460-NGXBJ,20.33,High
5570-PTWEH,20.32,High
0196-JTUQI,20.32,High
7614-QVWQL,20.3,High
9821-POOTN,20.3,High
7596-LDUXP,20.26,High
2790-XUYMV,20.23,High
2077-MPJQO,20.23,High
0617-FHSGK,20.23,High
0840-DFEZH,20.23,High
1602-IJQQE,20.23,High
2516-VQRRV,20.22,High
5146-CBVOE,20.21,High
3709-OIJEA,20.21,High
4503-BDXBD,20.18,High
0618-XWMSS,20.18,High
4301-VVZKA,20.17,High
2080-GKCWQ,20.17,High
1525-LNLOJ,20.17,High
5834-ASPWA,20.17,High
7850-VWJUU,20.17,High
4988-IQIGL,20.17,High
7410-YTJIK,20.15,High
5934-TSSAU,20.15,High
1475-VWVDO,20.14,High
3014-WJKSM,20.14,High
8778-LMWTJ,20.14,High
7730-IUTDZ,20.14,High
5214-NLTIT,20.14,High
6996-KNSML,20.14,High
8155-IBNHG,20.13,High
7611-YKYTC,20.13,High
8020-BWHYL,20.11,High
0257-ZESQC,20.11,High
1596-BBVTG,20.1,High
0529-ONKER,20.09,High
9978-HYCIN,20.09,High
6198-ZFIOJ,20.09,High
7993-PYKOF,20.09,High
9552-TGUZV,20.09,High
4628-WQCQQ,20.08,High
3966-HRMZA,20.08,High
7993-NQLJE,20.08,High
8190-ZTQFB,20.08,High
7817-BOQPW,20.08,High
9250-WYPLL,20.08,High
6505-OZNPG,20.07,High
8325-QRPZR,20.07,High
6825-UYPFK,20.06,High
9518-XXBXE,20.06,High
4851-BQDNX,20.06,High
9940-RHLFB,20.05,High
4360-PNRQB,20.04,High
4749-OJKQU,20.04,High
5564-NEMQO,20.04,High
9754-CLVZW,20.04,High
2842-BCQGE,20.04,High
9191-MYQKX,20.03,High
8695-ARGXZ,20.03,High
3627-FHKBK,20.01,High
3301-VKTGC,20.01,High
8185-UPYBR,20.01,High
1320-HTRDR,20.01,High
3733-UOCWF,20.01,High
1989-PRJHP,20.0,Medium
9943-VSZUV,19.99,Medium
6203-HBZPA,19.99,Medium
1216-JWVUX,19.98,Medium
3694-DELSO,19.97,Medium
3733-LSYCE,19.95,Medium
2122-YWVYA,19.95,Medium
3522-CDKHF,19.94,Medium
8519-QJGJD,19.93,Medium
3956-CJUST,19.93,Medium
1063-DHQJF,19.92,Medium
6726-WEXXK,19.92,Medium
1208-DNHLN,19.92,Medium
5054-IEXZT,19.9,Medium
3313-QKNKB,19.9,Medium
2452-SNHFZ,19.9,Medium
2274-XUATA,19.89,Medium
2436-QBZFP,19.88,Medium
1746-TGTWV,19.87,Medium
5087-SUURX,19.84,Medium
4967-WPNCF,19.84,Medium
0221-WMXNQ,19.84,Medium
8584-KMVXD,19.83,Medium
6034-YMTOB,19.83,Medium
7020-OZKXZ,19.81,Medium
5043-TRZWM,19.81,Medium
7354-OIJLX,19.81,Medium
0506-LVNGN,19.8,Medium
4581-SSPWD,19.8,Medium
3987-KQDDU,19.79,Medium
5652-MSDEY,19.79,Medium
7130-VTEWQ,19.76,Medium
0757-WCUUZ,19.74,Medium
6894-LFHLY,19.74,Medium
3519-ZKXGG,19.74,Medium
0301-FIDRB,19.73,Medium
3308-JSGML,19.72,Medium
0064-YIJGF,19.69,Medium
9800-ONTFE,19.69,Medium
8443-ZRDBZ,19.69,Medium
7973-DZRKH,19.69,Medium
7576-OYWBN,19.68,Medium
3315-TOTBP,19.66,Medium
3370-HXOPH,19.65,Medium
5686-CMAWK,19.65,Medium
8486-AYEQH,19.64,Medium
3563-SVYLG,19.62,Medium
6960-HVYXR,19.61,Medium
1618-CFHME,19.61,Medium
2476-YGEFM,19.59,Medium
7534-BFESC,19.59,Medium
3074-GQWYX,19.59,Medium
7595-EUIVN,19.56,Medium
5196-SGOAK,19.56,Medium
5159-YFPKQ,19.56,Medium
2523-EWWZL,19.56,Medium
1455-HFBXA,19.56,Medium
9711-FJTBX,19.55,Medium
5673-TIYIB,19.52,Medium
1262-OPMFY,19.51,Medium
1334-PDUKM,19.51,Medium
2954-PIBKO,19.5,Medium
3583-KRKMD,19.5,Medium
5022-JNQEQ,19.5,Medium
5035-BVCXS,19.49,Medium
4568-KNYWR,19.44,Medium
9444-JTXHZ,19.44,Medium
9150-HEPMB,19.43,Medium
0231-LXVAP,19.43,Medium
9134-WYRVP,19.43,Medium
8433-WXGNA,19.41,Medium
7634-WSWDB,19.4,Medium
3174-AKMAS,19.39,Medium
4685-ERGHK,19.39,Medium
5651-CRHKQ,19.38,Medium
3092-IGHWF,19.34,Medium
5315-CKEQK,19.34,Medium
0786-VSSUD,19.33,Medium
2778-OCLGR,19.31,Medium
7661-CPURM,19.31,Medium
0637-KVDLV,19.3,Medium
6537-QLGEX,19.29,Medium
0836-SEYLU,19.26,Medium
9786-YWNHU,19.26,Medium
9281-CEDRU,19.24,Medium
7625-XCQRH,19.23,Medium
8619-IJNDK,19.22,Medium
5928-QLDHB,19.22,Medium
1862-SKORY,19.2,Medium
7901-HXJVA,19.2,Medium
4628-CTTLA,19.2,Medium
2919-HBCJO,19.19,Medium
9248-OJYKK,19.19,Medium
8258-GSTJK,19.19,Medium
2294-SALNE,19.17,Medium
1689-YQBYY,19.17,Medium
2528-HFYZX,19.16,Medium
8696-JKZNU,19.16,Medium
7472-EQOAV,19.15,Medium
4846-WHAFZ,19.15,Medium
6910-HADCM,19.14,Medium
2305-MRGLV,19.14,Medium
7598-UAASY,19.14,Medium
2775-SEFEE,19.14,Medium
3296-SILRA,19.14,Medium
1092-GANHU,19.14,Medium
5835-BEQEU,19.13,Medium
8812-ZRHFP,19.13,Medium
2609-IAICY,19.12,Medium
3969-GYXEL,19.12,Medium
5204-QZXPU,19.11,Medium
1219-NNDDO,19.11,Medium
0117-LFRMW,19.11,Medium
8996-ZROXE,19.1,Medium
2070-FNEXE,19.08,Medium
6156-UZDLF,19.05,Medium
8668-KNZTI,19.01,Medium
5419-JKZNQ,18.98,Medium
8722-NGNBH,18.98,Medium
9026-LHEVG,18.96,Medium
7771-CFQRQ,18.94,Medium
1122-YJBCS,18.94,Medium
7989-AWGEH,18.91,Medium
0361-HJRDX,18.91,Medium
4189-NAKJS,18.9,Medium
3863-IUBJR,18.88,Medium
2451-YMUXS,18.88,Medium
3665-JATSN,18.83,Medium
2703-AMTUL,18.78,Medium
9018-PCIOK,18.76,Medium
9667-EQRXU,18.76,Medium
4139-DETXS,18.75,Medium
9505-SQFSW,18.74,Medium
7054-DMVAS,18.73,Medium
2535-PBCGC,18.73,Medium
9074-KGVOX,18.72,Medium
8779-QRDMV,18.71,Medium
8644-XYTSV,18.7,Medium
2550-AEVRU,18.65,Medium
2187-LZGPL,18.65,Medium
5062-CJJKH,18.65,Medium
3893-JRNFS,18.62,Medium
7860-KSUGX,18.61,Medium
9715-SBVSU,18.6,Medium
1904-WAJAA,18.59,Medium
6166-YIPFO,18.55,Medium
5456-ITGIC,18.55,Medium
3340-QBBFM,18.53,Medium
6115-ZTBFQ,18.53,Medium
7734-DBOAI,18.53,Medium
8590-YFFQO,18.52,Medium
5906-CVLHP,18.5,Medium
2176-OSJUV,18.48,Medium
5614-DNZCE,18.48,Medium
9514-JDSKI,18.47,Medium
8204-YJCLA,18.46,Medium
5275-PMFUT,18.46,Medium
9499-XPZXM,18.46,Medium
5669-SRAIP,18.45,Medium
8450-UYIBU,18.44,Medium
8318-LCNBW,18.43,Medium
9381-NDKME,18.43,Medium
6371-NZYEG,18.41,Medium
2450-ZKEED,18.41,Medium
7074-STDCN,18.4,Medium
9839-ETQOE,18.37,Medium
4381-MHQDC,18.35,Medium
7041-TXQJH,18.34,Medium
1221-GHZEP,18.33,Medium
6338-AVWCY,18.32,Medium
4334-HOWRP,18.28,Medium
7841-FCRQD,18.26,Medium
4132-POCZS,18.26,Medium
5180-UCIIQ,18.26,Medium
9242-TKFSV,18.25,Medium
8883-GRDWQ,18.22,Medium
4598-ZADCK,18.22,Medium
9705-ZJBCG,18.19,Medium
2160-GPFXD,18.16,Medium
6625-IUTTT,18.15,Medium
4079-WWQQQ,18.14,Medium
8792-AOROI,18.13,Medium
8627-EHGIP,18.12,Medium
1142-IHLOO,18.12,Medium
5115-GZDEL,18.08,Medium
4254-QPEDE,18.08,Medium
7781-HVGMK,18.08,Medium
8111-BKVDS,18.04,Medium
1530-ZTDOZ,18.04,Medium
3354-OADJP,18.03,Medium
9589-ABEPT,18.03,Medium
3482-ABPKK,18.01,Medium
6738-ISCBM,18.0,Medium
3748-FVMZZ,18.0,Medium
8807-ARQET,17.98,Medium
9443-JUBUO,17.95,Medium
6435-VWCCY,17.91,Medium
3422-WJOYD,17.9,Medium
9931-DCEZH,17.88,Medium
0769-MURVM,17.87,Medium
0557-ASKVU,17.85,Medium
1099-BTKWT,17.85,Medium
7349-ALMUX,17.84,Medium
7322-OCWHC,17.83,Medium
5360-XGYAZ,17.77,Medium
6374-AFWOX,17.76,Medium
3512-IZIKN,17.76,Medium
0531-XBKMM,17.75,Medium
6576-FBXOJ,17.74,Medium
4102-HLENU,17.73,Medium
8908-NMQTX,17.73,Medium
4355-CVPVS,17.71,Medium
1708-PBBOA,17.7,Medium
8259-DZLIZ,17.68,Medium
8409-WQJUX,17.62,Medium
5536-SLHPM,17.6,Medium
7113-HIPFI,17.59,Medium
3537-HPKQT,17.58,Medium
8023-QHAIO,17.55,Medium
8350-NYMVI,17.53,Medium
4615-PIVVU,17.49,Medium
8990-YOZLV,17.45,Medium
9200-NLNPD,17.45,Medium
9776-CLUJA,17.44,Medium
7710-JSYOA,17.42,Medium
0475-RIJEP,17.42,Medium
2225-ZRGSG,17.4,Medium
6981-TDRFT,17.39,Medium
2530-ENDWQ,17.38,Medium
4412-YLTKF,17.37,Medium
7399-QHBJS,17.37,Medium
0420-TXVSG,17.36,Medium
0248-PGHBZ,17.34,Medium
2812-ENYMO,17.34,Medium
8981-FJGLA,17.34,Medium
3249-ZPQRG,17.33,Medium
7072-MBHEV,17.33,Medium
7786-WBJYI,17.3,Medium
1301-LOPVR,17.29,Medium
1304-NECVQ,17.28,Medium
6094-ZIVKX,17.26,Medium
4059-IIEBK,17.25,Medium
9755-JHNMN,17.25,Medium
5606-AMZBO,17.24,Medium
2676-SSLTO,17.23,Medium
6178-KFNHS,17.23,Medium
1266-NZYUI,17.22,Medium
3317-VLGQT,17.2,Medium
0623-IIHUG,17.19,Medium
3096-IZETN,17.18,Medium
7159-NOKYQ,17.18,Medium
1569-TTNYJ,17.16,Medium
5176-OLSKT,17.14,Medium
5288-AHOUP,17.13,Medium
6877-LGWXO,17.13,Medium
2190-BCXEC,17.13,Medium
9465-RWMXL,17.11,Medium
5944-UGLLK,17.1,Medium
8338-QIUNR,17.1,Medium
2254-DLXRI,17.09,Medium
5175-WLYXL,17.08,Medium
0716-BQNDX,17.08,Medium
1965-AKTSX,17.08,Medium
3088-LHEFH,17.08,Medium
7627-JKIAZ,17.07,Medium
7493-TPUWZ,17.07,Medium
9777-IQHWP,17.06,Medium
8050-XGRVL,17.06,Medium
5561-NWEVX,17.05,Medium
3392-EHMNK,17.04,Medium
2956-GGUCQ,17.03,Medium
4816-LXZYW,17.02,Medium
2430-RRYUW,17.01,Medium
6195-MELTI,17.0,Medium
6400-BWQKW,17.0,Medium
2511-MORQY,16.99,Medium
7273-TEFQD,16.98,Medium
8637-XJIVR,16.98,Medium
7126-RBHSD,16.97,Medium
6897-RWMUB,16.96,Medium
9769-TSBZE,16.96,Medium
4818-QIUFN,16.95,Medium
1024-KPRBB,16.93,Medium
8707-RMEZH,16.91,Medium
6461-PPAXN,16.91,Medium
5306-BVTKJ,16.91,Medium
2533-QVMSK,16.9,Medium
9355-NPPFS,16.89,Medium
9411-TPQQV,16.89,Medium
6345-ULYRW,16.88,Medium
6175-IRFIT,16.86,Medium
8945-GRKHX,16.86,Medium
1689-MRZQR,16.86,Medium
5271-DBYSJ,16.85,Medium
1226-IENZN,16.84,Medium
6351-SCJKT,16.83,Medium
4210-QFJMF,16.82,Medium
6689-TCZHQ,16.81,Medium
8387-MOJJT,16.78,Medium
2754-XBHTB,16.78,Medium
7018-WBJNK,16.77,Medium
2777-PHDEI,16.76,Medium
9837-BMCLM,16.76,Medium
2434-EEVDB,16.75,Medium
9885-CSMWE,16.74,Medium
6376-GAHQE,16.74,Medium
1877-HKBQX,16.72,Medium
2724-FJDYW,16.71,Medium
7901-IIDQV,16.68,Medium
4274-DRSQT,16.66,Medium
5575-GNVDE,16.64,Medium
9619-GSATL,16.64,Medium
3224-DFQNQ,16.6,Medium
6994-ORCWG,16.59,Medium
4183-WCSEP,16.58,Medium
0365-GXEZS,16.57,Medium
7964-ZRKKG,16.57,Medium
6946-LMSQS,16.57,Medium
4013-TLDHQ,16.57,Medium
4465-VDKIQ,16.56,Medium
6008-NAIXK,16.56,Medium
6311-UEUME,16.54,Medium
3955-JBZZM,16.53,Medium
8456-QDAVC,16.52,Medium
6372-RFVNS,16.51,Medium
5960-WPXQM,16.5,Medium
8580-AECUZ,16.5,Medium
8740-CRYFY,16.5,Medium
6567-HOOPW,16.49,Medium
7198-GLXTC,16.49,Medium
9231-ZJYAM,16.48,Medium
3855-ONCAR,16.47,Medium
8752-STIVR,16.47,Medium
7638-QVMVY,16.47,Medium
6693-DJWTY,16.47,Medium
7880-XSOJX,16.47,Medium
2898-LSJGD,16.46,Medium
2188-SXWVT,16.46,Medium
1042-HFUCW,16.45,Medium
2432-TFSMK,16.45,Medium
6668-CNMFP,16.44,Medium
5161-XEUVX,16.42,Medium
1830-GGFNM,16.41,Medium
7721-JXEAW,16.39,Medium
6586-PSJOX,16.36,Medium
5998-DZLYR,16.34,Medium
4576-CSAJH,16.34,Medium
1371-WEPDS,16.32,Medium
3800-LYTRK,16.31,Medium
3067-SVMTC,16.3,Medium
9987-LUTYD,16.28,Medium
5887-IKKYO,16.25,Medium
6538-POCHL,16.24,Medium
6646-JPPHA,16.23,Medium
4587-NUKOX,16.23,Medium
5760-FXFVO,16.22,Medium
4024-CSNBY,16.21,Medium
7765-LWVVH,16.21,Medium
7957-RYHQD,16.2,Medium
6388-TABGU,16.2,Medium
2039-JONDJ,16.2,Medium
9894-QMIMJ,16.19,Medium
6288-LBEAR,16.17,Medium
9391-DXGGG,16.14,Medium
1264-FUHCX,16.13,Medium
2190-PHBHR,16.11,Medium
0431-APWVY,16.11,Medium
8465-SBRXP,16.11,Medium
5968-XQIVE,16.1,Medium
6416-JNVRK,16.09,Medium
7746-QYVCO,16.07,Medium
9742-XOKTS,16.05,Medium
8225-BTJAU,16.05,Medium
2868-MZAGQ,16.04,Medium
2026-TGDHM,16.03,Medium
4607-CHPCA,16.03,Medium
0743-HRVFF,16.02,Medium
9831-BPFRI,16.01,Medium
3128-YOVTD,16.01,Medium
6987-XQSJT,16.0,Medium
9029-FEGVJ,15.99,Medium
3312-ZWLGF,15.98,Medium
6298-QDFNH,15.98,Medium
6985-HAYWX,15.98,Medium
0872-NXJYS,15.97,Medium
2070-XYMFH,15.97,Medium
4910-AQFFX,15.96,Medium
1730-ZMAME,15.96,Medium
1307-TVUFB,15.94,Medium
8226-BXGES,15.94,Medium
0661-WCQNQ,15.91,Medium
6968-URWQU,15.9,Medium
6322-PJJDJ,15.9,Medium
8109-YUOHE,15.89,Medium
2688-BHGOG,15.89,Medium
5724-BIDBU,15.89,Medium
4631-OACRM,15.88,Medium
9317-WZPGV,15.88,Medium
7363-QTBIW,15.87,Medium
8639-NHQEI,15.87,Medium
7594-RQHXR,15.86,Medium
0495-RVCBF,15.86,Medium
5393-RXQSZ,15.86,Medium
4713-LZDRV,15.85,Medium
6933-FHBZC,15.84,Medium
1447-PJGGA,15.84,Medium
9060-HJJRW,15.84,Medium
2519-TWKFS,15.83,Medium
2694-CIUMO,15.83,Medium
6584-VQMYT,15.83,Medium
4290-BSXUX,15.82,Medium
6618-RYATB,15.81,Medium
3422-GALYP,15.81,Medium
0076-LVEPS,15.81,Medium
6838-YAUVY,15.81,Medium
6941-PMGEP,15.8,Medium
3420-YJLQT,15.8,Medium
2640-PMGFL,15.8,Medium
7074-IEVOJ,15.79,Medium
7025-IWFHT,15.79,Medium
2203-GHNWN,15.79,Medium
2154-KVJFF,15.79,Medium
6110-OHIHY,15.79,Medium
1918-ZBFQJ,15.77,Medium
4806-KEXQR,15.76,Medium
8988-ECPJR,15.75,Medium
7567-ECMCM,15.75,Medium
2187-PKZAY,15.74,Medium
1285-OKIPP,15.73,Medium
1448-PWKYE,15.73,Medium
5198-HQAEN,15.73,Medium
9507-EXLTT,15.71,Medium
8128-YVJRG,15.7,Medium
5919-TMRGD,15.7,Medium
8570-KLJYJ,15.69,Medium
2252-ISRNH,15.68,Medium
6244-BESBM,15.67,Medium
6906-MPARY,15.66,Medium
9419-IPPBE,15.65,Medium
7148-XZPHA,15.65,Medium
2057-BOYKM,15.65,Medium
8679-LZBMD,15.64,Medium
2758-RNWXS,15.64,Medium
2639-UGMAZ,15.64,Medium
8642-GVWRF,15.62,Medium
2858-MOFSQ,15.6,Medium
1710-RCXUS,15.6,Medium
6211-WHMYA,15.59,Medium
5504-WSIUR,15.59,Medium
6064-PUPMC,15.58,Medium
8086-OVPWV,15.58,Medium
9897-KXHCM,15.58,Medium
7508-KBIMB,15.57,Medium
6416-YJTTB,15.57,Medium
1678-FYZOW,15.57,Medium
6086-ESGRL,15.57,Medium
1981-INRFU,15.56,Medium
9128-CPXKI,15.56,Medium
6437-UKHMV,15.56,Medium
6229-LSCKB,15.55,Medium
4572-DVCGN,15.55,Medium
2514-GINMM,15.54,Medium
5442-XSDCW,15.54,Medium
6784-XYJAE,15.54,Medium
9779-DPNEJ,15.54,Medium
1761-AEZZR,15.54,Medium
9019-QVLZD,15.54,Medium
9948-YPTDG,15.54,Medium
8058-INTPH,15.53,Medium
4248-HCETZ,15.52,Medium
9412-ARGBX,15.51,Medium
1910-FMXJM,15.5,Medium
0727-IWKVK,15.5,Medium
6961-VCPMC,15.5,Medium
2789-HQBOU,15.49,Medium
8943-URTMR,15.49,Medium
5389-FFVKB,15.48,Medium
4547-KQRTM,15.47,Medium
5364-EVNIB,15.47,Medium
3841-NFECX,15.46,Medium
8544-GOQSH,15.45,Medium
7133-VBDCG,15.45,Medium
9643-AVVWI,15.44,Medium
9773-PEQBZ,15.43,Medium
0585-EGDDA,15.42,Medium
0495-ZBNGW,15.42,Medium
7995-ZHHNZ,15.42,Medium
2746-DIJLO,15.42,Medium
4828-FAZPK,15.41,Medium
3814-MLAXC,15.41,Medium
4619-EVPHY,15.41,Medium
7129-CAKJW,15.4,Medium
5243-SAOTC,15.4,Medium
9300-RENDD,15.4,Medium
5712-PTIWW,15.4,Medium
7881-EVUAD,15.39,Medium
6496-JDSSB,15.39,Medium
6266-QHOJZ,15.39,Medium
0020-INWCK,15.39,Medium
1867-TJHTS,15.38,Medium
8821-XNHVZ,15.38,Medium
4234-XTNEA,15.38,Medium
6719-FGEDO,15.38,Medium
4283-FUTGF,15.38,Medium
6161-UUUTA,15.38,Medium
1184-PJVDB,15.38,Medium
8104-OSKWT,15.38,Medium
9500-LTVBP,15.38,Medium
9003-CPATH,15.37,Medium
3481-JHUZH,15.36,Medium
1346-UFHAX,15.36,Medium
8010-EZLOU,15.35,Medium
2205-LPVGL,15.35,Medium
6952-OMNWB,15.35,Medium
2320-SLKMB,15.35,Medium
4423-JWZJN,15.35,Medium
1527-SXDPN,15.35,Medium
0137-OCGAB,15.35,Medium
7356-IWLFW,15.34,Medium
7693-LCKZL,15.33,Medium
1591-NFNLQ,15.33,Medium
8079-XRJRS,15.33,Medium
0793-TWELN,15.32,Medium
4818-DRBQT,15.32,Medium
8212-CRQXP,15.31,Medium
4908-XAXAY,15.3,Medium
3904-UKFRE,15.3,Medium
0537-QYZZN,15.3,Medium
2674-MIAHT,15.28,Medium
7410-OIEDU,15.28,Medium
1251-STYSZ,15.28,Medium
1930-QPBVZ,15.27,Medium
2359-KMGLI,15.26,Medium
6728-CZFEI,15.24,Medium
9391-EOYLI,15.24,Medium
9696-RMYBA,15.23,Medium
6204-IEUXJ,15.23,Medium
6893-ODYYE,15.22,Medium
2867-UIMSS,15.22,Medium
1174-FGIFN,15.22,Medium
5599-HVLTW,15.22,Medium
5494-HECPR,15.21,Medium
6918-UMQCG,15.21,Medium
9689-PTNPG,15.21,Medium
2761-XECQW,15.2,Medium
4529-CKBCL,15.2,Medium
0928-XUTSN,15.19,Medium
2737-YNGYW,15.18,Medium
2796-UUZZO,15.18,Medium
4277-PVRAN,15.18,Medium
2959-MJHIC,15.17,Medium
4086-YQSNZ,15.17,Medium
3956-MGXOG,15.17,Medium
6568-POCUI,15.16,Medium
0947-IDHRQ,15.16,Medium
6303-KFWSL,15.16,Medium
7903-CMPEY,15.16,Medium
5533-NHFRF,15.15,Medium
5301-GAUUY,15.15,Medium
8496-DMZUK,15.15,Medium
8405-IGQFX,15.15,Medium
7375-WMVMT,15.11,Medium
0048-LUMLS,15.11,Medium
5913-INRQV,15.1,Medium
7964-VEXDG,15.1,Medium
0643-OKLRP,15.1,Medium
7016-NVRIC,15.03,Medium
4636-QRJKY,15.02,Medium
6242-FEGFD,15.02,Medium
6330-JKLPC,15.0,Medium
6702-OHFWR,15.0,Medium
7495-OOKFY,14.99,Medium
4741-WWJQZ,14.98,Medium
9921-ZVRHG,14.97,Medium
5453-AXEPF,14.97,Medium
7820-ZYGNY,14.95,Medium
7824-PANSQ,14.94,Medium
2868-SNELZ,14.93,Medium
8444-WRIDW,14.91,Medium
5998-VVEJY,14.91,Medium
3503-TYDAY,14.9,Medium
8819-IMISP,14.9,Medium
8490-BXHEO,14.9,Medium
2397-BRLOM,14.89,Medium
6923-JHPMP,14.89,Medium
1271-SJBGZ,14.89,Medium
8854-CCVSQ,14.89,Medium
0570-BFQHT,14.88,Medium
3130-ICDUP,14.88,Medium
1384-RCUXW,14.88,Medium
2911-WDXMV,14.88,Medium
9840-DVNDC,14.88,Medium
6551-GNYDG,14.87,Medium
7278-CKDNC,14.87,Medium
6357-JJPQT,14.87,Medium
3671-SHRSP,14.86,Medium
8183-ONMXC,14.85,Medium
9369-XFEHK,14.85,Medium
6000-APYLU,14.85,Medium
5275-SQEIZ,14.84,Medium
7563-BIUPC,14.84,Medium
5729-KLZAR,14.84,Medium
6457-USBER,14.83,Medium
3865-QBWSJ,14.83,Medium
7402-PWYJJ,14.82,Medium
8646-JCOMS,14.82,Medium
7826-VVKWT,14.82,Medium
7439-DKZTW,14.81,Medium
0318-QUUOB,14.81,Medium
0256-LTHVJ,14.81,Medium
7760-OYPDY,14.8,Medium
5206-XZZQI,14.8,Medium
2018-QKYGT,14.8,Medium
9871-ELEYA,14.8,Medium
8740-XLHDR,14.79,Medium
5228-EXCET,14.79,Medium
7851-FLGGQ,14.79,Medium
9878-TNQGW,14.78,Medium
6959-UWKHF,14.78,Medium
8756-RDDLT,14.77,Medium
2951-QOQTK,14.75,Medium
4612-SSVHJ,14.73,Medium
8268-YDIXR,14.71,Medium
4614-NUVZD,14.71,Medium
5198-EFNBM,14.7,Medium
0940-OUQEC,14.69,Medium
9957-YODKZ,14.69,Medium
6486-LHTMA,14.69,Medium
7169-YWAMK,14.68,Medium
4524-QCSSM,14.67,Medium
6103-BOCOU,14.66,Medium
7395-IGJOS,14.65,Medium
4817-QRJSX,14.63,Medium
9386-LDCZR,14.59,Medium
7703-ZEKEF,14.57,Medium
7587-RZNME,14.57,Medium
5337-IIWKZ,14.57,Medium
6481-OGDOO,14.57,Medium
4795-KTRTH,14.57,Medium
3404-JNXAX,14.56,Medium
1704-NRWYE,14.55,Medium
6458-CYIDZ,14.55,Medium
9644-KVCNC,14.55,Medium
7432-FFVAR,14.54,Medium
4143-OOBWZ,14.53,Medium
8808-ELEHO,14.52,Medium
5022-KVDQT,14.51,Medium
4184-VODJZ,14.51,Medium
4138-NAXED,14.5,Medium
3191-CSNMG,14.5,Medium
1707-HABPF,14.49,Medium
3842-QTGDL,14.49,Medium
6786-OBWQR,14.49,Medium
2845-KDHVX,14.49,Medium
6080-TCMYC,14.48,Medium
5208-FVQKB,14.48,Medium
6259-WJQLC,14.48,Medium
6729-GDNGC,14.47,Medium
2955-BJZHG,14.47,Medium
1871-MOWRM,14.46,Medium
7426-WEIJX,14.46,Medium
9560-ARGQJ,14.45,Medium
4299-SIMNS,14.45,Medium
4139-JPIAM,14.45,Medium
7929-DMBCV,14.44,Medium
9993-LHIEB,14.43,Medium
2612-RRIDN,14.43,Medium
5803-NQJZO,14.42,Medium
5445-UTODQ,14.4,Medium
5681-LLOEI,14.4,Medium
9095-HFAFX,14.4,Medium
5650-YLIBA,14.4,Medium
2669-QVCRG,14.38,Medium
9625-QSTYE,14.38,Medium
0750-EBAIU,14.38,Medium
7197-VOJMM,14.37,Medium
9489-DEDVP,14.37,Medium
3104-OWCGK,14.37,Medium
9281-PKKZE,14.37,Medium
3796-ENZGF,14.36,Medium
0334-GDDSO,14.36,Medium
6772-KSATR,14.35,Medium
2826-UWHIS,14.35,Medium
9050-IKDZA,14.34,Medium
2478-EEWWM,14.34,Medium
2495-INZWQ,14.33,Medium
0516-UXRMT,14.33,Medium
3280-MRDOF,14.32,Medium
4377-VDHYI,14.32,Medium
4915-BFSXL,14.31,Medium
5522-JBWMO,14.31,Medium
8039-ACLPL,14.3,Medium
2250-IVBWA,14.3,Medium
1478-VPOAD,14.3,Medium
8720-RQSBJ,14.3,Medium
1942-OQFRW,14.3,Medium
3736-BLEPA,14.29,Medium
1508-DFXCU,14.29,Medium
3018-TFTSU,14.28,Medium
0818-OCPZO,14.28,Medium
1895-QTKDO,14.28,Medium
3948-KXDUF,14.28,Medium
6650-VJONK,14.28,Medium
3085-QUOZK,14.28,Medium
9214-EKVXR,14.28,Medium
0620-DLSLK,14.27,Medium
2235-DWLJU,14.27,Medium
6087-YPWHO,14.26,Medium
6968-GMKPR,14.25,Medium
9091-WTUUY,14.24,Medium
6137-MFAJN,14.24,Medium
6128-DAFVY,14.23,Medium
7776-QGYJC,14.22,Medium
4459-BBGHE,14.18,Medium
0621-HJWXJ,14.17,Medium
2004-OCQXK,14.16,Medium
3961-SXAXY,14.15,Medium
4855-SNKMY,14.14,Medium
7663-RGWBC,14.13,Medium
6145-NNPNO,14.12,Medium
4824-GUCBY,14.12,Medium
8706-HRADD,14.11,Medium
4570-QHXHL,14.09,Medium
3798-EPWRR,14.09,Medium
2604-XVDAM,14.07,Medium
4361-JEIVL,14.07,Medium
9327-QSDED,14.07,Medium
2817-NTQDO,14.05,Medium
2739-CACDQ,14.05,Medium
6982-SSHFK,14.04,Medium
0415-MOSGF,14.04,Medium
0082-LDZUE,14.04,Medium
5989-OMNJE,14.02,Medium
1125-SNVCK,14.02,Medium
6142-VSJQO,14.02,Medium
8082-GHXOP,14.01,Medium
8887-IPQNC,14.0,Medium
0224-RLWWD,13.97,Medium
7963-GQRMY,13.97,Medium
4452-QIIEB,13.96,Medium
4566-QVRRW,13.96,Medium
8775-CEBBJ,13.95,Medium
0602-DDUML,13.95,Medium
3754-DXMRT,13.95,Medium
7615-ESMYF,13.94,Medium
2372-HWUHI,13.93,Medium
9708-HPXWZ,13.92,Medium
0885-HMGPY,13.92,Medium
9565-FLVCG,13.92,Medium
2903-YYTBW,13.9,Medium
5858-EAFCZ,13.9,Medium
4146-SVFUD,13.9,Medium
6595-COKXZ,13.89,Medium
7314-OXENN,13.89,Medium
8180-AKMJV,13.89,Medium
2725-IWWBA,13.89,Medium
1635-FJFCC,13.89,Medium
5840-NVDCG,13.89,Medium
3132-TVFDZ,13.87,Medium
9448-REEVD,13.87,Medium
2240-HSJQD,13.85,Medium
1172-VIYBP,13.84,Medium
7729-JTEEC,13.82,Medium
7593-JNWRU,13.81,Medium
4816-JBHOV,13.81,Medium
5046-NUHWD,13.8,Medium
8455-HIRAQ,13.8,Medium
3258-SANFR,13.8,Medium
1728-BQDMA,13.79,Medium
3945-GFWQL,13.79,Medium
8242-JSVBO,13.79,Medium
0374-IOEGQ,13.79,Medium
5707-ZMDJP,13.78,Medium
4608-LCIMN,13.78,Medium
3589-PPVKW,13.77,Medium
9873-MNDKV,13.77,Medium
4959-JOSRX,13.77,Medium
0229-LFJAF,13.77,Medium
0742-NXBGR,13.76,Medium
3744-ZRRDZ,13.76,Medium
4549-ZDQYY,13.73,Medium
4238-HFHSN,13.72,Medium
4432-ADRLB,13.72,Medium
7138-GIRSH,13.72,Medium
0641-EVBOJ,13.72,Medium
6954-OOYZZ,13.71,Medium
0867-MKZVY,13.69,Medium
7878-JGDKK,13.69,Medium
3808-HFKDE,13.69,Medium
2208-NQBCT,13.67,Medium
4159-NAAIX,13.65,Medium
9591-YVTEB,13.65,Medium
9715-WZCLW,13.62,Medium
4767-HZZHQ,13.61,Medium
3450-WXOAT,13.61,Medium
0842-IWYCP,13.6,Medium
0916-KNFAJ,13.6,Medium
5996-EBTKM,13.6,Medium
6243-OZGFH,13.57,Medium
2480-SQIOB,13.56,Medium
4373-VVHQL,13.56,Medium
8705-WZCYL,13.55,Medium
0556-FJEGU,13.54,Medium
7521-AFHAB,13.54,Medium
8710-YGLWG,13.53,Medium
3640-JQGJG,13.53,Medium
1919-RTPQD,13.53,Medium
9348-YVOMK,13.53,Medium
6941-KXRRV,13.53,Medium
4847-QNOKA,13.53,Medium
2672-OJQZP,13.53,Medium
0128-MKWSG,13.52,Medium
3580-REOAC,13.51,Medium
5027-XWQHA,13.51,Medium
8660-BUETV,13.5,Medium
4328-VUFWD,13.48,Medium
1898-JSNDC,13.47,Medium
8356-WUAOJ,13.45,Medium
9588-OZDMQ,13.45,Medium
4257-GAESD,13.44,Medium
2833-SLKDQ,13.43,Medium
5392-AKEMH,13.43,Medium
5696-QURRL,13.43,Medium
8950-MTZNV,13.43,Medium
3030-YZADT,13.43,Medium
6817-WTYHE,13.42,Medium
4671-LXRDQ,13.42,Medium
8152-VETUR,13.42,Medium
7675-OZCZG,13.42,Medium
8080-DDEMJ,13.42,Medium
4208-UFFGW,13.41,Medium
3926-CUQZX,13.41,Medium
1600-DILPE,13.41,Medium
1518-OMDIK,13.41,Medium
8821-KVZKQ,13.41,Medium
6463-MVYRY,13.4,Medium
4193-ORFCL,13.4,Medium
8221-HVAYI,13.4,Medium
3055-VTCGS,13.37,Medium
0727-BNRLG,13.35,Medium
5327-CNLUQ,13.34,Medium
4690-LLKUA,13.33,Medium
6410-LEFEN,13.32,Medium
5696-JVVQY,13.32,Medium
1304-SEGFY,13.3,Medium
5077-DXTCG,13.29,Medium
1685-VAYJF,13.29,Medium
2962-XPMCQ,13.29,Medium
0270-THENM,13.29,Medium
5552-ZNFSJ,13.28,Medium
4706-DGAHW,13.28,Medium
1612-EOHDH,13.28,Medium
1963-SVUCV,13.28,Medium
8229-TNIQA,13.28,Medium
7065-YUNRY,13.27,Medium
7883-ROJOC,13.27,Medium
3413-BMNZE,13.27,Medium
6035-RIIOM,13.26,Medium
6582-OIVSP,13.26,Medium
8095-WANWK,13.26,Medium
7252-NTGSS,13.26,Medium
7568-PODML,13.24,Medium
2999-AANRQ,13.21,Medium
0263-FJTQO,13.21,Medium
6288-CHQJB,13.2,Medium
4012-ZTHBR,13.2,Medium
7396-VJUZB,13.2,Medium
2219-MVUSO,13.19,Medium
3278-FSIXX,13.19,Medium
2737-WFVYW,13.18,Medium
4188-PCPIG,13.17,Medium
2027-DNKIV,13.16,Medium
8752-GHJFU,13.16,Medium
2828-SLQPF,13.16,Medium
6152-ONASV,13.15,Medium
7359-SSBJK,13.14,Medium
4547-FZJWE,13.13,Medium
0749-IRGQE,13.12,Medium
4565-EVZMJ,13.11,Medium
6797-LNAQX,13.11,Medium
5844-QVTAT,13.1,Medium
7511-YMXVQ,13.09,Medium
3200-MNQTF,13.07,Medium
0322-CHQRU,13.07,Medium
8671-KKKOS,13.07,Medium
9357-UJRUN,13.06,Medium
1589-AGTLK,13.05,Medium
4647-XXZAM,13.05,Medium
5663-QBGIS,13.05,Medium
2957-LOLHO,13.05,Medium
4061-UKJWL,13.04,Medium
2082-CEFLT,13.04,Medium
0621-TWIEM,13.03,Medium
4537-DKTAL,13.03,Medium
6519-CFDBX,13.03,Medium
0447-BEMNG,13.03,Medium
2275-RBYQS,13.03,Medium
5692-FPTAH,13.03,Medium
3566-HJGPK,13.03,Medium
7754-IXRMC,13.02,Medium
9244-ZVAPM,13.02,Medium
6176-YJWAS,13.02,Medium
3134-DSHVC,13.0,Medium
7153-CHRBV,12.96,Medium
7109-MFBYV,12.95,Medium
0973-KYVNF,12.94,Medium
1767-TGTKO,12.93,Medium
2680-XKKNJ,12.92,Medium
8680-CGLTP,12.92,Medium
1937-OTUKY,12.91,Medium
6872-HXFNF,12.88,Medium
3533-UVMOM,12.87,Medium
2282-YGNOR,12.86,Medium
9013-AQORL,12.85,Medium
6704-UTUKK,12.82,Medium
1809-DMJHQ,12.82,Medium
2831-EBWRN,12.81,Medium
9828-AOQLM,12.8,Medium
3859-CVCET,12.8,Medium
6143-JQKEA,12.8,Medium
2718-GAXQD,12.8,Medium
0356-ERHVT,12.79,Medium
0799-DDIHE,12.79,Medium
6128-CZOMY,12.79,Medium
2135-RXIHG,12.79,Medium
5651-CPDND,12.78,Medium
3165-HDOEW,12.78,Medium
5175-AOBHI,12.78,Medium
2887-JPYLU,12.78,Medium
7825-GKXMW,12.78,Medium
3317-HRTNN,12.78,Medium
3133-PZNSR,12.78,Medium
6185-TASNN,12.78,Medium
7359-PTSXY,12.78,Medium
1976-CFOCS,12.78,Medium
5103-MHMHY,12.77,Medium
7593-XFKDI,12.77,Medium
0999-QXNSA,12.77,Medium
7841-TZDMQ,12.77,Medium
3669-OYSJI,12.77,Medium
6127-IYJOZ,12.77,Medium
0887-HJGAR,12.77,Medium
9117-SHLZX,12.77,Medium
5133-POWUA,12.77,Medium
4237-RLAQD,12.77,Medium
5968-VXZLG,12.77,Medium
7054-LGEQW,12.76,Medium
1501-SGHBW,12.75,Medium
2637-FKFSY,12.75,Medium
2842-JTCCU,12.75,Medium
3255-GRXMG,12.74,Medium
0887-WBJVH,12.74,Medium
3566-VVORZ,12.73,Medium
6543-JXSOO,12.72,Medium
5294-CDGWY,12.72,Medium
5365-LLFYV,12.71,Medium
7554-AKDQF,12.71,Medium
3470-BTGQO,12.7,Medium
5795-BKOYE,12.67,Medium
7228-PAQPD,12.67,Medium
6296-DDOOR,12.67,Medium
9933-QRGTX,12.66,Medium
3727-RJMEO,12.65,Medium
2710-WYVXG,12.63,Medium
0921-OHLVP,12.59,Medium
2296-DKZFP,12.55,Medium
7629-WIXZF,12.55,Medium
4785-QRJHC,12.55,Medium
3913-FCUUW,12.5,Medium
2077-DDHJK,12.5,Medium
3950-VPYJB,12.5,Medium
2774-LVQUS,12.5,Medium
5130-YPIRV,12.49,Medium
6435-SRWBJ,12.49,Medium
6047-SUHPR,12.48,Medium
9473-CBZOP,12.47,Medium
5837-LXSDN,12.47,Medium
5716-EZXZN,12.47,Medium
5701-YVSVF,12.44,Medium
4559-UWIHT,12.43,Medium
1545-JFUML,12.43,Medium
9127-QRZMH,12.42,Medium
1564-NTYXF,12.4,Medium
3705-RHRFR,12.39,Medium
3500-NSDOA,12.39,Medium
3205-MXZRA,12.38,Medium
3230-JCNZS,12.38,Medium
5753-QQWPW,12.34,Medium
4686-GEFRM,12.34,Medium
2824-DXNKN,12.31,Medium
7730-CLDSV,12.29,Medium
8714-CTZJW,12.28,Medium
5312-IRCFR,12.25,Medium
3489-VSFRD,12.25,Medium
9480-BQJEI,12.24,Medium
8417-GSODA,12.23,Medium
3445-HXXGF,12.21,Medium
7876-AEHIG,12.18,Medium
8648-PFRMP,12.18,Medium
1353-GHZOS,12.17,Medium
1470-PSXNM,12.14,Medium
5846-NEQVZ,12.13,Medium
0623-EJQEG,12.13,Medium
6933-VLYFX,12.1,Medium
6253-GNHWH,12.1,Medium
5149-CUZUJ,12.09,Medium
4075-JFPGR,12.08,Medium
2123-VSCOT,12.06,Medium
4737-AQCPU,12.04,Medium
0665-XHDJU,12.03,Medium
4049-ZPALD,12.0,Medium
0601-WZHJF,12.0,Medium
7162-WPHPM,11.99,Medium
9570-KYEUA,11.98,Medium
1591-MQJTP,11.97,Medium
3275-RHRNE,11.97,Medium
8166-ORCHU,11.96,Medium
7781-EWARA,11.96,Medium
5196-WPYOW,11.92,Medium
1699-HPSBG,11.91,Medium
2794-XIMMO,11.89,Medium
2277-BKJKN,11.89,Medium
3214-IYUUQ,11.88,Medium
4419-UJMUS,11.85,Medium
4445-KWOKW,11.84,Medium
8220-OCUFY,11.84,Medium
0742-LAFQK,11.83,Medium
6196-HBOBZ,11.83,Medium
1752-OZXFY,11.82,Medium
1644-IRKSF,11.79,Medium
2969-VAPYH,11.78,Medium
2792-LSHWX,11.77,Medium
2634-HCZGT,11.77,Medium
1325-USMEC,11.77,Medium
6103-LIANB,11.76,Medium
3401-URHDA,11.76,Medium
5229-DTFYB,11.76,Medium
1855-AGAWH,11.76,Medium
9938-TKDGL,11.75,Medium
8383-SGHJU,11.75,Medium
0993-OSGPT,11.74,Medium
6633-SYEUS,11.73,Medium
9450-TRJUU,11.7,Medium
6015-VVHHE,11.69,Medium
3550-SAHFP,11.69,Medium
6630-UJZMY,11.69,Medium
2192-OZITF,11.67,Medium
7346-MEDWM,11.66,Medium
2292-XQWSV,11.65,Medium
8931-GJJIQ,11.65,Medium
6211-WWLTF,11.63,Medium
0461-CVKMU,11.63,Medium
0027-KWYKW,11.61,Medium
8802-UNOJF,11.61,Medium
8436-BJUMM,11.6,Medium
0815-MFZGM,11.59,Medium
3070-BDOQC,11.58,Medium
9812-GHVRI,11.58,Medium
5076-YVXCM,11.58,Medium
9965-YOKZB,11.56,Medium
3223-WZWJM,11.56,Medium
9955-QOPOY,11.56,Medium
5940-NFXKV,11.54,Medium
7921-LMDFQ,11.53,Medium
1183-CANVH,11.51,Medium
5371-VYLSX,11.5,Medium
5693-PIPCS,11.49,Medium
1193-RTSLK,11.49,Medium
3365-SAIGS,11.48,Medium
3441-CGZJH,11.48,Medium
0689-NKYLF,11.47,Medium
9274-UARKJ,11.47,Medium
8739-XNIKG,11.47,Medium
9167-APMXZ,11.46,Medium
3160-TYXLT,11.44,Medium
6173-ITPWD,11.44,Medium
0923-PNFUB,11.44,Medium
5813-UECBU,11.44,Medium
2545-EBUPK,11.43,Medium
7120-RFMVS,11.43,Medium
5949-XIKAE,11.43,Medium
0578-SKVMF,11.43,Medium
8800-JOOCF,11.43,Medium
3489-HHPFY,11.42,Medium
7803-XOCCZ,11.42,Medium
5950-AAAGJ,11.41,Medium
7613-LLQFO,11.41,Medium
8875-AKBYH,11.41,Medium
5090-EMGTC,11.4,Medium
9367-WXLCH,11.4,Medium
5060-TQUQN,11.4,Medium
7750-EYXWZ,11.4,Medium
5628-FCGYG,11.4,Medium
2921-XWDJH,11.4,Medium
6407-UTSLV,11.39,Medium
6402-SSEJG,11.39,Medium
2479-BRAMR,11.38,Medium
5383-MMTWC,11.38,Medium
3672-YITQD,11.38,Medium
6234-RAAPL,11.37,Medium
5357-TZHPP,11.37,Medium
8972-HJWNV,11.36,Medium
4366-CTOUZ,11.36,Medium
2239-CGBUZ,11.35,Medium
3908-BLSYF,11.34,Medium
0196-VULGZ,11.34,Medium
5117-IFGPS,11.34,Medium
4833-QTJNO,11.33,Medium
3194-ORPIK,11.32,Medium
3740-RLMVT,11.32,Medium
0378-XSZPU,11.32,Medium
4730-AWNAU,11.32,Medium
0013-EXCHZ,11.32,Medium
3727-OWVYD,11.32,Medium
7530-HDYDS,11.31,Medium
8058-JMEQO,11.31,Medium
3605-JISKB,11.3,Medium
9391-YZEJW,11.3,Medium
8869-TORSS,11.3,Medium
5685-IIXLY,11.29,Medium
0356-OBMAC,11.29,Medium
6172-FECYY,11.28,Medium
2931-VUVJN,11.27,Medium
0410-IPFTY,11.27,Medium
4713-ZBURT,11.27,Medium
1565-RHDJD,11.27,Medium
8417-FMLZI,11.26,Medium
4822-NGOCH,11.26,Medium
4636-OLWOE,11.26,Medium
0215-BQKGS,11.24,Medium
5520-FVEWJ,11.24,Medium
0572-ZJKLT,11.23,Medium
7299-GNVPL,11.23,Medium
3714-NTNFO,11.23,Medium
8216-AZUUZ,11.21,Medium
5016-IBERQ,11.21,Medium
8929-KSWIH,11.21,Medium
2578-JQPHZ,11.2,Medium
8705-DWKTI,11.19,Medium
4514-GFCFI,11.17,Medium
1319-YLZJG,11.17,Medium
3569-EDBPQ,11.15,Medium
2348-KCJLT,11.15,Medium
3196-NVXLZ,11.15,Medium
9640-ZSLDC,11.15,Medium
5609-IMCGG,11.14,Medium
0020-JDNXP,11.13,Medium
4471-KXAUH,11.13,Medium
4993-JCRGJ,11.12,Medium
7954-MLBUN,11.12,Medium
2013-SGDXK,11.12,Medium
2580-ATZSQ,11.11,Medium
2683-BPJSO,11.1,Medium
0239-OXEXL,11.1,Medium
8623-TMRBY,11.1,Medium
0637-UBJRP,11.09,Medium
7503-ZGUZJ,11.09,Medium
4919-IKATY,11.09,Medium
9490-DFPMD,11.08,Medium
9314-IJWSQ,11.08,Medium
4750-ZRXIU,11.08,Medium
3198-VELRD,11.08,Medium
0657-DOGUM,11.07,Medium
4912-PIGUY,11.07,Medium
9972-VAFJJ,11.07,Medium
5934-RMPOV,11.06,Medium
5889-LFOLL,11.06,Medium
7861-UVUFT,11.06,Medium
8868-GAGIO,11.06,Medium
2123-AGEEN,11.05,Medium
2205-YMZZJ,11.04,Medium
0225-ZORZP,11.04,Medium
4706-AXVKM,11.04,Medium
1550-LOAHA,11.04,Medium
4098-NAUKP,11.02,Medium
7005-CCBKV,11.02,Medium
2362-IBOOY,11.0,Medium
5572-ZDXHY,11.0,Medium
4632-XJMEX,11.0,Medium
2834-SPCJV,10.99,Medium
4822-YCXMX,10.98,Medium
5868-YWPDW,10.97,Medium
6463-HHXJR,10.97,Medium
3192-LNKRK,10.97,Medium
5781-BKHOP,10.96,Medium
5019-GQVCR,10.96,Medium
9720-JJJOR,10.95,Medium
5216-WASFJ,10.95,Medium
4086-ATNFV,10.95,Medium
5278-PNYOX,10.94,Medium
3927-NLNRY,10.91,Medium
1624-WOIWJ,10.91,Medium
6060-DRTNL,10.89,Medium
8242-SOQUO,10.89,Medium
7470-DYNOE,10.88,Medium
2455-USLMV,10.86,Medium
2379-ENZGV,10.86,Medium
9670-BPNXF,10.86,Medium
1116-DXXDF,10.86,Medium
2873-ZLIWT,10.85,Medium
7005-CYUIL,10.85,Medium
0219-YTZUE,10.85,Medium
2202-CUYXZ,10.84,Medium
6877-TJMBR,10.84,Medium
0315-LVCRK,10.83,Medium
3737-XBQDD,10.8,Medium
0956-ACVZC,10.8,Medium
7517-LDMPS,10.78,Medium
2916-BQZLN,10.77,Medium
0875-CABNR,10.77,Medium
2927-QRRQV,10.75,Medium
7105-MXJLL,10.74,Medium
8937-RDTHP,10.74,Medium
5197-PYEPU,10.73,Medium
7398-LXGYX,10.72,Medium
9979-RGMZT,10.72,Medium
7670-ZBPOQ,10.72,Medium
0019-EFAEP,10.71,Medium
9028-LIHRP,10.71,Medium
0384-LPITE,10.7,Medium
6270-OMFIW,10.7,Medium
4720-VSTSI,10.69,Medium
3572-UOLYZ,10.64,Medium
8788-DOXSU,10.64,Medium
1866-DIOQZ,10.62,Medium
1402-PTHGN,10.58,Medium
7641-TQFHN,10.57,Medium
4079-VTGLK,10.56,Medium
6732-FZUGP,10.55,Medium
3410-MHHUM,10.55,Medium
3346-BRMIS,10.54,Medium
0320-DWVTU,10.54,Medium
2558-BUOZZ,10.53,Medium
0691-JVSYA,10.53,Medium
3571-DPYUH,10.51,Medium
1394-SUIUH,10.5,Medium
8809-XKHMD,10.5,Medium
8659-IOOPU,10.5,Medium
1370-GGAWX,10.5,Medium
2972-YDYUW,10.49,Medium
2379-GYFLQ,10.49,Medium
6075-QMNRR,10.46,Medium
9798-DRYDS,10.46,Medium
3807-BPOMJ,10.45,Medium
5443-SCMKX,10.44,Medium
0074-HDKDG,10.44,Medium
8945-MUQUF,10.41,Medium
9052-DHNKM,10.4,Medium
3716-LRGXK,10.39,Medium
8597-CWYHH,10.38,Medium
1536-YHDOE,10.38,Medium
1004-NOZNR,10.36,Medium
3351-NQLDI,10.36,Medium
1095-WGNGG,10.35,Medium
7182-OVLBJ,10.35,Medium
7123-WQUHX,10.33,Medium
6242-SGYTS,10.33,Medium
5149-QYTTU,10.32,Medium
7607-QKKTJ,10.32,Medium
1732-FEKLD,10.31,Medium
7080-TNUWP,10.29,Medium
4884-TVUQF,10.28,Medium
4075-WKNIU,10.28,Medium
8961-QDZZJ,10.26,Medium
2878-RMWXY,10.24,Medium
1150-FTQGN,10.24,Medium
0689-DSXGL,10.24,Medium
9121-PHQSR,10.23,Medium
2642-DTVCO,10.22,Medium
4083-BFNYK,10.22,Medium
7586-ZATGZ,10.22,Medium
1200-TUZHR,10.22,Medium
6127-ISGTU,10.21,Medium
9185-TQCVP,10.21,Medium
3834-XUIFC,10.21,Medium
6331-EWIEB,10.2,Medium
8837-VVWLQ,10.2,Medium
9606-PBKBQ,10.2,Medium
7831-QGOXH,10.19,Medium
3106-ULWFW,10.19,Medium
8382-SHQEH,10.18,Medium
9314-QDMDW,10.18,Medium
0195-IESCP,10.18,Medium
4548-SDBKE,10.17,Medium
0524-IAVZO,10.17,Medium
1766-GKNMI,10.17,Medium
1069-XAIEM,10.16,Medium
8063-GBATB,10.16,Medium
9992-RRAMN,10.16,Medium
9282-IZGQK,10.16,Medium
5373-SFODM,10.15,Medium
4808-YNLEU,10.15,Medium
8294-UIMBA,10.15,Medium
3865-ZYKAD,10.14,Medium
0362-ZBZWJ,10.13,Medium
4187-CINZD,10.12,Medium
6999-CHVCF,10.12,Medium
4369-HTUIF,10.11,Medium
2657-ALMWY,10.09,Medium
0666-UXTJO,10.08,Medium
4536-PLEQY,10.07,Medium
4332-MUOEZ,10.05,Medium
9239-ZBZZV,10.05,Medium
9208-OLGAQ,10.04,Medium
8905-IAZPF,10.04,Medium
6230-BSUXY,10.02,Medium
1628-BIZYP,10.02,Medium
1215-VFYVK,10.01,Medium
0440-UEDAI,10.01,Medium
7895-VONWT,10.01,Medium
3946-JEWRQ,10.01,Medium
7927-AUXBZ,10.01,Medium
5453-YBTWV,10.01,Medium
4531-AUZNK,10.0,Medium
2691-NZETQ,9.99,Medium
5569-KGJHX,9.99,Medium
0015-UOCOJ,9.99,Medium
3470-OBUET,9.97,Medium
1845-CSBRZ,9.96,Medium
2215-ZAFGX,9.96,Medium
5307-UVGNB,9.96,Medium
5277-ZLOOR,9.95,Medium
8519-IMDHU,9.94,Medium
8348-HFYIV,9.94,Medium
6563-VNPMN,9.94,Medium
1268-ASBGA,9.94,Medium
7629-WFGLW,9.94,Medium
3536-IQCTX,9.93,Medium
7377-DMMRI,9.93,Medium
9752-ZNQUT,9.93,Medium
7249-WBIYX,9.93,Medium
8593-WHYHV,9.92,Medium
3370-GQEAL,9.92,Medium
6769-DYBQN,9.92,Medium
9445-ZUEQE,9.92,Medium
2960-NKRSO,9.92,Medium
3247-ZVOUO,9.92,Medium
8286-AFUYI,9.92,Medium
0913-XWSCN,9.92,Medium
3541-ZNUHK,9.92,Medium
9820-RMCQV,9.91,Medium
9124-LHCJQ,9.89,Medium
7892-QVYKW,9.89,Medium
0623-GDISB,9.89,Medium
0322-YINQP,9.89,Medium
4143-HHPMK,9.89,Medium
9102-IAYHT,9.89,Medium
1794-HBQTJ,9.89,Medium
0843-WTBXE,9.88,Medium
4958-GZWIY,9.88,Medium
6719-OXYBR,9.88,Medium
2135-DQWAQ,9.88,Medium
5676-CFLYY,9.88,Medium
7248-VZQLC,9.88,Medium
3138-BKYAV,9.87,Medium
9494-BDNNC,9.87,Medium
2858-EIMXH,9.87,Medium
5207-PLSTK,9.86,Medium
5153-RTHKF,9.86,Medium
4468-YDOVK,9.85,Medium
9039-RBEEE,9.85,Medium
2636-OHFMN,9.84,Medium
1696-HXOWK,9.84,Medium
4742-DRORA,9.83,Medium
7188-CBBBA,9.82,Medium
1785-BPHTP,9.81,Medium
5473-KHBPS,9.81,Medium
4395-PZMSN,9.8,Medium
2195-ZRVAX,9.8,Medium
5597-GLBUC,9.8,Medium
0235-KGSLC,9.79,Medium
5018-GWURO,9.79,Medium
4295-YURET,9.78,Medium
3570-YUEKJ,9.78,Medium
2959-FENLU,9.76,Medium
0898-XCGTF,9.76,Medium
2952-QAYZF,9.76,Medium
6432-TWQLB,9.76,Medium
0419-YAAPX,9.75,Medium
3842-IYKUE,9.75,Medium
0876-WDUUZ,9.74,Medium
5914-DVBWJ,9.73,Medium
9163-GHAYE,9.72,Medium
8910-ICHIU,9.72,Medium
8791-GFXLZ,9.71,Medium
4922-CVPDX,9.7,Medium
0533-BNWKF,9.7,Medium
8878-HMWBV,9.69,Medium
6686-YPGHK,9.69,Medium
2027-CWDNU,9.69,Medium
1170-SASML,9.68,Medium
7742-MYPGI,9.68,Medium
2716-GFZOR,9.68,Medium
2256-YLYLP,9.66,Medium
9097-ZUBYC,9.65,Medium
0259-GBZSH,9.65,Medium
9644-UMGQA,9.65,Medium
3097-NNSPB,9.64,Medium
5327-XOKKY,9.63,Medium
2237-ZFSMY,9.61,Medium
2607-FBDFF,9.61,Medium
2273-QCKXA,9.61,Medium
4248-QPAVC,9.61,Medium
4849-PYRLQ,9.6,Medium
9944-AEXBM,9.6,Medium
0222-CNVPT,9.6,Medium
0997-YTLNY,9.6,Medium
2860-RANUS,9.59,Medium
7488-MXJIV,9.59,Medium
7994-UYIVZ,9.59,Medium
6728-VOIFY,9.59,Medium
4439-JMPMT,9.58,Medium
2338-BQEZT,9.58,Medium
0118-JPNOY,9.57,Medium
5226-NOZFC,9.57,Medium
3049-NDXFL,9.57,Medium
0697-ZMSWS,9.57,Medium
5192-EBGOV,9.57,Medium
1143-NMNQJ,9.56,Medium
2876-GZYZC,9.56,Medium
3999-WRNGR,9.56,Medium
0869-PAPRP,9.55,Medium
0133-BMFZO,9.55,Medium
6474-FVJLC,9.54,Medium
6876-ADESB,9.54,Medium
8734-DKSTZ,9.54,Medium
7639-SUPCW,9.53,Medium
1506-YJTYT,9.53,Medium
9866-QEVEE,9.51,Medium
3916-NRPAP,9.51,Medium
2521-NPUZR,9.5,Medium
0674-GCDXG,9.5,Medium
3144-AUDBS,9.5,Medium
7137-RYLPP,9.5,Medium
0378-TOVMS,9.5,Medium
5307-DZCVC,9.5,Medium
0220-EBGCE,9.5,Medium
4952-YSOGZ,9.49,Medium
8947-YRTDV,9.49,Medium
4429-WYGFR,9.49,Medium
2189-WWOEW,9.48,Medium
5201-USSQZ,9.48,Medium
6953-PBDIN,9.45,Medium
5781-RFZRP,9.45,Medium
5522-NYKPB,9.45,Medium
1376-HHBDV,9.45,Medium
0655-YDGFJ,9.45,Medium
8132-YPVBX,9.43,Medium
7470-MCQTK,9.43,Medium
4844-JJWUY,9.42,Medium
7508-MYBOG,9.42,Medium
9885-AIBVB,9.42,Medium
7240-ETPTR,9.42,Medium
4285-GYRQC,9.41,Medium
3797-FKOGQ,9.41,Medium
3540-RZJYU,9.41,Medium
7524-VRLPL,9.4,Medium
0824-VWDPO,9.4,Medium
1342-JPNKI,9.4,Medium
3452-ABWRL,9.4,Medium
3023-GFLBR,9.39,Medium
6986-IJDHX,9.39,Medium
2019-HDCZY,9.38,Medium
6265-SXWBU,9.38,Medium
4826-XTSOH,9.37,Medium
8337-MSSXB,9.37,Medium
5989-PGKJB,9.36,Medium
3914-FDRHP,9.36,Medium
5651-YLPRD,9.35,Medium
2038-OEQZH,9.35,Medium
1456-TWCGB,9.33,Medium
0201-MIBOL,9.33,Medium
0423-UDIJQ,9.32,Medium
3372-KWFBM,9.32,Medium
3097-NQYSN,9.32,Medium
0682-USIXD,9.32,Medium
7858-GTZSP,9.32,Medium
9451-LPGOO,9.32,Medium
5229-PRWKT,9.31,Medium
9114-VEPUF,9.31,Medium
8861-HGGKB,9.31,Medium
8805-JNRAZ,9.31,Medium
1925-TIBLE,9.31,Medium
6789-HJBWG,9.31,Medium
5433-KYGHE,9.3,Medium
1226-UDFZR,9.3,Medium
0224-HJAPT,9.3,Medium
1212-GLHMD,9.3,Medium
7779-LGOVN,9.29,Medium
8603-IJWDN,9.29,Medium
5780-INQIK,9.28,Medium
6275-YDUVO,9.28,Medium
0168-XZKBB,9.28,Medium
2504-DSHIH,9.27,Medium
2057-ZBLPD,9.27,Medium
4581-LNWUM,9.27,Medium
2625-TRCZQ,9.27,Medium
3890-RTCMS,9.26,Medium
7605-SNLQG,9.25,Medium
5948-UJZLF,9.25,Medium
0067-DKWBL,9.25,Medium
4911-BANWH,9.25,Medium
5600-PDUJF,9.25,Medium
8205-MQUGY,9.24,Medium
2229-VWQJH,9.24,Medium
1265-XTECC,9.24,Medium
0823-HSCDJ,9.23,Medium
7460-ITWWP,9.22,Medium
3345-PBBFH,9.22,Medium
4673-KKSLS,9.22,Medium
5649-VUKMC,9.22,Medium
1810-BOHSY,9.22,Medium
7621-VPNET,9.21,Medium
4140-MUHUG,9.21,Medium
4456-RHSNB,9.2,Medium
6979-ZNSFF,9.2,Medium
3716-UVSPD,9.2,Medium
2391-SOORI,9.2,Medium
3948-XHGNA,9.2,Medium
6352-TWCAU,9.2,Medium
6384-VMJHP,9.19,Medium
0311-QYWSS,9.19,Medium
9661-MHUMO,9.19,Medium
0428-IKYCP,9.19,Medium
2277-VWCNI,9.19,Medium
8148-BPLZQ,9.19,Medium
4065-JJAVA,9.19,Medium
5295-PCJOO,9.18,Medium
3982-DQLUS,9.17,Medium
4884-ZTHVF,9.17,Medium
5318-IXUZF,9.16,Medium
7876-BEUTG,9.16,Medium
2843-CQMEG,9.15,Medium
6633-MPWBS,9.15,Medium
9396-ZSFLL,9.15,Medium
7501-IWUNG,9.15,Medium
2722-JMONI,9.15,Medium
4926-UMJZD,9.14,Medium
2075-RMJIK,9.14,Medium
0991-BRRFB,9.14,Medium
2037-XJFUP,9.14,Medium
0430-IHCDJ,9.14,Medium
5014-WUQMG,9.14,Medium
7658-UYUQS,9.14,Medium
8885-QSQBX,9.13,Medium
1213-NGCUN,9.13,Medium
8614-VGMMV,9.13,Medium
9391-LMANN,9.13,Medium
2720-FVBQP,9.12,Medium
1355-KUSBG,9.12,Medium
7410-KTVFV,9.11,Medium
1660-HSOOQ,9.11,Medium
1208-NBVFH,9.11,Medium
6304-IJFSQ,9.1,Medium
7176-WIONM,9.1,Medium
9909-DFRJA,9.09,Medium
1406-PUQVY,9.08,Medium
5195-KPUNQ,9.07,Medium
1666-JZPZT,9.07,Medium
0587-DMGBH,9.07,Medium
5651-WYIPH,9.06,Medium
4353-HYOJD,9.06,Medium
5445-GLVOT,9.04,Medium
7312-XSBAT,9.04,Medium
8757-TFHHJ,9.03,Medium
1536-HBSWP,9.03,Medium
7623-TRNQN,9.02,Medium
4648-YPBTM,9.01,Medium
8064-RAVOH,9.01,Medium
7811-JIVPF,9.0,Medium
3521-MNKLV,9.0,Medium
3391-JSQEW,8.99,Medium
1580-BMCMR,8.99,Medium
1453-RZFON,8.99,Medium
0771-CHWSK,8.99,Medium
3557-HTYWR,8.98,Medium
9693-XMUOB,8.97,Medium
0562-FGDCR,8.93,Medium
8272-ONJLV,8.91,Medium
0536-ESJEP,8.91,Medium
5294-IMHHT,8.9,Medium
1023-BQXZE,8.9,Medium
2753-JMMCV,8.89,Medium
0880-FVFWF,8.88,Medium
4654-DLAMQ,8.88,Medium
5458-CQJTA,8.87,Medium
9430-FRQOC,8.85,Medium
6439-GTPCA,8.85,Medium
0744-GKNGE,8.81,Medium
0141-YEAYS,8.81,Medium
1247-QBVSH,8.8,Medium
6874-SGLHU,8.77,Medium
1100-DDVRV,8.76,Medium
6581-NQCBA,8.76,Medium
0670-ANMUU,8.73,Medium
2498-XLDZR,8.72,Medium
8404-FYDIB,8.72,Medium
2085-BOJKI,8.72,Medium
8313-AFGBW,8.7,Medium
7241-AJHFS,8.7,Medium
9373-WSLOY,8.7,Medium
2027-OAQQC,8.69,Medium
6169-PGNCD,8.67,Medium
7442-YGZFK,8.64,Medium
3920-HIHMQ,8.63,Medium
2055-SIFSS,8.62,Medium
0487-CRLZF,8.61,Medium
4223-WOZCM,8.6,Medium
8344-WFMFH,8.6,Medium
3082-YVEKW,8.59,Medium
1958-RNRKS,8.58,Medium
1629-DQQVB,8.58,Medium
4950-BDEUX,8.57,Medium
5155-AZQPB,8.56,Medium
1471-GIQKQ,8.55,Medium
7931-PXHFC,8.54,Medium
4115-BNPJY,8.53,Medium
9734-UYXQI,8.52,Medium
6705-LNMDD,8.52,Medium
4654-ULTTN,8.51,Medium
5232-NXPAY,8.51,Medium
8630-QSGXK,8.5,Medium
5843-TTHGI,8.5,Medium
8468-FZTOE,8.5,Medium
0523-VNGTF,8.5,Medium
9763-GRSKD,8.5,Medium
8089-UZWLX,8.49,Medium
0742-MOABM,8.48,Medium
9375-MHRRS,8.47,Medium
3794-NFNCH,8.44,Medium
5150-LJNSR,8.43,Medium
7284-BUYEC,8.39,Medium
0336-PIKEI,8.39,Medium
8967-SZQAS,8.32,Medium
6253-WRFHY,8.31,Medium
7579-OOPEC,8.31,Medium
5975-BAICR,8.29,Medium
9481-WHGWY,8.28,Medium
5382-TEMLV,8.28,Medium
5268-DSMNQ,8.27,Medium
5896-NPFWW,8.25,Medium
4751-ERMAN,8.24,Medium
1848-LBZHY,8.23,Medium
0022-TCJCI,8.23,Medium
8311-UEUAB,8.23,Medium
7776-QWNFX,8.23,Medium
6844-DZKRF,8.23,Medium
3097-IDVPU,8.22,Medium
9026-RNUJS,8.21,Medium
8735-IJJEG,8.21,Medium
9115-YQHGA,8.21,Medium
7779-ORAEL,8.21,Medium
9992-UJOEL,8.2,Medium
4026-SKKHW,8.2,Medium
2810-FTLEM,8.19,Medium
1730-VFMWO,8.18,Medium
0929-HYQEW,8.18,Medium
8182-PNAGI,8.18,Medium
2541-YGPKE,8.18,Medium
6608-QQLVK,8.18,Medium
1845-ZLLIG,8.17,Medium
8445-DNBAE,8.17,Medium
5366-OBVMR,8.17,Medium
4316-XCSLJ,8.17,Medium
8280-MQRQN,8.16,Medium
7250-EQKIY,8.16,Medium
0374-AACSZ,8.16,Medium
5047-LHVLY,8.16,Medium
4130-MZLCC,8.15,Medium
6689-KXGBO,8.15,Medium
4317-VTEOA,8.15,Medium
5071-FBJFS,8.15,Medium
6497-TILVL,8.14,Medium
6905-NIQIN,8.13,Medium
0248-IPDFW,8.11,Medium
5311-IHLEI,8.1,Medium
6888-SBYAI,8.1,Medium
1763-WQFUK,8.1,Medium
3334-CTHOL,8.1,Medium
1853-ARAAQ,8.09,Medium
4749-VFKVB,8.09,Medium
4011-ARPHK,8.09,Medium
2108-YKQTY,8.08,Medium
5701-ZIKJE,8.08,Medium
3621-CHYVB,8.08,Medium
2947-DOMLJ,8.08,Medium
3982-XWFZQ,8.07,Medium
7595-EHCDL,8.06,Medium
9631-XEYKE,8.04,Medium
0440-QEXBZ,8.04,Medium
7794-JASDG,8.03,Medium
0212-ISBBF,8.03,Medium
7860-UXCRM,8.0,Medium
0096-BXERS,8.0,Medium
0484-FFVBJ,7.99,Medium
9068-VPWQQ,7.99,Medium
2150-WLKUW,7.99,Medium
4304-XUMGI,7.98,Medium
1452-XRSJV,7.98,Medium
7753-USQYQ,7.98,Medium
7767-UXAGJ,7.97,Medium
1310-QRITU,7.97,Medium
2740-TVLFN,7.97,Medium
4003-OCTMP,7.96,Medium
9462-MJUAW,7.95,Medium
0707-HOVVN,7.95,Medium
2582-FFFZR,7.93,Medium
5148-ORICT,7.91,Medium
5756-OZRIO,7.91,Medium
1177-XZBJL,7.9,Medium
8364-TRMMK,7.9,Medium
8601-QACRS,7.9,Medium
5057-LCOUI,7.9,Medium
2103-ZRXFN,7.89,Medium
9058-CBREO,7.89,Medium
5825-XJOCM,7.87,Medium
3009-JWMPU,7.87,Medium
4526-RMTLL,7.85,Medium
5973-EJGDP,7.84,Medium
4450-YOOHP,7.84,Medium
2351-BKRZW,7.84,Medium
0895-LMRSF,7.81,Medium
5203-XEHAX,7.79,Medium
4422-QVIJA,7.79,Medium
8008-HAWED,7.77,Medium
1676-MQAOA,7.76,Medium
5387-ASZNZ,7.75,Medium
3339-EAQNV,7.74,Medium
8992-JQYUN,7.74,Medium
0326-VDYXE,7.72,Medium
5240-CAOYT,7.71,Medium
8108-UXRQN,7.71,Medium
5073-WXOYN,7.69,Medium
9076-AXYIK,7.68,Medium
7009-LGECI,7.67,Medium
5815-HGGHV,7.66,Medium
7339-POGZN,7.65,Medium
8777-PVYGU,7.64,Medium
3329-WDIOK,7.63,Medium
2480-EJWYP,7.62,Medium
8809-RIHDD,7.62,Medium
0604-THJFP,7.62,Medium
0866-QLSIR,7.6,Medium
4872-VXRIL,7.59,Medium
7054-ENNGU,7.57,Medium
2207-OBZNX,7.56,Medium
6766-HFKLA,7.56,Medium
9625-QNLUX,7.54,Medium
2959-EEXWB,7.54,Medium
4256-ZWTZI,7.52,Medium
2207-NHRJK,7.51,Medium
6257-RJOHI,7.5,Medium
2661-GKBTK,7.5,Medium
5696-CEIQJ,7.49,Medium
6711-VTNRE,7.49,Medium
3946-MHCZW,7.49,Medium
5404-GGUKR,7.48,Medium
4660-IRIBM,7.48,Medium
9496-IVVRP,7.47,Medium
5320-BRKGK,7.47,Medium
6625-UTXEW,7.46,Medium
9637-EIHEQ,7.45,Medium
9926-PJHDQ,7.45,Medium
2612-PHGOX,7.45,Medium
3683-QKIUE,7.44,Medium
8229-MYEJZ,7.44,Medium
1596-OQSPS,7.43,Medium
9681-KYGYB,7.43,Medium
9432-RUVSL,7.43,Medium
4199-QHJNM,7.42,Medium
2522-WLNSF,7.42,Medium
7743-EXURX,7.42,Medium
7994-XIRTR,7.42,Medium
3221-CJMSG,7.41,Medium
6821-JPCDC,7.4,Medium
3733-ZEECP,7.4,Medium
7351-MHQVU,7.39,Medium
2530-FMFXO,7.39,Medium
6870-ZWMNX,7.39,Medium
9688-YGXVR,7.39,Medium
1101-SSWAG,7.39,Medium
7663-YJHSN,7.37,Medium
6749-UTDVX,7.37,Medium
7032-LMBHI,7.35,Medium
4072-IPYLT,7.34,Medium
7501-VTYLJ,7.33,Medium
9564-KCLHR,7.33,Medium
3137-NYQQI,7.32,Medium
1585-MQSSU,7.32,Medium
0178-SZBHO,7.31,Medium
9828-QHFBK,7.31,Medium
9848-JQJTX,7.31,Medium
4827-USJHP,7.3,Medium
3126-WQMGH,7.29,Medium
9529-OFXHY,7.29,Medium
6483-OATDN,7.29,Medium
6284-KMNUF,7.28,Medium
3902-MIVLE,7.27,Medium
9537-VHDTA,7.26,Medium
5846-QFDFI,7.25,Medium
9114-AAFQH,7.25,Medium
8295-KMENE,7.25,Medium
3669-LVWZB,7.25,Medium
8695-WDYEA,7.25,Medium
5294-DMSFH,7.23,Medium
5498-TXHLF,7.23,Medium
2845-HSJCY,7.22,Medium
4678-DVQEO,7.22,Medium
9833-TGFHX,7.22,Medium
2709-UQGNP,7.21,Medium
7945-HLKEA,7.19,Medium
8722-PRFDV,7.19,Medium
2626-URJFX,7.18,Medium
4123-DVHPH,7.18,Medium
9741-YLNTD,7.18,Medium
1088-AUUZZ,7.18,Medium
0772-GYEQQ,7.17,Medium
6559-RAKOZ,7.17,Medium
8597-CTXVJ,7.16,Medium
0303-UNCIP,7.16,Medium
7105-BENQF,7.16,Medium
6440-DKQGE,7.15,Medium
6583-QGCSI,7.15,Medium
5996-NRVXR,7.15,Medium
1573-LGXBA,7.14,Medium
5639-NTUPK,7.12,Medium
2091-MJTFX,7.11,Medium
4526-ZJJTM,7.11,Medium
9571-EDEBV,7.11,Medium
2649-HWLYB,7.11,Medium
2929-QNSRW,7.11,Medium
2811-POVEX,7.11,Medium
3753-TSEMP,7.1,Medium
3327-YBAKM,7.08,Medium
8845-LWKGE,7.08,Medium
4184-TJFAN,7.07,Medium
7856-GANIL,7.07,Medium
6629-LADHQ,7.05,Medium
5816-SCGFC,7.04,Medium
6718-BDGHG,7.04,Medium
5081-NWSUP,7.04,Medium
5756-JYOJT,7.02,Medium
4223-BKEOR,7.01,Medium
4853-RULSV,7.01,Medium
0862-PRCBS,6.99,Medium
4109-CYRBD,6.98,Medium
0980-PVMRC,6.98,Medium
9209-NWPGU,6.97,Medium
0813-TAXXS,6.96,Medium
3143-JQEGI,6.96,Medium
5842-POCOP,6.95,Medium
6616-AALSR,6.95,Medium
4633-MKHYU,6.95,Medium
3426-NIYYL,6.95,Medium
6257-DTAYD,6.94,Medium
0960-HUWBM,6.94,Medium
0311-UNPFF,6.93,Medium
7228-OMTPN,6.93,Medium
1636-NTNCO,6.93,Medium
4994-OBRSZ,6.93,Medium
1357-BIJKI,6.92,Medium
4822-LPTYJ,6.91,Medium
6923-EFPNL,6.9,Medium
3722-WPXTK,6.9,Medium
7208-PSIHR,6.89,Medium
4695-WJZUE,6.89,Medium
8205-VSLRB,6.88,Medium
9415-DPEWS,6.87,Medium
9626-VFRGG,6.87,Medium
7036-TYDEC,6.87,Medium
3254-YRILK,6.87,Medium
0378-NHQXU,6.87,Medium
9770-KXGQU,6.87,Medium
5499-ECUTN,6.86,Medium
6087-MVHJH,6.86,Medium
1169-WCVAK,6.86,Medium
0504-HHAPI,6.86,Medium
5366-IJEQJ,6.85,Medium
6374-NTQLP,6.85,Medium
0868-VJRDR,6.83,Medium
1273-MTETI,6.83,Medium
3068-OMWZA,6.82,Medium
9705-IOVQQ,6.82,Medium
3957-HHLMR,6.82,Medium
9054-FOWNV,6.82,Medium
2657-VPXTA,6.81,Medium
9777-WJJPR,6.81,Medium
0575-CUQOV,6.81,Medium
4951-UKAAQ,6.81,Medium
0422-UXFAP,6.81,Medium
4129-LYCOI,6.8,Medium
6595-YGXIT,6.8,Medium
2672-TGEFF,6.8,Medium
7508-SMHXL,6.79,Medium
9402-CXWPL,6.79,Medium
5329-KRDTM,6.79,Medium
4521-YEEHE,6.78,Medium
0187-QSXOE,6.77,Medium
0611-DFXKO,6.76,Medium
4636-JGAAI,6.76,Medium
7541-YLXCL,6.75,Medium
0581-MDMPW,6.75,Medium
5127-BZENZ,6.75,Medium
3795-GWTRD,6.75,Medium
2324-EFHVG,6.74,Medium
1543-LLLFT,6.74,Medium
2969-QWUBZ,6.73,Medium
8466-PZBLH,6.73,Medium
1131-SUEKT,6.72,Medium
2235-ZGKPT,6.72,Medium
9958-MEKUC,6.71,Medium
7572-KPVKK,6.7,Medium
1658-XUHBX,6.69,Medium
3597-YASZG,6.69,Medium
2927-CVULT,6.69,Medium
2581-VKIRT,6.67,Medium
0297-RBCSG,6.66,Medium
5193-QLVZB,6.65,Medium
5446-DKWYW,6.65,Medium
0917-EZOLA,6.64,Medium
0959-WHOKV,6.61,Medium
4174-LPGTI,6.6,Medium
5828-DWPIL,6.57,Medium
5286-YHCVC,6.57,Medium
1792-UXAFY,6.55,Medium
4154-AQUGT,6.53,Medium
5419-KLXBN,6.51,Medium
2882-WDTBA,6.5,Medium
1360-JYXKQ,6.5,Medium
9055-MOJJJ,6.48,Medium
2153-MREFK,6.47,Medium
0334-ZFJSR,6.46,Medium
3552-CTCYF,6.46,Medium
7064-FRRSW,6.45,Medium
7184-LRUUR,6.45,Medium
7919-ZODZZ,6.45,Medium
2284-VFLKH,6.43,Medium
2001-EWBQU,6.42,Medium
6680-NENYN,6.42,Medium
6603-QWSPR,6.42,Medium
3349-ANQNH,6.41,Medium
3161-ONRWK,6.41,Medium
2371-KFUOG,6.41,Medium
4791-QRGMF,6.41,Medium
7277-OZCGZ,6.4,Medium
6283-GITPX,6.39,Medium
5578-NKCXI,6.38,Medium
3429-IFLEM,6.37,Medium
7516-GMHUV,6.37,Medium
3374-LXDEV,6.36,Medium
7103-IPXPJ,6.34,Medium
0002-ORFBO,6.32,Medium
6383-ZTSIW,6.32,Medium
6227-FBDXH,6.31,Medium
4115-NZRKS,6.29,Medium
5898-IGSLP,6.28,Medium
4957-TIALW,6.27,Medium
1935-IMVBB,6.25,Medium
5429-LWCMV,6.23,Medium
8035-PWSEV,6.23,Medium
1965-DDBWU,6.23,Medium
2995-UPRYS,6.23,Medium
6837-HAEVO,6.23,Medium
8769-KKTPH,6.22,Medium
4853-OITSN,6.22,Medium
3801-HMYNL,6.22,Medium
1902-XBTFB,6.22,Medium
3427-GGZZI,6.21,Medium
1455-ESIQH,6.21,Medium
2311-QYMUQ,6.21,Medium
1452-KIOVK,6.21,Medium
6005-OBZPH,6.2,Medium
6897-UUBNU,6.2,Medium
1818-ESQMW,6.18,Medium
2664-XJZNO,6.18,Medium
6734-FQAJX,6.18,Medium
1513-XNPPH,6.17,Medium
8481-YYXWG,6.16,Medium
9254-RBFON,6.16,Medium
2685-SREOM,6.15,Medium
1307-ATKGB,6.14,Medium
5644-PDMZC,6.13,Medium
5626-MGTUK,6.13,Medium
5575-TPIZQ,6.13,Medium
0392-BZIUW,6.12,Medium
1670-SVOWZ,6.12,Medium
6413-XKKPU,6.12,Medium
8984-EYLLL,6.1,Medium
0829-XXPLX,6.09,Medium
7479-NITWS,6.09,Medium
1173-XZPYF,6.09,Medium
2082-OJVTK,6.07,Medium
0130-SXOUN,6.07,Medium
3197-NNYNB,6.07,Medium
4043-MKDTV,6.07,Medium
9053-EJUNL,6.06,Medium
9565-DJPIB,6.06,Medium
5348-CAGXB,6.05,Medium
2856-NNASM,6.05,Medium
5136-GFPMB,6.05,Medium
4937-QPZPO,6.04,Medium
7030-NJVDP,6.03,Medium
5668-MEISB,6.03,Medium
8739-WWKDU,6.03,Medium
2865-TCHJW,6.03,Medium
9350-VLHMB,6.02,Medium
1894-IGFSG,6.01,Medium
5922-ABDVO,6.01,Medium
5666-CYCYZ,6.0,Medium
8922-LIEGH,5.99,Medium
9470-XCCEM,5.99,Medium
1091-SOZGA,5.99,Medium
2984-TBYKU,5.98,Medium
0727-BMPLR,5.98,Medium
6818-WOBHJ,5.98,Medium
2869-ADAWR,5.97,Medium
6233-HXJMX,5.97,Medium
9501-UKKNL,5.97,Medium
7251-XFOIL,5.97,Medium
5360-LJCNJ,5.96,Medium
1090-ESELR,5.96,Medium
5965-GGPRW,5.96,Medium
9611-CTWIH,5.95,Medium
5857-TYBCJ,5.94,Medium
3850-OKINF,5.94,Medium
2675-OTVVJ,5.94,Medium
0080-OROZO,5.93,Medium
9518-RWHZL,5.92,Medium
7394-FKDNK,5.92,Medium
2748-MYRVK,5.92,Medium
0345-HKJVM,5.91,Medium
0924-BJCRC,5.91,Medium
0929-PECLO,5.91,Medium
4847-TAJYI,5.91,Medium
9134-CEQMF,5.9,Medium
4821-SJHJV,5.9,Medium
4273-MBHYA,5.9,Medium
2990-HWIML,5.9,Medium
1724-BQUHA,5.9,Medium
1415-YFWLT,5.89,Medium
7577-SWIFR,5.89,Medium
8999-BOHSE,5.88,Medium
2074-GKOWZ,5.87,Medium
1576-PFZIW,5.87,Medium
4112-LUEIZ,5.87,Medium
9586-JGQKH,5.86,Medium
4378-MYPGO,5.86,Medium
0970-ETWGE,5.86,Medium
2805-EDJPQ,5.83,Medium
0931-MHTEM,5.82,Medium
6048-UWKAL,5.82,Medium
0678-RLHVP,5.8,Medium
1452-UZOSF,5.78,Medium
8065-QBYTO,5.77,Medium
6050-FFXES,5.75,Medium
0479-HMSWA,5.74,Medium
0401-WDBXM,5.73,Medium
3363-DTIVD,5.73,Medium
0327-WFZSY,5.73,Medium
3719-TDVQB,5.73,Medium
4389-UEFCZ,5.72,Medium
9330-DHBFL,5.72,Medium
9253-VIFJQ,5.71,Medium
7486-KSRVI,5.7,Medium
6917-YACBP,5.7,Medium
6827-IEAUQ,5.69,Medium
3186-AJIEK,5.69,Medium
0621-CXBKL,5.68,Medium
4942-VZZOM,5.68,Medium
4402-FTBXC,5.67,Medium
1545-ACTAS,5.65,Medium
8464-EETCQ,5.64,Medium
2386-LAHRK,5.63,Medium
4929-BSTRX,5.63,Medium
3154-CFSZG,5.61,Medium
3587-PMCOY,5.61,Medium
2382-BCKQJ,5.6,Medium
4635-EJYPD,5.59,Medium
8777-MBMTS,5.59,Medium
3071-VBYPO,5.59,Medium
9764-REAFF,5.58,Medium
7473-ZBDSN,5.58,Medium
9945-PSVIP,5.58,Medium
7469-LKBCI,5.58,Medium
9803-FTJCG,5.57,Medium
4933-BSAIP,5.57,Medium
7952-OBOYL,5.56,Medium
0827-ITJPH,5.56,Medium
0380-NEAVX,5.56,Medium
2005-DWQZJ,5.55,Medium
5619-PTMIK,5.54,Medium
3162-KKZXO,5.52,Medium
9170-CCKOU,5.52,Medium
0939-EREMR,5.51,Medium
0266-CLZKZ,5.51,Medium
1522-VVDMG,5.5,Medium
2139-FQHLM,5.5,Medium
9436-ZBZCT,5.49,Medium
7682-AZNDK,5.49,Medium
9526-JAWYF,5.49,Medium
2207-QPJED,5.47,Medium
8751-EDEKA,5.47,Medium
3462-BJQQA,5.46,Medium
4774-HHGGS,5.46,Medium
4918-FYJNT,5.46,Medium
3703-VAVCL,5.45,Medium
9233-PSYHO,5.45,Medium
3896-RCYYE,5.45,Medium
8337-UPOAQ,5.45,Medium
0825-CPPQH,5.45,Medium
6898-MDLZW,5.44,Medium
3498-LZGQZ,5.44,Medium
6969-MVBAI,5.44,Medium
4183-MYFRB,5.43,Medium
4710-FDUIZ,5.43,Medium
0135-NMXAP,5.43,Medium
1231-YNDEK,5.43,Medium
9500-WBGRP,5.42,Medium
1624-NALOJ,5.42,Medium
3640-PHQXK,5.42,Medium
7270-BDIOA,5.42,Medium
3266-FTKHB,5.42,Medium
0853-NWIFK,5.41,Medium
7762-URZQH,5.41,Medium
4228-ZGYUW,5.41,Medium
9402-ROUMJ,5.41,Medium
5859-HZYLF,5.41,Medium
9492-TOKRI,5.41,Medium
7321-PKUYW,5.41,Medium
8182-BJDSI,5.41,Medium
6252-DFGTK,5.41,Medium
1020-JPQOW,5.41,Medium
3528-HFRIQ,5.4,Medium
3764-MNMOI,5.4,Medium
4813-HQMGZ,5.4,Medium
6199-IWKGC,5.39,Medium
2322-VCZHZ,5.38,Medium
3161-GETRM,5.38,Medium
8780-IXSTS,5.38,Medium
4811-JBUVU,5.38,Medium
0206-OYVOC,5.38,Medium
8189-HBVRW,5.38,Medium
8565-CLBZW,5.38,Medium
5131-PONJI,5.38,Medium
4475-NVTLU,5.38,Medium
9565-AXSMR,5.37,Medium
4104-PVRPS,5.37,Medium
9524-EGPJC,5.37,Medium
5886-VLQVU,5.37,Medium
9921-QFQUL,5.36,Medium
4554-YGZIH,5.36,Medium
3511-APPBJ,5.36,Medium
5447-WZAFP,5.36,Medium
1112-CUNAO,5.36,Medium
8857-CUPFQ,5.36,Medium
1956-YIFGE,5.35,Medium
1173-NOEYG,5.35,Medium
1134-YWTYF,5.35,Medium
8058-DMYRU,5.35,Medium
6427-FEFIG,5.34,Medium
6267-DCFFZ,5.34,Medium
3970-XGJDU,5.34,Medium
9108-EJFJP,5.33,Medium
4462-CYWMH,5.33,Medium
5465-BUBFA,5.32,Medium
7293-LSCDV,5.32,Medium
6425-JWTDV,5.32,Medium
1407-DIGZV,5.31,Medium
6849-OYAMU,5.31,Medium
4742-TXUEX,5.31,Medium
1754-GKYPY,5.31,Medium
8922-NPKBJ,5.31,Medium
7529-ZDFXI,5.31,Medium
7643-RCHXS,5.3,Medium
0258-NOKBL,5.3,Medium
3620-EHIMZ,5.3,Medium
1891-FZYSA,5.3,Medium
2075-PUEPR,5.3,Medium
0634-SZPQA,5.29,Medium
4837-QUSFT,5.29,Medium
3259-FDWOY,5.29,Medium
2266-FUBDZ,5.29,Medium
9972-EWRJS,5.29,Medium
8266-VBFQL,5.29,Medium
8012-SOUDQ,5.29,Medium
2114-MGINA,5.28,Medium
0613-WUXUM,5.28,Medium
0058-EVZWM,5.28,Medium
5447-VYTKW,5.28,Medium
2428-HYUNX,5.27,Medium
9469-WEJBT,5.27,Medium
6323-AYBRX,5.27,Medium
2146-EGVDT,5.27,Medium
6518-PPLMZ,5.27,Medium
6794-HKIAJ,5.27,Medium
4918-QLLIW,5.26,Medium
2817-LVCPP,5.26,Medium
2007-QVGAW,5.26,Medium
8747-UDCOI,5.26,Medium
8375-KVTHK,5.26,Medium
3976-HXHCE,5.26,Medium
5787-KXGIY,5.26,Medium
6762-NSODU,5.25,Medium
1302-UHBDD,5.25,Medium
3308-DGHKL,5.25,Medium
0386-CWRGM,5.25,Medium
1302-TPUBN,5.25,Medium
1098-KFQEC,5.24,Medium
1215-FIGMP,5.24,Medium
4641-FROLU,5.23,Medium
8782-LKFPK,5.23,Medium
9631-RXVJM,5.23,Medium
6479-SZPLM,5.22,Medium
4873-ILOLJ,5.22,Medium
7272-QDCKA,5.22,Medium
8347-GDTMP,5.22,Medium
3164-YAXFY,5.22,Medium
0512-FLFDW,5.22,Medium
6032-KRXXO,5.21,Medium
6848-HJTXY,5.21,Medium
0139-IVFJG,5.21,Medium
5346-BZCHP,5.21,Medium
2626-VEEWG,5.21,Medium
8212-DJRCH,5.21,Medium
2848-YXSMW,5.21,Medium
0853-TWRVK,5.2,Medium
0696-UKTOX,5.2,Medium
3027-ZTDHO,5.2,Medium
7416-CKTEP,5.2,Medium
3910-MRQOY,5.19,Medium
6583-SZVGP,5.19,Medium
3253-HKOKL,5.19,Medium
9814-AOUDH,5.19,Medium
1941-HOSAM,5.18,Medium
0839-QNXME,5.18,Medium
4573-JKNAE,5.18,Medium
1627-AFWVJ,5.18,Medium
8966-SNIZF,5.17,Medium
2892-GESUL,5.17,Medium
3604-WLABM,5.16,Medium
3525-DVKFN,5.16,Medium
3279-DYZQM,5.16,Medium
5799-JRCZO,5.16,Medium
3668-QPYBK,5.16,Medium
1621-YNCJH,5.16,Medium
3546-GHEAE,5.16,Medium
9139-WQQDY,5.16,Medium
8755-OGKNA,5.15,Medium
1047-RNXZV,5.15,Medium
7449-HVPIV,5.14,Medium
1120-BMWUB,5.14,Medium
7328-ZJAJO,5.14,Medium
4299-OPXEJ,5.14,Medium
6582-PLFUU,5.14,Medium
1202-KKGFU,5.14,Medium
2230-XTUWL,5.13,Medium
2616-FLVQC,5.13,Medium
2034-GDRCN,5.13,Medium
5696-EXCYS,5.13,Medium
8514-VZHEB,5.13,Medium
6319-IEJWJ,5.12,Medium
8043-PNYSD,5.12,Medium
3756-VNWDH,5.11,Medium
7941-RCJOW,5.11,Medium
8107-RZLNV,5.1,Medium
5223-UZAVK,5.1,Medium
3777-XROBG,5.1,Medium
6368-TZZDT,5.1,Medium
7242-EDTYC,5.09,Medium
1106-HRLKZ,5.09,Medium
6217-KDYWC,5.08,Medium
0559-CKHUS,5.08,Medium
7337-CINUD,5.08,Medium
2900-PHPLN,5.08,Medium
7552-KEYGT,5.08,Medium
2229-DPMBI,5.08,Medium
4698-KVLLG,5.08,Medium
1166-PQLGG,5.08,Medium
1093-YSWCA,5.08,Medium
0164-XAIRP,5.08,Medium
5161-UBZXI,5.06,Medium
8982-NHAVY,5.06,Medium
2718-YSKCS,5.06,Medium
0854-UYHZD,5.06,Medium
4452-ROHMO,5.05,Medium
3274-NSDWE,5.05,Medium
7602-DBTOU,5.05,Medium
9732-KPKBW,5.05,Medium
0354-VXMJC,5.04,Medium
2181-UAESM,5.04,Medium
4703-MQYKT,5.03,Medium
9135-HSWOC,5.03,Medium
3721-WKIIL,5.03,Medium
9424-CMPOG,5.03,Medium
0870-VEMYL,5.03,Medium
0362-RAOQO,5.02,Medium
5748-RNCJT,5.02,Medium
7427-AUFPY,5.02,Medium
9625-RZFUK,5.02,Medium
8148-WOCMK,5.02,Medium
5055-BRMNE,5.02,Medium
7196-LIWRH,5.02,Medium
5325-UWTWJ,5.02,Medium
1241-FPMOF,5.02,Medium
2675-IJRGJ,5.02,Medium
7977-HXJKU,5.02,Medium
9646-NMHXE,5.02,Medium
5093-FEGLU,5.01,Medium
0376-YMCJC,5.01,Medium
9577-WJVCQ,5.01,Medium
8091-TTVAX,5.01,Medium
5855-EIBDE,5.01,Medium
2898-MRKPI,5.0,Low
8775-LHDJH,5.0,Low
8917-SZTTJ,5.0,Low
7601-GNDYK,5.0,Low
4119-ZYPZY,5.0,Low
1579-KLYDT,5.0,Low
9938-PRCVK,4.99,Low
8143-ETQTI,4.99,Low
3451-VAWLI,4.99,Low
1260-TTRXI,4.99,Low
3646-ITDGM,4.99,Low
0218-QNVAS,4.99,Low
1985-MBRYP,4.98,Low
1945-XISKS,4.98,Low
0486-LGCCH,4.97,Low
0042-RLHYP,4.97,Low
5730-DBDSI,4.97,Low
1354-YZFNB,4.97,Low
3352-RICWQ,4.97,Low
6048-NJXHX,4.97,Low
3865-ZFZIB,4.97,Low
7850-THJMU,4.97,Low
6804-GDMOI,4.97,Low
4086-WITJG,4.96,Low
1089-XZWHH,4.96,Low
1270-XKUCC,4.96,Low
5671-UUNXD,4.96,Low
2138-VFAPZ,4.96,Low
1803-BGNBD,4.96,Low
3173-WSSUE,4.95,Low
2595-KIWPV,4.95,Low
0404-AHASP,4.95,Low
8173-RXAYP,4.95,Low
5148-HKFIR,4.95,Low
6475-VHUIZ,4.95,Low
7663-ZTEGJ,4.94,Low
6928-ONTRW,4.94,Low
1699-TLDLZ,4.94,Low
5442-PPTJY,4.94,Low
0156-FVPTA,4.94,Low
0516-OOHAR,4.94,Low
5804-JMYIO,4.93,Low
5647-URDKA,4.93,Low
5495-GPSRW,4.93,Low
4455-BFSPD,4.92,Low
9150-KPBJQ,4.92,Low
2984-RGEYA,4.92,Low
1097-FSPVW,4.92,Low
0988-JRWWP,4.92,Low
3209-ZPKFI,4.91,Low
6284-AHOOQ,4.91,Low
0607-DAAHE,4.91,Low
9548-LERKT,4.91,Low
3190-XFANI,4.91,Low
2418-TPEUN,4.91,Low
1709-EJDOX,4.91,Low
2924-KHUVI,4.9,Low
4335-UPJSI,4.9,Low
3078-ZKNTS,4.89,Low
9227-UAQFT,4.89,Low
1830-IPXVJ,4.89,Low
5063-IUOKK,4.89,Low
4325-NFSKC,4.89,Low
7729-XBTWX,4.88,Low
5012-YSPJJ,4.88,Low
7157-SMCFK,4.88,Low
2696-ECXKC,4.87,Low
6741-EGCBI,4.87,Low
7979-CORPM,4.87,Low
6507-ZJSUR,4.86,Low
9975-GPKZU,4.86,Low
0505-SPOOW,4.86,Low
0608-JDVEC,4.86,Low
5893-KCLGT,4.86,Low
0577-WHMEV,4.85,Low
7696-CFTAT,4.85,Low
1399-OUPJN,4.85,Low
5231-FIQPA,4.84,Low
9959-WOFKT,4.84,Low
1217-VASWC,4.84,Low
9624-EGDEQ,4.84,Low
9281-OFDMF,4.83,Low
7167-PCEYD,4.83,Low
0595-ITUDF,4.82,Low
0831-JNISG,4.82,Low
7606-BPHHN,4.82,Low
3359-DSRKA,4.82,Low
2607-DHDAK,4.82,Low
3996-ZNWYK,4.82,Low
1839-FBNFR,4.81,Low
9371-BITHB,4.81,Low
5656-JAMLX,4.81,Low
6908-VVYHM,4.81,Low
7876-DNYAP,4.81,Low
9530-EHPOH,4.8,Low
6734-JDTTV,4.8,Low
9916-AYHTC,4.8,Low
9172-JITSM,4.8,Low
8711-LOBKY,4.79,Low
2805-AUFQN,4.79,Low
1591-XWLGB,4.79,Low
6349-JDHQP,4.79,Low
7114-AEOZE,4.78,Low
8750-QWZAJ,4.78,Low
6060-QBMGV,4.78,Low
2293-IJWPS,4.78,Low
2796-NNUFI,4.77,Low
9385-EHGDO,4.77,Low
8917-FAEMR,4.77,Low
2429-AYKKO,4.76,Low
0112-QAWRZ,4.76,Low
8622-ZLFKO,4.76,Low
2573-GYRUU,4.76,Low
2729-VNVAP,4.76,Low
4817-KEQSP,4.75,Low
8265-HKSOW,4.75,Low
8285-ABVLB,4.75,Low
6586-MYGKD,4.75,Low
7330-WZLNC,4.74,Low
0281-CNTZX,4.74,Low
9825-YCXWZ,4.73,Low
8896-RAZCR,4.73,Low
5828-AVIPD,4.73,Low
1657-DYMBM,4.73,Low
6752-APNJL,4.73,Low
5811-IWXYM,4.72,Low
0516-WJVXC,4.72,Low
5692-ICXLW,4.72,Low
5821-MMEIL,4.72,Low
1460-UZPRJ,4.72,Low
3771-PZOBW,4.72,Low
5970-GHJAW,4.72,Low
5310-NOOVA,4.72,Low
7928-VJYAB,4.71,Low
1574-DYCWE,4.71,Low
7481-ATQQS,4.71,Low
9050-QLROH,4.71,Low
9585-KKMFD,4.71,Low
9588-YRFHY,4.71,Low
7294-TMAOP,4.7,Low
5339-PXDVH,4.7,Low
9418-RUKPH,4.7,Low
3096-WPXBT,4.7,Low
5171-EPLKN,4.7,Low
5146-YYFRZ,4.7,Low
9537-JALFH,4.7,Low
1236-WFCDV,4.7,Low
7156-MHUGY,4.7,Low
5797-APWZC,4.7,Low
3642-BYHDO,4.69,Low
7274-RTAPZ,4.69,Low
6345-FZOQH,4.69,Low
3678-MNGZX,4.69,Low
3973-SKMLN,4.69,Low
8232-UTFOZ,4.69,Low
7969-FFOWG,4.69,Low
3507-GASNP,4.69,Low
0784-ZQJZX,4.69,Low
2988-GBIVW,4.68,Low
4277-BWBML,4.68,Low
0432-CAJZV,4.68,Low
1764-VUUMT,4.68,Low
5298-GSTLM,4.68,Low
1052-QJIBV,4.68,Low
2181-TIDSV,4.68,Low
4137-BTIKL,4.68,Low
5726-CVNYA,4.67,Low
2495-KZNFB,4.67,Low
3097-FQTVJ,4.66,Low
7129-ACFOG,4.66,Low
2208-MPXIO,4.66,Low
0847-HGRML,4.66,Low
1891-UAWWU,4.65,Low
6621-NRZAK,4.65,Low
9507-HSMMZ,4.65,Low
9555-SAHUZ,4.65,Low
3454-JFUBC,4.65,Low
8314-HTWVE,4.64,Low
7879-CGSFV,4.64,Low
9251-AWQGT,4.64,Low
8402-EIVQS,4.64,Low
6139-ZZRBQ,4.63,Low
9800-OUIGR,4.63,Low
0464-WJTKO,4.63,Low
9846-GKXAS,4.63,Low
4609-KNNWG,4.62,Low
8540-ZQGEA,4.62,Low
2014-MKGMH,4.62,Low
7064-JHXCE,4.62,Low
5296-BFCYD,4.62,Low
9257-AZMTZ,4.62,Low
2068-WWXQZ,4.62,Low
0442-TDYUO,4.61,Low
3635-QQRQD,4.61,Low
9881-VCZEP,4.61,Low
8563-OYMQY,4.61,Low
2725-KXXWT,4.61,Low
7634-HLQJR,4.61,Low
5213-TWWJU,4.61,Low
5954-BDFSG,4.6,Low
3774-VBNXY,4.6,Low
3099-OONVS,4.6,Low
8215-NGSPE,4.6,Low
2228-BZDEE,4.6,Low
8654-DHAOW,4.6,Low
8129-GMVGI,4.6,Low
9710-NJERN,4.6,Low
2472-OVKUP,4.6,Low
4361-FEBGN,4.59,Low
2300-RQGOI,4.59,Low
5848-FHRFC,4.59,Low
7739-LAXOG,4.59,Low
6818-DJXAA,4.59,Low
5469-NUJUR,4.59,Low
7033-CLAMM,4.59,Low
5167-ZFFMM,4.59,Low
0508-SQWPL,4.59,Low
0506-YLVKJ,4.59,Low
7644-OMVMY,4.58,Low
1167-OYZJF,4.58,Low
4373-MAVJG,4.58,Low
3170-NMYVV,4.58,Low
1955-IBMMB,4.58,Low
7463-IFMQU,4.58,Low
0318-ZOPWS,4.58,Low
6000-UKLWI,4.57,Low
4735-BJKOU,4.57,Low
8957-THMOA,4.57,Low
4821-WQOYN,4.57,Low
9068-FHQHD,4.57,Low
6725-TPKJO,4.57,Low
1403-GYAFU,4.57,Low
5014-GSOUQ,4.57,Low
0264-CNITK,4.56,Low
6135-OZQVA,4.56,Low
8024-XNAFQ,4.56,Low
2623-DRYAM,4.56,Low
0902-XKXPN,4.56,Low
8577-QSOCG,4.55,Low
6980-IMXXE,4.55,Low
8189-XRIKE,4.54,Low
5902-WBLSE,4.54,Low
2384-OVPSA,4.54,Low
7673-BQGKU,4.54,Low
9099-FTUHS,4.54,Low
5222-IMUKT,4.54,Low
4683-WYDOU,4.53,Low
7277-KAMWT,4.52,Low
1389-CXMLU,4.52,Low
0754-EEBDC,4.52,Low
3239-TPHPZ,4.5,Low
2017-CCBLH,4.5,Low
0301-KOBTQ,4.5,Low
1328-EUZHC,4.5,Low
6103-QCKFX,4.5,Low
2333-KWEWW,4.49,Low
7267-FRMJW,4.49,Low
1379-FRVEB,4.49,Low
1223-UNPKS,4.49,Low
7815-PDTHL,4.49,Low
2378-HTWFW,4.48,Low
5281-BUZGT,4.47,Low
0365-TRTPY,4.47,Low
3351-NGXYI,4.47,Low
1400-WIVLL,4.46,Low
2672-HUYVI,4.46,Low
2587-YNLES,4.46,Low
0406-BPDVR,4.45,Low
2520-SGTTA,4.44,Low
5845-BZZIB,4.44,Low
8999-EXMNO,4.43,Low
1494-EJZDW,4.43,Low
0625-AFOHS,4.43,Low
4804-NCPET,4.43,Low
0224-NIJLP,4.43,Low
5529-GIBVH,4.42,Low
5423-BHIXO,4.42,Low
3115-CZMZD,4.42,Low
3162-ZJZFU,4.42,Low
3769-MHZNV,4.42,Low
4349-GFQHK,4.41,Low
6712-OAWRH,4.41,Low
6551-VLJMV,4.41,Low
0704-VCUMB,4.4,Low
8849-AYPTR,4.4,Low
9725-SCPZG,4.39,Low
7647-GYYKX,4.38,Low
0932-YIXYU,4.38,Low
9504-YAZWB,4.38,Low
9081-WWXKP,4.37,Low
3190-ITQXP,4.37,Low
1195-OIYEJ,4.37,Low
0962-CQPWQ,4.36,Low
0580-PIQHM,4.36,Low
7083-MIOPC,4.36,Low
5242-UOWHD,4.35,Low
4825-FUREZ,4.34,Low
5567-GZKQY,4.34,Low
8380-MQINP,4.34,Low
4625-LAMOB,4.34,Low
0040-HALCW,4.33,Low
0374-FIUCA,4.33,Low
3457-PQBYH,4.33,Low
6585-WCEWR,4.32,Low
0277-BKSQP,4.32,Low
4957-SREEC,4.32,Low
8434-PNQZX,4.32,Low
7596-IIWYC,4.32,Low
0093-EXYQL,4.31,Low
0794-YVSGE,4.31,Low
7268-WNTCP,4.31,Low
7515-LODFU,4.31,Low
6265-FRMTQ,4.3,Low
5091-HFAZW,4.3,Low
2091-GPPIQ,4.3,Low
8701-DGLVH,4.3,Low
3662-FXJFO,4.29,Low
6961-MJKBO,4.29,Low
1306-RPWXZ,4.29,Low
4001-TSBTV,4.29,Low
5095-AESKG,4.29,Low
4676-MQUEA,4.29,Low
9667-TKTVZ,4.28,Low
9402-ORRAH,4.28,Low
9950-MTGYX,4.28,Low
5445-PZWGX,4.28,Low
2888-ADFAO,4.28,Low
8388-DMKAE,4.28,Low
2400-FEQME,4.26,Low
2346-CZYIL,4.26,Low
9904-EHEVJ,4.26,Low
5057-RKGLH,4.26,Low
6986-IXNDM,4.26,Low
1245-HARPS,4.25,Low
3398-FSHON,4.25,Low
3070-FNFZQ,4.25,Low
0064-SUDOG,4.25,Low
3154-HMWUU,4.25,Low
0397-ZXWQF,4.24,Low
4927-WWOOZ,4.24,Low
3988-RQIXO,4.23,Low
6698-OXETB,4.23,Low
8229-BUJHX,4.23,Low
1099-GODLO,4.23,Low
1927-QEWMY,4.23,Low
7695-PKLCZ,4.23,Low
7945-PRBVF,4.22,Low
8714-EUHJO,4.22,Low
2346-LOCWC,4.22,Low
8498-XXGWA,4.22,Low
1790-NESIO,4.22,Low
2030-BTZRO,4.22,Low
5124-EOGYE,4.22,Low
8859-DZTGQ,4.22,Low
5915-ANOEI,4.21,Low
1087-GRUYI,4.21,Low
6500-JVEGC,4.21,Low
6745-JEFZB,4.21,Low
8414-MYSHR,4.21,Low
0582-AVCLN,4.21,Low
5977-CKHON,4.21,Low
4884-LEVMQ,4.21,Low
9546-CQJSU,4.2,Low
6682-QJDGB,4.19,Low
2642-MAWLJ,4.18,Low
6907-FLBER,4.17,Low
9554-DFKIC,4.16,Low
9576-SYUHJ,4.15,Low
3717-FDJFU,4.13,Low
9614-RMGHA,4.13,Low
1251-KRREG,4.13,Low
9308-ANMVE,4.13,Low
3318-NMQXL,4.12,Low
8559-WNQZS,4.12,Low
6169-PPETC,4.12,Low
6696-YDAYZ,4.12,Low
1635-HDGFT,4.11,Low
1215-EXRMO,4.1,Low
7493-GVFIO,4.1,Low
4583-PARNH,4.1,Low
6340-DACFT,4.1,Low
4385-ZKVNW,4.1,Low
8838-GPHZP,4.1,Low
8434-VGEQQ,4.09,Low
8164-OCKUJ,4.09,Low
7717-BICXI,4.09,Low
5176-LMJXE,4.09,Low
4701-AHWMW,4.09,Low
4338-EYCER,4.08,Low
2433-KMEAS,4.08,Low
2525-GVKQU,4.08,Low
9323-HGFWY,4.08,Low
1862-QRWPE,4.07,Low
2516-XSJKX,4.07,Low
4807-IZYOZ,4.06,Low
2462-XIIJB,4.06,Low
6855-VLGOS,4.06,Low
2236-HILPA,4.06,Low
0780-XNZFN,4.06,Low
3717-LNXKW,4.06,Low
6625-FLENO,4.05,Low
2804-ETQDK,4.05,Low
7321-KKSDU,4.05,Low
6619-RPLQZ,4.04,Low
9084-OAYKL,4.04,Low
4990-ALDGW,4.04,Low
6692-UDPJC,4.04,Low
7558-IMLMT,4.03,Low
0481-SUMCB,4.03,Low
7130-CTCUS,4.03,Low
8727-JQFHV,4.03,Low
8544-JNBOX,4.03,Low
2235-EZAIK,4.02,Low
5542-NKVRU,4.02,Low
0936-NQLJU,4.02,Low
1293-BSEUN,4.01,Low
1114-CENIM,4.01,Low
4878-BUNFV,4.01,Low
2545-LXYVJ,4.0,Low
2074-GUHPQ,4.0,Low
9931-KGHOA,4.0,Low
6892-EZDTG,3.99,Low
5712-AHQNN,3.99,Low
8400-WZICQ,3.98,Low
9392-XBGTD,3.98,Low
1089-HDMKP,3.98,Low
7205-BAIAD,3.98,Low
7872-RDDLZ,3.97,Low
9173-IVZVP,3.97,Low
7639-OPLNG,3.97,Low
3620-MWJNE,3.97,Low
2974-GGUXS,3.95,Low
6892-BOGQE,3.95,Low
8402-OOOHJ,3.95,Low
3413-CSSTH,3.95,Low
3212-KXOCR,3.95,Low
6685-XSHHU,3.95,Low
5793-YOLJN,3.94,Low
5006-MXVRN,3.93,Low
9065-ZCPQX,3.93,Low
9798-OPFEM,3.93,Low
2684-EIWEO,3.93,Low
4558-FANTW,3.92,Low
3458-IDMFK,3.92,Low
5442-UTCVD,3.92,Low
0640-YJTPY,3.91,Low
1843-TLSGD,3.91,Low
1395-WSWXR,3.9,Low
2569-WGERO,3.9,Low
8908-SLFCJ,3.89,Low
3186-BAXNB,3.89,Low
6038-GCYEC,3.88,Low
9030-QGZNL,3.88,Low
6923-AQONU,3.87,Low
5158-RIVOP,3.86,Low
7672-VFMXZ,3.86,Low
8067-NIOYM,3.85,Low
8631-NBHFZ,3.85,Low
7562-GSUHK,3.85,Low
6828-HMKWP,3.85,Low
5736-YEJAX,3.84,Low
9863-JZAIC,3.83,Low
8336-TAVKX,3.83,Low
4293-ETKAP,3.83,Low
0520-FDVVT,3.82,Low
5151-HQRDG,3.82,Low
3978-YNKDD,3.81,Low
7639-LIAYI,3.8,Low
6898-RBTLU,3.8,Low
1324-NLTJE,3.8,Low
7619-ODSGN,3.79,Low
2933-XEUJM,3.78,Low
7246-ZGQDF,3.77,Low
9940-HPQPG,3.76,Low
0253-ZTEOB,3.76,Low
3486-HOOGQ,3.75,Low
6967-QIQRV,3.74,Low
5707-ORNDZ,3.74,Low
9207-ZPANB,3.74,Low
4717-GHADL,3.73,Low
2931-XIQBR,3.73,Low
9027-TMATR,3.72,Low
2155-AMQRX,3.71,Low
3410-YOQBQ,3.71,Low
8174-LNWMW,3.71,Low
4671-VJLCL,3.69,Low
6035-BXTTY,3.68,Low
7966-YOTQW,3.67,Low
9968-FFVVH,3.67,Low
9972-NKTFD,3.66,Low
5480-XTFFL,3.66,Low
4522-AKYLR,3.66,Low
9342-VNIMQ,3.66,Low
2245-ADZFJ,3.64,Low
2087-QAREY,3.63,Low
6261-LHRTG,3.63,Low
4280-DLSHD,3.63,Low
3723-BFBGR,3.63,Low
4355-HBJHH,3.63,Low
2108-GLPQB,3.61,Low
8495-PRWFH,3.61,Low
6313-GIDIT,3.61,Low
4900-MSOMT,3.6,Low
4737-HOBAX,3.6,Low
2519-ERQOJ,3.58,Low
9152-AMKAK,3.58,Low
3373-DIUUN,3.57,Low
5318-YKDPV,3.54,Low
1960-UOTYM,3.53,Low
2251-PYLPB,3.52,Low
0285-INHLN,3.51,Low
5515-RUGKN,3.5,Low
5321-NTRKC,3.49,Low
3948-FVVRP,3.48,Low
6921-OZMFH,3.46,Low
3259-KNMRR,3.46,Low
4074-SJFFA,3.45,Low
6128-AQBMT,3.45,Low
5542-DHSXL,3.44,Low
1474-JUWSM,3.43,Low
7395-XWZOY,3.43,Low
1338-CECEE,3.43,Low
9488-FVZCC,3.42,Low
8766-PAFNE,3.42,Low
8292-TYSPY,3.41,Low
4680-KUTAJ,3.4,Low
7580-UGXNC,3.39,Low
4580-TMHJU,3.39,Low
6332-FBZRI,3.39,Low
6339-RZCBJ,3.39,Low
4701-MLJPN,3.37,Low
2234-EOFPT,3.37,Low
9261-WDCAF,3.37,Low
1265-BCFEO,3.36,Low
8467-WYNSR,3.35,Low
6013-BHCAW,3.35,Low
8738-JOKAR,3.35,Low
0872-CASZJ,3.35,Low
9206-GVPEQ,3.34,Low
0733-VUNUW,3.33,Low
5791-KAJFD,3.33,Low
2325-ZUSFD,3.33,Low
2801-NISEI,3.33,Low
4560-WQAQW,3.33,Low
7733-UDMTP,3.32,Low
6599-SFQVE,3.32,Low
4114-QMKVN,3.31,Low
9609-BENEA,3.31,Low
6214-EDAKZ,3.31,Low
3316-UWXUY,3.31,Low
8735-DCXNF,3.3,Low
9269-CQOOL,3.29,Low
7382-DFJTU,3.29,Low
5493-SDRDQ,3.29,Low
3577-AMVUX,3.28,Low
0674-EYYZV,3.28,Low
3583-EKAPL,3.26,Low
5206-HPJKM,3.26,Low
0396-UKGAI,3.26,Low
8166-ZZTFS,3.25,Low
1575-KRZZE,3.24,Low
5501-TVMGM,3.23,Low
5590-ZSKRV,3.23,Low
3523-QRQLL,3.22,Low
1840-BIUOG,3.22,Low
5208-HFSBT,3.22,Low
1921-KYSAY,3.21,Low
3658-KIBGF,3.21,Low
4320-QMLLA,3.21,Low
0314-TKOSI,3.2,Low
6865-JZNKO,3.19,Low
7551-DACSP,3.18,Low
4324-BZCKL,3.18,Low
9143-CANJF,3.17,Low
7649-SIJJF,3.17,Low
5084-OOVCJ,3.16,Low
3063-QFSZL,3.15,Low
9140-CZQZZ,3.15,Low
3656-TKRVZ,3.14,Low
5402-HTOTQ,3.14,Low
9541-PWTWO,3.14,Low
8690-UPCZI,3.13,Low
4190-MFLUW,3.12,Low
9823-EALYC,3.12,Low
6754-LZUKA,3.12,Low
6578-KRMAW,3.12,Low
8414-OOEEL,3.11,Low
3173-NVMPX,3.11,Low
1930-WNXSB,3.09,Low
9822-OAOVB,3.09,Low
4510-PYUSH,3.09,Low
6859-RKMZJ,3.09,Low
3873-NFTGI,3.08,Low
6439-PKTRR,3.07,Low
8903-XEBGX,3.07,Low
3071-MVJCD,3.06,Low
4351-QLCSU,3.05,Low
4727-MCYZG,3.05,Low
5709-LVOEQ,3.05,Low
8645-KWHJO,3.05,Low
6741-QRLUP,3.04,Low
9558-IHEZX,3.04,Low
7898-PDWQE,3.04,Low
5747-PMBSQ,3.03,Low
9332-GYWLO,3.03,Low
2232-DMLXU,3.03,Low
2925-MXLSX,3.02,Low
4484-CGXFK,3.02,Low
0807-ZABDG,3.01,Low
3050-RLLXC,2.99,Low
4501-UYKBC,2.98,Low
2676-OXPPQ,2.98,Low
3446-QDSZF,2.97,Low
9415-TPKRV,2.96,Low
6248-TKCQV,2.96,Low
1750-CSKKM,2.96,Low
3518-PZXZQ,2.96,Low
4578-PHJYZ,2.95,Low
8806-EAGWC,2.95,Low
7055-HNEOJ,2.93,Low
4201-JMNGR,2.91,Low
3113-IWHLC,2.91,Low
5820-PTRYM,2.9,Low
2043-WVTQJ,2.89,Low
4879-GZLFH,2.86,Low
6629-CZTTH,2.86,Low
7560-QJAVJ,2.86,Low
6402-EJMWF,2.86,Low
2200-DSAAL,2.86,Low
9477-LGWQI,2.85,Low
5141-ZUVBH,2.85,Low
6992-TKNYO,2.83,Low
4482-FTFFX,2.83,Low
8217-QYOHV,2.82,Low
0667-NSRGI,2.82,Low
4342-HFXWS,2.81,Low
6120-RJKLU,2.81,Low
0743-HNPFG,2.8,Low
2391-IPLOP,2.8,Low
0181-RITDD,2.78,Low
0699-NDKJM,2.78,Low
2988-PLAHS,2.78,Low
0942-KOWSM,2.77,Low
8133-ANHHJ,2.77,Low
5829-NVSQN,2.77,Low
5939-XAIXZ,2.77,Low
2851-MMUTZ,2.75,Low
5092-STPKP,2.73,Low
5816-JMLGY,2.72,Low
9103-TCIHJ,2.72,Low
4324-AHJKS,2.71,Low
8824-RWFXJ,2.71,Low
1265-HVPZB,2.71,Low
3272-VUHPV,2.7,Low
0943-ZQPXH,2.7,Low
7998-WNZEM,2.7,Low
3164-AALRN,2.69,Low
5353-WILCI,2.69,Low
4782-OSFXZ,2.68,Low
8096-LOIST,2.67,Low
9378-FXTIZ,2.66,Low
3144-KMTWZ,2.65,Low
0628-CNQRM,2.64,Low
4929-ROART,2.64,Low
1544-JJMYL,2.63,Low
3374-TTZTK,2.62,Low
4640-UHDOS,2.61,Low
8760-ZRHKE,2.61,Low
8976-OQHGT,2.61,Low
1485-YDHMM,2.61,Low
3348-CFRNX,2.6,Low
9853-JFZDU,2.59,Low
5457-COLHT,2.58,Low
6516-NKQBO,2.57,Low
5909-ECHUI,2.57,Low
1027-LKKQQ,2.57,Low
8144-DGHXP,2.57,Low
6519-ZHPXP,2.56,Low
1053-MXTTK,2.56,Low
0988-AADSA,2.55,Low
2270-CHBFN,2.54,Low
8963-JLGJT,2.54,Low
0909-SELIE,2.54,Low
2969-WGHQO,2.54,Low
8224-IVVPA,2.52,Low
8992-VONJD,2.52,Low
2302-OUZXB,2.52,Low
9114-DPSIA,2.51,Low
4016-BJKTZ,2.48,Low
9522-BNTHX,2.47,Low
5708-EVONK,2.47,Low
4250-FDVOU,2.47,Low
0463-ZSDNT,2.47,Low
2001-MCUUW,2.47,Low
2651-ZCBXV,2.46,Low
5995-OIGLP,2.46,Low
1347-KTTTA,2.45,Low
2840-XANRC,2.44,Low
8178-EYZUO,2.44,Low
3062-ICYZQ,2.43,Low
8915-NNTRC,2.42,Low
6990-YNRIO,2.4,Low
0376-OIWME,2.39,Low
5930-GBIWP,2.39,Low
3230-IUALN,2.39,Low
1265-ZFOSD,2.39,Low
5394-MEITZ,2.39,Low
3096-YXENJ,2.38,Low
5876-HZVZM,2.38,Low
5574-NXZIU,2.38,Low
8388-FYNPZ,2.37,Low
4250-WAROZ,2.36,Low
9730-DRTMJ,2.36,Low
9479-HYNYL,2.35,Low
5751-USDBL,2.35,Low
1346-PJWTK,2.35,Low
6994-KERXL,2.34,Low
4145-UQXUQ,2.33,Low
6386-SZZKH,2.33,Low
8041-TMEID,2.33,Low
2834-JRTUA,2.33,Low
1442-OKRJE,2.33,Low
2798-NYLMZ,2.32,Low
1685-BQULA,2.32,Low
4890-VMUAV,2.32,Low
9861-PDSZP,2.32,Low
7669-LCRSD,2.32,Low
7317-GGVPB,2.32,Low
5440-FLBQG,2.31,Low
2419-FSORS,2.31,Low
5482-VXSXJ,2.31,Low
1320-GVNHT,2.3,Low
6727-IOTLZ,2.3,Low
7134-HBPBS,2.29,Low
4056-QHXHZ,2.29,Low
3468-DRVQJ,2.29,Low
6733-LRIZX,2.28,Low
8050-DVOJX,2.28,Low
2460-FPSYH,2.28,Low
0345-XMMUG,2.28,Low
6300-BWMJX,2.26,Low
5543-QDCRY,2.26,Low
1150-WFARN,2.25,Low
5172-RKOCB,2.25,Low
9031-ZVQPT,2.25,Low
3058-HJCUY,2.24,Low
9548-LIGTA,2.23,Low
4644-PIZRT,2.23,Low
8749-JMNKX,2.23,Low
9058-HRZSV,2.22,Low
9675-ICXCT,2.21,Low
4291-TPNFG,2.2,Low
6397-JNZZG,2.19,Low
6478-HRRCZ,2.18,Low
7047-FWEYA,2.18,Low
7483-IQWIB,2.17,Low
7789-CRUVC,2.17,Low
8819-ZBYNA,2.16,Low
3466-RITXD,2.16,Low
8901-UPRHR,2.16,Low
7668-XCFYV,2.16,Low
8930-XOTDP,2.16,Low
6418-PIQSP,2.16,Low
1431-AIDJQ,2.14,Low
3407-JMJQQ,2.14,Low
4906-ZHGPK,2.14,Low
2065-MMKGR,2.14,Low
2307-FYNNL,2.13,Low
6198-RTPMF,2.13,Low
2911-UREFD,2.12,Low
6100-QQHEB,2.12,Low
7975-TZMLR,2.11,Low
0330-BGYZE,2.11,Low
7422-WNBTY,2.1,Low
3612-YUNGG,2.1,Low
6614-FHDBO,2.09,Low
2234-XADUH,2.08,Low
7774-OJSXI,2.08,Low
0236-HFWSV,2.08,Low
3766-EJLFL,2.07,Low
6521-YYTYI,2.07,Low
6097-EQISJ,2.06,Low
8979-CAMGB,2.06,Low
2750-BJLSB,2.05,Low
3990-QYKBE,2.05,Low
0674-DGMAQ,2.03,Low
2371-JQHZZ,2.03,Low
1335-HQMKX,2.02,Low
2239-JALAW,2.01,Low
4832-VRBMR,1.99,Low
2599-CIPQE,1.98,Low
0111-KLBQG,1.97,Low
4800-CZMPC,1.97,Low
3617-XLSGQ,1.97,Low
3831-YCPUO,1.97,Low
8290-YWKHZ,1.97,Low
7134-MJPDY,1.97,Low
3889-VWBID,1.97,Low
9025-AOMKI,1.95,Low
8914-RBTSB,1.95,Low
1731-TVIUK,1.95,Low
2985-FMWYF,1.95,Low
0397-GZBBC,1.95,Low
4903-CNOZC,1.94,Low
8017-UVSZU,1.94,Low
7108-DGVUU,1.94,Low
9497-QCMMS,1.94,Low
8847-GEOOQ,1.94,Low
5136-KCKGI,1.93,Low
0036-IHMOT,1.93,Low
8715-KKTFG,1.93,Low
9289-LBQVU,1.92,Low
9189-JWSHV,1.92,Low
8345-MVDYC,1.91,Low
9488-FYQAU,1.91,Low
1137-DGOWI,1.91,Low
7402-EYFXX,1.9,Low
6308-CQRBU,1.9,Low
4186-ZBUEW,1.88,Low
9802-CAQUT,1.88,Low
8267-ZNYVZ,1.88,Low
7657-DYEPJ,1.87,Low
4816-OKWNX,1.87,Low
0379-DJQHR,1.86,Low
5013-SBUIH,1.86,Low
4826-DXMUP,1.86,Low
6295-OSINB,1.86,Low
9633-DENPU,1.85,Low
0635-WKOLD,1.85,Low
8421-WZOOW,1.84,Low
8878-RYUKI,1.84,Low
8450-JOVAH,1.83,Low
7251-LJBQN,1.83,Low
4097-YODCF,1.82,Low
0565-JUPYD,1.82,Low
8033-VCZGH,1.82,Low
1163-VIPRI,1.82,Low
3518-FSTWG,1.81,Low
7852-LECYP,1.81,Low
8433-WPJTV,1.81,Low
1428-IEDPR,1.8,Low
5893-PYOLZ,1.8,Low
4495-LHSSK,1.8,Low
2364-UFROM,1.8,Low
5716-LIBJC,1.79,Low
6646-QVXLR,1.79,Low
5702-KVQRD,1.78,Low
6305-YLBMM,1.78,Low
2252-JHJGE,1.77,Low
3915-ODIYG,1.76,Low
5089-IFSDP,1.75,Low
0877-SDMBN,1.75,Low
9110-HSGTV,1.74,Low
4488-KQFDT,1.73,Low
0536-ACXIP,1.72,Low
8550-XSXUQ,1.72,Low
5494-WOZRZ,1.72,Low
1728-CXQBE,1.71,Low
8087-LGYHQ,1.71,Low
6508-NJYRO,1.71,Low
2830-LEWOA,1.71,Low
6833-JMZYP,1.7,Low
2719-BDAQO,1.7,Low
4307-KTUMW,1.68,Low
8331-ZXFOE,1.68,Low
2267-WTPYD,1.67,Low
7369-TRPFD,1.67,Low
8146-QQKZH,1.65,Low
3572-UUHRS,1.64,Low
9093-FPDLG,1.64,Low
2967-MXRAV,1.64,Low
6823-SIDFQ,1.63,Low
9938-ZREHM,1.62,Low
0289-IVARM,1.62,Low
7100-FQPRV,1.61,Low
2453-SAFNS,1.61,Low
3387-PLKUI,1.6,Low
6341-AEVKX,1.58,Low
6173-GOLSU,1.57,Low
5025-GOOKI,1.57,Low
5002-GCQFH,1.57,Low
0013-SMEOE,1.57,Low
3021-VLNRJ,1.56,Low
9426-SXNHE,1.55,Low
9154-QDGTH,1.55,Low
9025-ZRPVR,1.55,Low
5863-OOKCL,1.54,Low
9359-UGBTK,1.54,Low
9821-BESNZ,1.53,Low
0254-FNMCI,1.53,Low
7968-QUXNS,1.53,Low
0307-BCOPK,1.52,Low
8952-WCVCD,1.52,Low
1386-ZIKUV,1.52,Low
0274-JKUJR,1.51,Low
8992-CEUEN,1.5,Low
0620-XEFWH,1.5,Low
9318-NKNFC,1.49,Low
9975-SKRNR,1.49,Low
8016-ZMGMO,1.49,Low
2361-UPSND,1.48,Low
4530-NDRKU,1.48,Low
2862-JVEOY,1.48,Low
0661-KQHNK,1.48,Low
3806-YAZOV,1.47,Low
4163-HFTUK,1.47,Low
2325-WINES,1.47,Low
7694-VLBWQ,1.47,Low
6137-NICCO,1.47,Low
0129-KPTWJ,1.46,Low
8873-TMKGR,1.46,Low
4088-YLDSU,1.46,Low
1218-VKFPE,1.46,Low
3763-GCZHZ,1.46,Low
7009-PCARS,1.45,Low
5439-WIKXB,1.45,Low
1915-OAKWD,1.44,Low
9451-WLYRI,1.44,Low
2193-SFWQW,1.43,Low
0082-OQIQY,1.42,Low
5461-QKNTN,1.42,Low
2045-BMBTJ,1.42,Low
1567-DSCIC,1.41,Low
1991-VOPLL,1.41,Low
1998-VHJHK,1.41,Low
1431-CYWMH,1.41,Low
7024-OHCCK,1.41,Low
9912-GVSEQ,1.41,Low
4682-BLBUC,1.41,Low
2023-VQFDL,1.41,Low
9732-OUYRN,1.41,Low
9467-ROOLM,1.41,Low
1661-CZBAU,1.4,Low
2446-ZKVAF,1.4,Low
0533-UCAAU,1.4,Low
2982-VPSGI,1.4,Low
6728-DKUCO,1.4,Low
1697-LYYYX,1.4,Low
4424-TKOPW,1.4,Low
7190-XHTWJ,1.4,Low
2386-OWURY,1.4,Low
5380-AFSSK,1.4,Low
4760-THGOT,1.4,Low
5678-VFNEQ,1.4,Low
3688-FTHLT,1.4,Low
8149-RSOUN,1.39,Low
6048-QBXKL,1.39,Low
6051-PTVNS,1.39,Low
9300-AGZNL,1.39,Low
7268-IGMFD,1.39,Low
6061-GWWAV,1.39,Low
6016-NXBNJ,1.38,Low
7446-KQISO,1.38,Low
2720-WGKHP,1.38,Low
4626-GYCZP,1.38,Low
0654-PQKDW,1.37,Low
7168-HDQHG,1.37,Low
5334-JLAXU,1.36,Low
5222-JCXZT,1.36,Low
6207-WIOLX,1.36,Low
9498-FIMXL,1.36,Low
1841-YSJGV,1.36,Low
1345-ZUKID,1.36,Low
9046-JBFWA,1.36,Low
9600-UDOPK,1.36,Low
9531-NSBMR,1.36,Low
9617-UDPEU,1.36,Low
3653-NCRDJ,1.35,Low
6121-VZNQB,1.35,Low
9039-ZVJDC,1.35,Low
7234-KMNRQ,1.35,Low
9441-QHEVC,1.35,Low
1015-OWJKI,1.35,Low
1423-BMPBQ,1.35,Low
2592-HODOV,1.35,Low
0487-VVUVK,1.35,Low
6569-KTMDU,1.35,Low
7581-EBBOU,1.35,Low
5602-BVFMK,1.34,Low
9763-PDTKK,1.33,Low
1439-LCGVL,1.33,Low
2267-FPIMA,1.32,Low
9842-EFSYY,1.32,Low
3976-BWUCK,1.32,Low
8201-AAXCB,1.31,Low
6408-OTUBZ,1.31,Low
4815-TUMEQ,1.3,Low
4670-TABXH,1.3,Low
6598-RFFVI,1.3,Low
3523-BRGUW,1.3,Low
5917-HBSDW,1.29,Low
5986-WWXDV,1.29,Low
9837-FWLCH,1.29,Low
7302-ZHMHP,1.29,Low
5274-XHAKY,1.29,Low
9347-AERRL,1.29,Low
3244-CQPHU,1.28,Low
2347-WKKAE,1.28,Low
5914-GXMDA,1.27,Low
8780-RSYYU,1.27,Low
8184-WMOFI,1.27,Low
1608-GMEWB,1.27,Low
5802-ADBRC,1.26,Low
4946-EDSEW,1.26,Low
6979-TNDEU,1.26,Low
6112-KTHFQ,1.26,Low
3143-ILDAL,1.26,Low
4311-QTTAI,1.26,Low
6685-GBWJZ,1.26,Low
5961-VUSRV,1.26,Low
4425-OWHWB,1.25,Low
4893-GYUJU,1.25,Low
5732-IKGQH,1.25,Low
9766-HGEDE,1.25,Low
6082-GLJIX,1.25,Low
4541-RMRLG,1.25,Low
2359-KLTEK,1.25,Low
5537-UXXVS,1.25,Low
4778-IZARL,1.25,Low
2061-VVFST,1.24,Low
7940-UQQUG,1.24,Low
4909-JOUPP,1.24,Low
3156-QLHBO,1.24,Low
0136-IFMYD,1.23,Low
5376-PCKNB,1.23,Low
1162-ECVII,1.23,Low
7271-AJDTL,1.23,Low
0023-XUOPT,1.22,Low
4070-OKWVH,1.22,Low
2519-LBNQL,1.22,Low
3192-NQECA,1.21,Low
9070-BCKQP,1.21,Low
8707-HOEDG,1.21,Low
9699-UBQFS,1.2,Low
5370-IIVVL,1.2,Low
8161-QYMTT,1.2,Low
4232-JGKIY,1.2,Low
3324-OIRTO,1.2,Low
4903-UYAVB,1.2,Low
2320-YKQBO,1.2,Low
7124-UGSUR,1.2,Low
3006-XIMLN,1.19,Low
1663-MHLHE,1.19,Low
0396-HUJBP,1.19,Low
6322-HRPFA,1.19,Low
2096-XOTMO,1.19,Low
5609-CEBID,1.19,Low
1725-IQNIY,1.19,Low
9374-YOLBJ,1.19,Low
9137-NOQKA,1.19,Low
3373-YZZYM,1.18,Low
1154-HYWWO,1.18,Low
5510-BOIUJ,1.18,Low
9142-XMYJH,1.18,Low
1098-TDVUQ,1.18,Low
9360-OMDZZ,1.18,Low
8708-XPXHZ,1.18,Low
3308-MHOOC,1.18,Low
0303-WMMRN,1.18,Low
7218-HKQFK,1.18,Low
9470-YFUYI,1.18,Low
1179-INLAT,1.17,Low
1735-XMJVH,1.17,Low
2988-QRAJY,1.17,Low
7868-TMWMZ,1.17,Low
8329-UTMVM,1.16,Low
1724-IQWNM,1.16,Low
0761-AETCS,1.16,Low
6873-UDNLD,1.16,Low
7926-IJOOU,1.15,Low
7785-RDVIG,1.15,Low
5935-FCCNB,1.15,Low
8621-MNIHH,1.15,Low
2645-QTLMB,1.15,Low
4094-NSEDU,1.15,Low
4667-OHGKG,1.15,Low
5519-NPHVG,1.15,Low
2929-ERCFZ,1.15,Low
8076-FEZKJ,1.14,Low
5698-BQJOH,1.14,Low
1374-DMZUI,1.14,Low
0366-NQSHS,1.14,Low
8944-AILEF,1.14,Low
2788-CJQAQ,1.13,Low
5899-OUVKV,1.12,Low
5016-LIPDW,1.12,Low
5186-PEIZU,1.12,Low
1015-JPFYW,1.12,Low
8249-THVEC,1.12,Low
0730-KOAVE,1.12,Low
0895-LNKRC,1.11,Low
3985-HOYPM,1.11,Low
2359-QWQUL,1.1,Low
5364-XYIRR,1.1,Low
8295-FHIVV,1.09,Low
4391-LNRXK,1.09,Low
5149-TGWDZ,1.09,Low
3423-HHXAO,1.09,Low
2821-WARNZ,1.08,Low
9919-KNPOO,1.08,Low
4451-RWASJ,1.08,Low
2223-KAGMX,1.07,Low
7649-PHJVR,1.07,Low
8241-JUIQO,1.07,Low
8063-RJYNF,1.07,Low
0788-DXBFY,1.07,Low
7311-MQJCH,1.07,Low
3131-NWVFJ,1.07,Low
7216-KAOID,1.07,Low
0208-BPQEJ,1.07,Low
4770-QAZXN,1.06,Low
7956-XQWGU,1.06,Low
3750-RNQKR,1.06,Low
6729-FZWSY,1.06,Low
2882-DDZPG,1.06,Low
2650-GYRYL,1.06,Low
2320-TZRRH,1.06,Low
2308-STERM,1.05,Low
5153-LXKDT,1.05,Low
4644-OBGFZ,1.05,Low
9866-OCCKE,1.05,Low
5616-PRTNT,1.05,Low
0098-BOWSO,1.04,Low
4801-KFYKL,1.04,Low
7872-BAAZR,1.04,Low
2550-QHZGP,1.04,Low
0428-AXXLJ,1.03,Low
1272-ILHFG,1.03,Low
7609-NRNCA,1.03,Low
8410-BGQXN,1.03,Low
2243-FNMMI,1.03,Low
9101-NTIXF,1.03,Low
7566-DSRLQ,1.03,Low
2122-SZZZD,1.03,Low
8717-VCTXJ,1.02,Low
8053-WWDRO,1.02,Low
7061-OVMIM,1.01,Low
9898-KZQDZ,1.01,Low
8395-ETZKQ,1.01,Low
9313-CDOGY,1.01,Low
4487-ZYJZK,1.01,Low
8969-PRHFK,1.0,Low
3338-CVVEH,1.0,Low
5624-RYAMH,1.0,Low
4750-UKWJK,1.0,Low
9680-NIAUV,1.0,Low
1936-UAFEH,1.0,Low
5468-BPMMO,0.99,Low
9223-UCPVT,0.99,Low
6522-YRBXD,0.99,Low
3486-NPGST,0.99,Low
6878-GGDWG,0.99,Low
4831-EOBFE,0.98,Low
0060-FUALY,0.98,Low
9058-MJLZC,0.98,Low
7617-EYGLW,0.98,Low
7727-SHVZV,0.98,Low
9174-FKWZE,0.98,Low
6506-EYCNH,0.98,Low
6260-XLACS,0.98,Low
3679-XASPY,0.98,Low
2171-UDMFD,0.98,Low
2789-CZANW,0.98,Low
2344-JMOGN,0.98,Low
9391-TTOYH,0.98,Low
1257-SXUXQ,0.97,Low
5766-ZJYBB,0.97,Low
5154-VEKBL,0.97,Low
9629-NHXFW,0.97,Low
5244-IRFIH,0.97,Low
4971-PUYQO,0.97,Low
7298-IZWLY,0.97,Low
4910-GMJOT,0.97,Low
4365-MSDYN,0.97,Low
1725-MIMXW,0.97,Low
9574-RKJIF,0.97,Low
4760-XOHVN,0.97,Low
8393-JMVMB,0.97,Low
2220-IAHLS,0.97,Low
3082-WQRVY,0.96,Low
3318-ISQFQ,0.96,Low
2475-MROZF,0.96,Low
4815-YOSUK,0.96,Low
1051-EQPZR,0.96,Low
2037-SGXHH,0.96,Low
2979-SXESE,0.96,Low
6807-SIWJI,0.96,Low
8022-BECSI,0.96,Low
8573-JGCZW,0.96,Low
6837-BJYDQ,0.95,Low
5567-WSELE,0.95,Low
5889-JTMUL,0.95,Low
5312-TSZVC,0.95,Low
9253-QXKBE,0.95,Low
6806-YDEUL,0.95,Low
1237-WIYYZ,0.95,Low
9658-WYUFB,0.95,Low
1626-ERCMM,0.95,Low
1345-GKDZZ,0.94,Low
3146-JTQHR,0.94,Low
6297-NOOPG,0.94,Low
0851-DFJKB,0.94,Low
3724-UCSHY,0.94,Low
0956-SYCWG,0.94,Low
7319-ZNRTR,0.94,Low
8008-OTEZX,0.93,Low
0042-JVWOJ,0.93,Low
1472-TNCWL,0.93,Low
9063-ZGTUY,0.93,Low
6040-CGACY,0.92,Low
4627-MIHJH,0.92,Low
9170-ARBTB,0.92,Low
9405-GPBBG,0.92,Low
9503-XJUME,0.92,Low
1481-ZUWZA,0.92,Low
4881-GQJTW,0.92,Low
2484-DGXPZ,0.91,Low
1429-UYJSV,0.91,Low
5236-XMZJY,0.91,Low
5562-BETPV,0.91,Low
6082-OQFBA,0.91,Low
6261-RCVNS,0.91,Low
3178-CIFOT,0.91,Low
4480-MBMLB,0.91,Low
1409-PHXTF,0.91,Low
8566-YPRGL,0.9,Low
6746-WAUWT,0.9,Low
1029-QFBEN,0.9,Low
7551-JOHTI,0.9,Low
1905-OEILC,0.9,Low
5906-BFOZT,0.9,Low
7601-WFVZV,0.9,Low
9845-QOMAD,0.9,Low
0927-CNGRH,0.9,Low
6036-TTFYU,0.9,Low
0377-JBKKT,0.9,Low
5702-SKUOB,0.89,Low
0883-EIBTI,0.89,Low
2576-HXMPA,0.89,Low
4160-AMJTL,0.89,Low
2866-IKBTM,0.89,Low
8605-ITULD,0.89,Low
8755-IWJHN,0.89,Low
1051-GEJLJ,0.89,Low
0323-XWWTN,0.89,Low
1622-HSHSF,0.89,Low
6974-DAFLI,0.89,Low
2466-FCCPT,0.89,Low
1964-SVLEA,0.89,Low
4693-VWVBO,0.89,Low
3280-NMUVX,0.88,Low
2466-NEJOJ,0.88,Low
8457-XIGKN,0.88,Low
7519-JTWQH,0.88,Low
1095-JUDTC,0.88,Low
1970-KKFWL,0.87,Low
7707-PYBBH,0.87,Low
2923-ARZLG,0.87,Low
6134-KWTBV,0.87,Low
7762-ONLJY,0.87,Low
1057-FOGLZ,0.86,Low
7026-YMSBE,0.86,Low
4418-LZMSV,0.86,Low
7526-IVLYU,0.86,Low
5995-WWKKG,0.86,Low
4913-EHYUI,0.86,Low
8510-BBWMU,0.86,Low
7982-VCELR,0.86,Low
1577-HKTFG,0.86,Low
2332-EFBJY,0.85,Low
8148-NLEGT,0.85,Low
1563-IWQEX,0.85,Low
1686-STUHN,0.85,Low
9782-LGXMC,0.85,Low
6319-QSUSR,0.85,Low
2589-AYCRP,0.85,Low
2667-WYLWJ,0.85,Low
4719-UMSIY,0.85,Low
3981-QSVQI,0.84,Low
3824-RHKVR,0.84,Low
3181-MIZBN,0.84,Low
1353-LJWEM,0.84,Low
3729-OWRVL,0.84,Low
3207-OYBWH,0.84,Low
1207-BLKSA,0.84,Low
3685-YLCMQ,0.84,Low
2428-ZMCTB,0.83,Low
6075-SLNIL,0.83,Low
5396-IZEPB,0.83,Low
8573-CGOCC,0.83,Low
5577-OTWWW,0.83,Low
1813-JLKWR,0.83,Low
2279-AXJJK,0.83,Low
8138-EALND,0.83,Low
4695-VADHF,0.83,Low
3721-CNZHX,0.82,Low
5074-FBGHB,0.82,Low
2829-HYVZP,0.82,Low
1226-JZNKR,0.82,Low
0701-RFGFI,0.82,Low
7854-EKTJL,0.82,Low
7989-CHGTL,0.82,Low
6365-HITVU,0.81,Low
2003-CKLOR,0.81,Low
3932-CMDTD,0.81,Low
2277-AXSDC,0.81,Low
7706-YLMQA,0.81,Low
6184-DYUOB,0.81,Low
9917-KWRBE,0.81,Low
7623-HKYRK,0.81,Low
4588-YBNIB,0.81,Low
8547-NSBBO,0.81,Low
5642-MHDQT,0.81,Low
1264-BYWMS,0.8,Low
9801-NOSHQ,0.8,Low
6993-YCOBK,0.8,Low
1087-UDSIH,0.8,Low
9970-QBCDA,0.8,Low
3077-RSNTJ,0.8,Low
8779-YIQQA,0.8,Low
3845-FXCYS,0.8,Low
1038-ZAGBI,0.8,Low
4795-UXVCJ,0.8,Low
4318-RAJVY,0.8,Low
1755-FZQEC,0.8,Low
1680-VDCWW,0.8,Low
4685-TFLLS,0.8,Low
1561-BWHIN,0.8,Low
2640-LYMOV,0.79,Low
0690-SRQID,0.79,Low
8329-IBCTI,0.79,Low
3785-NRHYR,0.79,Low
7291-CDTMJ,0.79,Low
0970-QXPXW,0.79,Low
7721-DVEKZ,0.79,Low
5482-NUPNA,0.79,Low
6797-UCJHZ,0.79,Low
1090-PYKCI,0.79,Low
1194-SPVSP,0.79,Low
6141-OOXUQ,0.79,Low
3217-FZDMN,0.78,Low
9732-EQMWY,0.78,Low
3694-GLTJM,0.78,Low
3658-QQJYD,0.78,Low
2323-ARSVR,0.78,Low
0219-QAERP,0.78,Low
8065-BVEPF,0.77,Low
6101-IMRMM,0.77,Low
3079-BCHLN,0.77,Low
7297-DVYGA,0.77,Low
9447-YPTBX,0.77,Low
5144-TVGLP,0.77,Low
8610-WFCJF,0.77,Low
1465-WCZVT,0.77,Low
4192-GORJT,0.77,Low
4369-NYSCF,0.77,Low
5871-DGTXZ,0.76,Low
0148-DCDOS,0.76,Low
5981-ITEMU,0.76,Low
3374-PZLXD,0.76,Low
5917-RYRMG,0.76,Low
4182-BGSIQ,0.76,Low
5384-ZTTWP,0.76,Low
8033-ATFAS,0.76,Low
4612-THJBS,0.76,Low
2560-WBWXF,0.76,Low
5649-RXQTV,0.75,Low
0247-SLUJI,0.75,Low
0969-RGKCU,0.75,Low
5514-YQENT,0.75,Low
3936-QQFLL,0.75,Low
9364-YKUVW,0.75,Low
4124-MMETB,0.75,Low
7446-SFAOA,0.75,Low
8634-CILSZ,0.75,Low
1427-VERSM,0.75,Low
8631-WUXGY,0.74,Low
9103-CXVOK,0.74,Low
6615-ZGEDR,0.74,Low
3487-EARAT,0.73,Low
6849-WLEYG,0.73,Low
8075-GXIUB,0.73,Low
2604-IJPDU,0.73,Low
5150-ITWWB,0.73,Low
0100-DUVFC,0.73,Low
3537-RYBHH,0.73,Low
1156-ZFYDO,0.72,Low
4672-FOTSD,0.72,Low
1291-CUOCY,0.72,Low
2669-OIDSD,0.72,Low
5955-ERIHD,0.72,Low
3325-FUYCG,0.71,Low
4765-OXPPD,0.71,Low
1060-ENTOF,0.71,Low
2465-BLLEU,0.71,Low
7853-WNZSY,0.71,Low
3930-ZGWVE,0.71,Low
0268-QKIWO,0.71,Low
8859-YSTWS,0.71,Low
7602-MVRMB,0.71,Low
4464-JCOLN,0.71,Low
7560-QRBXH,0.71,Low
0567-GGCAC,0.71,Low
4385-GZQXV,0.71,Low
4962-CHQPW,0.71,Low
4558-CGYCZ,0.71,Low
3717-OFRTN,0.71,Low
6124-ACRHJ,0.71,Low
7239-HZZCX,0.71,Low
6393-WRYZE,0.7,Low
6769-DCQLI,0.7,Low
1064-FBXNK,0.7,Low
4724-WXVWF,0.7,Low
8859-AXJZP,0.7,Low
7969-AULMZ,0.7,Low
8309-PPCED,0.7,Low
6502-KUGLL,0.7,Low
0621-TSSMU,0.7,Low
8019-ENHXU,0.7,Low
7480-QNVZJ,0.7,Low
8250-ZNGGW,0.7,Low
8221-EQDGL,0.7,Low
3389-KTRXV,0.69,Low
6362-QHAFM,0.69,Low
8823-RLPWL,0.69,Low
4690-PKDQG,0.69,Low
9714-EDSUC,0.69,Low
7547-EKNFS,0.69,Low
7677-SJJJK,0.69,Low
3415-TAILE,0.69,Low
3580-HYCSP,0.68,Low
0594-UFTUL,0.68,Low
1757-TCATG,0.68,Low
6202-JVYEU,0.68,Low
2819-GWENI,0.68,Low
4636-TVXVG,0.68,Low
6479-OAUSD,0.68,Low
8748-HFWBO,0.68,Low
1069-QJOEE,0.68,Low
8884-MRNSU,0.68,Low
8017-LXHFA,0.68,Low
0471-ARVMX,0.68,Low
9495-SKLKD,0.68,Low
6061-PQHMK,0.68,Low
7943-RQCHR,0.68,Low
1498-DQNRX,0.67,Low
7544-ZVIKX,0.67,Low
5649-ANRML,0.67,Low
2878-DHMIN,0.67,Low
7601-DHFWZ,0.66,Low
4779-ZGICK,0.66,Low
7279-NMVJC,0.66,Low
3675-YDUPJ,0.66,Low
3096-GKWEB,0.66,Low
4989-LIXVT,0.66,Low
2272-WUSPA,0.66,Low
8562-GHPPI,0.65,Low
3549-ZTMNH,0.65,Low
0902-RFHOF,0.65,Low
5655-JSMZM,0.65,Low
7030-FZTFM,0.65,Low
2499-AJYUA,0.65,Low
5120-ZBLAI,0.65,Low
4892-VLANZ,0.65,Low
1449-XQEMT,0.65,Low
1555-HAPSU,0.65,Low
5788-YPOEG,0.65,Low
0310-VQXAM,0.65,Low
7000-WCEVQ,0.65,Low
6734-PSBAW,0.65,Low
8902-ZEOVF,0.64,Low
4955-VCWBI,0.64,Low
3995-WFCSM,0.64,Low
2157-MXBJS,0.64,Low
2673-ZALNP,0.64,Low
6164-HXUGH,0.64,Low
3452-GWUIN,0.64,Low
1131-QQZEB,0.64,Low
1552-CZCLL,0.64,Low
9544-PYPSJ,0.64,Low
2560-PPCHE,0.64,Low
5220-AGAAX,0.64,Low
2408-PSJVE,0.63,Low
4134-BSXLX,0.63,Low
2632-TACXW,0.63,Low
9522-ZSINC,0.63,Low
4140-WJAWW,0.63,Low
3387-VATUS,0.63,Low
6848-YLDFR,0.63,Low
5546-QUERU,0.63,Low
4632-PAOYU,0.63,Low
9974-JFBHQ,0.63,Low
7404-JLKQG,0.63,Low
0221-NAUXK,0.63,Low
4656-CAURT,0.63,Low
8194-PEEBY,0.63,Low
0347-UBKUZ,0.62,Low
7225-CBZPL,0.62,Low
7161-DFHUF,0.62,Low
8165-ZJRNM,0.62,Low
4936-YPJNK,0.62,Low
7789-HKSBS,0.62,Low
1269-FOYWN,0.62,Low
3061-BCKYI,0.62,Low
4123-FCVCB,0.61,Low
0562-HKHML,0.61,Low
9847-HNVGP,0.61,Low
2773-OVBPK,0.61,Low
2195-VVRJF,0.6,Low
6502-HCJTI,0.6,Low
9474-PHLYD,0.6,Low
5619-XZZKR,0.6,Low
7398-SKNQZ,0.6,Low
0541-FITGH,0.6,Low
8970-ANWXO,0.6,Low
4020-KIUDI,0.6,Low
1776-SPBWV,0.59,Low
0963-ZBDRN,0.59,Low
1702-CCFNJ,0.59,Low
5795-KTGUD,0.59,Low
7740-BTPUX,0.59,Low
3530-VWVGU,0.59,Low
4291-HPAXL,0.58,Low
0107-WESLM,0.58,Low
2812-REYAT,0.58,Low
9967-ATRFS,0.58,Low
4396-KLSEH,0.58,Low
0967-BMLBD,0.57,Low
9776-OJUZI,0.57,Low
0137-UDEUO,0.57,Low
4323-ELYYB,0.57,Low
1498-NHTLT,0.57,Low
0325-XBFAC,0.57,Low
2105-PHWON,0.57,Low
4694-PHWFW,0.57,Low
3556-BVQGL,0.57,Low
4895-TMWIR,0.57,Low
0114-RSRRW,0.57,Low
3647-GMGDH,0.57,Low
4709-LKHYG,0.57,Low
2320-JRSDE,0.57,Low
8071-SBTRN,0.57,Low
6212-ATMLK,0.57,Low
3190-FZATL,0.57,Low
3500-RMZLT,0.57,Low
4716-MRVEN,0.57,Low
6620-HVDUJ,0.57,Low
0030-FNXPP,0.56,Low
1401-FTHFQ,0.56,Low
1135-LMECX,0.56,Low
3043-SUDUA,0.56,Low
3003-CMDUU,0.56,Low
4508-OEBEY,0.56,Low
6862-CQUMB,0.56,Low
0848-ZGQIJ,0.56,Low
6776-TLWOI,0.56,Low
5515-IDEJJ,0.56,Low
4359-INNWN,0.56,Low
8327-WKMIE,0.56,Low
3951-NJCVI,0.56,Low
5173-ZXXXL,0.56,Low
8084-OIVBS,0.56,Low
7833-PKIHD,0.55,Low
5553-AOINX,0.55,Low
5066-GFJMM,0.55,Low
6377-KSLXC,0.55,Low
5168-MSWXT,0.55,Low
3363-EWLGO,0.55,Low
2150-UWTFY,0.54,Low
6778-YSNIH,0.54,Low
7636-XUHWW,0.54,Low
2654-VBVPB,0.54,Low
7632-YUTXB,0.54,Low
0829-DDVLK,0.54,Low
7878-RTCZG,0.54,Low
1113-IUJYX,0.54,Low
6350-XFYGW,0.54,Low
7209-JCUDS,0.54,Low
3900-AQPHZ,0.54,Low
6654-QGBZZ,0.54,Low
9442-JTWDL,0.54,Low
4800-VHZKI,0.54,Low
5985-BEHZK,0.54,Low
9788-YTFGE,0.54,Low
6242-MBHPK,0.54,Low
9483-GCPWE,0.54,Low
2369-FEVNO,0.54,Low
6583-KQJLK,0.54,Low
0596-BQCEQ,0.53,Low
5382-SOYZL,0.53,Low
1952-DVVSW,0.53,Low
4404-HIBDJ,0.53,Low
4662-EKDPQ,0.53,Low
2303-PJYHN,0.53,Low
5876-QMYLD,0.53,Low
9824-QCJPK,0.53,Low
9445-SZLCH,0.53,Low
5688-KZTSN,0.53,Low
0859-YGKFW,0.53,Low
2150-OEGBV,0.53,Low
5849-ASHZJ,0.53,Low
6100-FJZDG,0.53,Low
2546-KZAAT,0.53,Low
3623-FQBOX,0.53,Low
8752-IMQOS,0.52,Low
2682-KEVRP,0.52,Low
4616-EWBNJ,0.52,Low
6559-PDZLR,0.52,Low
4468-KAZHE,0.52,Low
4945-RVMTE,0.52,Low
8150-QUDFX,0.52,Low
9033-EOXWV,0.52,Low
3097-PYWXL,0.52,Low
4291-YZODP,0.52,Low
3793-MMFUH,0.52,Low
3858-XHYJO,0.52,Low
3506-LCJDC,0.51,Low
2387-KDZQY,0.51,Low
4860-YZGZM,0.51,Low
5627-TVBPP,0.51,Low
5519-TEEUH,0.51,Low
3243-ZHOHY,0.51,Low
9780-FKVVF,0.51,Low
2373-NTKOD,0.51,Low
3874-EQOEP,0.5,Low
2454-RPBRZ,0.5,Low
4079-ULGFR,0.5,Low
5178-LMXOP,0.5,Low
7521-YXVZY,0.5,Low
9602-WCXPI,0.5,Low
2832-SCUCO,0.5,Low
5061-PBXFW,0.5,Low
4616-ULAOA,0.5,Low
0380-ZCSBI,0.5,Low
5143-WMWOG,0.5,Low
4973-RLZVI,0.5,Low
8439-LTUGF,0.5,Low
4712-UYOOI,0.5,Low
5438-QMDDL,0.5,Low
1194-HVAIF,0.5,Low
7011-CVEUC,0.5,Low
8992-OBVDG,0.5,Low
7203-OYKCT,0.5,Low
7094-MSZAO,0.49,Low
5144-PQCDZ,0.49,Low
1934-MKPXS,0.49,Low
2806-MLNTI,0.49,Low
4472-VESGY,0.49,Low
0468-YRPXN,0.49,Low
5993-BQHEA,0.49,Low
3011-WQKSZ,0.49,Low
8387-UGUSU,0.49,Low
8317-BVKSO,0.49,Low
6286-SUUWT,0.49,Low
5380-XPJNZ,0.49,Low
0619-OLYUR,0.48,Low
5474-LAMUQ,0.48,Low
1009-IRMNA,0.48,Low
7777-UNYHB,0.48,Low
4598-XLKNJ,0.48,Low
5119-KEPFY,0.48,Low
2542-HYGIQ,0.48,Low
4194-WHFCB,0.48,Low
4797-AXPXK,0.48,Low
0178-CIIKR,0.48,Low
7328-OWMOM,0.48,Low
9178-JHUVJ,0.48,Low
5505-OVWQW,0.48,Low
1133-KXCGE,0.48,Low
8327-LZKAS,0.48,Low
6972-SNKKW,0.48,Low
1796-JANOW,0.48,Low
1403-LKLIK,0.48,Low
3460-TJBWI,0.47,Low
9367-TCUYN,0.47,Low
8393-DLHGA,0.47,Low
8564-LDKFL,0.47,Low
7722-CVFXN,0.47,Low
0357-NVCRI,0.47,Low
8499-BRXTD,0.47,Low
2717-HVIZY,0.47,Low
0354-WYROK,0.47,Low
2038-YSEZE,0.47,Low
2165-VOEGB,0.47,Low
7047-YXDMZ,0.47,Low
9086-YJYXS,0.46,Low
8679-JOEVF,0.46,Low
0691-NIKRI,0.46,Low
1722-LDZJS,0.46,Low
5949-EBSQK,0.46,Low
2159-TURXX,0.46,Low
5777-ZPQNC,0.46,Low
3639-XJHKQ,0.46,Low
6861-OKBCE,0.46,Low
6645-MXQJT,0.45,Low
8761-NSOBC,0.45,Low
0319-QZTCO,0.45,Low
4518-FZBSX,0.45,Low
3807-XHCJH,0.45,Low
3045-XETSH,0.45,Low
9867-NNXLC,0.45,Low
0094-OIFMO,0.44,Low
7542-CYDDM,0.44,Low
9805-FILKB,0.44,Low
8631-XVRZL,0.44,Low
7137-NAXML,0.44,Low
2749-CTKAJ,0.44,Low
5924-SNGKP,0.44,Low
7838-LAZFO,0.44,Low
4667-QONEA,0.44,Low
9919-YLNNG,0.44,Low
7808-DVWEP,0.44,Low
9944-HKVVB,0.44,Low
3567-PQTSO,0.44,Low
1389-WNUIB,0.44,Low
5349-IECLD,0.44,Low
3043-TYBNO,0.43,Low
4237-CLSMM,0.43,Low
2632-IVXVF,0.43,Low
0516-VRYBW,0.43,Low
2886-KEFUM,0.43,Low
3778-FOAQW,0.43,Low
2164-SOQXL,0.43,Low
5039-LZRQT,0.43,Low
7096-ZNBZI,0.43,Low
7531-GQHME,0.43,Low
5766-XQXMQ,0.43,Low
9700-ZCLOT,0.43,Low
6778-EICRF,0.42,Low
9351-HXDMR,0.42,Low
9962-BFPDU,0.42,Low
2056-EVGZL,0.42,Low
7766-CLTIC,0.42,Low
7055-VKGDA,0.42,Low
7037-MTYVW,0.42,Low
2931-FSOHN,0.42,Low
7698-YFGEZ,0.42,Low
6469-MRVET,0.42,Low
2692-BUCFV,0.42,Low
6734-CKRSM,0.42,Low
7874-ECPQJ,0.42,Low
4697-LUPSU,0.42,Low
8399-YNDCH,0.42,Low
4877-EVATK,0.42,Low
7520-HQWJU,0.42,Low
6777-TGHTM,0.42,Low
6121-TNHBO,0.42,Low
2018-PZKMU,0.42,Low
1383-EZRWL,0.42,Low
9330-VOFSZ,0.42,Low
4007-NHVHI,0.41,Low
1336-EZFZY,0.41,Low
6648-INWPS,0.41,Low
3654-ARMGP,0.41,Low
2812-SFXMJ,0.41,Low
2823-LKABH,0.41,Low
6627-CFOSN,0.41,Low
2393-DIVAI,0.41,Low
6188-UXBBR,0.41,Low
2926-JEJJC,0.4,Low
1349-WXNGG,0.4,Low
7096-UCLNH,0.4,Low
3030-ZKIWL,0.4,Low
9069-LGEUL,0.4,Low
4785-NKHCX,0.4,Low
8749-CLJXC,0.4,Low
0786-IVLAW,0.4,Low
1448-CYWKC,0.4,Low
0871-OPBXW,0.4,Low
4986-MXSFP,0.4,Low
3521-SYVOR,0.4,Low
7839-NUIAA,0.4,Low
1866-NXPSP,0.4,Low
5028-HTLJB,0.4,Low
8879-ZKJOF,0.4,Low
4661-NJEUX,0.4,Low
5982-FPVQN,0.4,Low
0188-GWFLE,0.4,Low
4700-UBQMV,0.4,Low
7017-VFULY,0.39,Low
6147-CBCRA,0.39,Low
7690-KPNCU,0.39,Low
3120-FAZKD,0.39,Low
2120-SMPEX,0.39,Low
8565-HBFNN,0.39,Low
9621-OUPYD,0.39,Low
3148-BLQJT,0.39,Low
1000-AJSLD,0.39,Low
8006-PYCSW,0.39,Low
7845-URHJN,0.39,Low
2469-DTSGX,0.39,Low
8450-LUGUK,0.39,Low
1240-KNSEZ,0.39,Low
5236-PERKL,0.39,Low
0639-TSIQW,0.38,Low
0886-QGENL,0.38,Low
5302-BDJNT,0.38,Low
3836-FZSDJ,0.38,Low
5919-VCZYM,0.38,Low
0835-JKADZ,0.38,Low
2208-NKVVH,0.38,Low
7503-EPSZW,0.38,Low
8590-OHDIW,0.38,Low
7255-SSFBC,0.38,Low
1891-QRQSA,0.38,Low
3865-YIOTT,0.37,Low
7787-BNTZM,0.37,Low
8160-HOWOX,0.37,Low
5177-RVZNU,0.37,Low
3758-CKOQL,0.37,Low
1855-CFULU,0.37,Low
1587-FKLZB,0.37,Low
3580-GICBM,0.37,Low
8559-CIZFV,0.37,Low
3705-PSNGL,0.37,Low
9489-UTFKA,0.37,Low
8853-TZDGH,0.37,Low
0979-PHULV,0.37,Low
8980-WQFWL,0.37,Low
0856-NAOES,0.37,Low
3022-BEXHZ,0.37,Low
1121-QSIVB,0.37,Low
1705-GUHPV,0.37,Low
5304-EFJLP,0.37,Low
8028-PNXHQ,0.37,Low
3407-QGWLG,0.37,Low
1597-LHYNC,0.37,Low
7696-AMHOD,0.37,Low
5440-VHLUL,0.36,Low
1084-MNSMJ,0.36,Low
2603-HVKCG,0.36,Low
4979-HPRFL,0.36,Low
4003-FUSHP,0.36,Low
8591-TKMZH,0.36,Low
2791-SFVEW,0.36,Low
3090-HAWSU,0.36,Low
4657-FWVFY,0.36,Low
2277-DJJDL,0.36,Low
4018-KJYUY,0.35,Low
1641-BYBTK,0.35,Low
3229-USWAR,0.35,Low
8049-WJCLQ,0.35,Low
3891-PUQOD,0.35,Low
6647-ZEDXT,0.35,Low
4589-IUAJB,0.35,Low
0731-EBJQB,0.35,Low
2674-MLXMN,0.35,Low
5740-YHGTW,0.35,Low
0679-TDGAK,0.35,Low
5774-QPLTF,0.35,Low
8624-GIOUT,0.35,Low
7014-ZZXAW,0.35,Low
8374-UULRV,0.35,Low
9453-PATOS,0.34,Low
5129-JLPIS,0.34,Low
4829-ZLJTK,0.34,Low
6131-IUNXN,0.34,Low
3649-JPUGY,0.34,Low
8098-LLAZX,0.34,Low
4009-ALQFH,0.34,Low
8608-OZTLB,0.34,Low
8207-VVMYB,0.34,Low
1074-WVEVG,0.34,Low
3318-OSATS,0.34,Low
8313-KTIHG,0.34,Low
2577-GVSIL,0.34,Low
7851-WZEKY,0.34,Low
4829-AUOAX,0.34,Low
9761-XUJWD,0.33,Low
9089-UOWJG,0.33,Low
6479-VDGRK,0.33,Low
4625-XMOYM,0.33,Low
5827-MWCZK,0.33,Low
4018-PPNDW,0.33,Low
1178-PZGAB,0.33,Low
3049-SOLAY,0.33,Low
3977-QCRSL,0.33,Low
5850-BDWCY,0.33,Low
0930-EHUZA,0.33,Low
7718-UPSKJ,0.33,Low
7073-QETQY,0.32,Low
1820-DJFPH,0.32,Low
8548-AWOFC,0.32,Low
5743-KHMNA,0.32,Low
0269-XFESX,0.32,Low
1986-PHGZF,0.32,Low
4537-CIBHB,0.32,Low
0971-QIFJK,0.32,Low
0626-QXNGV,0.32,Low
5424-RLQLC,0.32,Low
0945-TSONX,0.32,Low
0129-QMPDR,0.32,Low
4781-ZXYGU,0.32,Low
1085-LDWAM,0.32,Low
6507-DTJZV,0.32,Low
6994-FGRHH,0.32,Low
7853-GVUDZ,0.32,Low
1658-BYGOY,0.32,Low
2731-GJRDG,0.31,Low
0684-AOSIH,0.31,Low
4415-WNGVR,0.31,Low
1066-JKSGK,0.31,Low
1552-TKMXS,0.31,Low
7353-YOWFP,0.31,Low
6695-AMZUF,0.31,Low
5951-AOFIH,0.31,Low
4006-HKYHO,0.31,Low
5546-BYZSM,0.31,Low
5480-TBGPH,0.31,Low
0471-LVHGK,0.31,Low
4397-FRLTA,0.31,Low
1934-SJVJK,0.31,Low
4939-KYYPY,0.31,Low
0310-MVLET,0.31,Low
5129-HHMZC,0.31,Low
3638-VBZTA,0.31,Low
7010-BRBUU,0.31,Low
2321-OMBXY,0.31,Low
0193-ESZXP,0.31,Low
8413-VONUO,0.31,Low
8974-OVACP,0.3,Low
9512-UIBFX,0.3,Low
3345-JHUEO,0.3,Low
6652-YFFJO,0.3,Low
5680-LQOGP,0.3,Low
4897-QSUYC,0.3,Low
3744-ZBHON,0.3,Low
8785-CJSHH,0.3,Low
2984-AFWNC,0.3,Low
5712-VBOXD,0.3,Low
6988-CJEYV,0.3,Low
6010-DDPPW,0.3,Low
5959-BELXA,0.3,Low
1834-WULEG,0.3,Low
0480-KYJVA,0.3,Low
6963-KQYQB,0.3,Low
6469-QJKZW,0.3,Low
1557-EMYVT,0.3,Low
1222-KJNZD,0.3,Low
0396-YCHWO,0.3,Low
3039-MJSLN,0.3,Low
9294-TDIPC,0.3,Low
9279-CJEOJ,0.29,Low
3118-UHVVQ,0.29,Low
1493-AMTIE,0.29,Low
1899-VXWXM,0.29,Low
4786-UKSNZ,0.29,Low
8305-VHZBZ,0.29,Low
8849-GYOKR,0.29,Low
8048-DSDFQ,0.29,Low
3247-MHJKM,0.29,Low
3005-NFMTA,0.29,Low
1258-YMZNM,0.29,Low
5174-ITUMV,0.29,Low
2452-MRMZF,0.29,Low
1791-PQHBB,0.29,Low
7839-QRKXN,0.29,Low
4106-HADHQ,0.29,Low
7310-EGVHZ,0.29,Low
8610-ZIKJJ,0.29,Low
7049-GKVZY,0.29,Low
7641-EUYET,0.29,Low
6380-ARCEH,0.29,Low
3585-ISXZP,0.29,Low
5356-RHIPP,0.29,Low
2955-PSXOE,0.29,Low
9135-MGVPY,0.28,Low
3633-CDBUW,0.28,Low
0486-HECZI,0.28,Low
9508-ILZDG,0.28,Low
2853-CWQFQ,0.28,Low
2754-VDLTR,0.28,Low
2824-MYYBN,0.28,Low
6218-KNUBD,0.28,Low
9194-GFVOI,0.28,Low
9481-SFCQY,0.28,Low
8623-ULFNQ,0.28,Low
7101-HRBLJ,0.28,Low
9639-BUJXT,0.27,Low
0407-BDJKB,0.27,Low
5832-EXGTT,0.27,Low
7622-FWGEW,0.27,Low
5985-TBABQ,0.27,Low
5183-SNMJQ,0.27,Low
3125-RAHBV,0.27,Low
3269-ATYWD,0.27,Low
0308-GIQJT,0.27,Low
9061-TIHDA,0.27,Low
1468-DEFNC,0.27,Low
5847-MXBEO,0.27,Low
6248-BSHKG,0.27,Low
6072-NUQCB,0.27,Low
8773-HHUOZ,0.26,Low
7548-SEPYI,0.26,Low
7459-IMVYU,0.26,Low
2874-YXVVA,0.26,Low
2511-ALLCS,0.26,Low
0295-PPHDO,0.26,Low
3896-ZVNET,0.26,Low
4393-OBCRR,0.26,Low
2722-VOJQL,0.26,Low
0048-PIHNL,0.26,Low
3644-QXEHN,0.26,Low
1982-FEBTD,0.26,Low
4393-RYCRE,0.26,Low
5214-CHIWJ,0.26,Low
1794-SWWKL,0.26,Low
9891-NQDBD,0.26,Low
8999-YPYBV,0.25,Low
7608-RGIRO,0.25,Low
1535-VTJOQ,0.25,Low
9435-JMLSX,0.25,Low
2782-LFZVW,0.25,Low
5469-CTCWN,0.25,Low
8361-LBRDI,0.25,Low
3692-JHONH,0.25,Low
9921-EZKBY,0.25,Low
4929-XIHVW,0.25,Low
9184-GALIL,0.25,Low
1784-EZDKJ,0.25,Low
9695-IDRZR,0.25,Low
7176-WRTNX,0.25,Low
7247-XOZPB,0.25,Low
9692-TUSXH,0.25,Low
6772-WFQRD,0.24,Low
0324-BRPCJ,0.24,Low
2660-EMUBI,0.24,Low
7799-DSEWS,0.24,Low
7356-AYNJP,0.24,Low
7813-ZGGAW,0.24,Low
4116-IQRFR,0.24,Low
6328-ZPBGN,0.24,Low
4647-MUZON,0.24,Low
6365-MTGZX,0.24,Low
1205-WNWPJ,0.24,Low
8357-EQXFO,0.24,Low
8552-OBVRU,0.24,Low
1017-FBQMM,0.24,Low
8152-UOBNY,0.24,Low
9079-LWTFD,0.24,Low
0748-RDGGM,0.24,Low
3982-JGSFD,0.24,Low
9793-WECQC,0.24,Low
2632-UCGVD,0.24,Low
5789-LDFXO,0.23,Low
7797-EJMDP,0.23,Low
8245-UMPYT,0.23,Low
2371-JUNGC,0.23,Low
5568-DMXZS,0.23,Low
9961-JBNMK,0.23,Low
4323-OHFOW,0.23,Low
4923-ADWXJ,0.23,Low
8782-NUUOL,0.23,Low
9190-MFJLN,0.23,Low
8651-ENBZX,0.23,Low
5980-NOPLP,0.23,Low
3812-LRZIR,0.23,Low
7318-EIVKO,0.23,Low
6278-FEPBZ,0.23,Low
6916-HIJSE,0.23,Low
9229-RQABD,0.23,Low
8734-FNWVH,0.23,Low
5345-BMKWB,0.23,Low
6838-HVLXG,0.23,Low
1357-MVDOZ,0.23,Low
7609-YBPXG,0.23,Low
6356-ELRKD,0.22,Low
5260-UMPWX,0.22,Low
1010-DIAUQ,0.22,Low
8512-WIWYV,0.22,Low
0480-BIXDE,0.22,Low
3898-BSJYF,0.22,Low
0083-PIVIK,0.22,Low
7067-KSAZT,0.22,Low
4785-FCIFB,0.22,Low
1763-KUAAW,0.22,Low
9912-OMZDS,0.22,Low
9651-GTSAQ,0.22,Low
4203-QGNZA,0.22,Low
3372-CDXFJ,0.22,Low
4083-EUGRJ,0.22,Low
5766-FTRTS,0.22,Low
3195-TQDZX,0.21,Low
5186-EJEGL,0.21,Low
2885-HIJDH,0.21,Low
1930-BZLHI,0.21,Low
5868-YTYKS,0.21,Low
9057-SIHCH,0.21,Low
5778-BVOFB,0.21,Low
2439-QKJUL,0.21,Low
7665-VIGUD,0.21,Low
1169-SAOCL,0.21,Low
7813-TKCVO,0.21,Low
5485-WUYWF,0.21,Low
3569-VLDHH,0.21,Low
1131-ALZWV,0.21,Low
4488-PSYCG,0.21,Low
6131-JLWZM,0.21,Low
5067-DGXLL,0.21,Low
2809-ILCYT,0.21,Low
1323-OOEPC,0.21,Low
0142-GVYSN,0.21,Low
3720-DBRWL,0.21,Low
5982-PSMKW,0.21,Low
9786-IJYDL,0.21,Low
2081-KJSQF,0.2,Low
4211-MMAZN,0.2,Low
2495-TTHBQ,0.2,Low
9290-SHCMB,0.2,Low
8276-MQBYC,0.2,Low
0670-KDOMA,0.2,Low
8203-XJZRC,0.2,Low
6688-UZPWD,0.2,Low
7684-XSZIY,0.2,Low
8060-HIWJJ,0.2,Low
4732-RRJZC,0.2,Low
9553-DLCLU,0.2,Low
9365-CSLBQ,0.2,Low
2208-UGTGR,0.2,Low
2876-VBBBL,0.2,Low
3466-BYAVD,0.2,Low
8204-TIFGJ,0.2,Low
0754-UKWQP,0.2,Low
8884-ADFVN,0.2,Low
8332-OSJDW,0.2,Low
5916-QEWPT,0.19,Low
1872-EBWSC,0.19,Low
1755-RMCXH,0.19,Low
8735-SDUFN,0.19,Low
0871-URUWO,0.19,Low
6510-UPNKS,0.19,Low
9964-WBQDJ,0.19,Low
6857-VWJDT,0.19,Low
7817-OMJNA,0.19,Low
1960-UYCNN,0.19,Low
6419-ZTTLE,0.19,Low
6418-HNFED,0.19,Low
5897-ZYEKH,0.19,Low
6480-YAGIY,0.19,Low
2085-JVGAD,0.19,Low
7683-CBDKJ,0.19,Low
2239-CFOUJ,0.19,Low
0516-QREYC,0.19,Low
5485-ITNPC,0.19,Low
0411-EZJZE,0.19,Low
3301-LSLWQ,0.18,Low
7301-ABVAD,0.18,Low
0916-QOFDP,0.18,Low
7089-RKVSZ,0.18,Low
4060-LDNLU,0.18,Low
4403-BWPAY,0.18,Low
7814-LEEVE,0.18,Low
6425-YQLLO,0.18,Low
8844-TONUD,0.18,Low
2180-DXNEG,0.18,Low
0576-WNXXC,0.18,Low
5003-OKNNK,0.18,Low
6997-UVGOX,0.17,Low
8840-DQLGN,0.17,Low
9860-LISIZ,0.17,Low
9356-AXGMP,0.17,Low
5565-FILXA,0.17,Low
8073-IJDCM,0.17,Low
9122-UMROB,0.17,Low
9932-WBWIK,0.17,Low
3090-QFUVD,0.17,Low
5331-RGMTT,0.17,Low
9067-SQTNS,0.17,Low
4797-MIWUM,0.17,Low
3319-DWOEP,0.17,Low
2676-ISHSF,0.17,Low
7526-BEZQB,0.17,Low
3643-AHCFP,0.17,Low
7336-RLLRH,0.16,Low
4973-MGTON,0.16,Low
3629-ZNKXA,0.16,Low
2378-YIZKA,0.16,Low
9809-IMGCQ,0.16,Low
7951-QKZPL,0.16,Low
0031-PVLZI,0.16,Low
2506-CLAKW,0.16,Low
2507-QZPQS,0.16,Low
0203-HHYIJ,0.16,Low
6839-ITVZJ,0.16,Low
0320-JDNQG,0.16,Low
6845-RGTYS,0.16,Low
2207-RYYRL,0.16,Low
2038-LLMLM,0.16,Low
4054-CUMIA,0.16,Low
6341-JVQGF,0.16,Low
9593-CVZKR,0.16,Low
3158-MOERK,0.16,Low
3594-BDSOA,0.16,Low
8999-XXGNS,0.16,Low
0564-JJHGS,0.16,Low
3780-YVMFA,0.16,Low
7445-WMRBW,0.16,Low
1568-LJSZU,0.16,Low
6870-ECSHE,0.15,Low
7502-BNYGS,0.15,Low
6693-FRIRW,0.15,Low
6674-KVJHG,0.15,Low
7619-PLRLP,0.15,Low
1849-RJYIG,0.15,Low
5968-HYJRZ,0.15,Low
9620-QJREV,0.15,Low
2252-NKNSI,0.15,Low
3320-VEOYC,0.15,Low
6671-NGWON,0.15,Low
5356-KZCKT,0.15,Low
3823-KYNQY,0.15,Low
6621-YOBKI,0.15,Low
4378-BZYFP,0.15,Low
4195-SMMNX,0.15,Low
2403-BCASL,0.15,Low
5569-IDSEY,0.15,Low
1159-WFSGR,0.15,Low
4652-ODEVH,0.14,Low
6465-GSRCL,0.14,Low
1682-VCOIO,0.14,Low
8985-OOPOS,0.14,Low
4486-EFAEB,0.14,Low
4634-JLRJT,0.14,Low
5562-YJQGT,0.14,Low
5687-DKDTV,0.14,Low
5419-CONWX,0.14,Low
6234-PFPXL,0.14,Low
6476-EPYZR,0.14,Low
4523-WXCEF,0.14,Low
5075-JSDKI,0.14,Low
3590-TCXTB,0.14,Low
2732-ISEZX,0.14,Low
9470-RTWDV,0.14,Low
5527-ACHSO,0.14,Low
7998-ZLXWN,0.14,Low
2592-YKDIF,0.14,Low
0071-NDAFP,0.14,Low
6551-ZCOTS,0.14,Low
3323-CPBWR,0.14,Low
4568-TTZRT,0.14,Low
2342-CKIAO,0.14,Low
5049-MUBWG,0.14,Low
8739-QOTTN,0.13,Low
5035-PGZXH,0.13,Low
2227-JRSJX,0.13,Low
9909-IDLEK,0.13,Low
8515-OCTJS,0.13,Low
3597-MVHJT,0.13,Low
7140-ADSMJ,0.13,Low
8218-FFJDS,0.13,Low
9256-JTBNZ,0.13,Low
3752-CQSJI,0.13,Low
5336-UFNZP,0.13,Low
8670-MEFCP,0.13,Low
2990-OGYTD,0.13,Low
4195-PNGZS,0.13,Low
3750-YHRYO,0.13,Low
3545-CNWRG,0.13,Low
3170-GWYKC,0.13,Low
7706-DZNKK,0.13,Low
5774-XZTQC,0.13,Low
8735-NBLWT,0.13,Low
3866-MDTUB,0.13,Low
7244-KXYZN,0.13,Low
8189-DUKMV,0.13,Low
9046-DQMTP,0.13,Low
5857-XRECV,0.13,Low
1393-IMKZG,0.13,Low
5502-RLUYV,0.13,Low
8942-DBMHZ,0.13,Low
0946-CLJTI,0.13,Low
2907-ILJBN,0.13,Low
2675-DHUTR,0.13,Low
4255-DDUOU,0.12,Low
0536-BGFMZ,0.12,Low
6231-WFGFH,0.12,Low
9575-IWCAZ,0.12,Low
6532-YLWSI,0.12,Low
7938-OUHIO,0.12,Low
3967-KXAPS,0.12,Low
4525-VZCZG,0.12,Low
6815-ABQFQ,0.12,Low
2172-EJXVF,0.12,Low
6016-LVTJQ,0.12,Low
8746-BFOAJ,0.12,Low
0422-OHQHQ,0.12,Low
8430-TWCBX,0.12,Low
2690-DVRVK,0.12,Low
5174-RNGBH,0.12,Low
4789-KWMXN,0.12,Low
2585-KTFRE,0.12,Low
9668-PUGNU,0.12,Low
7549-MYGPK,0.12,Low
0125-LZQXK,0.12,Low
1385-TQOZW,0.12,Low
8200-LGKSR,0.12,Low
4659-NZRUF,0.12,Low
8118-TJAFG,0.12,Low
0078-XZMHT,0.12,Low
6765-MBQNU,0.12,Low
5056-FIMPT,0.12,Low
8461-EFQYM,0.12,Low
6689-VRRTK,0.11,Low
5846-ABOBJ,0.11,Low
4803-LBYPN,0.11,Low
8595-SIZNC,0.11,Low
0244-LGNFY,0.11,Low
6579-JPICP,0.11,Low
6840-RESVB,0.11,Low
8191-XWSZG,0.11,Low
0722-SVSFK,0.11,Low
2351-RRBUE,0.11,Low
5173-WXOQV,0.11,Low
9717-IOAAF,0.11,Low
9770-LXDBK,0.11,Low
5266-PFRQK,0.11,Low
3737-GCSPV,0.11,Low
0052-YNYOT,0.11,Low
3724-BSCVH,0.11,Low
8818-DOPVL,0.11,Low
6484-LATFU,0.11,Low
0637-YLETY,0.11,Low
0455-ENTCR,0.11,Low
2410-CIYFZ,0.11,Low
3384-CTMSF,0.11,Low
3779-OSWCF,0.11,Low
5324-KTGCG,0.11,Low
1839-UMACK,0.11,Low
2808-CHTDM,0.11,Low
6899-PPEEA,0.11,Low
3727-JEZTU,0.11,Low
1963-VAUKV,0.11,Low
5073-RZGBK,0.11,Low
1897-RCFUM,0.11,Low
8100-HZZLJ,0.11,Low
8277-RVRSV,0.11,Low
8099-MZPUJ,0.11,Low
8197-BFWVU,0.11,Low
2167-FQSTQ,0.11,Low
1850-AKQEP,0.11,Low
0302-JOIVN,0.11,Low
2668-TZSPS,0.1,Low
8234-GSZYK,0.1,Low
6924-TDGMT,0.1,Low
8884-FEEWR,0.1,Low
6631-HMANX,0.1,Low
2002-MZHWP,0.1,Low
5996-DAOQL,0.1,Low
7587-AOVVU,0.1,Low
0519-DRGTI,0.1,Low
9700-ISPUP,0.1,Low
9073-ZZIAY,0.1,Low
0673-IGUQO,0.1,Low
5808-TOTXO,0.1,Low
1771-OADNZ,0.1,Low
1013-QCWAM,0.1,Low
9753-OYLBX,0.1,Low
5832-TRLPB,0.1,Low
8262-COGGB,0.1,Low
5296-PSYVW,0.1,Low
4623-ZKHLY,0.1,Low
4135-FRWKJ,0.1,Low
1760-CAZHT,0.1,Low
6289-CPNLD,0.1,Low
4092-OFQZS,0.1,Low
5406-KGRMX,0.1,Low
4526-EXKKN,0.1,Low
2958-NHPPS,0.1,Low
3001-UNBTL,0.1,Low
5515-AKOAJ,0.1,Low
7010-ZMVBF,0.1,Low
4745-LSPLO,0.1,Low
2000-DHJUY,0.09,Low
7407-SUJIZ,0.09,Low
0708-LGSMF,0.09,Low
4931-TRZWN,0.09,Low
0795-LAFGP,0.09,Low
3378-AJRAO,0.09,Low
3594-IVHJZ,0.09,Low
1784-BXEFA,0.09,Low
8920-NAVAY,0.09,Low
7219-TLZHO,0.09,Low
7426-RHZGU,0.09,Low
9953-ZMKSM,0.09,Low
4584-LBNMK,0.09,Low
0564-MUUQK,0.09,Low
7266-GSSJX,0.09,Low
7996-BPXHY,0.09,Low
1539-LNKHM,0.09,Low
8007-YYPWD,0.09,Low
3803-KMQFW,0.09,Low
8966-OIQHG,0.09,Low
1866-ZSLJM,0.09,Low
2995-YWTCD,0.09,Low
7435-ZNUYY,0.09,Low
5945-AZYHT,0.09,Low
2560-QTSBS,0.09,Low
3584-WKTTW,0.09,Low
8200-KLNYW,0.09,Low
1614-JBEBI,0.09,Low
4322-RCYMT,0.09,Low
5204-HMGYF,0.09,Low
3251-YMVWZ,0.09,Low
2990-IAJSV,0.09,Low
9746-UGFAC,0.09,Low
2739-CCZMB,0.09,Low
4567-AKPIA,0.09,Low
8815-LMFLX,0.09,Low
2978-XXSOG,0.09,Low
3506-OVLKD,0.09,Low
5197-YPYBZ,0.09,Low
3612-YVGSJ,0.08,Low
6527-PZFPV,0.08,Low
6439-LAJXL,0.08,Low
5481-NTDOH,0.08,Low
7452-FOLON,0.08,Low
1907-YLNYW,0.08,Low
9108-EQPNQ,0.08,Low
8903-WMRNW,0.08,Low
9360-AHGNL,0.08,Low
7893-IXHRQ,0.08,Low
6982-UQZLY,0.08,Low
4753-PADAS,0.08,Low
6546-OPBBH,0.08,Low
8963-MQVYN,0.08,Low
9818-XQCUV,0.08,Low
0810-DHDBD,0.08,Low
3785-KTYSH,0.08,Low
3199-NPKCN,0.08,Low
2480-JZOSN,0.08,Low
1038-RQOST,0.08,Low
8443-WVPSS,0.08,Low
5088-QZLRL,0.08,Low
9618-LFJRU,0.08,Low
0840-DCNZE,0.08,Low
3645-DEYGF,0.08,Low
8620-RJPZN,0.08,Low
3992-YWPKO,0.08,Low
4302-ZYFEL,0.08,Low
8612-GXIDD,0.08,Low
5512-IDZEI,0.08,Low
4390-KYULV,0.08,Low
6754-WKSHP,0.08,Low
9648-BCHKM,0.08,Low
1548-ARAGG,0.08,Low
0804-YGEQV,0.08,Low
7764-BDPEE,0.08,Low
0306-JAELE,0.08,Low
9101-BWFSS,0.08,Low
1488-SYSFC,0.08,Low
2706-QZIHY,0.08,Low
1022-RKXDR,0.08,Low
7576-ASEJU,0.08,Low
0787-LHDYT,0.08,Low
9867-JCZSP,0.07,Low
9929-PLVPA,0.07,Low
7527-QNRUS,0.07,Low
9889-TMAHG,0.07,Low
2928-HLDBA,0.07,Low
8626-XHBIE,0.07,Low
6490-FGZAT,0.07,Low
4896-CPRPF,0.07,Low
0750-EKNGL,0.07,Low
1852-QSWCD,0.07,Low
7359-WWYJV,0.07,Low
5049-GLYVG,0.07,Low
1925-GMVBW,0.07,Low
8100-PNJMH,0.07,Low
6732-VAILE,0.07,Low
3258-SYSWS,0.07,Low
5937-EORGB,0.07,Low
3675-EQOZA,0.07,Low
3976-NLDEZ,0.07,Low
6980-CDGFC,0.07,Low
6942-LBFDP,0.07,Low
9168-INPSZ,0.07,Low
2360-RDGRO,0.07,Low
0691-IFBQW,0.07,Low
4013-GUXND,0.07,Low
6635-CPNUN,0.07,Low
4806-DXQCE,0.07,Low
8780-IHCRN,0.07,Low
6518-KZXCB,0.07,Low
5140-FOMCQ,0.07,Low
3712-PKXZA,0.07,Low
6258-PVZWJ,0.07,Low
1679-JRFBR,0.07,Low
9367-OIUXP,0.07,Low
5372-FBKBN,0.07,Low
2324-AALNO,0.07,Low
7554-NEWDD,0.07,Low
3007-FDPEA,0.07,Low
2700-LUEVA,0.07,Low
3283-WCWXT,0.07,Low
3963-RYFNS,0.07,Low
0402-OAMEN,0.07,Low
4933-IKULF,0.07,Low
1775-KWJKQ,0.07,Low
9708-KFDBY,0.07,Low
1541-ETJZO,0.07,Low
5375-XLDOF,0.07,Low
6394-HHHZM,0.07,Low
7379-FNIUJ,0.07,Low
6664-FPDAC,0.07,Low
2839-RFSQE,0.07,Low
5981-ZVXOT,0.06,Low
8966-KZXXA,0.06,Low
8606-OEGQZ,0.06,Low
4877-TSOFF,0.06,Low
6050-IJRHS,0.06,Low
4374-YMUSQ,0.06,Low
3292-PBZEJ,0.06,Low
8874-EJNSR,0.06,Low
4566-NECEV,0.06,Low
8849-PRIQJ,0.06,Low
3853-LYGAM,0.06,Low
2133-TSRRM,0.06,Low
4950-HKQTE,0.06,Low
4759-PXTAN,0.06,Low
1343-EHPYB,0.06,Low
1734-ZMNTZ,0.06,Low
2081-VEYEH,0.06,Low
9650-VBUOG,0.06,Low
5249-QYHEX,0.06,Low
3935-TBRZZ,0.06,Low
9339-FIIJL,0.06,Low
4883-KCPZJ,0.06,Low
1135-HIORI,0.06,Low
5536-RTPWK,0.06,Low
4236-XPXAV,0.06,Low
3703-TTEPD,0.06,Low
4367-NUYAO,0.06,Low
3129-AAQOU,0.06,Low
5923-GXUOC,0.06,Low
4658-HCOHW,0.06,Low
0207-MDKNV,0.06,Low
3902-FOIGH,0.06,Low
8413-YNHNV,0.06,Low
9778-OGKQZ,0.06,Low
7976-CICYS,0.06,Low
8932-CZHRQ,0.06,Low
3547-LQRIK,0.06,Low
9249-FXSCK,0.06,Low
8292-ITGYJ,0.06,Low
5699-BNCAS,0.06,Low
3663-MITLP,0.06,Low
8763-KIAFH,0.06,Low
8909-BOLNL,0.06,Low
4163-NCJAK,0.06,Low
4538-WNTMJ,0.06,Low
2272-JKMSI,0.06,Low
3213-VVOLG,0.06,Low
0257-KXZGU,0.06,Low
5549-ZGHFB,0.05,Low
3521-HTQTV,0.05,Low
8606-CIQUL,0.05,Low
4431-EDMIQ,0.05,Low
1045-LTCYT,0.05,Low
1080-BWSYE,0.05,Low
5451-MHQOF,0.05,Low
7115-IRDHS,0.05,Low
3886-CERTZ,0.05,Low
3440-JPSCL,0.05,Low
4521-WFJAI,0.05,Low
2380-DAMQP,0.05,Low
1088-CNNKB,0.05,Low
9313-QOLTZ,0.05,Low
6198-PNNSZ,0.05,Low
6651-AZVTJ,0.05,Low
1293-HHSHJ,0.05,Low
2792-VPPET,0.05,Low
0565-IYCGT,0.05,Low
7408-OFWXJ,0.05,Low
9801-GDWGV,0.05,Low
4335-BSMJS,0.05,Low
7579-KKLOE,0.05,Low
1599-EAHXY,0.05,Low
3026-ATZYV,0.05,Low
5322-ZSMZY,0.05,Low
2263-SFSQZ,0.05,Low
7550-WIQVA,0.05,Low
9350-ZXYJC,0.05,Low
7398-HPYZQ,0.05,Low
0906-QVPMS,0.05,Low
3957-SQXML,0.05,Low
8008-ESFLK,0.05,Low
1035-IPQPU,0.05,Low
3472-QPRCH,0.05,Low
9788-HNGUT,0.05,Low
6080-LNESI,0.05,Low
8946-BFWSG,0.05,Low
4674-HGNUA,0.05,Low
9512-PHSMG,0.05,Low
8219-VYBVI,0.05,Low
6333-YDVLT,0.05,Low
7295-JOMMD,0.05,Low
8975-SKGRX,0.05,Low
1568-BEKZM,0.05,Low
1297-VQDRP,0.05,Low
0816-TSPHQ,0.05,Low
3892-NXAZG,0.05,Low
9986-BONCE,0.05,Low
4718-WXBGI,0.05,Low
6370-ZVHDV,0.05,Low
1092-WPIVQ,0.05,Low
0485-ZBSLN,0.05,Low
5313-FPXWG,0.05,Low
0409-WTMPL,0.05,Low
3887-PBQAO,0.05,Low
0784-GTUUK,0.05,Low
1555-DJEQW,0.05,Low
8207-DMRVL,0.04,Low
4458-KVRBJ,0.04,Low
7975-JMZNT,0.04,Low
6614-YWYSC,0.04,Low
7305-ZWMAJ,0.04,Low
1073-XXCZD,0.04,Low
6179-GJPSO,0.04,Low
0547-HURJB,0.04,Low
8513-OLYGY,0.04,Low
6445-TNRXS,0.04,Low
2452-KDRRH,0.04,Low
1371-OJCEK,0.04,Low
3967-VQOGC,0.04,Low
3786-WOVKF,0.04,Low
0134-XWXCE,0.04,Low
5385-SUIRI,0.04,Low
2080-CAZNM,0.04,Low
0734-OXWBT,0.04,Low
6770-XUAGN,0.04,Low
7929-SKFGK,0.04,Low
9489-JMTTN,0.04,Low
6353-BRMMA,0.04,Low
7245-JMTTQ,0.04,Low
2141-RRYGO,0.04,Low
5027-YOCXN,0.04,Low
2223-GDSHL,0.04,Low
7471-WNSUF,0.04,Low
0725-CXOTM,0.04,Low
8263-QMNTJ,0.04,Low
1104-FEJAM,0.04,Low
6857-TKDJV,0.04,Low
3569-JFODW,0.04,Low
8532-UEFWH,0.04,Low
0975-UYDTX,0.04,Low
6292-TOSSS,0.04,Low
8681-ICONS,0.04,Low
1043-YCUTE,0.04,Low
5524-KHNJP,0.04,Low
4597-ELFTS,0.04,Low
9530-GRMJG,0.04,Low
0907-HQNTS,0.04,Low
5995-LFTLE,0.04,Low
8879-XUAHX,0.04,Low
4707-YNOQA,0.04,Low
1248-DYXUB,0.04,Low
3012-VFFMN,0.04,Low
1333-PBMXB,0.04,Low
3088-FVYWK,0.04,Low
3452-FLHYD,0.04,Low
3396-DKDEL,0.03,Low
9661-JALZV,0.03,Low
6369-MCAKO,0.03,Low
8098-TDCBU,0.03,Low
5451-YHYPW,0.03,Low
5285-MVEHD,0.03,Low
9739-JLPQJ,0.03,Low
6771-XWBDM,0.03,Low
8749-TZYEC,0.03,Low
5271-YNWVR,0.03,Low
9637-CDTKZ,0.03,Low
1480-BKXGA,0.03,Low
4393-GEADV,0.03,Low
5622-UEJFI,0.03,Low
3530-CRZSB,0.03,Low
4315-MURBD,0.03,Low
2072-ZVJJX,0.03,Low
2121-JAFOM,0.03,Low
7503-MIOGA,0.03,Low
6609-MXJHJ,0.03,Low
6656-GULJQ,0.03,Low
9239-GZHZE,0.03,Low
6407-GSJNL,0.03,Low
0459-SPZHJ,0.03,Low
8807-OPMBM,0.03,Low
6813-GZQCG,0.03,Low
8984-HPEMB,0.03,Low
7426-GSWPO,0.03,Low
2621-UDNLU,0.03,Low
6663-JOCQO,0.03,Low
8029-XYPWT,0.03,Low
0011-IGKFF,0.03,Low
1488-PBLJN,0.03,Low
3913-RDSJZ,0.03,Low
6007-TCTST,0.03,Low
0675-NCDYU,0.03,Low
7243-LCGGZ,0.03,Low
2097-YVPKN,0.03,Low
5168-MQQCA,0.03,Low
3027-YNWZU,0.03,Low
0463-TXOAK,0.03,Low
1227-UDMZR,0.03,Low
3795-CAWEX,0.03,Low
5248-RPYWW,0.03,Low
1241-EZFMJ,0.03,Low
5135-GRQJV,0.03,Low
8628-MFKAX,0.03,Low
4213-HKBJO,0.03,Low
0426-TIRNE,0.03,Low
6650-BWFRT,0.03,Low
1779-PWPMG,0.03,Low
3669-WHAFY,0.03,Low
9361-YNQWJ,0.03,Low
7868-BGSZA,0.03,Low
5914-XRFQB,0.03,Low
6646-VRFOL,0.03,Low
1866-RZZQS,0.03,Low
9924-JPRMC,0.03,Low
0266-GMEAO,0.03,Low
0057-QBUQH,0.03,Low
7233-PAHHL,0.03,Low
0487-RPVUM,0.03,Low
7434-SHXLS,0.03,Low
6904-JLBGY,0.02,Low
0023-UYUPN,0.02,Low
6181-AXXYF,0.02,Low
7409-JURKQ,0.02,Low
8267-KFGYD,0.02,Low
6925-BAYGL,0.02,Low
7996-MHXLW,0.02,Low
5666-MBJPT,0.02,Low
6814-ZPWFQ,0.02,Low
1240-HCBOH,0.02,Low
0530-IJVDB,0.02,Low
8015-IHCGW,0.02,Low
2332-TODQS,0.02,Low
3086-RUCRN,0.02,Low
4304-TSPVK,0.02,Low
2202-OUTMO,0.02,Low
6408-WHTEF,0.02,Low
3870-SPZSI,0.02,Low
0463-WZZKO,0.02,Low
2845-AFFTX,0.02,Low
5201-CBWYG,0.02,Low
1074-AMIOH,0.02,Low
8958-JPTRR,0.02,Low
0420-HLGXF,0.02,Low
3258-ZKPAI,0.02,Low
1043-UXOVO,0.02,Low
4193-IBKSW,0.02,Low
6919-ELBGL,0.02,Low
4707-MAXGU,0.02,Low
1410-RSCMR,0.02,Low
2481-SBOYW,0.02,Low
9430-NKQLY,0.02,Low
9127-FHJBZ,0.02,Low
9337-SRRNI,0.02,Low
9298-WGMRW,0.02,Low
6024-RUGGH,0.02,Low
5966-EMAZU,0.02,Low
1697-NVVGY,0.02,Low
2194-IIQOF,0.02,Low
0017-IUDMW,0.02,Low
0732-OCQOC,0.02,Low
5760-WRAHC,0.02,Low
7351-KYHQH,0.02,Low
5939-SXWHM,0.02,Low
7799-LGRDP,0.02,Low
2388-LAESQ,0.02,Low
5334-AFQJB,0.02,Low
3810-DVDQQ,0.02,Low
0106-UGRDO,0.02,Low
5989-AXPUC,0.02,Low
2908-WGAXL,0.02,Low
2050-ONYDQ,0.02,Low
9475-NNDGC,0.02,Low
9053-JZFKV,0.02,Low
4565-NLZBV,0.02,Low
2754-SDJRD,0.02,Low
3442-ZHHCC,0.02,Low
2509-TFPJU,0.02,Low
6891-JPYFF,0.02,Low
0093-XWZFY,0.02,Low
8670-ERCJH,0.02,Low
4723-BEGSG,0.02,Low
4701-LKOZD,0.02,Low
7923-IYJWY,0.01,Low
0496-AHOOK,0.01,Low
5322-TEUJK,0.01,Low
3726-TBHQT,0.01,Low
1352-HNSAW,0.01,Low
9661-ACXBS,0.01,Low
8592-PLTMQ,0.01,Low
6614-VBEGU,0.01,Low
0238-WHBIQ,0.01,Low
2673-CXQEU,0.01,Low
6485-QXWWE,0.01,Low
2040-XBAVJ,0.01,Low
3005-TYFRD,0.01,Low
8774-GSBUN,0.01,Low
3655-SNQYZ,0.01,Low
2226-ICFDO,0.01,Low
9258-CNWAC,0.01,Low
0016-QLJIS,0.01,Low
0436-TWFFZ,0.01,Low
0795-GMVQO,0.01,Low
2143-LJULT,0.01,Low
1926-QUZNN,0.01,Low
4445-ZJNMU,0.01,Low
5038-ETMLM,0.01,Low
1767-CJKBA,0.01,Low
6096-EGVTU,0.01,Low
9087-EYCPR,0.01,Low
2911-IJORQ,0.01,Low
9691-HKOVS,0.01,Low
3259-QMXUN,0.01,Low
1465-LNTLJ,0.01,Low
6728-WYQBC,0.01,Low
4534-WGCIR,0.01,Low
4925-LMHOK,0.01,Low
1455-UGQVH,0.01,Low
6199-IPCAO,0.01,Low
8044-BGWPI,0.01,Low
2404-JIBFC,0.01,Low
1897-OKVMW,0.01,Low
2925-VDZHY,0.01,Low
1299-AURJA,0.01,Low
0147-ESWWR,0.01,Low
2977-CEBSX,0.01,Low
7632-MNYOY,0.01,Low
1842-EZJMK,0.01,Low
7569-NMZYQ,0.01,Low
8003-EWNDZ,0.01,Low
5955-EPOAZ,0.01,Low
7711-YIJWC,0.01,Low
1984-FCOWB,0.01,Low
3284-SVCRO,0.01,Low
3847-BAERP,0.01,Low
0839-JTCUD,0.01,Low
5044-XDPYX,0.01,Low
0228-MAUWC,0.01,Low
2111-DWYHN,0.01,Low
5624-BQSSA,0.01,Low
8785-EPNCG,0.01,Low
6210-KBBPI,0.01,Low
0164-APGRB,0.01,Low
1110-KYLGQ,0.0,Low
7446-YPODE,0.0,Low
0708-SJDIS,0.0,Low
7980-MHFLQ,0.0,Low
4163-KIUHY,0.0,Low
1373-ORVIZ,0.0,Low
0013-MHZWF,0.0,Low
4747-LCAQL,0.0,Low
7088-FBAWU,0.0,Low
1465-VINDH,0.0,Low
9259-PACGQ,0.0,Low
6437-UDQJM,0.0,Low
0603-TPMIB,0.0,Low
2616-UUTFK,0.0,Low
0822-QGCXA,0.0,Low
2832-KJCRD,0.0,Low
3588-WSTTJ,0.0,Low
9504-DSHWM,0.0,Low
2439-LYPMQ,0.0,Low
3682-YEUWS,0.0,Low
4735-ASGMA,0.0,Low
0254-KCJGT,0.0,Low
2126-GSEGL,0.0,Low
4231-LZUYM,0.0,Low
8510-AWCXC,0.0,Low
2408-TZMJL,0.0,Low
8480-PPONV,0.0,Low
0584-BJQGZ,0.0,Low
1360-XFJMR,0.0,Low
0899-LIIBW,0.0,Low
2568-OIADY,0.0,Low
6734-GMPVK,0.0,Low
6161-ERDGD,0.0,Low
6461-SZMCV,0.0,Low
9534-NSXEM,0.0,Low
1810-MVMAI,0.0,Low
1229-RCALF,0.0,Low
2080-SRCDE,0.0,Low
2055-BFOCC,0.0,Low
4298-OYIFC,0.0,Low
3898-GUYTS,0.0,Low
7181-OQCUT,0.0,Low
8474-UMLNT,0.0,Low
9251-WNSOD,0.0,Low
6258-NGCNG,0.0,Low
8561-NMTBD,0.0,Low
4522-XRWWI,0.0,Low
9408-HRXRK,0.0,Low
0114-PEGZZ,0.0,Low
3957-LXOLK,0.0,Low
6635-MYYYZ,0.0,Low
0089-IIQKO,0.0,Low
0484-JPBRU,0.0,Low
1552-AAGRX,0.0,Low
7869-ZYDST,0.0,Low
8709-KRDVL,0.0,Low
5136-RGMZO,0.0,Low
8261-GWDBQ,0.0,Low
8938-UMKPI,0.0,Low
3001-CBHLQ,0.0,Low
9170-GYZJC,0.0,Low
3167-SNQPL,0.0,Low
4091-TVOCN,0.0,Low
5020-ZSTTY,0.0,Low
1104-TNLZA,0.0,Low
1444-VVSGW,0.0,Low
5293-WXJAK,0.0,Low
4716-HHKQH,0.0,Low
6770-UAYGJ,0.0,Low
1187-WILMM,0.0,Low
8949-JTMAY,0.0,Low
2266-SJNAT,0.0,Low
4238-JSSWH,0.0,Low
2257-BOVXD,0.0,Low
3262-EIDHV,0.0,Low
6907-NZZIJ,0.0,Low
5018-LXQQG,0.0,Low
5995-SNNEW,0.0,Low
7136-IHZJA,0.0,Low
8111-SLLHI,0.0,Low
0774-IFUVM,0.0,Low
0107-YHINA,0.0,Low
8640-SDGKB,0.0,Low
7029-RPUAV,0.0,Low
1028-FFNJK,0.0,Low
5018-HEKFO,0.0,Low
7610-TVOPG,0.0,Low
2265-CYWIV,0.0,Low
4188-FRABG,0.0,Low
8199-ZLLSA,0.0,Low
4128-ETESU,0.0,Low
6892-XPFPU,0.0,Low
8016-NCFVO,0.0,Low
1309-BXVOQ,0.0,Low
4587-VVTOX,0.0,Low
9659-QEQSY,0.0,Low
3882-IYOIJ,0.0,Low
7964-YESJC,0.0,Low
8851-RAGOV,0.0,Low
0701-TJSEF,0.0,Low
2176-LVPNX,0.0,Low
3312-UUMZW,0.0,Low
3696-XRIEN,0.0,Low
5949-HGVJL,0.0,Low
6661-HBGWL,0.0,Low
1518-VOWAV,0.0,Low
3727-OVPRY,0.0,Low
9927-DSWDF,0.0,Low
0899-WZRSD,0.0,Low
4827-DPADN,0.0,Low
4484-GLZOU,0.0,Low
3179-GBRWV,0.0,Low
1641-RQDAY,0.0,Low
9592-ERDKV,0.0,Low
7008-LZVOZ,0.0,Low
8868-WOZGU,0.0,Low
6518-LGAOV,0.0,Low
9600-NAXZN,0.0,Low
8822-KNBHV,0.0,Low
8257-RZAHR,0.0,Low
1950-KSVVJ,0.0,Low
0123-CRBRT,0.0,Low
3197-ARFOY,0.0,Low
4398-HSCJH,0.0,Low
1987-AUELQ,0.0,Low
0112-QWPNC,0.0,Low
8263-OKETD,0.0,Low
7459-RRWQZ,0.0,Low
1971-DTCZB,0.0,Low
1228-FZFRV,0.0,Low
1171-TYKUR,0.0,Low
3761-FLYZI,0.0,Low
3606-TWKGI,0.0,Low
9578-FOMUK,0.0,Low
9397-TZSHA,0.0,Low
3621-CEOVK,0.0,Low
1548-FEHVL,0.0,Low
6215-NQCPY,0.0,Low
3938-YFPXD,0.0,Low
9210-IAHGH,0.0,Low
6366-XIVKZ,0.0,Low
9158-VCTQB,0.0,Low
4836-WNFNO,0.0,Low
9225-BZLNZ,0.0,Low
0363-SVHYR,0.0,Low
5673-FSSMF,0.0,Low
9036-CSKBW,0.0,Low
4646-QZXTF,0.0,Low
1502-XFCVR,0.0,Low
2067-QYTCF,0.0,Low
2565-JSLRY,0.0,Low
3657-COGMW,0.0,Low
6615-NGGZJ,0.0,Low
5980-BDHPY,0.0,Low
3331-HQDTW,0.0,Low
0052-DCKON,0.0,Low
5884-FBCTL,0.0,Low
6194-HBGQN,0.0,Low
2987-BJXIK,0.0,Low
6591-QGOYB,0.0,Low
2697-NQBPF,0.0,Low
6377-WHAOX,0.0,Low
8746-OQQRW,0.0,Low
1697-BCSHV,0.0,Low
3714-XPXBW,0.0,Low
8042-RNLKO,0.0,Low
6217-TOWGS,0.0,Low
3211-AAPKX,0.0,Low
6976-BWGLQ,0.0,Low
7234-FECYN,0.0,Low
0952-KMEEH,0.0,Low
7285-KLOTR,0.0,Low
7103-ZGVNT,0.0,Low
9133-AYJZG,0.0,Low
9896-UYMIE,0.0,Low
7748-UMTRK,0.0,Low
7145-FEJWU,0.0,Low
3969-JQABI,0.0,Low
8384-FZBJK,0.0,Low
9079-YEXQJ,0.0,Low
3508-CFVZL,0.0,Low
0402-CQAJN,0.0,Low
2211-RMNHO,0.0,Low
1741-WTPON,0.0,Low
3932-IJWDZ,0.0,Low
7175-NTIXE,0.0,Low
3084-DOWLE,0.0,Low
5478-JJVZK,0.0,Low
6122-LJADA,0.0,Low
2400-XIWIO,0.0,Low
4080-OGPJL,0.0,Low
5130-IEKQT,0.0,Low
3230-WYKIR,0.0,Low
3227-WLKLI,0.0,Low
8237-ULIXL,0.0,Low
9153-BTBVV,0.0,Low
9351-LZYGF,0.0,Low
9851-QXEEQ,0.0,Low
6402-ZFPPI,0.0,Low
1036-GUDCL,0.0,Low
9129-UXERG,0.0,Low
2025-JKFWI,0.0,Low
4078-SAYYN,0.0,Low
3146-MSEGF,0.0,Low
7107-UBYKY,0.0,Low
7905-NJMXS,0.0,Low
1230-QAJDW,0.0,Low
5219-YIPTK,0.0,Low
6509-TSGWN,0.0,Low
9415-ZNBSX,0.0,Low
3393-FMZPV,0.0,Low
8784-CGILN,0.0,Low
5248-YGIJN,0.0,Low
7240-FQLHE,0.0,Low
0280-XJGEX,0.0,Low
5380-WJKOV,0.0,Low
8168-UQWWF,0.0,Low
7892-POOKP,0.0,Low
4080-IIARD,0.0,Low
6467-CHFZW,0.0,Low
0661-KBKPA,0.0,Low
7055-JCGNI,0.0,Low
7142-HVGBG,0.0,Low
4710-NKCAW,0.0,Low
2889-FPWRM,0.0,Low
7083-YNSKY,0.0,Low
2665-NPTGL,0.0,Low
3873-WOSBC,0.0,Low
0442-ZXKVS,0.0,Low
9067-YGSCA,0.0,Low
8869-LIHMK,0.0,Low
0447-RXSGD,0.0,Low
3059-NGMXB,0.0,Low
5449-FIBXJ,0.0,Low
7821-DPRQE,0.0,Low
6543-XRMYR,0.0,Low
9420-LOJKX,0.0,Low
9547-ITEFG,0.0,Low
9052-VKDUW,0.0,Low
1482-OXZSY,0.0,Low
7576-JMYWV,0.0,Low
4283-IVYCI,0.0,Low
5394-SVGJV,0.0,Low
5555-RNPGT,0.0,Low
5299-RULOA,0.0,Low
6917-FIJHC,0.0,Low
6368-NWMCE,0.0,Low
8580-QVLOC,0.0,Low
0680-DFNNY,0.0,Low
7077-XJMET,0.0,Low
9647-ERGBE,0.0,Low
4329-YPDDQ,0.0,Low
7089-IVVAZ,0.0,Low
1254-IZEYF,0.0,Low
9221-OTIVJ,0.0,Low
1400-MMYXY,0.0,Low
2363-BJLSL,0.0,Low
8213-TAZPM,0.0,Low
6890-PFRQX,0.0,Low
4077-HWUYD,0.0,Low
2012-NWRPA,0.0,Low
0103-CSITQ,0.0,Low
3934-HXCFZ,0.0,Low
1571-SAVHK,0.0,Low
6993-YGFJV,0.0,Low
4553-DVPZG,0.0,Low
4902-OHLSK,0.0,Low
2357-COQEK,0.0,Low
4423-YLHDV,0.0,Low
2027-WKXMW,0.0,Low
2961-VNFKL,0.0,Low
1768-HNVGJ,0.0,Low
5734-EJKXG,0.0,Low
8429-XIBUM,0.0,Low
2740-JFBOK,0.0,Low
8469-SNFFH,0.0,Low
7130-YXBRO,0.0,Low
7825-ECJRF,0.0,Low
2519-FAKOD,0.0,Low
6861-XWTWQ,0.0,Low
8125-QPFJD,0.0,Low
2302-ANTDP,0.0,Low
8246-SHFGA,0.0,Low
4191-XOVOM,0.0,Low
3838-OZURD,0.0,Low
0961-ZWLVI,0.0,Low
7508-DQAKK,0.0,Low
0723-FDLAY,0.0,Low
2369-UAPKZ,0.0,Low
6168-YBYNP,0.0,Low
3166-PNEOF,0.0,Low
8454-AATJP,0.0,Low
5641-DMBFJ,0.0,Low
3389-YGYAI,0.0,Low
1984-GPTEH,0.0,Low
3282-ZISZV,0.0,Low
7017-VFHAY,0.0,Low
6655-LHBYW,0.0,Low
8591-NXRCV,0.0,Low
8080-POTJR,0.0,Low
7315-WYOAW,0.0,Low
3768-NLUBH,0.0,Low
6131-FOYAS,0.0,Low
8404-GFGCZ,0.0,Low
2294-DMMUS,0.0,Low
0872-JCPIB,0.0,Low
2040-VZIKE,0.0,Low
0384-RVBPI,0.0,Low
0096-FCPUF,0.0,Low
5906-DVAPM,0.0,Low
2034-CGRHZ,0.0,Low
9027-YFHQJ,0.0,Low
6326-MTTXK,0.0,Low
0201-OAMXR,0.0,Low
6599-RCLCJ,0.0,Low
9746-MDMBK,0.0,Low
4597-NUCQV,0.0,Low
1656-DRSMG,0.0,Low
2692-PFYTJ,0.0,Low
4489-SNOJF,0.0,Low
2186-QZEYA,0.0,Low
2931-SVLTV,0.0,Low
7036-ZZKBD,0.0,Low
3791-LGQCY,0.0,Low
0820-FNRNX,0.0,Low
0310-SUCIN,0.0,Low
6901-GOGZG,0.0,Low
5918-VUKWP,0.0,Low
1436-ZMJAN,0.0,Low
5947-SGKCL,0.0,Low
3174-RKMOW,0.0,Low
8441-SHIPE,0.0,Low
6715-OFDBP,0.0,Low
6481-ESCNL,0.0,Low
1550-EENBN,0.0,Low
4446-BZKHU,0.0,Low
8198-RKSZG,0.0,Low
9297-EONCV,0.0,Low
3336-JORSO,0.0,Low
3680-CTHUH,0.0,Low
1852-XEMDW,0.0,Low
1744-JHKYS,0.0,Low
1582-RAFML,0.0,Low
8224-KDLKN,0.0,Low
6260-ONULR,0.0,Low
8800-ZKRFW,0.0,Low
3108-PCCGG,0.0,Low
8390-FESFV,0.0,Low
9546-KDTRB,0.0,Low
5997-OPVFA,0.0,Low
1875-QIVME,0.0,Low
9362-MWODR,0.0,Low
5269-NRGDP,0.0,Low
6116-RFVHN,0.0,Low
9277-JOOMO,0.0,Low
2712-SYWAY,0.0,Low
0730-BGQGF,0.0,Low
3757-NJYBX,0.0,Low
3413-DHLPB,0.0,Low
2040-LDIWQ,0.0,Low
4443-EMBNA,0.0,Low
7471-MQPOS,0.0,Low
5115-SQAAU,0.0,Low
0265-PSUAE,0.0,Low
9509-MPYOD,0.0,Low
5956-YHHRX,0.0,Low
1928-BXYIV,0.0,Low
9518-IMLHK,0.0,Low
4063-EIKNQ,0.0,Low
0795-XCCTE,0.0,Low
6108-OQZDQ,0.0,Low
0003-MKNFE,0.0,Low
4566-GOLUK,0.0,Low
7989-VCQOH,0.0,Low
5883-GTGVD,0.0,Low
4686-UXDML,0.0,Low
7480-SPLEF,0.0,Low
5539-HIVAK,0.0,Low
6859-QNXIQ,0.0,Low
9094-AZPHK,0.0,Low
1619-YWUBB,0.0,Low
2659-VXMWZ,0.0,Low
4840-ORQXB,0.0,Low
7599-FKVXZ,0.0,Low
7673-LPRNY,0.0,Low
4176-FXYBO,0.0,Low
8663-UPDGF,0.0,Low
1421-HCERK,0.0,Low
8645-KOMJQ,0.0,Low
8661-BOYNW,0.0,Low
7233-DRTRF,0.0,Low
9297-FVVDH,0.0,Low
4021-RQSNY,0.0,Low
7951-VRDVK,0.0,Low
2696-RZVZW,0.0,Low
6285-FTQBF,0.0,Low
3424-NMNBO,0.0,Low
0607-MVMGC,0.0,Low
1492-QGCLU,0.0,Low
6549-YMFAW,0.0,Low
7048-GXDAY,0.0,Low
4077-CROMM,0.0,Low
9412-GHEEC,0.0,Low
8397-MVTAZ,0.0,Low
5052-PNLOS,0.0,Low
8894-JVDCV,0.0,Low
2368-GAKKQ,0.0,Low
4312-KFRXN,0.0,Low
7109-CQYUZ,0.0,Low
2971-SGAFL,0.0,Low
4118-CEVPF,0.0,Low
5760-IFJOZ,0.0,Low
7343-EOBEU,0.0,Low
3701-SFMUH,0.0,Low
7319-VENRZ,0.0,Low
0939-YAPAF,0.0,Low
6030-REHUX,0.0,Low
2430-USGXP,0.0,Low
8174-TBVCF,0.0,Low
1698-XFZCI,0.0,Low
3347-YJZZE,0.0,Low
1222-LRYKO,0.0,Low
4289-DTDKW,0.0,Low
0115-TFERT,0.0,Low
4220-TINQT,0.0,Low
0295-QVKPB,0.0,Low
8313-NDOIA,0.0,Low
0260-ZDLGK,0.0,Low
3466-WAESX,0.0,Low
1951-IEYXM,0.0,Low
2272-UOINI,0.0,Low
5356-CSVSQ,0.0,Low
3219-JQRSL,0.0,Low
1450-GALXR,0.0,Low
1136-XGEQU,0.0,Low
5003-XZWWO,0.0,Low
6922-NCEDI,0.0,Low
3544-FBCAS,0.0,Low
4476-OSWTN,0.0,Low
0378-CJKPV,0.0,Low
1703-MGIAB,0.0,Low
9677-AVKED,0.0,Low
1932-UEDCX,0.0,Low
4176-RELJR,0.0,Low
7905-TVXTA,0.0,Low
9572-MTILT,0.0,Low
6651-RLGGM,0.0,Low
7812-FZHPE,0.0,Low
5915-DGNVC,0.0,Low
0654-HMSHN,0.0,Low
6476-YHMGA,0.0,Low
5287-QWLKY,0.0,Low
8535-SFUTN,0.0,Low
8677-HDZEE,0.0,Low
2446-BEGGB,0.0,Low
9681-OXGVC,0.0,Low
0810-BDHAW,0.0,Low
6286-ZHAOK,0.0,Low
7216-EWTRS,0.0,Low
6821-BUXUX,0.0,Low
8118-LSUEL,0.0,Low
1666-JXLKU,0.0,Low
9224-VTYID,0.0,Low
9500-IWPXQ,0.0,Low
4504-YOULA,0.0,Low
7783-YKGDV,0.0,Low
0363-QJVFX,0.0,Low
3096-JRDSO,0.0,Low
5138-WVKYJ,0.0,Low
6683-VLCTZ,0.0,Low
0348-SDKOL,0.0,Low
4391-RESHN,0.0,Low
2458-EOMRE,0.0,Low
5117-ZSMHQ,0.0,Low
0719-SYFRB,0.0,Low
5172-MIGPM,0.0,Low
3419-SNJJD,0.0,Low
8097-OMULG,0.0,Low
8085-MSNLK,0.0,Low
1163-ONYEY,0.0,Low
4010-YLMVT,0.0,Low
6067-NGCEU,0.0,Low
0278-YXOOG,0.0,Low
6394-MFYNG,0.0,Low
5197-LQXXH,0.0,Low
3696-DFHHB,0.0,Low
2883-ILGWO,0.0,Low
3486-KHMLI,0.0,Low
9305-CDSKC,0.0,Low
4132-KALRO,0.0,Low
2041-JIJCI,0.0,Low
1356-MKYSK,0.0,Low
6496-SLWHQ,0.0,Low
9971-ZWPBF,0.0,Low
5816-QVHRX,0.0,Low
4430-YHXGG,0.0,Low
3090-LETTY,0.0,Low
3565-UNOCC,0.0,Low
9795-NREXC,0.0,Low
0895-DQHEW,0.0,Low
6575-SUVOI,0.0,Low
5067-XJQFU,0.0,Low
0434-CSFON,0.0,Low
5122-CYFXA,0.0,Low
1684-FLBGS,0.0,Low
7164-BPTUT,0.0,Low
3473-XIIIT,0.0,Low
5630-AHZIL,0.0,Low
0191-ZHSKZ,0.0,Low
0550-DCXLH,0.0,Low
5630-IXDXV,0.0,Low
1032-MAELW,0.0,Low
7537-CBQUZ,0.0,Low
9710-ZUSHQ,0.0,Low
3178-FESZO,0.0,Low
7079-QRCBC,0.0,Low
3585-YNADK,0.0,Low
5879-HMFFH,0.0,Low
4013-UBXWQ,0.0,Low
9938-EKRGF,0.0,Low
0687-ZVTHB,0.0,Low
6691-CCIHA,0.0,Low
4250-ZBWLV,0.0,Low
0440-MOGPM,0.0,Low
9090-SGQXL,0.0,Low
9835-ZIITK,0.0,Low
5339-TJFEK,0.0,Low
3148-AOIQT,0.0,Low
4803-AXVYP,0.0,Low
9066-QRSDU,0.0,Low
7361-YPXFS,0.0,Low
8543-MSDMF,0.0,Low
0568-ONFPC,0.0,Low
2968-SSGAA,0.0,Low
8404-VLQFB,0.0,Low
4282-MSACW,0.0,Low
9659-ZTWSM,0.0,Low
0867-LDTTC,0.0,Low
9844-FELAJ,0.0,Low
4226-KKDON,0.0,Low
9092-GDZKO,0.0,Low
0383-CLDDA,0.0,Low
7881-INRLC,0.0,Low
1635-NZATJ,0.0,Low
5183-KLYEM,0.0,Low
4957-TREIR,0.0,Low
3508-VLHCZ,0.0,Low
2000-MPKCA,0.0,Low
1642-HMARX,0.0,Low
6447-EGDIV,0.0,Low
7056-IMHCC,0.0,Low
0603-OLQDC,0.0,Low
1140-UKVZG,0.0,Low
0068-FIGTF,0.0,Low
7901-TBKJX,0.0,Low
5804-HYIEZ,0.0,Low
9919-FZDED,0.0,Low
2662-NNTDK,0.0,Low
5099-BAILX,0.0,Low
7207-RMRDB,0.0,Low
9574-BOSMD,0.0,Low
7163-OCEQI,0.0,Low
5924-IFQTT,0.0,Low
3629-WEAAM,0.0,Low
6429-SHBCB,0.0,Low
9822-BIIGN,0.0,Low
8123-QBNAZ,0.0,Low
4827-LTQRJ,0.0,Low
1216-BGTSP,0.0,Low
2189-UXTKY,0.0,Low
0744-BIKKF,0.0,Low
5248-KWLAR,0.0,Low
0337-CNPZE,0.0,Low
9817-APLHW,0.0,Low
8690-ZVLCL,0.0,Low
0897-FEGMU,0.0,Low
8659-HDIYE,0.0,Low
5519-YLDGW,0.0,Low
5055-MGMGF,0.0,Low
7711-GQBZC,0.0,Low
2930-UOTMB,0.0,Low
8625-AZYZY,0.0,Low
7013-PSXHK,0.0,Low
2615-YVMYX,0.0,Low
2851-STERV,0.0,Low
6029-WTIPC,0.0,Low
6723-WSNTY,0.0,Low
1061-PNTHC,0.0,Low
0394-YONDK,0.0,Low
6574-MCOEH,0.0,Low
2027-FECZV,0.0,Low
3870-MQAMG,0.0,Low
0329-GTIAJ,0.0,Low
3877-JRJIP,0.0,Low
0106-GHRQR,0.0,Low
3768-VHXQO,0.0,Low
1320-REHCS,0.0,Low
4868-AADLV,0.0,Low
8634-MPHTR,0.0,Low
4726-DLWQN,0.0,Low
3520-FJGCV,0.0,Low
6563-VRERX,0.0,Low
7156-MXBJE,0.0,Low
9601-BRXPO,0.0,Low
2863-IMQDR,0.0,Low
4947-DSMXK,0.0,Low
9822-WMWVG,0.0,Low
2656-TABEH,0.0,Low
4626-OZDTJ,0.0,Low
9169-BSVIN,0.0,Low
7714-YXSMB,0.0,Low
4039-HEUNW,0.0,Low
3594-UVONA,0.0,Low
2144-BFDSO,0.0,Low
5647-FXOTP,0.0,Low
6302-JGYRJ,0.0,Low
7225-IILWY,0.0,Low
7854-EDSSA,0.0,Low
2800-QQUSO,0.0,Low
6701-YVNQG,0.0,Low
9481-IEBZY,0.0,Low
8374-XGEJJ,0.0,Low
8731-WBBMB,0.0,Low
5032-USPKF,0.0,Low
0177-PXBAT,0.0,Low
2486-WYVVE,0.0,Low
9137-UIYPG,0.0,Low
2809-ZMYOQ,0.0,Low
2786-GCDPI,0.0,Low
8401-EMUWF,0.0,Low
1469-LBJQJ,0.0,Low
4958-XCBDQ,0.0,Low
3642-GKTCT,0.0,Low
6963-EZQEE,0.0,Low
1564-HJUVY,0.0,Low
4550-VBOFE,0.0,Low
5448-VWNAM,0.0,Low
5419-JPRRN,0.0,Low
2100-BDNSN,0.0,Low
4121-AGSIN,0.0,Low
4361-BKAXE,0.0,Low
1751-NCDLI,0.0,Low
7392-YYPYJ,0.0,Low
9838-BFCQT,0.0,Low
6023-YEBUP,0.0,Low
5569-OUICF,0.0,Low
9874-QLCLH,0.0,Low
8092-NLTGF,0.0,Low
4350-ZTLPI,0.0,Low
9048-JVYVF,0.0,Low
5727-MYATE,0.0,Low
7143-BQIBA,0.0,Low
0655-RBDUG,0.0,Low
3571-RFHAR,0.0,Low
9578-VRMNM,0.0,Low
7401-JIXNM,0.0,Low
6851-WEFYX,0.0,Low
2985-JUUBZ,0.0,Low
4981-FLTMF,0.0,Low
6171-ZTVYB,0.0,Low
3234-VKACU,0.0,Low
8818-XYFCQ,0.0,Low
7780-OTDSO,0.0,Low
7181-BQYBV,0.0,Low
1399-UBQIU,0.0,Low
2054-PJOCK,0.0,Low
0365-BZUWY,0.0,Low
4817-VYYWS,0.0,Low
5701-SVCWR,0.0,Low
5299-SJCZT,0.0,Low
9278-VZKCD,0.0,Low
1075-BGWOH,0.0,Low
4822-RVYBB,0.0,Low
1352-VHKAJ,0.0,Low
3524-WQDSG,0.0,Low
0237-YFUTL,0.0,Low
7691-KGKGP,0.0,Low
6710-HSJRD,0.0,Low
5854-KSRBJ,0.0,Low
2474-BRUCM,0.0,Low
4062-HBMOS,0.0,Low
4983-CLMLV,0.0,Low
2088-IEBAU,0.0,Low
6885-PKOAM,0.0,Low
6854-EXGSF,0.0,Low
6223-DHJGV,0.0,Low
2725-TTRIQ,0.0,Low
2799-TSLAG,0.0,Low
7217-JYHOQ,0.0,Low
1597-FZREH,0.0,Low
9734-YWGEX,0.0,Low
0186-CAERR,0.0,Low
2169-RRLFW,0.0,Low
2587-EKXTS,0.0,Low
5442-BXVND,0.0,Low
1723-HKXJQ,0.0,Low
8896-BQTTI,0.0,Low
4980-URKXC,0.0,Low
6352-GIGGQ,0.0,Low
0771-WLCLA,0.0,Low
5628-RKIFK,0.0,Low
0206-TBWLC,0.0,Low
2937-FTHUR,0.0,Low
7752-XUSCI,0.0,Low
0174-QRVVY,0.0,Low
3402-XRIUO,0.0,Low
3863-QSTYI,0.0,Low
6092-QZVPP,0.0,Low
5598-IKHQQ,0.0,Low
6620-JDYNW,0.0,Low
9513-DXHDA,0.0,Low
4376-KFVRS,0.0,Low
9643-YBLUR,0.0,Low
7925-PNRGI,0.0,Low
3038-PQIUY,0.0,Low
2107-FBPTK,0.0,Low
7873-CVMAW,0.0,Low
9107-UKCKY,0.0,Low
1492-KGETH,0.0,Low
5982-XMDEX,0.0,Low
6847-KJLTS,0.0,Low
4795-WRNVT,0.0,Low
8713-IGZSO,0.0,Low
2890-WFBHU,0.0,Low
3804-RVTGV,0.0,Low
2233-FAGXV,0.0,Low
8097-VBQTZ,0.0,Low
3398-GCPMU,0.0,Low
2612-RANWT,0.0,Low
6900-PXRMS,0.0,Low
9146-JRIOX,0.0,Low
0880-TKATG,0.0,Low
3811-VBYBZ,0.0,Low
1304-BCCFO,0.0,Low
3780-DDGSE,0.0,Low
6956-SMUCM,0.0,Low
6473-ULUHT,0.0,Low
9851-KIELU,0.0,Low
0864-FVJNJ,0.0,Low
2129-ALKBS,0.0,Low
1309-XGFSN,0.0,Low
7279-BUYWN,0.0,Low
5605-XNWEN,0.0,Low
3810-PJUHR,0.0,Low
9227-YBAXE,0.0,Low
8059-UDZFY,0.0,Low
3352-ALMCK,0.0,Low
0702-PGIBZ,0.0,Low
4000-VGMQP,0.0,Low
9774-NRNAU,0.0,Low
2522-AHJXR,0.0,Low
5312-UXESG,0.0,Low
3137-LUPIX,0.0,Low
7450-NWRTR,0.0,Low
5118-MUEYH,0.0,Low
0292-WEGCH,0.0,Low
2692-AQCPF,0.0,Low
2378-VTKDH,0.0,Low
1583-IHQZE,0.0,Low
3261-CQXOL,0.0,Low
4002-BQWPQ,0.0,Low
4998-IKFSE,0.0,Low
6331-LWDTQ,0.0,Low
8468-EHYJA,0.0,Low
9385-NXKDA,0.0,Low
7159-FVYPK,0.0,Low
6088-BXMRG,0.0,Low
4227-OJHAL,0.0,Low
5377-NDTOU,0.0,Low
2474-LCNUE,0.0,Low
9172-ANCRX,0.0,Low
0817-HSUSE,0.0,Low
8378-LKJAF,0.0,Low
9330-IJWIO,0.0,Low
5309-TAIKL,0.0,Low
0835-DUUIQ,0.0,Low
7028-DVOIQ,0.0,Low
1814-DKOLC,0.0,Low
6959-GQEGV,0.0,Low
7798-JVXYM,0.0,Low
2249-YPRNG,0.0,Low
5590-BYNII,0.0,Low
7663-CUXZB,0.0,Low
9348-ROUAI,0.0,Low
4830-FAXFM,0.0,Low
8495-LJDFO,0.0,Low
0781-LKXBR,0.0,Low
9199-PWQVC,0.0,Low
5393-HJZSM,0.0,Low
1833-TCXKK,0.0,Low
4277-UDIEF,0.0,Low
4433-JCGCG,0.0,Low
