customer_id,churn_score,risk_tier,recommended_action
7439-DKZTW,0.8561,High,Visita urgente - oferta de retencion personalizada
9300-RENDD,0.8561,High,Visita urgente - oferta de retencion personalizada
1761-AEZZR,0.8553,High,Visita urgente - oferta de retencion personalizada
2514-GINMM,0.8553,High,Visita urgente - oferta de retencion personalizada
5960-WPXQM,0.8553,High,Visita urgente - oferta de retencion personalizada
8580-AECUZ,0.8549,High,Visita urgente - oferta de retencion personalizada
8740-CRYFY,0.8547,High,Visita urgente - oferta de retencion personalizada
0318-QUUOB,0.8515,High,Visita urgente - oferta de retencion personalizada
0295-PPHDO,0.8513,High,Visita urgente - oferta de retencion personalizada
6457-USBER,0.8512,High,Visita urgente - oferta de retencion personalizada
2868-MZAGQ,0.8511,High,Visita urgente - oferta de retencion personalizada
4614-NUVZD,0.851,High,Visita urgente - oferta de retencion personalizada
0495-RVCBF,0.8509,High,Visita urgente - oferta de retencion personalizada
9248-OJYKK,0.8508,High,Visita urgente - oferta de retencion personalizada
7206-GZCDC,0.8507,High,Visita urgente - oferta de retencion personalizada
2636-ALXXZ,0.8506,High,Visita urgente - oferta de retencion personalizada
8375-DKEBR,0.8506,High,Visita urgente - oferta de retencion personalizada
9300-AGZNL,0.8505,High,Visita urgente - oferta de retencion personalizada
9497-QCMMS,0.8505,High,Visita urgente - oferta de retencion personalizada
0488-GSLFR,0.8496,High,Visita urgente - oferta de retencion personalizada
6457-GIRWB,0.8492,High,Visita urgente - oferta de retencion personalizada
3428-XZMAZ,0.8492,High,Visita urgente - oferta de retencion personalizada
4910-GMJOT,0.8489,High,Visita urgente - oferta de retencion personalizada
2004-OCQXK,0.8486,High,Visita urgente - oferta de retencion personalizada
1820-TQVEV,0.8485,High,Visita urgente - oferta de retencion personalizada
8058-INTPH,0.8484,High,Visita urgente - oferta de retencion personalizada
5494-HECPR,0.8484,High,Visita urgente - oferta de retencion personalizada
7665-TOALD,0.8482,High,Visita urgente - oferta de retencion personalizada
4871-JTKJF,0.8481,High,Visita urgente - oferta de retencion personalizada
8149-RSOUN,0.848,High,Visita urgente - oferta de retencion personalizada
6502-MJQAE,0.8478,High,Visita urgente - oferta de retencion personalizada
8062-YBDOE,0.847,High,Visita urgente - oferta de retencion personalizada
2506-TNFCO,0.8469,High,Visita urgente - oferta de retencion personalizada
6567-HOOPW,0.8466,High,Visita urgente - oferta de retencion personalizada
5240-IJOQT,0.8464,High,Visita urgente - oferta de retencion personalizada
7594-RQHXR,0.8463,High,Visita urgente - oferta de retencion personalizada
9728-FTTVZ,0.8462,High,Visita urgente - oferta de retencion personalizada
7660-HDPJV,0.8462,High,Visita urgente - oferta de retencion personalizada
6894-LFHLY,0.8458,High,Visita urgente - oferta de retencion personalizada
7254-IQWOZ,0.8452,High,Visita urgente - oferta de retencion personalizada
4988-IQIGL,0.845,High,Visita urgente - oferta de retencion personalizada
5539-TMZLF,0.8449,High,Visita urgente - oferta de retencion personalizada
4550-EVXNY,0.8444,High,Visita urgente - oferta de retencion personalizada
3551-HUAZH,0.8443,High,Visita urgente - oferta de retencion personalizada
2609-IAICY,0.8442,High,Visita urgente - oferta de retencion personalizada
5178-LMXOP,0.8435,High,Visita urgente - oferta de retencion personalizada
5550-VFRLC,0.8432,High,Visita urgente - oferta de retencion personalizada
4102-OQUPX,0.8425,High,Visita urgente - oferta de retencion personalizada
0679-IDSTG,0.8423,High,Visita urgente - oferta de retencion personalizada
6358-LYNGM,0.8422,High,Visita urgente - oferta de retencion personalizada
1157-BQCUW,0.8418,High,Visita urgente - oferta de retencion personalizada
1285-OKIPP,0.8414,High,Visita urgente - oferta de retencion personalizada
2867-UIMSS,0.8414,High,Visita urgente - oferta de retencion personalizada
6960-HVYXR,0.8409,High,Visita urgente - oferta de retencion personalizada
2018-QKYGT,0.8408,High,Visita urgente - oferta de retencion personalizada
1069-XAIEM,0.8406,High,Visita urgente - oferta de retencion personalizada
5393-RXQSZ,0.8406,High,Visita urgente - oferta de retencion personalizada
5419-JPRRN,0.8404,High,Visita urgente - oferta de retencion personalizada
4510-HIMLV,0.8402,High,Visita urgente - oferta de retencion personalizada
4603-JANFB,0.8402,High,Visita urgente - oferta de retencion personalizada
3716-BDVDB,0.8401,High,Visita urgente - oferta de retencion personalizada
1452-VOQCH,0.8399,High,Visita urgente - oferta de retencion personalizada
5919-TMRGD,0.8398,High,Visita urgente - oferta de retencion personalizada
1833-VGRUM,0.8395,High,Visita urgente - oferta de retencion personalizada
9019-QVLZD,0.8394,High,Visita urgente - oferta de retencion personalizada
0723-DRCLG,0.8392,High,Visita urgente - oferta de retencion personalizada
9885-CSMWE,0.8391,High,Visita urgente - oferta de retencion personalizada
9787-XVQIU,0.839,High,Visita urgente - oferta de retencion personalizada
9282-IZGQK,0.8389,High,Visita urgente - oferta de retencion personalizada
3988-RQIXO,0.8388,High,Visita urgente - oferta de retencion personalizada
8945-GRKHX,0.8386,High,Visita urgente - oferta de retencion personalizada
2777-PHDEI,0.8384,High,Visita urgente - oferta de retencion personalizada
5834-ASPWA,0.8384,High,Visita urgente - oferta de retencion personalizada
7274-RTAPZ,0.8382,High,Visita urgente - oferta de retencion personalizada
6521-YYTYI,0.8378,High,Visita urgente - oferta de retencion personalizada
4826-XTSOH,0.8374,High,Visita urgente - oferta de retencion personalizada
9878-TNQGW,0.8373,High,Visita urgente - oferta de retencion personalizada
8603-IJWDN,0.8373,High,Visita urgente - oferta de retencion personalizada
0107-YHINA,0.8366,High,Visita urgente - oferta de retencion personalizada
1447-GIQMR,0.8365,High,Visita urgente - oferta de retencion personalizada
1143-NMNQJ,0.836,High,Visita urgente - oferta de retencion personalizada
5134-IKDAY,0.836,High,Visita urgente - oferta de retencion personalizada
7180-PISOG,0.8355,High,Visita urgente - oferta de retencion personalizada
4415-IJZTP,0.8349,High,Visita urgente - oferta de retencion personalizada
8372-JUXUI,0.8344,High,Visita urgente - oferta de retencion personalizada
3871-IKPYH,0.8344,High,Visita urgente - oferta de retencion personalizada
1448-PWKYE,0.8339,High,Visita urgente - oferta de retencion personalizada
8000-REIQB,0.8339,High,Visita urgente - oferta de retencion personalizada
8816-VXNZD,0.8338,High,Visita urgente - oferta de retencion personalizada
3068-OMWZA,0.8334,High,Visita urgente - oferta de retencion personalizada
8473-VUVJN,0.8333,High,Visita urgente - oferta de retencion personalizada
3177-LASXD,0.833,High,Visita urgente - oferta de retencion personalizada
2202-CUYXZ,0.8329,High,Visita urgente - oferta de retencion personalizada
9488-HGMJH,0.8328,High,Visita urgente - oferta de retencion personalizada
3878-AVSOQ,0.8328,High,Visita urgente - oferta de retencion personalizada
3276-HDUEG,0.8324,High,Visita urgente - oferta de retencion personalizada
7409-KIUTL,0.8319,High,Visita urgente - oferta de retencion personalizada
3049-NDXFL,0.8318,High,Visita urgente - oferta de retencion personalizada
9725-SCPZG,0.8317,High,Visita urgente - oferta de retencion personalizada
2725-KXXWT,0.8316,High,Visita urgente - oferta de retencion personalizada
9124-LHCJQ,0.8315,High,Visita urgente - oferta de retencion personalizada
5192-EBGOV,0.8313,High,Visita urgente - oferta de retencion personalizada
7120-RFMVS,0.8312,High,Visita urgente - oferta de retencion personalizada
3746-EUBYR,0.8312,High,Visita urgente - oferta de retencion personalizada
6513-EECDB,0.831,High,Visita urgente - oferta de retencion personalizada
9507-EXLTT,0.8309,High,Visita urgente - oferta de retencion personalizada
5597-GLBUC,0.8308,High,Visita urgente - oferta de retencion personalizada
1915-IOFGU,0.8308,High,Visita urgente - oferta de retencion personalizada
8775-ERLNB,0.8307,High,Visita urgente - oferta de retencion personalizada
7216-EWTRS,0.8307,High,Visita urgente - oferta de retencion personalizada
1846-XWOQN,0.8304,High,Visita urgente - oferta de retencion personalizada
9605-WGJVW,0.8304,High,Visita urgente - oferta de retencion personalizada
8644-XLFBW,0.8302,High,Visita urgente - oferta de retencion personalizada
1853-UDXBW,0.83,High,Visita urgente - oferta de retencion personalizada
4702-IOQDC,0.8299,High,Visita urgente - oferta de retencion personalizada
5275-SQEIZ,0.8299,High,Visita urgente - oferta de retencion personalizada
0328-GRPMV,0.8299,High,Visita urgente - oferta de retencion personalizada
8051-HJRLT,0.8296,High,Visita urgente - oferta de retencion personalizada
2262-SLNVK,0.8296,High,Visita urgente - oferta de retencion personalizada
5875-YPQFJ,0.8295,High,Visita urgente - oferta de retencion personalizada
9804-ICWBG,0.8295,High,Visita urgente - oferta de retencion personalizada
5542-TBBWB,0.8295,High,Visita urgente - oferta de retencion personalizada
9603-OAIHC,0.8295,High,Visita urgente - oferta de retencion personalizada
6372-RFVNS,0.8288,High,Visita urgente - oferta de retencion personalizada
4424-TKOPW,0.8282,High,Visita urgente - oferta de retencion personalizada
3494-JCHRQ,0.8277,High,Visita urgente - oferta de retencion personalizada
7153-OANIO,0.8274,High,Visita urgente - oferta de retencion personalizada
4806-HIPDW,0.8267,High,Visita urgente - oferta de retencion personalizada
4912-PIGUY,0.8265,High,Visita urgente - oferta de retencion personalizada
3722-WPXTK,0.8263,High,Visita urgente - oferta de retencion personalizada
2982-IHMFT,0.8262,High,Visita urgente - oferta de retencion personalizada
1031-IIDEO,0.8261,High,Visita urgente - oferta de retencion personalizada
8884-ADFVN,0.826,High,Visita urgente - oferta de retencion personalizada
4759-TRPLW,0.8259,High,Visita urgente - oferta de retencion personalizada
5583-SXDAG,0.825,High,Visita urgente - oferta de retencion personalizada
1981-INRFU,0.8248,High,Visita urgente - oferta de retencion personalizada
6653-CBBOM,0.8246,High,Visita urgente - oferta de retencion personalizada
1640-PLFMP,0.8246,High,Visita urgente - oferta de retencion personalizada
3244-DCJWY,0.8246,High,Visita urgente - oferta de retencion personalizada
8380-PEFPE,0.8244,High,Visita urgente - oferta de retencion personalizada
3422-LYEPQ,0.8244,High,Visita urgente - oferta de retencion personalizada
5797-APWZC,0.8242,High,Visita urgente - oferta de retencion personalizada
7294-TMAOP,0.8239,High,Visita urgente - oferta de retencion personalizada
5186-SAMNZ,0.8238,High,Visita urgente - oferta de retencion personalizada
7503-ZGUZJ,0.8237,High,Visita urgente - oferta de retencion personalizada
2656-TABEH,0.8235,High,Visita urgente - oferta de retencion personalizada
1363-TXLSL,0.8231,High,Visita urgente - oferta de retencion personalizada
4822-RVYBB,0.8225,High,Visita urgente - oferta de retencion personalizada
0259-GBZSH,0.8224,High,Visita urgente - oferta de retencion personalizada
2446-PLQVO,0.8223,High,Visita urgente - oferta de retencion personalizada
9681-OXGVC,0.8219,High,Visita urgente - oferta de retencion personalizada
7450-NWRTR,0.8218,High,Visita urgente - oferta de retencion personalizada
6474-FVJLC,0.8218,High,Visita urgente - oferta de retencion personalizada
1455-ESIQH,0.8218,High,Visita urgente - oferta de retencion personalizada
2720-WGKHP,0.8215,High,Visita urgente - oferta de retencion personalizada
9305-CDSKC,0.8213,High,Visita urgente - oferta de retencion personalizada
0781-LKXBR,0.8213,High,Visita urgente - oferta de retencion personalizada
6618-RYATB,0.8212,High,Visita urgente - oferta de retencion personalizada
4110-PFEUZ,0.8208,High,Visita urgente - oferta de retencion personalizada
7851-WZEKY,0.8207,High,Visita urgente - oferta de retencion personalizada
4501-EQDRN,0.8203,High,Visita urgente - oferta de retencion personalizada
6230-BSUXY,0.8203,High,Visita urgente - oferta de retencion personalizada
8040-MNRTF,0.8202,High,Visita urgente - oferta de retencion personalizada
0511-JTEOY,0.8202,High,Visita urgente - oferta de retencion personalizada
0519-XUZJU,0.8191,High,Visita urgente - oferta de retencion personalizada
4695-WJZUE,0.8187,High,Visita urgente - oferta de retencion personalizada
0151-ONTOV,0.8186,High,Visita urgente - oferta de retencion personalizada
4078-SAYYN,0.8186,High,Visita urgente - oferta de retencion personalizada
3707-GNWHM,0.8182,High,Visita urgente - oferta de retencion personalizada
8775-LHDJH,0.818,High,Visita urgente - oferta de retencion personalizada
0754-UKWQP,0.8177,High,Visita urgente - oferta de retencion personalizada
2012-NWRPA,0.8176,High,Visita urgente - oferta de retencion personalizada
4234-XTNEA,0.8175,High,Visita urgente - oferta de retencion personalizada
7493-TPUWZ,0.8175,High,Visita urgente - oferta de retencion personalizada
6086-ESGRL,0.8168,High,Visita urgente - oferta de retencion personalizada
7024-OHCCK,0.8166,High,Visita urgente - oferta de retencion personalizada
8821-XNHVZ,0.8165,High,Visita urgente - oferta de retencion personalizada
2034-GDRCN,0.8161,High,Visita urgente - oferta de retencion personalizada
0697-ZMSWS,0.8161,High,Visita urgente - oferta de retencion personalizada
8593-WHYHV,0.8152,High,Visita urgente - oferta de retencion personalizada
0021-IKXGC,0.8151,High,Visita urgente - oferta de retencion personalizada
9223-UCPVT,0.815,High,Visita urgente - oferta de retencion personalizada
5376-DEQCP,0.8145,High,Visita urgente - oferta de retencion personalizada
8086-OVPWV,0.8144,High,Visita urgente - oferta de retencion personalizada
8168-UQWWF,0.8144,High,Visita urgente - oferta de retencion personalizada
5884-GCYMI,0.8129,High,Visita urgente - oferta de retencion personalizada
6688-UZPWD,0.8126,High,Visita urgente - oferta de retencion personalizada
0655-RBDUG,0.8123,High,Visita urgente - oferta de retencion personalizada
7908-QCBCA,0.8122,High,Visita urgente - oferta de retencion personalizada
6857-VWJDT,0.8118,High,Visita urgente - oferta de retencion personalizada
4192-GORJT,0.8117,High,Visita urgente - oferta de retencion personalizada
2789-HQBOU,0.8116,High,Visita urgente - oferta de retencion personalizada
3319-DWOEP,0.8116,High,Visita urgente - oferta de retencion personalizada
8357-EQXFO,0.8108,High,Visita urgente - oferta de retencion personalizada
4445-ZJNMU,0.8106,High,Visita urgente - oferta de retencion personalizada
2462-XIIJB,0.8103,High,Visita urgente - oferta de retencion personalizada
0220-EBGCE,0.8101,High,Visita urgente - oferta de retencion personalizada
7465-ZZRVX,0.8101,High,Visita urgente - oferta de retencion personalizada
8098-LLAZX,0.8097,High,Visita urgente - oferta de retencion personalizada
3158-MOERK,0.8093,High,Visita urgente - oferta de retencion personalizada
0637-KVDLV,0.8093,High,Visita urgente - oferta de retencion personalizada
6424-ELEYH,0.8086,High,Visita urgente - oferta de retencion personalizada
6210-KBBPI,0.8083,High,Visita urgente - oferta de retencion personalizada
0968-GSIKN,0.8082,High,Visita urgente - oferta de retencion personalizada
8183-ONMXC,0.8068,High,Visita urgente - oferta de retencion personalizada
3027-ZTDHO,0.8067,High,Visita urgente - oferta de retencion personalizada
5567-WSELE,0.8065,High,Visita urgente - oferta de retencion personalizada
6910-HADCM,0.8063,High,Visita urgente - oferta de retencion personalizada
9057-SIHCH,0.8061,High,Visita urgente - oferta de retencion personalizada
9546-CQJSU,0.8053,High,Visita urgente - oferta de retencion personalizada
0812-WUPTB,0.8048,High,Visita urgente - oferta de retencion personalizada
7548-SEPYI,0.8038,High,Visita urgente - oferta de retencion personalizada
3902-FOIGH,0.8038,High,Visita urgente - oferta de retencion personalizada
4626-GYCZP,0.8027,High,Visita urgente - oferta de retencion personalizada
7576-OYWBN,0.8025,High,Visita urgente - oferta de retencion personalizada
2968-SSGAA,0.8023,High,Visita urgente - oferta de retencion personalizada
6892-EZDTG,0.8023,High,Visita urgente - oferta de retencion personalizada
2612-RRIDN,0.8022,High,Visita urgente - oferta de retencion personalizada
4713-LZDRV,0.8011,High,Visita urgente - oferta de retencion personalizada
1393-IMKZG,0.8007,High,Visita urgente - oferta de retencion personalizada
9444-JTXHZ,0.8007,High,Visita urgente - oferta de retencion personalizada
2856-HYAPG,0.8007,High,Visita urgente - oferta de retencion personalizada
3178-FESZO,0.7999,High,Visita urgente - oferta de retencion personalizada
1084-UQCHV,0.7998,High,Visita urgente - oferta de retencion personalizada
5032-MIYKT,0.7998,High,Visita urgente - oferta de retencion personalizada
1415-YFWLT,0.7996,High,Visita urgente - oferta de retencion personalizada
9317-WZPGV,0.7991,High,Visita urgente - oferta de retencion personalizada
2645-QTLMB,0.7987,High,Visita urgente - oferta de retencion personalizada
3198-VELRD,0.7985,High,Visita urgente - oferta de retencion personalizada
7228-OMTPN,0.7984,High,Visita urgente - oferta de retencion personalizada
2619-WFQWU,0.7983,High,Visita urgente - oferta de retencion personalizada
9985-MWVIX,0.7983,High,Visita urgente - oferta de retencion personalizada
8042-JVNFH,0.7982,High,Visita urgente - oferta de retencion personalizada
3049-SOLAY,0.7982,High,Visita urgente - oferta de retencion personalizada
3066-RRJIO,0.7981,High,Visita urgente - oferta de retencion personalizada
8739-XNIKG,0.7975,High,Visita urgente - oferta de retencion personalizada
6772-KSATR,0.7974,High,Visita urgente - oferta de retencion personalizada
8414-MYSHR,0.7972,High,Visita urgente - oferta de retencion personalizada
2254-DLXRI,0.7972,High,Visita urgente - oferta de retencion personalizada
3318-NMQXL,0.7972,High,Visita urgente - oferta de retencion personalizada
3006-XIMLN,0.797,High,Visita urgente - oferta de retencion personalizada
0684-AOSIH,0.797,High,Visita urgente - oferta de retencion personalizada
0970-ETWGE,0.797,High,Visita urgente - oferta de retencion personalizada
6140-QNRQQ,0.7966,High,Visita urgente - oferta de retencion personalizada
6356-ELRKD,0.7963,High,Visita urgente - oferta de retencion personalizada
6416-TVAIH,0.7959,High,Visita urgente - oferta de retencion personalizada
0235-KGSLC,0.7955,High,Visita urgente - oferta de retencion personalizada
7571-YXDAD,0.7954,High,Visita urgente - oferta de retencion personalizada
0325-XBFAC,0.7954,High,Visita urgente - oferta de retencion personalizada
9897-KXHCM,0.795,High,Visita urgente - oferta de retencion personalizada
0564-JJHGS,0.7946,High,Visita urgente - oferta de retencion personalizada
7577-SWIFR,0.7943,High,Visita urgente - oferta de retencion personalizada
3585-ISXZP,0.794,High,Visita urgente - oferta de retencion personalizada
1678-FYZOW,0.794,High,Visita urgente - oferta de retencion personalizada
9850-OWRHQ,0.7937,High,Visita urgente - oferta de retencion personalizada
1273-MTETI,0.7935,High,Visita urgente - oferta de retencion personalizada
0137-OCGAB,0.7933,High,Visita urgente - oferta de retencion personalizada
6023-YEBUP,0.7927,High,Visita urgente - oferta de retencion personalizada
5167-ZFFMM,0.7927,High,Visita urgente - oferta de retencion personalizada
1086-LXKFY,0.7926,High,Visita urgente - oferta de retencion personalizada
3387-VATUS,0.7925,High,Visita urgente - oferta de retencion personalizada
7563-BIUPC,0.7925,High,Visita urgente - oferta de retencion personalizada
6108-OQZDQ,0.7922,High,Visita urgente - oferta de retencion personalizada
9734-YWGEX,0.7922,High,Visita urgente - oferta de retencion personalizada
9837-BMCLM,0.792,High,Visita urgente - oferta de retencion personalizada
6861-XWTWQ,0.7919,High,Visita urgente - oferta de retencion personalizada
6996-KNSML,0.7917,High,Visita urgente - oferta de retencion personalizada
5835-BEQEU,0.7917,High,Visita urgente - oferta de retencion personalizada
0390-DCFDQ,0.7915,High,Visita urgente - oferta de retencion personalizada
6161-UUUTA,0.7902,High,Visita urgente - oferta de retencion personalizada
5277-ZLOOR,0.7901,High,Visita urgente - oferta de retencion personalizada
1455-UGQVH,0.7901,High,Visita urgente - oferta de retencion personalizada
9689-PTNPG,0.79,High,Visita urgente - oferta de retencion personalizada
5564-NEMQO,0.7899,High,Visita urgente - oferta de retencion personalizada
7526-BEZQB,0.7899,High,Visita urgente - oferta de retencion personalizada
2545-EBUPK,0.7896,High,Visita urgente - oferta de retencion personalizada
4844-JJWUY,0.7894,High,Visita urgente - oferta de retencion personalizada
2074-GKOWZ,0.7889,High,Visita urgente - oferta de retencion personalizada
4927-WWOOZ,0.7889,High,Visita urgente - oferta de retencion personalizada
8779-QRDMV,0.7878,High,Visita urgente - oferta de retencion personalizada
7234-FECYN,0.7877,High,Visita urgente - oferta de retencion personalizada
2865-TCHJW,0.7876,High,Visita urgente - oferta de retencion personalizada
4529-CKBCL,0.7875,High,Visita urgente - oferta de retencion personalizada
0897-FEGMU,0.7872,High,Visita urgente - oferta de retencion personalizada
5168-MSWXT,0.7865,High,Visita urgente - oferta de retencion personalizada
3296-SILRA,0.7863,High,Visita urgente - oferta de retencion personalizada
7330-WZLNC,0.7862,High,Visita urgente - oferta de retencion personalizada
4228-ZGYUW,0.7861,High,Visita urgente - oferta de retencion personalizada
7903-CMPEY,0.7859,High,Visita urgente - oferta de retencion personalizada
7760-OYPDY,0.7856,High,Visita urgente - oferta de retencion personalizada
3811-VBYBZ,0.7852,High,Visita urgente - oferta de retencion personalizada
5940-AHUHD,0.7851,High,Visita urgente - oferta de retencion personalizada
4750-ZRXIU,0.7844,High,Visita urgente - oferta de retencion personalizada
0094-OIFMO,0.7842,High,Visita urgente - oferta de retencion personalizada
7779-LGOVN,0.7834,High,Visita urgente - oferta de retencion personalizada
4806-KEXQR,0.783,High,Visita urgente - oferta de retencion personalizada
5380-AFSSK,0.7829,High,Visita urgente - oferta de retencion personalizada
6877-TJMBR,0.7829,High,Visita urgente - oferta de retencion personalizada
2737-YNGYW,0.7826,High,Visita urgente - oferta de retencion personalizada
0187-QSXOE,0.7826,High,Visita urgente - oferta de retencion personalizada
7817-BOQPW,0.7822,High,Visita urgente - oferta de retencion personalizada
1941-HOSAM,0.7821,High,Visita urgente - oferta de retencion personalizada
4952-YSOGZ,0.7821,High,Visita urgente - oferta de retencion personalizada
4143-OOBWZ,0.7817,High,Visita urgente - oferta de retencion personalizada
3776-EKTKM,0.7812,High,Visita urgente - oferta de retencion personalizada
1122-JWTJW,0.7811,High,Visita urgente - oferta de retencion personalizada
7943-RQCHR,0.7811,High,Visita urgente - oferta de retencion personalizada
1062-LHZOD,0.781,High,Visita urgente - oferta de retencion personalizada
8258-GSTJK,0.7809,High,Visita urgente - oferta de retencion personalizada
9050-IKDZA,0.7805,High,Visita urgente - oferta de retencion personalizada
9451-LPGOO,0.7802,High,Visita urgente - oferta de retencion personalizada
5698-BQJOH,0.78,High,Visita urgente - oferta de retencion personalizada
7181-BQYBV,0.7798,High,Visita urgente - oferta de retencion personalizada
2024-BASKD,0.7793,High,Visita urgente - oferta de retencion personalizada
1628-BIZYP,0.7793,High,Visita urgente - oferta de retencion personalizada
3643-AHCFP,0.7793,High,Visita urgente - oferta de retencion personalizada
1374-DMZUI,0.7792,High,Visita urgente - oferta de retencion personalizada
4273-MBHYA,0.779,High,Visita urgente - oferta de retencion personalizada
0404-SWRVG,0.7786,High,Visita urgente - oferta de retencion personalizada
8309-IEYJD,0.7784,High,Visita urgente - oferta de retencion personalizada
4951-UKAAQ,0.7775,High,Visita urgente - oferta de retencion personalizada
2754-VDLTR,0.7773,High,Visita urgente - oferta de retencion personalizada
4548-SDBKE,0.7764,High,Visita urgente - oferta de retencion personalizada
2642-DTVCO,0.7763,High,Visita urgente - oferta de retencion personalizada
6015-VVHHE,0.7757,High,Visita urgente - oferta de retencion personalizada
9940-RHLFB,0.7756,High,Visita urgente - oferta de retencion personalizada
2929-ERCFZ,0.7752,High,Visita urgente - oferta de retencion personalizada
5052-PNLOS,0.7751,High,Visita urgente - oferta de retencion personalizada
8972-HJWNV,0.7751,High,Visita urgente - oferta de retencion personalizada
1977-STDKI,0.7749,High,Visita urgente - oferta de retencion personalizada
9061-TIHDA,0.7745,High,Visita urgente - oferta de retencion personalizada
9944-HKVVB,0.7744,High,Visita urgente - oferta de retencion personalizada
0515-YPMCW,0.7743,High,Visita urgente - oferta de retencion personalizada
8058-JMEQO,0.7742,High,Visita urgente - oferta de retencion personalizada
5043-TRZWM,0.7741,High,Visita urgente - oferta de retencion personalizada
7479-NITWS,0.7733,High,Visita urgente - oferta de retencion personalizada
3398-FSHON,0.773,High,Visita urgente - oferta de retencion personalizada
1010-DIAUQ,0.7721,High,Visita urgente - oferta de retencion personalizada
3801-HMYNL,0.7719,High,Visita urgente - oferta de retencion personalizada
5318-IXUZF,0.7715,High,Visita urgente - oferta de retencion personalizada
3765-JXVKY,0.7715,High,Visita urgente - oferta de retencion personalizada
4285-GYRQC,0.7709,High,Visita urgente - oferta de retencion personalizada
6941-PMGEP,0.7708,High,Visita urgente - oferta de retencion personalizada
4274-OWWYO,0.7704,High,Visita urgente - oferta de retencion personalizada
3191-CSNMG,0.7703,High,Visita urgente - oferta de retencion personalizada
5561-NWEVX,0.7702,High,Visita urgente - oferta de retencion personalizada
4145-UQXUQ,0.7701,High,Visita urgente - oferta de retencion personalizada
6326-MTTXK,0.7699,High,Visita urgente - oferta de retencion personalizada
3834-XUIFC,0.7696,High,Visita urgente - oferta de retencion personalizada
5196-SGOAK,0.7695,High,Visita urgente - oferta de retencion personalizada
2485-ITVKB,0.7691,High,Visita urgente - oferta de retencion personalizada
9399-APLBT,0.7688,High,Visita urgente - oferta de retencion personalizada
1768-ZAIFU,0.7681,High,Visita urgente - oferta de retencion personalizada
1320-HTRDR,0.7676,High,Visita urgente - oferta de retencion personalizada
7398-SKNQZ,0.7675,High,Visita urgente - oferta de retencion personalizada
3091-FYHKI,0.767,High,Visita urgente - oferta de retencion personalizada
0841-NULXI,0.767,High,Visita urgente - oferta de retencion personalizada
9617-INGJY,0.7667,High,Visita urgente - oferta de retencion personalizada
0822-GAVAP,0.7666,High,Visita urgente - oferta de retencion personalizada
5419-CONWX,0.7664,High,Visita urgente - oferta de retencion personalizada
0742-NXBGR,0.7663,High,Visita urgente - oferta de retencion personalizada
3389-YGYAI,0.7662,High,Visita urgente - oferta de retencion personalizada
9747-DDZOS,0.766,High,Visita urgente - oferta de retencion personalizada
7341-LXCAF,0.7659,High,Visita urgente - oferta de retencion personalizada
2013-SGDXK,0.7657,High,Visita urgente - oferta de retencion personalizada
8337-UPOAQ,0.7655,High,Visita urgente - oferta de retencion personalizada
2077-MPJQO,0.7653,High,Visita urgente - oferta de retencion personalizada
5159-YFPKQ,0.7648,High,Visita urgente - oferta de retencion personalizada
2516-VQRRV,0.7644,High,Visita urgente - oferta de retencion personalizada
0023-HGHWL,0.764,High,Visita urgente - oferta de retencion personalizada
5054-IEXZT,0.7639,High,Visita urgente - oferta de retencion personalizada
3908-BLSYF,0.7636,High,Visita urgente - oferta de retencion personalizada
1400-MMYXY,0.7633,High,Visita urgente - oferta de retencion personalizada
8699-ASUFO,0.7628,High,Visita urgente - oferta de retencion personalizada
9172-ANCRX,0.7622,High,Visita urgente - oferta de retencion personalizada
2868-SNELZ,0.7617,High,Visita urgente - oferta de retencion personalizada
1724-BQUHA,0.7613,High,Visita urgente - oferta de retencion personalizada
2920-RNCEZ,0.7612,High,Visita urgente - oferta de retencion personalizada
8361-LTMKD,0.7597,High,Visita urgente - oferta de retencion personalizada
6357-JJPQT,0.7596,High,Visita urgente - oferta de retencion personalizada
7235-NXZCP,0.7595,High,Visita urgente - oferta de retencion personalizada
1980-KXVPM,0.7594,High,Visita urgente - oferta de retencion personalizada
9965-YOKZB,0.7591,High,Visita urgente - oferta de retencion personalizada
2982-VPSGI,0.7588,High,Visita urgente - oferta de retencion personalizada
6969-MVBAI,0.7587,High,Visita urgente - oferta de retencion personalizada
5445-UTODQ,0.7584,High,Visita urgente - oferta de retencion personalizada
0195-IESCP,0.7582,High,Visita urgente - oferta de retencion personalizada
5570-PTWEH,0.7582,High,Visita urgente - oferta de retencion personalizada
9565-DJPIB,0.7578,High,Visita urgente - oferta de retencion personalizada
7089-IVVAZ,0.7575,High,Visita urgente - oferta de retencion personalizada
4581-SSPWD,0.757,High,Visita urgente - oferta de retencion personalizada
7295-JOMMD,0.7568,High,Visita urgente - oferta de retencion personalizada
7598-UAASY,0.7567,High,Visita urgente - oferta de retencion personalizada
6275-YDUVO,0.7565,High,Visita urgente - oferta de retencion personalizada
3097-NQYSN,0.7564,High,Visita urgente - oferta de retencion personalizada
6110-OHIHY,0.7563,High,Visita urgente - oferta de retencion personalizada
8382-SHQEH,0.756,High,Visita urgente - oferta de retencion personalizada
0871-URUWO,0.7559,High,Visita urgente - oferta de retencion personalizada
1465-VINDH,0.7558,High,Visita urgente - oferta de retencion personalizada
7854-FOKSF,0.7545,High,Visita urgente - oferta de retencion personalizada
7932-WPTDS,0.7545,High,Visita urgente - oferta de retencion personalizada
2612-RANWT,0.7531,High,Visita urgente - oferta de retencion personalizada
7209-JCUDS,0.7529,High,Visita urgente - oferta de retencion personalizada
1925-TIBLE,0.7529,High,Visita urgente - oferta de retencion personalizada
9611-CTWIH,0.7527,High,Visita urgente - oferta de retencion personalizada
0722-TROQR,0.7526,High,Visita urgente - oferta de retencion personalizada
6229-LSCKB,0.7524,High,Visita urgente - oferta de retencion personalizada
7314-OXENN,0.7522,High,Visita urgente - oferta de retencion personalizada
1197-BVMVG,0.7522,High,Visita urgente - oferta de retencion personalizada
1875-QIVME,0.7522,High,Visita urgente - oferta de retencion personalizada
5868-YWPDW,0.7518,High,Visita urgente - oferta de retencion personalizada
6350-XFYGW,0.7513,High,Visita urgente - oferta de retencion personalizada
5378-IKEEG,0.7509,High,Visita urgente - oferta de retencion personalizada
3519-ZKXGG,0.7509,High,Visita urgente - oferta de retencion personalizada
3874-EQOEP,0.7504,High,Visita urgente - oferta de retencion personalizada
3793-MMFUH,0.7504,High,Visita urgente - oferta de retencion personalizada
2472-OVKUP,0.7502,High,Visita urgente - oferta de retencion personalizada
3247-ZVOUO,0.7499,High,Visita urgente - oferta de retencion personalizada
4086-YQSNZ,0.7498,High,Visita urgente - oferta de retencion personalizada
1618-CFHME,0.7497,High,Visita urgente - oferta de retencion personalizada
7198-GLXTC,0.7496,High,Visita urgente - oferta de retencion personalizada
6680-WKXRZ,0.749,High,Visita urgente - oferta de retencion personalizada
1389-CXMLU,0.7484,High,Visita urgente - oferta de retencion personalizada
0612-RTZZA,0.7475,High,Visita urgente - oferta de retencion personalizada
5150-ITWWB,0.747,High,Visita urgente - oferta de retencion personalizada
7595-EUIVN,0.7468,High,Visita urgente - oferta de retencion personalizada
7218-HKQFK,0.7466,High,Visita urgente - oferta de retencion personalizada
2276-YDAVZ,0.7463,High,Visita urgente - oferta de retencion personalizada
5299-SJCZT,0.7463,High,Visita urgente - oferta de retencion personalizada
2990-HWIML,0.7461,High,Visita urgente - oferta de retencion personalizada
2660-EMUBI,0.7461,High,Visita urgente - oferta de retencion personalizada
0616-ATFGB,0.7456,High,Visita urgente - oferta de retencion personalizada
8931-GJJIQ,0.7456,High,Visita urgente - oferta de retencion personalizada
1304-NECVQ,0.7442,High,Visita urgente - oferta de retencion personalizada
4597-NUCQV,0.7441,High,Visita urgente - oferta de retencion personalizada
8999-BOHSE,0.7437,High,Visita urgente - oferta de retencion personalizada
5349-IECLD,0.7429,High,Visita urgente - oferta de retencion personalizada
9274-CNFMO,0.7427,High,Visita urgente - oferta de retencion personalizada
8780-IXSTS,0.7425,High,Visita urgente - oferta de retencion personalizada
5569-KGJHX,0.7419,High,Visita urgente - oferta de retencion personalizada
8835-VSDSE,0.7414,High,Visita urgente - oferta de retencion personalizada
6979-ZNSFF,0.7412,High,Visita urgente - oferta de retencion personalizada
4514-GFCFI,0.7412,High,Visita urgente - oferta de retencion personalizada
2691-NZETQ,0.741,High,Visita urgente - oferta de retencion personalizada
2952-QAYZF,0.7408,High,Visita urgente - oferta de retencion personalizada
8943-URTMR,0.7406,High,Visita urgente - oferta de retencion personalizada
2379-ENZGV,0.7406,High,Visita urgente - oferta de retencion personalizada
7488-MXJIV,0.74,High,Visita urgente - oferta de retencion personalizada
8992-JQYUN,0.74,High,Visita urgente - oferta de retencion personalizada
0375-HVGXO,0.7399,High,Visita urgente - oferta de retencion personalizada
7994-UYIVZ,0.7398,High,Visita urgente - oferta de retencion personalizada
0880-TKATG,0.7398,High,Visita urgente - oferta de retencion personalizada
6330-JKLPC,0.7398,High,Visita urgente - oferta de retencion personalizada
2761-OCIAX,0.7396,High,Visita urgente - oferta de retencion personalizada
6101-IMRMM,0.7394,High,Visita urgente - oferta de retencion personalizada
1450-GALXR,0.7392,High,Visita urgente - oferta de retencion personalizada
0925-VYDLG,0.7381,High,Visita urgente - oferta de retencion personalizada
3186-BAXNB,0.7379,High,Visita urgente - oferta de retencion personalizada
0345-HKJVM,0.7378,High,Visita urgente - oferta de retencion personalizada
3841-CONLJ,0.7372,High,Visita urgente - oferta de retencion personalizada
4342-HENTK,0.7363,High,Visita urgente - oferta de retencion personalizada
5949-XIKAE,0.7363,High,Visita urgente - oferta de retencion personalizada
1965-AKTSX,0.7359,High,Visita urgente - oferta de retencion personalizada
2446-BEGGB,0.7356,High,Visita urgente - oferta de retencion personalizada
8161-QYMTT,0.7355,High,Visita urgente - oferta de retencion personalizada
2754-SDJRD,0.7354,High,Visita urgente - oferta de retencion personalizada
0231-LXVAP,0.7353,High,Visita urgente - oferta de retencion personalizada
1704-NRWYE,0.7348,High,Visita urgente - oferta de retencion personalizada
2215-ZAFGX,0.7344,High,Visita urgente - oferta de retencion personalizada
0680-DFNNY,0.7342,High,Visita urgente - oferta de retencion personalizada
4847-TAJYI,0.7341,High,Visita urgente - oferta de retencion personalizada
3462-BJQQA,0.734,High,Visita urgente - oferta de retencion personalizada
0196-VULGZ,0.7338,High,Visita urgente - oferta de retencion personalizada
1564-NTYXF,0.7331,High,Visita urgente - oferta de retencion personalizada
5804-LEPIM,0.7329,High,Visita urgente - oferta de retencion personalizada
2737-WFVYW,0.7327,High,Visita urgente - oferta de retencion personalizada
3992-YWPKO,0.7326,High,Visita urgente - oferta de retencion personalizada
4112-LUEIZ,0.7326,High,Visita urgente - oferta de retencion personalizada
9741-YLNTD,0.7325,High,Visita urgente - oferta de retencion personalizada
6615-NGGZJ,0.7315,High,Visita urgente - oferta de retencion personalizada
2369-UAPKZ,0.7313,High,Visita urgente - oferta de retencion personalizada
1567-DSCIC,0.7312,High,Visita urgente - oferta de retencion personalizada
6437-UKHMV,0.7306,High,Visita urgente - oferta de retencion personalizada
8185-UPYBR,0.7303,High,Visita urgente - oferta de retencion personalizada
9025-AOMKI,0.7301,High,Visita urgente - oferta de retencion personalizada
0685-MLYYM,0.7298,High,Visita urgente - oferta de retencion personalizada
2672-DZUOY,0.7298,High,Visita urgente - oferta de retencion personalizada
7938-OUHIO,0.7297,High,Visita urgente - oferta de retencion personalizada
6734-GMPVK,0.7296,High,Visita urgente - oferta de retencion personalizada
6127-ISGTU,0.7296,High,Visita urgente - oferta de retencion personalizada
1624-NALOJ,0.7291,High,Visita urgente - oferta de retencion personalizada
0122-OAHPZ,0.7291,High,Visita urgente - oferta de retencion personalizada
5293-WXJAK,0.7282,High,Visita urgente - oferta de retencion personalizada
7130-VTEWQ,0.728,High,Visita urgente - oferta de retencion personalizada
7156-MHUGY,0.7278,High,Visita urgente - oferta de retencion personalizada
6435-SRWBJ,0.7278,High,Visita urgente - oferta de retencion personalizada
6407-UTSLV,0.7277,High,Visita urgente - oferta de retencion personalizada
6899-PPEEA,0.7275,High,Visita urgente - oferta de retencion personalizada
8510-AWCXC,0.7272,High,Visita urgente - oferta de retencion personalizada
1731-TVIUK,0.727,High,Visita urgente - oferta de retencion personalizada
9290-SHCMB,0.7264,High,Visita urgente - oferta de retencion personalizada
4195-NZGTA,0.7261,High,Visita urgente - oferta de retencion personalizada
3045-XETSH,0.726,High,Visita urgente - oferta de retencion personalizada
4277-PVRAN,0.7258,High,Visita urgente - oferta de retencion personalizada
3370-HXOPH,0.7251,High,Visita urgente - oferta de retencion personalizada
7005-CCBKV,0.7247,High,Visita urgente - oferta de retencion personalizada
2424-WVHPL,0.7246,High,Visita urgente - oferta de retencion personalizada
4210-QFJMF,0.7243,High,Visita urgente - oferta de retencion personalizada
4229-CZMLL,0.7243,High,Visita urgente - oferta de retencion personalizada
1569-TTNYJ,0.7242,High,Visita urgente - oferta de retencion personalizada
1024-GUALD,0.724,High,Visita urgente - oferta de retencion personalizada
8348-HFYIV,0.724,High,Visita urgente - oferta de retencion personalizada
9846-GKXAS,0.724,High,Visita urgente - oferta de retencion personalizada
5482-PLVPE,0.7235,High,Visita urgente - oferta de retencion personalizada
9314-IJWSQ,0.7235,High,Visita urgente - oferta de retencion personalizada
6000-APYLU,0.7234,High,Visita urgente - oferta de retencion personalizada
9514-JDSKI,0.7232,High,Visita urgente - oferta de retencion personalizada
7858-GTZSP,0.723,High,Visita urgente - oferta de retencion personalizada
8010-EZLOU,0.7228,High,Visita urgente - oferta de retencion personalizada
5442-BHQNG,0.7226,High,Visita urgente - oferta de retencion personalizada
7495-OOKFY,0.7222,High,Visita urgente - oferta de retencion personalizada
2959-MJHIC,0.7222,High,Visita urgente - oferta de retencion personalizada
5889-LFOLL,0.7221,High,Visita urgente - oferta de retencion personalizada
8443-WVPSS,0.7218,High,Visita urgente - oferta de retencion personalizada
2984-AFWNC,0.7216,High,Visita urgente - oferta de retencion personalizada
9134-CEQMF,0.7215,High,Visita urgente - oferta de retencion personalizada
2951-QOQTK,0.7212,High,Visita urgente - oferta de retencion personalizada
9894-EZEWG,0.721,High,Visita urgente - oferta de retencion personalizada
3138-BKYAV,0.7208,High,Visita urgente - oferta de retencion personalizada
2027-FECZV,0.7194,High,Visita urgente - oferta de retencion personalizada
9840-EFJQB,0.7194,High,Visita urgente - oferta de retencion personalizada
0722-SVSFK,0.7193,High,Visita urgente - oferta de retencion personalizada
4749-OJKQU,0.7191,High,Visita urgente - oferta de retencion personalizada
0023-XUOPT,0.7187,High,Visita urgente - oferta de retencion personalizada
7823-JSOAG,0.7186,High,Visita urgente - oferta de retencion personalizada
5383-MMTWC,0.7186,High,Visita urgente - oferta de retencion personalizada
0306-JAELE,0.7182,High,Visita urgente - oferta de retencion personalizada
3422-GALYP,0.7173,High,Visita urgente - oferta de retencion personalizada
1184-PJVDB,0.7168,High,Visita urgente - oferta de retencion personalizada
1746-TGTWV,0.7166,High,Visita urgente - oferta de retencion personalizada
6630-UJZMY,0.7165,High,Visita urgente - oferta de retencion personalizada
8443-ZRDBZ,0.7164,High,Visita urgente - oferta de retencion personalizada
3217-FZDMN,0.7163,High,Visita urgente - oferta de retencion personalizada
7363-QTBIW,0.7161,High,Visita urgente - oferta de retencion personalizada
6496-SLWHQ,0.7153,High,Visita urgente - oferta de retencion personalizada
9058-CBREO,0.715,High,Visita urgente - oferta de retencion personalizada
5138-WVKYJ,0.7147,High,Visita urgente - oferta de retencion personalizada
7928-VJYAB,0.7144,High,Visita urgente - oferta de retencion personalizada
7394-FKDNK,0.714,High,Visita urgente - oferta de retencion personalizada
9367-WXLCH,0.7139,High,Visita urgente - oferta de retencion personalizada
5565-FILXA,0.7135,High,Visita urgente - oferta de retencion personalizada
2025-JKFWI,0.7133,High,Visita urgente - oferta de retencion personalizada
7145-FEJWU,0.7132,High,Visita urgente - oferta de retencion personalizada
4572-DVCGN,0.7131,High,Visita urgente - oferta de retencion personalizada
4629-NRXKX,0.7126,High,Visita urgente - oferta de retencion personalizada
7508-MYBOG,0.7125,High,Visita urgente - oferta de retencion personalizada
3338-CVVEH,0.712,High,Visita urgente - oferta de retencion personalizada
7613-LLQFO,0.7117,High,Visita urgente - oferta de retencion personalizada
8676-TRMJS,0.7115,High,Visita urgente - oferta de retencion personalizada
3727-RJMEO,0.7115,High,Visita urgente - oferta de retencion personalizada
8734-DKSTZ,0.7113,High,Visita urgente - oferta de retencion personalizada
2123-AGEEN,0.711,High,Visita urgente - oferta de retencion personalizada
4566-NECEV,0.7108,High,Visita urgente - oferta de retencion personalizada
0135-NMXAP,0.7105,High,Visita urgente - oferta de retencion personalizada
5442-XSDCW,0.7101,High,Visita urgente - oferta de retencion personalizada
9685-WKZGT,0.71,High,Visita urgente - oferta de retencion personalizada
5644-PDMZC,0.7098,High,Visita urgente - oferta de retencion personalizada
8481-YYXWG,0.7097,High,Visita urgente - oferta de retencion personalizada
9957-YODKZ,0.7096,High,Visita urgente - oferta de retencion personalizada
3721-CNEYS,0.7093,High,Visita urgente - oferta de retencion personalizada
0329-GTIAJ,0.7093,High,Visita urgente - oferta de retencion personalizada
8225-BTJAU,0.709,High,Visita urgente - oferta de retencion personalizada
6711-FLDFB,0.7089,High,Visita urgente - oferta de retencion personalizada
6060-DRTNL,0.7088,High,Visita urgente - oferta de retencion personalizada
5747-PMBSQ,0.7088,High,Visita urgente - oferta de retencion personalizada
5442-UTCVD,0.7085,High,Visita urgente - oferta de retencion personalizada
4817-QRJSX,0.7083,High,Visita urgente - oferta de retencion personalizada
6328-ZPBGN,0.7082,High,Visita urgente - oferta de retencion personalizada
1024-VRZHF,0.708,High,Visita urgente - oferta de retencion personalizada
4140-MUHUG,0.7078,High,Visita urgente - oferta de retencion personalizada
0302-JOIVN,0.7072,High,Visita urgente - oferta de retencion personalizada
8937-RDTHP,0.707,High,Visita urgente - oferta de retencion personalizada
2672-HUYVI,0.7068,High,Visita urgente - oferta de retencion personalizada
0219-YTZUE,0.7056,High,Visita urgente - oferta de retencion personalizada
9227-LUNBG,0.7053,High,Visita urgente - oferta de retencion personalizada
4315-MURBD,0.7052,High,Visita urgente - oferta de retencion personalizada
0876-WDUUZ,0.705,High,Visita urgente - oferta de retencion personalizada
4636-QRJKY,0.7047,High,Visita urgente - oferta de retencion personalizada
0916-QOFDP,0.7046,High,Visita urgente - oferta de retencion personalizada
2205-YMZZJ,0.7046,High,Visita urgente - oferta de retencion personalizada
4090-KPJIP,0.7045,High,Visita urgente - oferta de retencion personalizada
8854-CCVSQ,0.7045,High,Visita urgente - oferta de retencion personalizada
2180-DXNEG,0.7045,High,Visita urgente - oferta de retencion personalizada
4439-JMPMT,0.7044,High,Visita urgente - oferta de retencion personalizada
5928-QLDHB,0.7041,High,Visita urgente - oferta de retencion personalizada
7625-XCQRH,0.704,High,Visita urgente - oferta de retencion personalizada
3606-TWKGI,0.704,High,Visita urgente - oferta de retencion personalizada
1740-CSDJP,0.7038,High,Visita urgente - oferta de retencion personalizada
7242-QZLXF,0.7033,High,Visita urgente - oferta de retencion personalizada
9391-EOYLI,0.7033,High,Visita urgente - oferta de retencion personalizada
6502-HCJTI,0.7032,High,Visita urgente - oferta de retencion personalizada
8266-VBFQL,0.703,High,Visita urgente - oferta de retencion personalizada
5685-IIXLY,0.7025,High,Visita urgente - oferta de retencion personalizada
7379-POKDZ,0.7024,High,Visita urgente - oferta de retencion personalizada
1602-IJQQE,0.7022,High,Visita urgente - oferta de retencion personalizada
9237-HQITU,0.7021,High,Visita urgente - oferta de retencion personalizada
2265-CYWIV,0.7018,High,Visita urgente - oferta de retencion personalizada
3318-OSATS,0.7013,High,Visita urgente - oferta de retencion personalizada
4290-BSXUX,0.7013,High,Visita urgente - oferta de retencion personalizada
5028-GZLDO,0.7012,High,Visita urgente - oferta de retencion personalizada
1075-BGWOH,0.7011,High,Visita urgente - oferta de retencion personalizada
2055-PDADH,0.701,High,Visita urgente - oferta de retencion personalizada
4770-UEZOX,0.7001,High,Visita urgente - oferta de retencion personalizada
3106-ULWFW,0.7,High,Visita urgente - oferta de retencion personalizada
4021-RQSNY,0.6999,High,Visita urgente - oferta de retencion personalizada
7568-PODML,0.6996,High,Visita urgente - oferta de retencion personalizada
0872-NXJYS,0.6995,High,Visita urgente - oferta de retencion personalizada
3621-CEOVK,0.6988,High,Visita urgente - oferta de retencion personalizada
1867-BDVFH,0.6985,High,Visita urgente - oferta de retencion personalizada
7315-WYOAW,0.6981,High,Visita urgente - oferta de retencion personalizada
6905-NIQIN,0.6978,High,Visita urgente - oferta de retencion personalizada
0940-OUQEC,0.6978,High,Visita urgente - oferta de retencion personalizada
3737-GCSPV,0.6974,High,Visita urgente - oferta de retencion personalizada
6702-OHFWR,0.6973,High,Visita urgente - oferta de retencion personalizada
4729-XKASR,0.6973,High,Visita urgente - oferta de retencion personalizada
7912-SYRQT,0.6972,High,Visita urgente - oferta de retencion personalizada
8118-LSUEL,0.6972,High,Visita urgente - oferta de retencion personalizada
2103-ZRXFN,0.6972,High,Visita urgente - oferta de retencion personalizada
7786-WBJYI,0.6969,High,Visita urgente - oferta de retencion personalizada
8625-AZYZY,0.6963,High,Visita urgente - oferta de retencion personalizada
5299-RULOA,0.6962,High,Visita urgente - oferta de retencion personalizada
9231-ZJYAM,0.6961,High,Visita urgente - oferta de retencion personalizada
3751-KTZEL,0.696,High,Visita urgente - oferta de retencion personalizada
3143-JQEGI,0.696,High,Visita urgente - oferta de retencion personalizada
2272-QAGFO,0.6959,High,Visita urgente - oferta de retencion personalizada
2983-ZANRP,0.6955,High,Visita urgente - oferta de retencion personalizada
0875-CABNR,0.6949,High,Visita urgente - oferta de retencion personalizada
8993-PHFWD,0.6948,High,Visita urgente - oferta de retencion personalizada
8752-STIVR,0.6947,High,Visita urgente - oferta de retencion personalizada
7783-YKGDV,0.6941,High,Visita urgente - oferta de retencion personalizada
9221-OTIVJ,0.6941,High,Visita urgente - oferta de retencion personalizada
7892-POOKP,0.694,High,Visita urgente - oferta de retencion personalizada
4094-NSEDU,0.694,High,Visita urgente - oferta de retencion personalizada
4929-XIHVW,0.694,High,Visita urgente - oferta de retencion personalizada
3946-MHCZW,0.6939,High,Visita urgente - oferta de retencion personalizada
1200-TUZHR,0.6936,High,Visita urgente - oferta de retencion personalizada
3074-GQWYX,0.6933,High,Visita urgente - oferta de retencion personalizada
2876-GZYZC,0.6932,High,Visita urgente - oferta de retencion personalizada
9306-CPCBC,0.6931,High,Visita urgente - oferta de retencion personalizada
2657-VPXTA,0.6926,High,Visita urgente - oferta de retencion personalizada
8413-VONUO,0.6926,High,Visita urgente - oferta de retencion personalizada
7538-GWHML,0.6925,High,Visita urgente - oferta de retencion personalizada
9102-IAYHT,0.6925,High,Visita urgente - oferta de retencion personalizada
9547-ITEFG,0.6924,High,Visita urgente - oferta de retencion personalizada
4132-KALRO,0.6923,High,Visita urgente - oferta de retencion personalizada
4587-VVTOX,0.6922,High,Visita urgente - oferta de retencion personalizada
2454-RPBRZ,0.6921,High,Visita urgente - oferta de retencion personalizada
4369-HTUIF,0.692,High,Visita urgente - oferta de retencion personalizada
4193-ORFCL,0.6919,High,Visita urgente - oferta de retencion personalizada
0334-GDDSO,0.6916,High,Visita urgente - oferta de retencion personalizada
1195-OIYEJ,0.6914,High,Visita urgente - oferta de retencion personalizada
8280-MQRQN,0.6909,High,Visita urgente - oferta de retencion personalizada
7321-PKUYW,0.6907,High,Visita urgente - oferta de retencion personalizada
6390-DSAZX,0.6906,High,Visita urgente - oferta de retencion personalizada
2845-HSJCY,0.6904,High,Visita urgente - oferta de retencion personalizada
3797-VTIDR,0.6904,High,Visita urgente - oferta de retencion personalizada
0702-PGIBZ,0.6902,High,Visita urgente - oferta de retencion personalizada
3489-HHPFY,0.6901,High,Visita urgente - oferta de retencion personalizada
7074-IEVOJ,0.69,High,Visita urgente - oferta de retencion personalizada
0689-NKYLF,0.6897,High,Visita urgente - oferta de retencion personalizada
5095-AESKG,0.6896,High,Visita urgente - oferta de retencion personalizada
6543-XRMYR,0.6891,High,Visita urgente - oferta de retencion personalizada
9560-ARGQJ,0.6886,High,Visita urgente - oferta de retencion personalizada
8844-TONUD,0.688,High,Visita urgente - oferta de retencion personalizada
7365-BVCJH,0.6879,High,Visita urgente - oferta de retencion personalizada
1334-FJSVR,0.6879,High,Visita urgente - oferta de retencion personalizada
3627-FHKBK,0.6877,High,Visita urgente - oferta de retencion personalizada
4060-LDNLU,0.687,High,Visita urgente - oferta de retencion personalizada
3317-HRTNN,0.6868,High,Visita urgente - oferta de retencion personalizada
4585-HETAI,0.6864,High,Visita urgente - oferta de retencion personalizada
7693-LCKZL,0.6863,High,Visita urgente - oferta de retencion personalizada
8118-TJAFG,0.6861,High,Visita urgente - oferta de retencion personalizada
4236-UJPWO,0.6859,High,Visita urgente - oferta de retencion personalizada
8868-WOZGU,0.6858,High,Visita urgente - oferta de retencion personalizada
1268-ASBGA,0.6856,High,Visita urgente - oferta de retencion personalizada
8687-BAFGU,0.6855,High,Visita urgente - oferta de retencion personalizada
3320-VEOYC,0.6855,High,Visita urgente - oferta de retencion personalizada
7240-ETPTR,0.6853,High,Visita urgente - oferta de retencion personalizada
9763-PDTKK,0.6851,High,Visita urgente - oferta de retencion personalizada
4884-ZTHVF,0.685,High,Visita urgente - oferta de retencion personalizada
0013-EXCHZ,0.6849,High,Visita urgente - oferta de retencion personalizada
7384-GHBPI,0.6849,High,Visita urgente - oferta de retencion personalizada
4706-AXVKM,0.6847,High,Visita urgente - oferta de retencion personalizada
6645-MXQJT,0.6842,High,Visita urgente - oferta de retencion personalizada
7250-EQKIY,0.6835,High,Visita urgente - oferta de retencion personalizada
6821-BUXUX,0.6834,High,Visita urgente - oferta de retencion personalizada
1196-AMORA,0.6831,High,Visita urgente - oferta de retencion personalizada
1236-WFCDV,0.6828,High,Visita urgente - oferta de retencion personalizada
5357-TZHPP,0.6825,High,Visita urgente - oferta de retencion personalizada
1173-XZPYF,0.6823,High,Visita urgente - oferta de retencion personalizada
4547-KQRTM,0.6819,High,Visita urgente - oferta de retencion personalizada
0396-YCHWO,0.6815,High,Visita urgente - oferta de retencion personalizada
8132-YPVBX,0.6804,High,Visita urgente - oferta de retencion personalizada
1571-SAVHK,0.6804,High,Visita urgente - oferta de retencion personalizada
5956-YHHRX,0.6803,High,Visita urgente - oferta de retencion personalizada
4749-VFKVB,0.6801,High,Visita urgente - oferta de retencion personalizada
8080-DDEMJ,0.6798,High,Visita urgente - oferta de retencion personalizada
1583-IHQZE,0.679,High,Visita urgente - oferta de retencion personalizada
7861-UVUFT,0.6789,High,Visita urgente - oferta de retencion personalizada
7392-YYPYJ,0.6787,High,Visita urgente - oferta de retencion personalizada
9250-WYPLL,0.6786,High,Visita urgente - oferta de retencion personalizada
2985-FMWYF,0.6783,High,Visita urgente - oferta de retencion personalizada
6856-RAURS,0.678,High,Visita urgente - oferta de retencion personalizada
0923-PNFUB,0.678,High,Visita urgente - oferta de retencion personalizada
4706-DGAHW,0.6779,High,Visita urgente - oferta de retencion personalizada
1342-JPNKI,0.6777,High,Visita urgente - oferta de retencion personalizada
0378-TOVMS,0.6777,High,Visita urgente - oferta de retencion personalizada
9696-RMYBA,0.6776,High,Visita urgente - oferta de retencion personalizada
2344-JMOGN,0.6775,High,Visita urgente - oferta de retencion personalizada
2018-PZKMU,0.6772,High,Visita urgente - oferta de retencion personalizada
1866-OBPNR,0.6772,High,Visita urgente - oferta de retencion personalizada
2688-BHGOG,0.677,High,Visita urgente - oferta de retencion personalizada
7079-QRCBC,0.6769,High,Visita urgente - oferta de retencion personalizada
7252-NTGSS,0.6769,High,Visita urgente - oferta de retencion personalizada
9874-QLCLH,0.6767,High,Visita urgente - oferta de retencion personalizada
8861-HGGKB,0.6762,High,Visita urgente - oferta de retencion personalizada
9189-JWSHV,0.6761,High,Visita urgente - oferta de retencion personalizada
5119-NZPTV,0.676,High,Visita urgente - oferta de retencion personalizada
6298-QDFNH,0.6759,High,Visita urgente - oferta de retencion personalizada
4929-BSTRX,0.6753,High,Visita urgente - oferta de retencion personalizada
5883-GTGVD,0.6752,High,Visita urgente - oferta de retencion personalizada
2674-MIAHT,0.6748,High,Visita urgente - oferta de retencion personalizada
7969-AULMZ,0.6748,High,Visita urgente - oferta de retencion personalizada
2495-INZWQ,0.6742,High,Visita urgente - oferta de retencion personalizada
3249-ZPQRG,0.6739,High,Visita urgente - oferta de retencion personalizada
8111-RKSPX,0.673,High,Visita urgente - oferta de retencion personalizada
6087-MVHJH,0.673,High,Visita urgente - oferta de retencion personalizada
2862-PFNIK,0.6727,High,Visita urgente - oferta de retencion personalizada
5339-PXDVH,0.6727,High,Visita urgente - oferta de retencion personalizada
8519-IMDHU,0.6726,High,Visita urgente - oferta de retencion personalizada
9840-DVNDC,0.672,High,Visita urgente - oferta de retencion personalizada
5229-PRWKT,0.6719,High,Visita urgente - oferta de retencion personalizada
7615-ESMYF,0.6719,High,Visita urgente - oferta de retencion personalizada
1579-KLYDT,0.6716,High,Visita urgente - oferta de retencion personalizada
2080-GKCWQ,0.671,High,Visita urgente - oferta de retencion personalizada
2959-FENLU,0.6708,High,Visita urgente - oferta de retencion personalizada
8107-KNCIM,0.6705,High,Visita urgente - oferta de retencion personalizada
8065-YKXKD,0.6705,High,Visita urgente - oferta de retencion personalizada
5480-HPRRX,0.6704,High,Visita urgente - oferta de retencion personalizada
9809-IMGCQ,0.6703,High,Visita urgente - oferta de retencion personalizada
8087-LGYHQ,0.6697,High,Visita urgente - oferta de retencion personalizada
7354-OIJLX,0.6696,High,Visita urgente - oferta de retencion personalizada
2754-XBHTB,0.6694,High,Visita urgente - oferta de retencion personalizada
9185-TQCVP,0.6692,High,Visita urgente - oferta de retencion personalizada
4633-MKHYU,0.669,High,Visita urgente - oferta de retencion personalizada
5047-LHVLY,0.669,High,Visita urgente - oferta de retencion personalizada
5519-NPHVG,0.6685,High,Visita urgente - oferta de retencion personalizada
3677-IYRBF,0.6684,High,Visita urgente - oferta de retencion personalizada
5429-LWCMV,0.6679,High,Visita urgente - oferta de retencion personalizada
2592-SEIFQ,0.6679,High,Visita urgente - oferta de retencion personalizada
2468-SJFLM,0.6678,High,Visita urgente - oferta de retencion personalizada
4282-YMKNA,0.6673,High,Visita urgente - oferta de retencion personalizada
3440-JPSCL,0.6669,High,Visita urgente - oferta de retencion personalizada
4115-NZRKS,0.6669,High,Visita urgente - oferta de retencion personalizada
8245-UMPYT,0.6667,High,Visita urgente - oferta de retencion personalizada
8622-ZLFKO,0.6663,High,Visita urgente - oferta de retencion personalizada
1428-GTBJJ,0.6656,High,Visita urgente - oferta de retencion personalizada
8642-GVWRF,0.6651,High,Visita urgente - oferta de retencion personalizada
0947-MUGVO,0.6651,High,Visita urgente - oferta de retencion personalizada
7402-EYFXX,0.665,High,Visita urgente - oferta de retencion personalizada
7273-TEFQD,0.6647,High,Visita urgente - oferta de retencion personalizada
6818-DJXAA,0.6647,High,Visita urgente - oferta de retencion personalizada
8337-MSSXB,0.6647,High,Visita urgente - oferta de retencion personalizada
4631-OACRM,0.6643,High,Visita urgente - oferta de retencion personalizada
4236-XPXAV,0.6642,High,Visita urgente - oferta de retencion personalizada
4283-FUTGF,0.664,High,Visita urgente - oferta de retencion personalizada
1960-UYCNN,0.664,High,Visita urgente - oferta de retencion personalizada
6029-WTIPC,0.6639,High,Visita urgente - oferta de retencion personalizada
8837-VVWLQ,0.6637,High,Visita urgente - oferta de retencion personalizada
7225-CBZPL,0.6635,High,Visita urgente - oferta de retencion personalizada
9095-HFAFX,0.6634,High,Visita urgente - oferta de retencion personalizada
4077-CROMM,0.6634,High,Visita urgente - oferta de retencion personalizada
6128-CZOMY,0.6634,High,Visita urgente - oferta de retencion personalizada
6860-YRJZP,0.6633,High,Visita urgente - oferta de retencion personalizada
3916-NRPAP,0.6633,High,Visita urgente - oferta de retencion personalizada
1976-CFOCS,0.6632,High,Visita urgente - oferta de retencion personalizada
9430-FRQOC,0.663,High,Visita urgente - oferta de retencion personalizada
6956-SMUCM,0.6621,High,Visita urgente - oferta de retencion personalizada
3703-VAVCL,0.6618,High,Visita urgente - oferta de retencion personalizada
4154-AQUGT,0.6615,High,Visita urgente - oferta de retencion personalizada
0529-ONKER,0.6614,High,Visita urgente - oferta de retencion personalizada
7054-LGEQW,0.6612,High,Visita urgente - oferta de retencion personalizada
1845-ZLLIG,0.6611,High,Visita urgente - oferta de retencion personalizada
2357-COQEK,0.6609,High,Visita urgente - oferta de retencion personalizada
5908-QMGOE,0.6603,High,Visita urgente - oferta de retencion personalizada
2984-MIIZL,0.6602,High,Visita urgente - oferta de retencion personalizada
4395-PZMSN,0.66,High,Visita urgente - oferta de retencion personalizada
1658-BYGOY,0.66,High,Visita urgente - oferta de retencion personalizada
2880-FPNAE,0.6593,High,Visita urgente - oferta de retencion personalizada
7044-YAACC,0.6593,High,Visita urgente - oferta de retencion personalizada
2386-LAHRK,0.6591,High,Visita urgente - oferta de retencion personalizada
3295-YVUSR,0.6591,High,Visita urgente - oferta de retencion personalizada
1565-RHDJD,0.6589,High,Visita urgente - oferta de retencion personalizada
6582-OIVSP,0.6587,High,Visita urgente - oferta de retencion personalizada
9799-CAYJJ,0.6586,High,Visita urgente - oferta de retencion personalizada
3644-QXEHN,0.6585,High,Visita urgente - oferta de retencion personalizada
2135-DQWAQ,0.6583,High,Visita urgente - oferta de retencion personalizada
7831-QGOXH,0.6582,High,Visita urgente - oferta de retencion personalizada
0939-YAPAF,0.658,High,Visita urgente - oferta de retencion personalizada
0772-GYEQQ,0.6576,High,Visita urgente - oferta de retencion personalizada
1309-BXVOQ,0.6575,High,Visita urgente - oferta de retencion personalizada
6892-XPFPU,0.6574,High,Visita urgente - oferta de retencion personalizada
9253-QXKBE,0.6571,High,Visita urgente - oferta de retencion personalizada
9889-TMAHG,0.6571,High,Visita urgente - oferta de retencion personalizada
1112-CUNAO,0.6568,High,Visita urgente - oferta de retencion personalizada
1792-UXAFY,0.6566,High,Visita urgente - oferta de retencion personalizada
2135-RXIHG,0.6565,High,Visita urgente - oferta de retencion personalizada
2082-CEFLT,0.6565,High,Visita urgente - oferta de retencion personalizada
4813-HQMGZ,0.6562,High,Visita urgente - oferta de retencion personalizada
6198-ZFIOJ,0.6561,High,Visita urgente - oferta de retencion personalizada
1612-EOHDH,0.6556,High,Visita urgente - oferta de retencion personalizada
7767-UXAGJ,0.6553,High,Visita urgente - oferta de retencion personalizada
4059-IIEBK,0.6552,High,Visita urgente - oferta de retencion personalizada
5103-MHMHY,0.6551,High,Visita urgente - oferta de retencion personalizada
9717-QEBGU,0.6551,High,Visita urgente - oferta de retencion personalizada
9121-PHQSR,0.655,High,Visita urgente - oferta de retencion personalizada
7072-MBHEV,0.655,High,Visita urgente - oferta de retencion personalizada
3957-LXOLK,0.6549,High,Visita urgente - oferta de retencion personalizada
0840-DFEZH,0.6547,High,Visita urgente - oferta de retencion personalizada
0011-IGKFF,0.6546,High,Visita urgente - oferta de retencion personalizada
7825-GKXMW,0.6544,High,Visita urgente - oferta de retencion personalizada
5288-AHOUP,0.654,High,Visita urgente - oferta de retencion personalizada
8242-SOQUO,0.6535,High,Visita urgente - oferta de retencion personalizada
6551-GNYDG,0.6532,High,Visita urgente - oferta de retencion personalizada
8541-QVFKM,0.6529,High,Visita urgente - oferta de retencion personalizada
4030-VPZBD,0.6527,High,Visita urgente - oferta de retencion personalizada
7065-YUNRY,0.6527,High,Visita urgente - oferta de retencion personalizada
5923-GXUOC,0.652,High,Visita urgente - oferta de retencion personalizada
4735-ASGMA,0.6512,High,Visita urgente - oferta de retencion personalizada
8665-UTDHZ,0.6512,High,Visita urgente - oferta de retencion personalizada
6496-JDSSB,0.6511,High,Visita urgente - oferta de retencion personalizada
5649-ANRML,0.6511,High,Visita urgente - oferta de retencion personalizada
5233-GEEAX,0.6511,High,Visita urgente - oferta de retencion personalizada
7249-WBIYX,0.6506,High,Visita urgente - oferta de retencion personalizada
6608-QQLVK,0.6506,High,Visita urgente - oferta de retencion personalizada
8696-JKZNU,0.6506,High,Visita urgente - oferta de retencion personalizada
5955-ERIHD,0.6505,High,Visita urgente - oferta de retencion personalizada
5935-FCCNB,0.6501,High,Visita urgente - oferta de retencion personalizada
5077-DXTCG,0.6497,High,Visita urgente - oferta de retencion personalizada
2187-PKZAY,0.6495,High,Visita urgente - oferta de retencion personalizada
4795-KTRTH,0.6494,High,Visita urgente - oferta de retencion personalizada
5244-IRFIH,0.6492,High,Visita urgente - oferta de retencion personalizada
2656-FMOKZ,0.649,High,Visita urgente - oferta de retencion personalizada
7754-IXRMC,0.6488,High,Visita urgente - oferta de retencion personalizada
0495-ZBNGW,0.6488,High,Visita urgente - oferta de retencion personalizada
6393-WRYZE,0.6485,High,Visita urgente - oferta de retencion personalizada
0236-HFWSV,0.6483,High,Visita urgente - oferta de retencion personalizada
3096-GKWEB,0.6482,High,Visita urgente - oferta de retencion personalizada
1624-WOIWJ,0.6482,High,Visita urgente - oferta de retencion personalizada
4298-OYIFC,0.6478,High,Visita urgente - oferta de retencion personalizada
7359-PTSXY,0.6476,High,Visita urgente - oferta de retencion personalizada
5760-IFJOZ,0.6476,High,Visita urgente - oferta de retencion personalizada
6100-QQHEB,0.6476,High,Visita urgente - oferta de retencion personalizada
2897-DOVND,0.6474,High,Visita urgente - oferta de retencion personalizada
8017-LXHFA,0.6472,High,Visita urgente - oferta de retencion personalizada
2833-SLKDQ,0.6469,High,Visita urgente - oferta de retencion personalizada
7734-DBOAI,0.6467,High,Visita urgente - oferta de retencion personalizada
2919-HBCJO,0.6466,High,Visita urgente - oferta de retencion personalizada
9828-AOQLM,0.6465,High,Visita urgente - oferta de retencion personalizada
0125-LZQXK,0.6464,High,Visita urgente - oferta de retencion personalizada
6127-IYJOZ,0.6464,High,Visita urgente - oferta de retencion personalizada
2774-LVQUS,0.6463,High,Visita urgente - oferta de retencion personalizada
3932-CMDTD,0.6462,High,Visita urgente - oferta de retencion personalizada
4450-DLLMH,0.6461,High,Visita urgente - oferta de retencion personalizada
8008-HAWED,0.6455,High,Visita urgente - oferta de retencion personalizada
3420-YJLQT,0.6455,High,Visita urgente - oferta de retencion personalizada
0258-NOKBL,0.6454,High,Visita urgente - oferta de retencion personalizada
1626-ERCMM,0.6453,High,Visita urgente - oferta de retencion personalizada
4123-DVHPH,0.6452,High,Visita urgente - oferta de retencion personalizada
2026-TGDHM,0.6448,High,Visita urgente - oferta de retencion personalizada
4441-NIHPT,0.6447,High,Visita urgente - oferta de retencion personalizada
9360-OMDZZ,0.6445,High,Visita urgente - oferta de retencion personalizada
1379-FRVEB,0.6431,High,Visita urgente - oferta de retencion personalizada
6347-DCUIK,0.6429,High,Visita urgente - oferta de retencion personalizada
8802-UNOJF,0.6428,High,Visita urgente - oferta de retencion personalizada
9334-GWGOW,0.6423,High,Visita urgente - oferta de retencion personalizada
9647-ERGBE,0.6422,High,Visita urgente - oferta de retencion personalizada
6692-UDPJC,0.6418,High,Visita urgente - oferta de retencion personalizada
4817-VYYWS,0.6417,High,Visita urgente - oferta de retencion personalizada
1963-SVUCV,0.6416,High,Visita urgente - oferta de retencion personalizada
5552-ZNFSJ,0.6416,High,Visita urgente - oferta de retencion personalizada
5261-QSHQM,0.6415,High,Visita urgente - oferta de retencion personalizada
8182-BJDSI,0.6413,High,Visita urgente - oferta de retencion personalizada
2799-ARNLO,0.6412,High,Visita urgente - oferta de retencion personalizada
5399-ZIMKF,0.6408,High,Visita urgente - oferta de retencion personalizada
8808-ELEHO,0.6406,High,Visita urgente - oferta de retencion personalizada
7590-VHVEG,0.6403,High,Visita urgente - oferta de retencion personalizada
1513-XNPPH,0.6402,High,Visita urgente - oferta de retencion personalizada
3413-BMNZE,0.64,High,Visita urgente - oferta de retencion personalizada
0928-JMXNP,0.6399,High,Visita urgente - oferta de retencion personalizada
2408-WITXK,0.6397,High,Visita urgente - oferta de retencion personalizada
2430-USGXP,0.6395,High,Visita urgente - oferta de retencion personalizada
1219-NNDDO,0.6393,High,Visita urgente - oferta de retencion personalizada
4919-IKATY,0.6393,High,Visita urgente - oferta de retencion personalizada
9940-HPQPG,0.6392,High,Visita urgente - oferta de retencion personalizada
0508-OOLTO,0.6386,High,Visita urgente - oferta de retencion personalizada
6376-GAHQE,0.6383,High,Visita urgente - oferta de retencion personalizada
5696-QURRL,0.6382,High,Visita urgente - oferta de retencion personalizada
5692-FPTAH,0.6381,High,Visita urgente - oferta de retencion personalizada
2275-RBYQS,0.6381,High,Visita urgente - oferta de retencion personalizada
5842-POCOP,0.638,High,Visita urgente - oferta de retencion personalizada
1522-VVDMG,0.6379,High,Visita urgente - oferta de retencion personalizada
8066-POXGX,0.6375,High,Visita urgente - oferta de retencion personalizada
7638-QVMVY,0.6374,High,Visita urgente - oferta de retencion personalizada
3372-KWFBM,0.6374,High,Visita urgente - oferta de retencion personalizada
9564-KCLHR,0.6373,High,Visita urgente - oferta de retencion personalizada
1254-IZEYF,0.6373,High,Visita urgente - oferta de retencion personalizada
2081-VEYEH,0.6364,High,Visita urgente - oferta de retencion personalizada
2397-BRLOM,0.6357,High,Visita urgente - oferta de retencion personalizada
2792-LSHWX,0.6357,High,Visita urgente - oferta de retencion personalizada
5652-MSDEY,0.6355,High,Visita urgente - oferta de retencion personalizada
4423-YLHDV,0.6352,High,Visita urgente - oferta de retencion personalizada
8393-DLHGA,0.635,High,Visita urgente - oferta de retencion personalizada
3914-FDRHP,0.6346,High,Visita urgente - oferta de retencion personalizada
0112-QAWRZ,0.6344,High,Visita urgente - oferta de retencion personalizada
2235-DWLJU,0.6343,High,Visita urgente - oferta de retencion personalizada
3488-PGMQJ,0.6341,High,Visita urgente - oferta de retencion personalizada
9244-ZVAPM,0.6338,High,Visita urgente - oferta de retencion personalizada
5879-SESNB,0.6335,High,Visita urgente - oferta de retencion personalizada
0727-IWKVK,0.6335,High,Visita urgente - oferta de retencion personalizada
4373-MAVJG,0.6333,High,Visita urgente - oferta de retencion personalizada
6689-TCZHQ,0.6333,High,Visita urgente - oferta de retencion personalizada
3672-YITQD,0.633,High,Visita urgente - oferta de retencion personalizada
4505-EXZHB,0.6329,High,Visita urgente - oferta de retencion personalizada
8325-QRPZR,0.6328,High,Visita urgente - oferta de retencion personalizada
0644-OQMDK,0.6326,High,Visita urgente - oferta de retencion personalizada
2249-YPRNG,0.6323,High,Visita urgente - oferta de retencion personalizada
6175-IRFIT,0.6322,High,Visita urgente - oferta de retencion personalizada
4074-SJFFA,0.6321,High,Visita urgente - oferta de retencion personalizada
3755-JBMNH,0.6321,High,Visita urgente - oferta de retencion personalizada
6918-UMQCG,0.6317,High,Visita urgente - oferta de retencion personalizada
0637-UBJRP,0.6314,High,Visita urgente - oferta de retencion personalizada
8313-NDOIA,0.6311,High,Visita urgente - oferta de retencion personalizada
7517-LDMPS,0.6303,High,Visita urgente - oferta de retencion personalizada
3753-TSEMP,0.6302,High,Visita urgente - oferta de retencion personalizada
5655-JSMZM,0.6298,High,Visita urgente - oferta de retencion personalizada
3926-CUQZX,0.6289,High,Visita urgente - oferta de retencion personalizada
4385-GZQXV,0.6289,High,Visita urgente - oferta de retencion personalizada
3671-SHRSP,0.6287,High,Visita urgente - oferta de retencion personalizada
2636-OHFMN,0.6282,High,Visita urgente - oferta de retencion personalizada
4184-TJFAN,0.6281,High,Visita urgente - oferta de retencion personalizada
2207-NHRJK,0.6281,High,Visita urgente - oferta de retencion personalizada
5937-EORGB,0.628,High,Visita urgente - oferta de retencion personalizada
7794-JASDG,0.628,High,Visita urgente - oferta de retencion personalizada
9239-ZBZZV,0.628,High,Visita urgente - oferta de retencion personalizada
6986-IXNDM,0.6279,High,Visita urgente - oferta de retencion personalizada
9606-PBKBQ,0.6278,High,Visita urgente - oferta de retencion personalizada
2232-DMLXU,0.6277,High,Visita urgente - oferta de retencion personalizada
3096-IZETN,0.6275,High,Visita urgente - oferta de retencion personalizada
0887-HJGAR,0.6275,High,Visita urgente - oferta de retencion personalizada
9117-SHLZX,0.6275,High,Visita urgente - oferta de retencion personalizada
1689-YQBYY,0.6273,High,Visita urgente - oferta de retencion personalizada
5712-PTIWW,0.6273,High,Visita urgente - oferta de retencion personalizada
4910-AQFFX,0.6272,High,Visita urgente - oferta de retencion personalizada
3334-CTHOL,0.6267,High,Visita urgente - oferta de retencion personalizada
7426-RHZGU,0.6266,High,Visita urgente - oferta de retencion personalizada
9907-SWKKF,0.6262,High,Visita urgente - oferta de retencion personalizada
6185-TASNN,0.6259,High,Visita urgente - oferta de retencion personalizada
3329-WDIOK,0.6259,High,Visita urgente - oferta de retencion personalizada
8290-YWKHZ,0.6258,High,Visita urgente - oferta de retencion personalizada
2034-CGRHZ,0.6255,High,Visita urgente - oferta de retencion personalizada
9402-ORRAH,0.6252,High,Visita urgente - oferta de retencion personalizada
4559-UWIHT,0.6251,High,Visita urgente - oferta de retencion personalizada
4237-RLAQD,0.6246,High,Visita urgente - oferta de retencion personalizada
6888-SBYAI,0.6243,High,Visita urgente - oferta de retencion personalizada
4317-VTEOA,0.6238,High,Visita urgente - oferta de retencion personalizada
1660-HSOOQ,0.6229,High,Visita urgente - oferta de retencion personalizada
5729-KLZAR,0.622,High,Visita urgente - oferta de retencion personalizada
8695-WDYEA,0.6219,High,Visita urgente - oferta de retencion personalizada
6712-OAWRH,0.6213,High,Visita urgente - oferta de retencion personalizada
2362-IBOOY,0.621,High,Visita urgente - oferta de retencion personalizada
6959-UWKHF,0.621,High,Visita urgente - oferta de retencion personalizada
0378-NHQXU,0.621,High,Visita urgente - oferta de retencion personalizada
5382-SOYZL,0.621,High,Visita urgente - oferta de retencion personalizada
7593-XFKDI,0.6207,High,Visita urgente - oferta de retencion personalizada
8739-WWKDU,0.6204,High,Visita urgente - oferta de retencion personalizada
4301-VVZKA,0.6204,High,Visita urgente - oferta de retencion personalizada
6317-YPKDH,0.6204,High,Visita urgente - oferta de retencion personalizada
5947-SGKCL,0.6204,High,Visita urgente - oferta de retencion personalizada
3855-ONCAR,0.6203,High,Visita urgente - oferta de retencion personalizada
6331-EWIEB,0.6201,High,Visita urgente - oferta de retencion personalizada
4919-MOAVT,0.62,High,Visita urgente - oferta de retencion personalizada
2955-BJZHG,0.6193,High,Visita urgente - oferta de retencion personalizada
0207-MDKNV,0.6192,High,Visita urgente - oferta de retencion personalizada
3411-WLRSQ,0.6184,High,Visita urgente - oferta de retencion personalizada
0365-BZUWY,0.6184,High,Visita urgente - oferta de retencion personalizada
3269-ATYWD,0.6182,High,Visita urgente - oferta de retencion personalizada
3966-HRMZA,0.6181,High,Visita urgente - oferta de retencion personalizada
5133-POWUA,0.618,High,Visita urgente - oferta de retencion personalizada
2740-TVLFN,0.6175,High,Visita urgente - oferta de retencion personalizada
0265-EDXBD,0.6174,High,Visita urgente - oferta de retencion personalizada
3550-SAHFP,0.6173,High,Visita urgente - oferta de retencion personalizada
2947-DOMLJ,0.6166,High,Visita urgente - oferta de retencion personalizada
4482-EWFMI,0.6166,High,Visita urgente - oferta de retencion personalizada
3566-HJGPK,0.6165,High,Visita urgente - oferta de retencion personalizada
8272-ONJLV,0.6165,High,Visita urgente - oferta de retencion personalizada
8063-GBATB,0.6163,High,Visita urgente - oferta de retencion personalizada
3374-LXDEV,0.6159,High,Visita urgente - oferta de retencion personalizada
6168-WFVVF,0.6155,High,Visita urgente - oferta de retencion personalizada
1092-GANHU,0.6148,High,Visita urgente - oferta de retencion personalizada
4536-PLEQY,0.6147,High,Visita urgente - oferta de retencion personalizada
4351-QLCSU,0.6146,High,Visita urgente - oferta de retencion personalizada
1226-IENZN,0.6146,High,Visita urgente - oferta de retencion personalizada
3990-QYKBE,0.6145,High,Visita urgente - oferta de retencion personalizada
9172-JITSM,0.6144,High,Visita urgente - oferta de retencion personalizada
0362-ZBZWJ,0.6144,High,Visita urgente - oferta de retencion personalizada
3540-RZJYU,0.6137,High,Visita urgente - oferta de retencion personalizada
6166-ILMNY,0.6137,High,Visita urgente - oferta de retencion personalizada
8922-LIEGH,0.6136,High,Visita urgente - oferta de retencion personalizada
3640-PHQXK,0.6132,High,Visita urgente - oferta de retencion personalizada
4013-TLDHQ,0.6126,High,Visita urgente - oferta de retencion personalizada
6032-IGALN,0.6125,High,Visita urgente - oferta de retencion personalizada
0952-KMEEH,0.6124,High,Visita urgente - oferta de retencion personalizada
5276-KQWHG,0.612,High,Visita urgente - oferta de retencion personalizada
6786-OBWQR,0.6119,High,Visita urgente - oferta de retencion personalizada
1271-SJBGZ,0.6112,High,Visita urgente - oferta de retencion personalizada
8111-SLLHI,0.6107,High,Visita urgente - oferta de retencion personalizada
5669-SRAIP,0.6099,High,Visita urgente - oferta de retencion personalizada
3165-HDOEW,0.6096,High,Visita urgente - oferta de retencion personalizada
3663-MITLP,0.6095,High,Visita urgente - oferta de retencion personalizada
5143-EGQFK,0.6095,High,Visita urgente - oferta de retencion personalizada
3317-VLGQT,0.6092,High,Visita urgente - oferta de retencion personalizada
2905-KFQUV,0.6092,High,Visita urgente - oferta de retencion personalizada
7537-RBWEA,0.6089,High,Visita urgente - oferta de retencion personalizada
2359-KMGLI,0.6089,High,Visita urgente - oferta de retencion personalizada
4763-PGDPO,0.6088,High,Visita urgente - oferta de retencion personalizada
2311-QYMUQ,0.6082,High,Visita urgente - oferta de retencion personalizada
4598-XLKNJ,0.6081,High,Visita urgente - oferta de retencion personalizada
9330-IJWIO,0.6078,High,Visita urgente - oferta de retencion personalizada
9537-VHDTA,0.6077,High,Visita urgente - oferta de retencion personalizada
3001-CBHLQ,0.6071,High,Visita urgente - oferta de retencion personalizada
0661-XEYAN,0.6068,High,Visita urgente - oferta de retencion personalizada
1496-GGSUK,0.6068,High,Visita urgente - oferta de retencion personalizada
2091-RFFBA,0.6065,High,Visita urgente - oferta de retencion personalizada
3750-CKVKH,0.6062,High,Visita urgente - oferta de retencion personalizada
3538-WZPHD,0.6062,High,Visita urgente - oferta de retencion personalizada
6032-KRXXO,0.6059,High,Visita urgente - oferta de retencion personalizada
8417-FMLZI,0.6057,High,Visita urgente - oferta de retencion personalizada
8260-NGFNY,0.6056,High,Visita urgente - oferta de retencion personalizada
2568-OIADY,0.6054,High,Visita urgente - oferta de retencion personalizada
9992-RRAMN,0.6053,High,Visita urgente - oferta de retencion personalizada
7018-WBJNK,0.605,High,Visita urgente - oferta de retencion personalizada
1771-OADNZ,0.6045,High,Visita urgente - oferta de retencion personalizada
1866-RZZQS,0.6044,High,Visita urgente - oferta de retencion personalizada
7758-XKCBS,0.6041,High,Visita urgente - oferta de retencion personalizada
0248-IPDFW,0.6038,High,Visita urgente - oferta de retencion personalizada
7511-YMXVQ,0.6035,High,Visita urgente - oferta de retencion personalizada
4433-JCGCG,0.6035,High,Visita urgente - oferta de retencion personalizada
3565-UNOCC,0.6031,High,Visita urgente - oferta de retencion personalizada
0432-CAJZV,0.603,High,Visita urgente - oferta de retencion personalizada
5649-VUKMC,0.603,High,Visita urgente - oferta de retencion personalizada
7890-VYYWG,0.6027,High,Visita urgente - oferta de retencion personalizada
1262-OPMFY,0.6023,High,Visita urgente - oferta de retencion personalizada
8714-CTZJW,0.6022,High,Visita urgente - oferta de retencion personalizada
6993-OHLXR,0.6017,High,Visita urgente - oferta de retencion personalizada
9947-OTFQU,0.6017,High,Visita urgente - oferta de retencion personalizada
6339-YPSAH,0.6017,High,Visita urgente - oferta de retencion personalizada
0506-LVNGN,0.6014,High,Visita urgente - oferta de retencion personalizada
5600-KTXFM,0.6013,High,Visita urgente - oferta de retencion personalizada
3629-ZNKXA,0.6013,High,Visita urgente - oferta de retencion personalizada
4847-QNOKA,0.6013,High,Visita urgente - oferta de retencion personalizada
4983-CCWMC,0.6011,High,Visita urgente - oferta de retencion personalizada
5449-FIBXJ,0.601,High,Visita urgente - oferta de retencion personalizada
3199-XGZCY,0.6009,High,Visita urgente - oferta de retencion personalizada
2371-JQHZZ,0.6007,High,Visita urgente - oferta de retencion personalizada
0004-TLHLJ,0.6006,High,Visita urgente - oferta de retencion personalizada
3376-BMGFE,0.6003,High,Visita urgente - oferta de retencion personalizada
4846-WHAFZ,0.6002,High,Visita urgente - oferta de retencion personalizada
2209-XADXF,0.6,High,Visita urgente - oferta de retencion personalizada
8063-RJYNF,0.5999,High,Visita urgente - oferta de retencion personalizada
7442-YGZFK,0.5997,High,Visita urgente - oferta de retencion personalizada
6221-AVQYL,0.5995,High,Visita urgente - oferta de retencion personalizada
3254-YRILK,0.5989,High,Visita urgente - oferta de retencion personalizada
1918-ZBFQJ,0.5989,High,Visita urgente - oferta de retencion personalizada
2979-SXESE,0.5989,High,Visita urgente - oferta de retencion personalizada
5228-EXCET,0.5988,High,Visita urgente - oferta de retencion personalizada
7503-QQRVF,0.5987,High,Visita urgente - oferta de retencion personalizada
4367-NHWMM,0.5985,High,Visita urgente - oferta de retencion personalizada
9026-RNUJS,0.5982,High,Visita urgente - oferta de retencion personalizada
5956-VKDTT,0.5978,High,Visita urgente - oferta de retencion personalizada
4971-PUYQO,0.5976,High,Visita urgente - oferta de retencion personalizada
4803-AXVYP,0.5976,High,Visita urgente - oferta de retencion personalizada
9436-ZBZCT,0.5972,High,Visita urgente - oferta de retencion personalizada
8981-FJGLA,0.597,High,Visita urgente - oferta de retencion personalizada
0947-IDHRQ,0.5968,High,Visita urgente - oferta de retencion personalizada
8397-MVTAZ,0.5966,High,Visita urgente - oferta de retencion personalizada
6689-KXGBO,0.5961,High,Visita urgente - oferta de retencion personalizada
5599-HVLTW,0.5958,High,Visita urgente - oferta de retencion personalizada
2506-CLAKW,0.5958,High,Visita urgente - oferta de retencion personalizada
0746-JTRFU,0.5958,High,Visita urgente - oferta de retencion personalizada
2107-FBPTK,0.5958,High,Visita urgente - oferta de retencion personalizada
6715-OFDBP,0.5955,High,Visita urgente - oferta de retencion personalizada
3754-DXMRT,0.5955,High,Visita urgente - oferta de retencion personalizada
9919-KNPOO,0.595,High,Visita urgente - oferta de retencion personalizada
6005-OBZPH,0.5942,High,Visita urgente - oferta de retencion personalizada
7603-USHJS,0.594,High,Visita urgente - oferta de retencion personalizada
9633-XQABV,0.5938,High,Visita urgente - oferta de retencion personalizada
3393-FMZPV,0.5931,High,Visita urgente - oferta de retencion personalizada
8710-YGLWG,0.593,High,Visita urgente - oferta de retencion personalizada
8950-MTZNV,0.593,High,Visita urgente - oferta de retencion personalizada
1501-SGHBW,0.5927,High,Visita urgente - oferta de retencion personalizada
2398-YPMUR,0.5925,High,Visita urgente - oferta de retencion personalizada
6432-TWQLB,0.5921,High,Visita urgente - oferta de retencion personalizada
7534-BFESC,0.592,High,Visita urgente - oferta de retencion personalizada
0447-RXSGD,0.5914,High,Visita urgente - oferta de retencion personalizada
5976-JCJRH,0.5912,High,Visita urgente - oferta de retencion personalizada
2845-AFFTX,0.591,High,Visita urgente - oferta de retencion personalizada
5216-WASFJ,0.591,High,Visita urgente - oferta de retencion personalizada
0928-XUTSN,0.5908,High,Visita urgente - oferta de retencion personalizada
8519-QJGJD,0.5905,High,Visita urgente - oferta de retencion personalizada
2800-VEQXM,0.5902,High,Visita urgente - oferta de retencion personalizada
8819-IMISP,0.5902,High,Visita urgente - oferta de retencion personalizada
2057-ZBLPD,0.5899,High,Visita urgente - oferta de retencion personalizada
2528-HFYZX,0.5896,High,Visita urgente - oferta de retencion personalizada
0439-IFYUN,0.5896,High,Visita urgente - oferta de retencion personalizada
4039-HEUNW,0.5895,High,Visita urgente - oferta de retencion personalizada
6518-LGAOV,0.5895,High,Visita urgente - oferta de retencion personalizada
6906-ANDWJ,0.5891,High,Visita urgente - oferta de retencion personalizada
7480-QNVZJ,0.589,High,Visita urgente - oferta de retencion personalizada
1264-BYWMS,0.5889,High,Visita urgente - oferta de retencion personalizada
4816-JBHOV,0.5883,High,Visita urgente - oferta de retencion personalizada
8445-DNBAE,0.588,High,Visita urgente - oferta de retencion personalizada
8708-XPXHZ,0.5874,High,Visita urgente - oferta de retencion personalizada
3518-PZXZQ,0.5874,High,Visita urgente - oferta de retencion personalizada
3292-PBZEJ,0.5871,High,Visita urgente - oferta de retencion personalizada
5914-DVBWJ,0.5864,High,Visita urgente - oferta de retencion personalizada
9637-EIHEQ,0.5864,High,Visita urgente - oferta de retencion personalizada
8020-BWHYL,0.5864,High,Visita urgente - oferta de retencion personalizada
2685-SREOM,0.5863,High,Visita urgente - oferta de retencion personalizada
4854-CIDCF,0.5862,High,Visita urgente - oferta de retencion personalizada
0067-DKWBL,0.5856,High,Visita urgente - oferta de retencion personalizada
9732-KPKBW,0.5855,High,Visita urgente - oferta de retencion personalizada
5868-CZJDR,0.5852,High,Visita urgente - oferta de retencion personalizada
0886-QGENL,0.5851,High,Visita urgente - oferta de retencion personalizada
8637-XJIVR,0.585,High,Visita urgente - oferta de retencion personalizada
3999-QGRJH,0.5849,High,Visita urgente - oferta de retencion personalizada
3315-TOTBP,0.5847,High,Visita urgente - oferta de retencion personalizada
6583-KQJLK,0.5847,High,Visita urgente - oferta de retencion personalizada
5628-FCGYG,0.5847,High,Visita urgente - oferta de retencion personalizada
7206-PQBBZ,0.5846,High,Visita urgente - oferta de retencion personalizada
6907-NZZIJ,0.5846,High,Visita urgente - oferta de retencion personalizada
9773-PEQBZ,0.5842,High,Visita urgente - oferta de retencion personalizada
8356-WUAOJ,0.5837,High,Visita urgente - oferta de retencion personalizada
2842-JTCCU,0.5837,High,Visita urgente - oferta de retencion personalizada
8617-ENBDS,0.5836,High,Visita urgente - oferta de retencion personalizada
2840-XANRC,0.5836,High,Visita urgente - oferta de retencion personalizada
3583-EKAPL,0.5832,High,Visita urgente - oferta de retencion personalizada
9921-ZVRHG,0.5831,High,Visita urgente - oferta de retencion personalizada
4873-ILOLJ,0.5822,High,Visita urgente - oferta de retencion personalizada
6116-RFVHN,0.5821,High,Visita urgente - oferta de retencion personalizada
5219-YIPTK,0.582,High,Visita urgente - oferta de retencion personalizada
5692-ICXLW,0.5817,High,Visita urgente - oferta de retencion personalizada
6352-TWCAU,0.5812,High,Visita urgente - oferta de retencion personalizada
6581-NQCBA,0.5809,High,Visita urgente - oferta de retencion personalizada
0674-EYYZV,0.5807,High,Visita urgente - oferta de retencion personalizada
7142-HVGBG,0.5801,High,Visita urgente - oferta de retencion personalizada
4503-BDXBD,0.58,High,Visita urgente - oferta de retencion personalizada
6961-VCPMC,0.58,High,Visita urgente - oferta de retencion personalizada
8433-WXGNA,0.58,High,Visita urgente - oferta de retencion personalizada
5989-PGKJB,0.58,High,Visita urgente - oferta de retencion personalizada
4741-WWJQZ,0.5799,High,Visita urgente - oferta de retencion personalizada
4822-NGOCH,0.5799,High,Visita urgente - oferta de retencion personalizada
1751-NCDLI,0.5797,High,Visita urgente - oferta de retencion personalizada
9494-MRNYX,0.5796,High,Visita urgente - oferta de retencion personalizada
0388-EOPEX,0.579,High,Visita urgente - oferta de retencion personalizada
2260-USTRB,0.5789,High,Visita urgente - oferta de retencion personalizada
5130-IEKQT,0.5788,High,Visita urgente - oferta de retencion personalizada
4581-LNWUM,0.5783,High,Visita urgente - oferta de retencion personalizada
2809-ZMYOQ,0.5781,High,Visita urgente - oferta de retencion personalizada
3744-ZRRDZ,0.5781,High,Visita urgente - oferta de retencion personalizada
7240-FQLHE,0.578,High,Visita urgente - oferta de retencion personalizada
6137-NICCO,0.5777,High,Visita urgente - oferta de retencion personalizada
2694-CIUMO,0.5775,High,Visita urgente - oferta de retencion personalizada
6876-ADESB,0.5775,High,Visita urgente - oferta de retencion personalizada
0927-LCSMG,0.5773,High,Visita urgente - oferta de retencion personalizada
6366-ZGQGL,0.5773,High,Visita urgente - oferta de retencion personalizada
3001-UNBTL,0.577,High,Visita urgente - oferta de retencion personalizada
9821-POOTN,0.5769,High,Visita urgente - oferta de retencion personalizada
6834-NXDCA,0.5767,High,Visita urgente - oferta de retencion personalizada
4547-LYTDD,0.5764,High,Visita urgente - oferta de retencion personalizada
9851-KIELU,0.5761,High,Visita urgente - oferta de retencion personalizada
4137-BTIKL,0.5759,High,Visita urgente - oferta de retencion personalizada
9743-DQKQW,0.5744,High,Visita urgente - oferta de retencion personalizada
4678-DVQEO,0.5741,High,Visita urgente - oferta de retencion personalizada
8083-YTZES,0.574,High,Visita urgente - oferta de retencion personalizada
5117-IFGPS,0.5739,High,Visita urgente - oferta de retencion personalizada
4349-GFQHK,0.5738,High,Visita urgente - oferta de retencion personalizada
4958-XCBDQ,0.5736,High,Visita urgente - oferta de retencion personalizada
5380-WJKOV,0.5734,High,Visita urgente - oferta de retencion personalizada
3500-RMZLT,0.5734,High,Visita urgente - oferta de retencion personalizada
9094-AZPHK,0.5734,High,Visita urgente - oferta de retencion personalizada
3858-VOBET,0.5732,High,Visita urgente - oferta de retencion personalizada
4299-SIMNS,0.5729,High,Visita urgente - oferta de retencion personalizada
3063-QFSZL,0.5728,High,Visita urgente - oferta de retencion personalizada
7780-OTDSO,0.5724,High,Visita urgente - oferta de retencion personalizada
0337-CNPZE,0.5724,High,Visita urgente - oferta de retencion personalizada
8035-PWSEV,0.5723,High,Visita urgente - oferta de retencion personalizada
3398-ZOUAA,0.5722,High,Visita urgente - oferta de retencion personalizada
2038-OEQZH,0.5721,High,Visita urgente - oferta de retencion personalizada
8648-PFRMP,0.572,High,Visita urgente - oferta de retencion personalizada
3669-OYSJI,0.5719,High,Visita urgente - oferta de retencion personalizada
6656-JWRQX,0.5719,High,Visita urgente - oferta de retencion personalizada
3030-YDNRM,0.5719,High,Visita urgente - oferta de retencion personalizada
7801-KICAO,0.5718,High,Visita urgente - oferta de retencion personalizada
3452-GWUIN,0.5714,High,Visita urgente - oferta de retencion personalizada
5832-XKAES,0.571,High,Visita urgente - oferta de retencion personalizada
3420-ZDBMA,0.571,High,Visita urgente - oferta de retencion personalizada
9851-QXEEQ,0.571,High,Visita urgente - oferta de retencion personalizada
8709-KRDVL,0.5708,High,Visita urgente - oferta de retencion personalizada
5204-QZXPU,0.5699,High,Visita urgente - oferta de retencion personalizada
2082-OJVTK,0.5692,High,Visita urgente - oferta de retencion personalizada
7825-ECJRF,0.5691,High,Visita urgente - oferta de retencion personalizada
7748-UMTRK,0.5691,High,Visita urgente - oferta de retencion personalizada
3797-FKOGQ,0.5683,High,Visita urgente - oferta de retencion personalizada
4208-UFFGW,0.5678,High,Visita urgente - oferta de retencion personalizada
4902-OHLSK,0.5674,High,Visita urgente - oferta de retencion personalizada
5183-SNMJQ,0.5672,High,Visita urgente - oferta de retencion personalizada
1078-TDCRN,0.5671,High,Visita urgente - oferta de retencion personalizada
9420-LOJKX,0.567,High,Visita urgente - oferta de retencion personalizada
5959-BELXA,0.5669,High,Visita urgente - oferta de retencion personalizada
9601-BRXPO,0.5667,High,Visita urgente - oferta de retencion personalizada
0415-MOSGF,0.5665,High,Visita urgente - oferta de retencion personalizada
5271-DBYSJ,0.5664,High,Visita urgente - oferta de retencion personalizada
3717-OEAUQ,0.5664,High,Visita urgente - oferta de retencion personalizada
8212-DJRCH,0.5662,High,Visita urgente - oferta de retencion personalizada
1666-JXLKU,0.5661,High,Visita urgente - oferta de retencion personalizada
3496-LFSZU,0.5661,High,Visita urgente - oferta de retencion personalizada
2696-NARTR,0.566,High,Visita urgente - oferta de retencion personalizada
0946-CLJTI,0.5659,High,Visita urgente - oferta de retencion personalizada
8128-YVJRG,0.5656,High,Visita urgente - oferta de retencion personalizada
0224-RLWWD,0.5649,High,Visita urgente - oferta de retencion personalizada
0256-LTHVJ,0.5649,High,Visita urgente - oferta de retencion personalizada
0576-WNXXC,0.5647,High,Visita urgente - oferta de retencion personalizada
6204-IEUXJ,0.5647,High,Visita urgente - oferta de retencion personalizada
7668-XCFYV,0.5644,High,Visita urgente - oferta de retencion personalizada
8064-RAVOH,0.5644,High,Visita urgente - oferta de retencion personalizada
4816-LXZYW,0.564,High,Visita urgente - oferta de retencion personalizada
0709-TVGUR,0.5639,High,Visita urgente - oferta de retencion personalizada
0601-WZHJF,0.5639,High,Visita urgente - oferta de retencion personalizada
6022-UGGSO,0.5639,High,Visita urgente - oferta de retencion personalizada
5980-NOPLP,0.5631,High,Visita urgente - oferta de retencion personalizada
4727-MCYZG,0.5628,High,Visita urgente - oferta de retencion personalizada
2672-OJQZP,0.562,High,Visita urgente - oferta de retencion personalizada
6311-UEUME,0.5614,High,Visita urgente - oferta de retencion personalizada
5108-ADXWO,0.5613,High,Visita urgente - oferta de retencion personalizada
0147-ESWWR,0.561,High,Visita urgente - oferta de retencion personalizada
0225-ZORZP,0.561,High,Visita urgente - oferta de retencion personalizada
1453-RZFON,0.5609,High,Visita urgente - oferta de retencion personalizada
7802-EFKNY,0.5609,High,Visita urgente - oferta de retencion personalizada
3070-DVEYC,0.5606,High,Visita urgente - oferta de retencion personalizada
5501-TVMGM,0.5606,High,Visita urgente - oferta de retencion personalizada
6683-VLCTZ,0.5603,High,Visita urgente - oferta de retencion personalizada
5348-CAGXB,0.5602,High,Visita urgente - oferta de retencion personalizada
9643-AVVWI,0.5601,High,Visita urgente - oferta de retencion personalizada
5899-MQZZL,0.5598,High,Visita urgente - oferta de retencion personalizada
1723-HKXJQ,0.5595,High,Visita urgente - oferta de retencion personalizada
4432-ADRLB,0.5591,High,Visita urgente - oferta de retencion personalizada
3473-XIIIT,0.5591,High,Visita urgente - oferta de retencion personalizada
3346-BRMIS,0.5588,High,Visita urgente - oferta de retencion personalizada
5590-BYNII,0.5579,High,Visita urgente - oferta de retencion personalizada
4480-QQRHC,0.5579,High,Visita urgente - oferta de retencion personalizada
9108-EJFJP,0.5576,High,Visita urgente - oferta de retencion personalizada
6158-HDPXZ,0.5574,High,Visita urgente - oferta de retencion personalizada
8650-RHRKE,0.5567,High,Visita urgente - oferta de retencion personalizada
9279-CJEOJ,0.5565,High,Visita urgente - oferta de retencion personalizada
9822-OAOVB,0.5564,High,Visita urgente - oferta de retencion personalizada
9408-SSNVZ,0.5562,High,Visita urgente - oferta de retencion personalizada
7379-FNIUJ,0.5562,High,Visita urgente - oferta de retencion personalizada
5091-HFAZW,0.5562,High,Visita urgente - oferta de retencion personalizada
7394-LWLYN,0.5559,High,Visita urgente - oferta de retencion personalizada
4325-NFSKC,0.5559,High,Visita urgente - oferta de retencion personalizada
3956-MGXOG,0.5557,High,Visita urgente - oferta de retencion personalizada
6877-LGWXO,0.5552,High,Visita urgente - oferta de retencion personalizada
4822-YCXMX,0.5551,High,Visita urgente - oferta de retencion personalizada
5909-ECHUI,0.555,High,Visita urgente - oferta de retencion personalizada
0420-HLGXF,0.5549,High,Visita urgente - oferta de retencion personalizada
9895-VFOXH,0.5549,High,Visita urgente - oferta de retencion personalizada
3278-FSIXX,0.5548,High,Visita urgente - oferta de retencion personalizada
6595-YGXIT,0.5546,High,Visita urgente - oferta de retencion personalizada
4013-UBXWQ,0.5546,High,Visita urgente - oferta de retencion personalizada
0749-IRGQE,0.5542,High,Visita urgente - oferta de retencion personalizada
8720-RQSBJ,0.5541,High,Visita urgente - oferta de retencion personalizada
0455-XFASS,0.554,High,Visita urgente - oferta de retencion personalizada
8714-EUHJO,0.5539,High,Visita urgente - oferta de retencion personalizada
5995-SNNEW,0.5537,High,Visita urgente - oferta de retencion personalizada
9191-MYQKX,0.5537,High,Visita urgente - oferta de retencion personalizada
2608-BHKFN,0.5537,High,Visita urgente - oferta de retencion personalizada
0818-OCPZO,0.5536,High,Visita urgente - oferta de retencion personalizada
1670-SVOWZ,0.5532,High,Visita urgente - oferta de retencion personalizada
4512-ZUIYL,0.5528,High,Visita urgente - oferta de retencion personalizada
6198-RTPMF,0.5526,High,Visita urgente - oferta de retencion personalizada
6629-CZTTH,0.5525,High,Visita urgente - oferta de retencion personalizada
9903-LYSAB,0.5521,High,Visita urgente - oferta de retencion personalizada
8610-WFCJF,0.5517,High,Visita urgente - oferta de retencion personalizada
5119-KEPFY,0.5514,High,Visita urgente - oferta de retencion personalizada
1508-DFXCU,0.5514,High,Visita urgente - oferta de retencion personalizada
5141-ZUVBH,0.5513,High,Visita urgente - oferta de retencion personalizada
7395-IGJOS,0.5511,High,Visita urgente - oferta de retencion personalizada
8374-XGEJJ,0.551,High,Visita urgente - oferta de retencion personalizada
4818-QIUFN,0.5505,High,Visita urgente - oferta de retencion personalizada
4009-ALQFH,0.5505,High,Visita urgente - oferta de retencion personalizada
6507-ZJSUR,0.5503,High,Visita urgente - oferta de retencion personalizada
4853-OITSN,0.55,High,Visita urgente - oferta de retencion personalizada
3703-KBKZP,0.5499,High,Visita urgente - oferta de retencion personalizada
7029-RPUAV,0.5496,High,Visita urgente - oferta de retencion personalizada
3096-JRDSO,0.5494,High,Visita urgente - oferta de retencion personalizada
4484-GLZOU,0.5491,High,Visita urgente - oferta de retencion personalizada
7410-YTJIK,0.549,High,Visita urgente - oferta de retencion personalizada
8695-ARGXZ,0.549,High,Visita urgente - oferta de retencion personalizada
7901-HXJVA,0.5487,High,Visita urgente - oferta de retencion personalizada
0133-BMFZO,0.5483,High,Visita urgente - oferta de retencion personalizada
9658-WYUFB,0.548,High,Visita urgente - oferta de retencion personalizada
0650-BWOZN,0.5478,High,Visita urgente - oferta de retencion personalizada
9490-DFPMD,0.5477,High,Visita urgente - oferta de retencion personalizada
1016-DJTSV,0.5475,High,Visita urgente - oferta de retencion personalizada
1251-STYSZ,0.5474,High,Visita urgente - oferta de retencion personalizada
6077-BDPXA,0.5471,High,Visita urgente - oferta de retencion personalizada
5940-NFXKV,0.547,High,Visita urgente - oferta de retencion personalizada
2460-NGXBJ,0.5469,High,Visita urgente - oferta de retencion personalizada
7623-TRNQN,0.5463,High,Visita urgente - oferta de retencion personalizada
6633-MPWBS,0.5463,High,Visita urgente - oferta de retencion personalizada
5519-YLDGW,0.5457,High,Visita urgente - oferta de retencion personalizada
5606-AMZBO,0.5454,High,Visita urgente - oferta de retencion personalizada
2538-OIMXF,0.5445,High,Visita urgente - oferta de retencion personalizada
6982-SSHFK,0.5444,High,Visita urgente - oferta de retencion personalizada
6719-OXYBR,0.5434,High,Visita urgente - oferta de retencion personalizada
9524-EGPJC,0.5434,High,Visita urgente - oferta de retencion personalizada
2956-GGUCQ,0.5432,High,Visita urgente - oferta de retencion personalizada
4959-JOSRX,0.5429,High,Visita urgente - oferta de retencion personalizada
3791-LGQCY,0.5423,High,Visita urgente - oferta de retencion personalizada
9600-UDOPK,0.5421,High,Visita urgente - oferta de retencion personalizada
5480-TBGPH,0.542,High,Visita urgente - oferta de retencion personalizada
3597-MVHJT,0.5418,High,Visita urgente - oferta de retencion personalizada
1391-UBDAR,0.5414,High,Visita urgente - oferta de retencion personalizada
7270-BDIOA,0.5414,High,Visita urgente - oferta de retencion personalizada
6519-CFDBX,0.5414,High,Visita urgente - oferta de retencion personalizada
5999-LCXAO,0.5413,High,Visita urgente - oferta de retencion personalizada
0139-IVFJG,0.5404,High,Visita urgente - oferta de retencion personalizada
2482-CZGBB,0.5401,High,Visita urgente - oferta de retencion personalizada
2722-JMONI,0.54,High,Visita urgente - oferta de retencion personalizada
9355-NPPFS,0.5398,High,Visita urgente - oferta de retencion personalizada
2439-LYPMQ,0.5396,High,Visita urgente - oferta de retencion personalizada
1104-TNLZA,0.5396,High,Visita urgente - oferta de retencion personalizada
5366-IJEQJ,0.5395,High,Visita urgente - oferta de retencion personalizada
2933-FILNV,0.5395,High,Visita urgente - oferta de retencion personalizada
6595-COKXZ,0.5395,High,Visita urgente - oferta de retencion personalizada
7137-RYLPP,0.5394,High,Visita urgente - oferta de retencion personalizada
9526-BIHHD,0.5392,High,Visita urgente - oferta de retencion personalizada
0475-RIJEP,0.5383,High,Visita urgente - oferta de retencion personalizada
7839-QRKXN,0.538,High,Visita urgente - oferta de retencion personalizada
0778-NELLA,0.5378,High,Visita urgente - oferta de retencion personalizada
8634-MPHTR,0.5376,High,Visita urgente - oferta de retencion personalizada
5019-GQVCR,0.5376,High,Visita urgente - oferta de retencion personalizada
1475-VWVDO,0.5376,High,Visita urgente - oferta de retencion personalizada
9136-ALYBR,0.5374,High,Visita urgente - oferta de retencion personalizada
6833-JMZYP,0.5369,High,Visita urgente - oferta de retencion personalizada
3088-LHEFH,0.5366,High,Visita urgente - oferta de retencion personalizada
3453-RTHJQ,0.5362,High,Visita urgente - oferta de retencion personalizada
4391-RESHN,0.5362,High,Visita urgente - oferta de retencion personalizada
9600-NAXZN,0.5361,High,Visita urgente - oferta de retencion personalizada
4146-SVFUD,0.5359,High,Visita urgente - oferta de retencion personalizada
6923-JHPMP,0.5357,High,Visita urgente - oferta de retencion personalizada
5035-BVCXS,0.5356,High,Visita urgente - oferta de retencion personalizada
2575-GFSOE,0.5353,High,Visita urgente - oferta de retencion personalizada
2739-CACDQ,0.5352,High,Visita urgente - oferta de retencion personalizada
0354-WYROK,0.5349,High,Visita urgente - oferta de retencion personalizada
1406-PUQVY,0.5348,High,Visita urgente - oferta de retencion personalizada
8167-GJLRN,0.5346,High,Visita urgente - oferta de retencion personalizada
5934-RMPOV,0.5345,High,Visita urgente - oferta de retencion personalizada
2832-KJCRD,0.5341,High,Visita urgente - oferta de retencion personalizada
7028-DVOIQ,0.5339,High,Visita urgente - oferta de retencion personalizada
0988-JRWWP,0.5334,High,Visita urgente - oferta de retencion personalizada
5701-YVSVF,0.5331,High,Visita urgente - oferta de retencion personalizada
1335-NTIUC,0.5331,High,Visita urgente - oferta de retencion personalizada
6413-XKKPU,0.533,High,Visita urgente - oferta de retencion personalizada
7586-ZATGZ,0.533,High,Visita urgente - oferta de retencion personalizada
4558-FANTW,0.5328,High,Visita urgente - oferta de retencion personalizada
5858-EAFCZ,0.5327,High,Visita urgente - oferta de retencion personalizada
1816-FLZDK,0.5325,High,Visita urgente - oferta de retencion personalizada
7056-IMHCC,0.5325,High,Visita urgente - oferta de retencion personalizada
8059-UDZFY,0.5324,High,Visita urgente - oferta de retencion personalizada
9714-EDSUC,0.5322,High,Visita urgente - oferta de retencion personalizada
3891-PUQOD,0.5322,High,Visita urgente - oferta de retencion personalizada
4658-HCOHW,0.5318,High,Visita urgente - oferta de retencion personalizada
2114-MGINA,0.5315,High,Visita urgente - oferta de retencion personalizada
0434-CSFON,0.5315,High,Visita urgente - oferta de retencion personalizada
1989-PRJHP,0.5313,High,Visita urgente - oferta de retencion personalizada
0115-TFERT,0.5306,High,Visita urgente - oferta de retencion personalizada
4815-GBTCD,0.5305,High,Visita urgente - oferta de retencion personalizada
7321-VGNKU,0.5305,High,Visita urgente - oferta de retencion personalizada
0032-PGELS,0.5305,High,Visita urgente - oferta de retencion personalizada
3748-FVMZZ,0.5303,High,Visita urgente - oferta de retencion personalizada
6319-IEJWJ,0.5303,High,Visita urgente - oferta de retencion personalizada
6851-WEFYX,0.5301,High,Visita urgente - oferta de retencion personalizada
0018-NYROU,0.5297,High,Visita urgente - oferta de retencion personalizada
1777-JYQPJ,0.5297,High,Visita urgente - oferta de retencion personalizada
0621-TWIEM,0.5294,High,Visita urgente - oferta de retencion personalizada
5899-OUVKV,0.5292,High,Visita urgente - oferta de retencion personalizada
6646-VRFOL,0.5291,High,Visita urgente - oferta de retencion personalizada
3208-YPIOE,0.529,High,Visita urgente - oferta de retencion personalizada
7245-NIIWQ,0.5289,High,Visita urgente - oferta de retencion personalizada
2962-XPMCQ,0.5289,High,Visita urgente - oferta de retencion personalizada
7129-CAKJW,0.5287,High,Visita urgente - oferta de retencion personalizada
5569-OUICF,0.5284,High,Visita urgente - oferta de retencion personalizada
0654-HMSHN,0.5283,High,Visita urgente - oferta de retencion personalizada
3085-QUOZK,0.5278,High,Visita urgente - oferta de retencion personalizada
8544-GOQSH,0.5276,High,Visita urgente - oferta de retencion personalizada
6651-AZVTJ,0.5275,High,Visita urgente - oferta de retencion personalizada
9638-JIQYA,0.5275,High,Visita urgente - oferta de retencion personalizada
3130-ICDUP,0.5274,High,Visita urgente - oferta de retencion personalizada
9398-MMQTO,0.5272,High,Visita urgente - oferta de retencion personalizada
6267-DCFFZ,0.5271,High,Visita urgente - oferta de retencion personalizada
6900-PXRMS,0.527,High,Visita urgente - oferta de retencion personalizada
6402-ZFPPI,0.527,High,Visita urgente - oferta de retencion personalizada
2903-YYTBW,0.527,High,Visita urgente - oferta de retencion personalizada
8875-AKBYH,0.5268,High,Visita urgente - oferta de retencion personalizada
7377-DMMRI,0.5266,High,Visita urgente - oferta de retencion personalizada
9912-GVSEQ,0.5265,High,Visita urgente - oferta de retencion personalizada
4029-HPFVY,0.5263,High,Visita urgente - oferta de retencion personalizada
9465-RWMXL,0.5263,High,Visita urgente - oferta de retencion personalizada
4248-QPAVC,0.5256,High,Visita urgente - oferta de retencion personalizada
3439-GVUSX,0.5256,High,Visita urgente - oferta de retencion personalizada
6022-KOUQO,0.5255,High,Visita urgente - oferta de retencion personalizada
4652-NNHNY,0.5254,High,Visita urgente - oferta de retencion personalizada
5144-TVGLP,0.5247,High,Visita urgente - oferta de retencion personalizada
6178-KFNHS,0.5246,High,Visita urgente - oferta de retencion personalizada
4625-EWPTF,0.5246,High,Visita urgente - oferta de retencion personalizada
8263-JQAIK,0.5244,High,Visita urgente - oferta de retencion personalizada
2969-QWUBZ,0.5238,High,Visita urgente - oferta de retencion personalizada
7278-CKDNC,0.5237,High,Visita urgente - oferta de retencion personalizada
4659-NZRUF,0.5237,High,Visita urgente - oferta de retencion personalizada
6907-FLBER,0.5237,High,Visita urgente - oferta de retencion personalizada
0491-KAPQG,0.5235,High,Visita urgente - oferta de retencion personalizada
9779-DPNEJ,0.5231,High,Visita urgente - oferta de retencion personalizada
5453-AXEPF,0.5229,High,Visita urgente - oferta de retencion personalizada
2154-KVJFF,0.5229,High,Visita urgente - oferta de retencion personalizada
8800-JOOCF,0.5228,High,Visita urgente - oferta de retencion personalizada
9448-REEVD,0.5221,High,Visita urgente - oferta de retencion personalizada
3934-HXCFZ,0.5221,High,Visita urgente - oferta de retencion personalizada
8486-AYEQH,0.5218,High,Visita urgente - oferta de retencion personalizada
3951-NJCVI,0.5213,High,Visita urgente - oferta de retencion personalizada
3223-DWFIO,0.5208,High,Visita urgente - oferta de retencion personalizada
8949-JTMAY,0.5204,High,Visita urgente - oferta de retencion personalizada
0524-IAVZO,0.5201,High,Visita urgente - oferta de retencion personalizada
8818-XYFCQ,0.5199,High,Visita urgente - oferta de retencion personalizada
8903-WMRNW,0.5198,High,Visita urgente - oferta de retencion personalizada
1478-VPOAD,0.5198,High,Visita urgente - oferta de retencion personalizada
7952-OBOYL,0.5198,High,Visita urgente - oferta de retencion personalizada
1260-TTRXI,0.5192,High,Visita urgente - oferta de retencion personalizada
2603-HVKCG,0.5192,High,Visita urgente - oferta de retencion personalizada
0637-YLETY,0.5188,High,Visita urgente - oferta de retencion personalizada
7851-FLGGQ,0.5186,High,Visita urgente - oferta de retencion personalizada
6260-ONULR,0.5185,High,Visita urgente - oferta de retencion personalizada
3904-UKFRE,0.518,High,Visita urgente - oferta de retencion personalizada
1597-LHYNC,0.518,High,Visita urgente - oferta de retencion personalizada
3223-WZWJM,0.5177,High,Visita urgente - oferta de retencion personalizada
8914-RBTSB,0.5176,High,Visita urgente - oferta de retencion personalizada
7852-LECYP,0.5176,High,Visita urgente - oferta de retencion personalizada
1000-AJSLD,0.5172,High,Visita urgente - oferta de retencion personalizada
1240-KNSEZ,0.5172,High,Visita urgente - oferta de retencion personalizada
2189-WWOEW,0.517,High,Visita urgente - oferta de retencion personalizada
0793-TWELN,0.517,High,Visita urgente - oferta de retencion personalizada
5981-ITEMU,0.5169,High,Visita urgente - oferta de retencion personalizada
2507-QZPQS,0.5169,High,Visita urgente - oferta de retencion personalizada
5087-SUURX,0.5166,High,Visita urgente - oferta de retencion personalizada
8305-VHZBZ,0.5163,High,Visita urgente - oferta de retencion personalizada
5356-RHIPP,0.5163,High,Visita urgente - oferta de retencion personalizada
5673-FSSMF,0.5162,High,Visita urgente - oferta de retencion personalizada
0196-JTUQI,0.5158,High,Visita urgente - oferta de retencion personalizada
8757-TFHHJ,0.5157,High,Visita urgente - oferta de retencion personalizada
8364-TRMMK,0.5157,High,Visita urgente - oferta de retencion personalizada
4201-JMNGR,0.5155,High,Visita urgente - oferta de retencion personalizada
3627-FCRDW,0.5154,High,Visita urgente - oferta de retencion personalizada
3768-NLUBH,0.5153,High,Visita urgente - oferta de retencion personalizada
4998-IKFSE,0.5151,High,Visita urgente - oferta de retencion personalizada
0587-DMGBH,0.515,High,Visita urgente - oferta de retencion personalizada
2824-MYYBN,0.5144,High,Visita urgente - oferta de retencion personalizada
0148-DCDOS,0.514,High,Visita urgente - oferta de retencion personalizada
1907-UBQFC,0.5139,High,Visita urgente - oferta de retencion personalizada
0322-YINQP,0.5135,High,Visita urgente - oferta de retencion personalizada
6034-YMTOB,0.5132,High,Visita urgente - oferta de retencion personalizada
5351-QESIO,0.5127,High,Visita urgente - oferta de retencion personalizada
9898-KZQDZ,0.5124,High,Visita urgente - oferta de retencion personalizada
1766-GKNMI,0.5118,High,Visita urgente - oferta de retencion personalizada
9093-FPDLG,0.5117,High,Visita urgente - oferta de retencion personalizada
3757-NJYBX,0.5117,High,Visita urgente - oferta de retencion personalizada
1902-XBTFB,0.5116,High,Visita urgente - oferta de retencion personalizada
6242-MBHPK,0.5115,High,Visita urgente - oferta de retencion personalizada
1346-UFHAX,0.5113,High,Visita urgente - oferta de retencion personalizada
9214-EKVXR,0.5112,High,Visita urgente - oferta de retencion personalizada
8705-WZCYL,0.5108,High,Visita urgente - oferta de retencion personalizada
4373-VVHQL,0.5108,High,Visita urgente - oferta de retencion personalizada
2049-BAFNW,0.5104,High,Visita urgente - oferta de retencion personalizada
7580-UGXNC,0.5104,High,Visita urgente - oferta de retencion personalizada
5295-PCJOO,0.5102,High,Visita urgente - oferta de retencion personalizada
9506-UXUSK,0.5102,High,Visita urgente - oferta de retencion personalizada
9432-VOFYX,0.5101,High,Visita urgente - oferta de retencion personalizada
5759-RCVCB,0.5096,High,Visita urgente - oferta de retencion personalizada
8676-OOQEJ,0.5096,High,Visita urgente - oferta de retencion personalizada
5650-YLIBA,0.5089,High,Visita urgente - oferta de retencion personalizada
3866-MDTUB,0.5088,High,Visita urgente - oferta de retencion personalizada
3716-UVSPD,0.5087,High,Visita urgente - oferta de retencion personalizada
2037-SGXHH,0.5085,High,Visita urgente - oferta de retencion personalizada
0320-JDNQG,0.5078,High,Visita urgente - oferta de retencion personalizada
1730-ZMAME,0.5075,High,Visita urgente - oferta de retencion personalizada
3798-EPWRR,0.5073,High,Visita urgente - oferta de retencion personalizada
9824-BEMCV,0.5072,High,Visita urgente - oferta de retencion personalizada
0315-LVCRK,0.5069,High,Visita urgente - oferta de retencion personalizada
1871-MOWRM,0.5068,High,Visita urgente - oferta de retencion personalizada
2692-BUCFV,0.5066,High,Visita urgente - oferta de retencion personalizada
2955-PSXOE,0.5059,High,Visita urgente - oferta de retencion personalizada
7841-TZDMQ,0.5055,High,Visita urgente - oferta de retencion personalizada
4587-NUKOX,0.5047,High,Visita urgente - oferta de retencion personalizada
1769-GRUIK,0.5045,High,Visita urgente - oferta de retencion personalizada
4661-NJEUX,0.5043,High,Visita urgente - oferta de retencion personalizada
4291-SHSBH,0.5039,High,Visita urgente - oferta de retencion personalizada
3577-AMVUX,0.5038,High,Visita urgente - oferta de retencion personalizada
2369-FEVNO,0.5038,High,Visita urgente - oferta de retencion personalizada
2273-QCKXA,0.5036,High,Visita urgente - oferta de retencion personalizada
5207-PLSTK,0.5033,High,Visita urgente - oferta de retencion personalizada
4361-JEIVL,0.5032,High,Visita urgente - oferta de retencion personalizada
1212-GLHMD,0.5032,High,Visita urgente - oferta de retencion personalizada
7434-SHXLS,0.5031,High,Visita urgente - oferta de retencion personalizada
0426-TIRNE,0.5031,High,Visita urgente - oferta de retencion personalizada
7243-LCGGZ,0.5031,High,Visita urgente - oferta de retencion personalizada
7675-OZCZG,0.5029,High,Visita urgente - oferta de retencion personalizada
0836-SEYLU,0.5025,High,Visita urgente - oferta de retencion personalizada
2568-BRGYX,0.5023,High,Visita urgente - oferta de retencion personalizada
3668-QPYBK,0.502,High,Visita urgente - oferta de retencion personalizada
0082-LDZUE,0.502,High,Visita urgente - oferta de retencion personalizada
1113-IUJYX,0.502,High,Visita urgente - oferta de retencion personalizada
5364-XYIRR,0.5019,High,Visita urgente - oferta de retencion personalizada
9692-TUSXH,0.5016,High,Visita urgente - oferta de retencion personalizada
3587-PMCOY,0.5015,High,Visita urgente - oferta de retencion personalizada
1891-UAWWU,0.5012,High,Visita urgente - oferta de retencion personalizada
3923-CSIHK,0.5012,High,Visita urgente - oferta de retencion personalizada
3352-ALMCK,0.5009,High,Visita urgente - oferta de retencion personalizada
4855-SNKMY,0.5009,High,Visita urgente - oferta de retencion personalizada
4958-GZWIY,0.5006,High,Visita urgente - oferta de retencion personalizada
2800-QQUSO,0.5006,High,Visita urgente - oferta de retencion personalizada
1942-OQFRW,0.5005,High,Visita urgente - oferta de retencion personalizada
2309-OSFEU,0.5004,High,Visita urgente - oferta de retencion personalizada
6917-IAYHD,0.5003,High,Visita urgente - oferta de retencion personalizada
9058-MJLZC,0.4997,High,Visita urgente - oferta de retencion personalizada
6400-BWQKW,0.4996,High,Visita urgente - oferta de retencion personalizada
6559-PDZLR,0.4995,High,Visita urgente - oferta de retencion personalizada
5215-LNLDJ,0.4994,High,Visita urgente - oferta de retencion personalizada
9369-XFEHK,0.4993,High,Visita urgente - oferta de retencion personalizada
2372-HWUHI,0.4992,High,Visita urgente - oferta de retencion personalizada
8286-AFUYI,0.4991,High,Visita urgente - oferta de retencion personalizada
4897-QSUYC,0.4989,High,Visita urgente - oferta de retencion personalizada
0578-SKVMF,0.4989,High,Visita urgente - oferta de retencion personalizada
1641-RQDAY,0.4989,High,Visita urgente - oferta de retencion personalizada
1471-GIQKQ,0.4987,High,Visita urgente - oferta de retencion personalizada
8988-ECPJR,0.4987,High,Visita urgente - oferta de retencion personalizada
9752-ZNQUT,0.4983,High,Visita urgente - oferta de retencion personalizada
4412-YLTKF,0.4979,High,Visita urgente - oferta de retencion personalizada
8012-SOUDQ,0.4976,High,Visita urgente - oferta de retencion personalizada
5522-JBWMO,0.4975,High,Visita urgente - oferta de retencion personalizada
4828-FAZPK,0.4969,High,Visita urgente - oferta de retencion personalizada
6142-VSJQO,0.4969,High,Visita urgente - oferta de retencion personalizada
3058-HJCUY,0.4967,High,Visita urgente - oferta de retencion personalizada
6982-UQZLY,0.4967,High,Visita urgente - oferta de retencion personalizada
5624-BQSSA,0.4959,High,Visita urgente - oferta de retencion personalizada
4289-DTDKW,0.4948,High,Visita urgente - oferta de retencion personalizada
0848-ZGQIJ,0.4948,High,Visita urgente - oferta de retencion personalizada
1216-JWVUX,0.4946,High,Visita urgente - oferta de retencion personalizada
1536-HBSWP,0.4945,High,Visita urgente - oferta de retencion personalizada
5515-AKOAJ,0.4941,High,Visita urgente - oferta de retencion personalizada
2884-GBPFB,0.4938,High,Visita urgente - oferta de retencion personalizada
5153-RTHKF,0.4937,High,Visita urgente - oferta de retencion personalizada
0537-QYZZN,0.4932,High,Visita urgente - oferta de retencion personalizada
6235-VDHOM,0.4932,High,Visita urgente - oferta de retencion personalizada
3415-TAILE,0.4931,High,Visita urgente - oferta de retencion personalizada
1689-MRZQR,0.493,High,Visita urgente - oferta de retencion personalizada
1894-IGFSG,0.493,High,Visita urgente - oferta de retencion personalizada
7312-XSBAT,0.4927,High,Visita urgente - oferta de retencion personalizada
3211-ILJTT,0.4922,High,Visita urgente - oferta de retencion personalizada
8180-AKMJV,0.4916,High,Visita urgente - oferta de retencion personalizada
5405-ZMYXQ,0.4914,High,Visita urgente - oferta de retencion personalizada
9961-JBNMK,0.4907,High,Visita urgente - oferta de retencion personalizada
0921-OHLVP,0.4907,High,Visita urgente - oferta de retencion personalizada
9576-ANLXO,0.4906,High,Visita urgente - oferta de retencion personalizada
9053-EJUNL,0.4904,High,Visita urgente - oferta de retencion personalizada
3877-JRJIP,0.4904,High,Visita urgente - oferta de retencion personalizada
7508-SMHXL,0.4896,High,Visita urgente - oferta de retencion personalizada
2719-BDAQO,0.4895,High,Visita urgente - oferta de retencion personalizada
0620-DLSLK,0.4891,High,Visita urgente - oferta de retencion personalizada
9450-TRJUU,0.4891,High,Visita urgente - oferta de retencion personalizada
9526-JAWYF,0.4891,High,Visita urgente - oferta de retencion personalizada
5968-VXZLG,0.4888,High,Visita urgente - oferta de retencion personalizada
0623-IIHUG,0.4888,High,Visita urgente - oferta de retencion personalizada
0581-BXBUB,0.4887,High,Visita urgente - oferta de retencion personalizada
1965-DDBWU,0.4885,High,Visita urgente - oferta de retencion personalizada
5998-VVEJY,0.4884,High,Visita urgente - oferta de retencion personalizada
0641-EVBOJ,0.4883,High,Visita urgente - oferta de retencion personalizada
5044-LRQAQ,0.4881,High,Visita urgente - oferta de retencion personalizada
9979-RGMZT,0.4878,High,Visita urgente - oferta de retencion personalizada
6583-QGCSI,0.4877,High,Visita urgente - oferta de retencion personalizada
6467-CHFZW,0.4876,High,Visita urgente - oferta de retencion personalizada
9992-UJOEL,0.4876,High,Visita urgente - oferta de retencion personalizada
3733-LSYCE,0.4876,High,Visita urgente - oferta de retencion personalizada
9552-TGUZV,0.4873,High,Visita urgente - oferta de retencion personalizada
5433-KYGHE,0.4872,High,Visita urgente - oferta de retencion personalizada
0727-BMPLR,0.4872,High,Visita urgente - oferta de retencion personalizada
9661-MHUMO,0.4863,High,Visita urgente - oferta de retencion personalizada
0093-EXYQL,0.486,High,Visita urgente - oferta de retencion personalizada
8654-DHAOW,0.4857,High,Visita urgente - oferta de retencion personalizada
8601-QACRS,0.4857,High,Visita urgente - oferta de retencion personalizada
0899-LIIBW,0.4849,High,Visita urgente - oferta de retencion personalizada
7663-RGWBC,0.4849,High,Visita urgente - oferta de retencion personalizada
4065-JJAVA,0.4847,High,Visita urgente - oferta de retencion personalizada
3658-KIBGF,0.4846,High,Visita urgente - oferta de retencion personalizada
7296-PIXQY,0.4842,High,Visita urgente - oferta de retencion personalizada
2519-FAKOD,0.484,High,Visita urgente - oferta de retencion personalizada
2675-DHUTR,0.4835,High,Visita urgente - oferta de retencion personalizada
2718-GAXQD,0.4833,High,Visita urgente - oferta de retencion personalizada
7881-EVUAD,0.4832,High,Visita urgente - oferta de retencion personalizada
0623-GDISB,0.4831,High,Visita urgente - oferta de retencion personalizada
0280-XJGEX,0.4825,High,Visita urgente - oferta de retencion personalizada
0674-DGMAQ,0.4825,High,Visita urgente - oferta de retencion personalizada
6215-NQCPY,0.4823,High,Visita urgente - oferta de retencion personalizada
2058-DCJBE,0.4808,High,Visita urgente - oferta de retencion personalizada
6145-NNPNO,0.4808,High,Visita urgente - oferta de retencion personalizada
1493-AMTIE,0.4807,High,Visita urgente - oferta de retencion personalizada
0322-CHQRU,0.4806,High,Visita urgente - oferta de retencion personalizada
8456-QDAVC,0.4803,High,Visita urgente - oferta de retencion personalizada
4662-EKDPQ,0.4803,High,Visita urgente - oferta de retencion personalizada
4183-WCSEP,0.4798,High,Visita urgente - oferta de retencion personalizada
6543-CPZMK,0.4795,High,Visita urgente - oferta de retencion personalizada
2480-JZOSN,0.4794,High,Visita urgente - oferta de retencion personalizada
1582-RAFML,0.4792,High,Visita urgente - oferta de retencion personalizada
7410-OIEDU,0.4792,High,Visita urgente - oferta de retencion personalizada
5233-AOZUF,0.4792,High,Visita urgente - oferta de retencion personalizada
7470-MCQTK,0.4784,High,Visita urgente - oferta de retencion personalizada
5520-FVEWJ,0.4782,High,Visita urgente - oferta de retencion personalizada
3018-TFTSU,0.4781,High,Visita urgente - oferta de retencion personalizada
4800-VHZKI,0.4776,High,Visita urgente - oferta de retencion personalizada
5364-EVNIB,0.4773,High,Visita urgente - oferta de retencion personalizada
7246-ZGQDF,0.4769,High,Visita urgente - oferta de retencion personalizada
9620-ENEJV,0.4768,High,Visita urgente - oferta de retencion personalizada
9574-RKJIF,0.4767,High,Visita urgente - oferta de retencion personalizada
1895-QTKDO,0.4764,High,Visita urgente - oferta de retencion personalizada
3536-IQCTX,0.4764,High,Visita urgente - oferta de retencion personalizada
1580-BMCMR,0.476,High,Visita urgente - oferta de retencion personalizada
5536-RTPWK,0.4755,High,Visita urgente - oferta de retencion personalizada
7714-YXSMB,0.4755,High,Visita urgente - oferta de retencion personalizada
0963-ZBDRN,0.4752,High,Visita urgente - oferta de retencion personalizada
0374-AACSZ,0.4751,High,Visita urgente - oferta de retencion personalizada
9625-QSTYE,0.475,High,Visita urgente - oferta de retencion personalizada
1142-WACZW,0.475,High,Visita urgente - oferta de retencion personalizada
8806-EAGWC,0.4749,High,Visita urgente - oferta de retencion personalizada
6923-EFPNL,0.4748,High,Visita urgente - oferta de retencion personalizada
6394-MFYNG,0.4747,High,Visita urgente - oferta de retencion personalizada
9512-UIBFX,0.4746,High,Visita urgente - oferta de retencion personalizada
5389-FFVKB,0.4745,High,Visita urgente - oferta de retencion personalizada
3050-GBUSH,0.4737,High,Visita urgente - oferta de retencion personalizada
6331-LWDTQ,0.4737,High,Visita urgente - oferta de retencion personalizada
9801-GDWGV,0.4736,High,Visita urgente - oferta de retencion personalizada
3588-WSTTJ,0.4734,High,Visita urgente - oferta de retencion personalizada
0265-PSUAE,0.4734,High,Visita urgente - oferta de retencion personalizada
5650-VDUDS,0.4731,High,Visita urgente - oferta de retencion personalizada
8938-UMKPI,0.4731,High,Visita urgente - oferta de retencion personalizada
9283-LZQOH,0.4729,High,Visita urgente - oferta de retencion personalizada
5028-HTLJB,0.4728,High,Visita urgente - oferta de retencion personalizada
9462-MJUAW,0.4727,High,Visita urgente - oferta de retencion personalizada
2080-CAZNM,0.4726,High,Visita urgente - oferta de retencion personalizada
6047-YHPVI,0.4724,High,Visita urgente - oferta de retencion personalizada
0817-HSUSE,0.4719,High,Visita urgente - oferta de retencion personalizada
3148-BLQJT,0.4718,High,Visita urgente - oferta de retencion personalizada
4818-DRBQT,0.4716,High,Visita urgente - oferta de retencion personalizada
8873-GLDMH,0.4714,High,Visita urgente - oferta de retencion personalizada
3097-NNSPB,0.4705,High,Visita urgente - oferta de retencion personalizada
8104-OSKWT,0.4704,High,Visita urgente - oferta de retencion personalizada
1396-QWFBJ,0.4701,High,Visita urgente - oferta de retencion personalizada
8749-CLJXC,0.4697,Medium,Contacto proactivo - revision de contrato
3030-ZKIWL,0.4697,Medium,Contacto proactivo - revision de contrato
7698-YFGEZ,0.4697,Medium,Contacto proactivo - revision de contrato
4877-EVATK,0.4697,Medium,Contacto proactivo - revision de contrato
7096-UCLNH,0.4697,Medium,Contacto proactivo - revision de contrato
5208-HFSBT,0.4695,Medium,Contacto proactivo - revision de contrato
5301-GAUUY,0.4691,Medium,Contacto proactivo - revision de contrato
9269-CQOOL,0.469,Medium,Contacto proactivo - revision de contrato
8640-SDGKB,0.4683,Medium,Contacto proactivo - revision de contrato
6212-ATMLK,0.4681,Medium,Contacto proactivo - revision de contrato
9206-GVPEQ,0.4678,Medium,Contacto proactivo - revision de contrato
5609-IMCGG,0.4675,Medium,Contacto proactivo - revision de contrato
7743-EXURX,0.4674,Medium,Contacto proactivo - revision de contrato
8120-JDCAM,0.4672,Medium,Contacto proactivo - revision de contrato
9133-AYJZG,0.4664,Medium,Contacto proactivo - revision de contrato
8903-XEBGX,0.4663,Medium,Contacto proactivo - revision de contrato
9208-OLGAQ,0.4662,Medium,Contacto proactivo - revision de contrato
8885-QSQBX,0.4662,Medium,Contacto proactivo - revision de contrato
9286-DOJGF,0.4659,Medium,Contacto proactivo - revision de contrato
4671-LXRDQ,0.4654,Medium,Contacto proactivo - revision de contrato
2607-FBDFF,0.4654,Medium,Contacto proactivo - revision de contrato
5609-CEBID,0.465,Medium,Contacto proactivo - revision de contrato
7599-FKVXZ,0.465,Medium,Contacto proactivo - revision de contrato
8189-XRIKE,0.4647,Medium,Contacto proactivo - revision de contrato
3144-AUDBS,0.4646,Medium,Contacto proactivo - revision de contrato
6650-VJONK,0.4646,Medium,Contacto proactivo - revision de contrato
0114-PEGZZ,0.4641,Medium,Contacto proactivo - revision de contrato
0224-HJAPT,0.4634,Medium,Contacto proactivo - revision de contrato
0402-CQAJN,0.4634,Medium,Contacto proactivo - revision de contrato
3071-VBYPO,0.4633,Medium,Contacto proactivo - revision de contrato
9588-OZDMQ,0.4627,Medium,Contacto proactivo - revision de contrato
8436-BJUMM,0.4623,Medium,Contacto proactivo - revision de contrato
1589-AGTLK,0.4619,Medium,Contacto proactivo - revision de contrato
3384-CTMSF,0.4618,Medium,Contacto proactivo - revision de contrato
2640-PMGFL,0.4616,Medium,Contacto proactivo - revision de contrato
9048-JVYVF,0.4615,Medium,Contacto proactivo - revision de contrato
1028-FFNJK,0.4615,Medium,Contacto proactivo - revision de contrato
9776-CLUJA,0.4611,Medium,Contacto proactivo - revision de contrato
2252-ISRNH,0.4606,Medium,Contacto proactivo - revision de contrato
0168-XZKBB,0.4603,Medium,Contacto proactivo - revision de contrato
4124-MMETB,0.4602,Medium,Contacto proactivo - revision de contrato
6286-SUUWT,0.4598,Medium,Contacto proactivo - revision de contrato
0531-ZZJWQ,0.4596,Medium,Contacto proactivo - revision de contrato
4690-LLKUA,0.4596,Medium,Contacto proactivo - revision de contrato
5948-UJZLF,0.4592,Medium,Contacto proactivo - revision de contrato
1077-HUUJM,0.4589,Medium,Contacto proactivo - revision de contrato
4537-DKTAL,0.4585,Medium,Contacto proactivo - revision de contrato
0221-WMXNQ,0.4585,Medium,Contacto proactivo - revision de contrato
0670-KDOMA,0.4582,Medium,Contacto proactivo - revision de contrato
2876-VBBBL,0.4582,Medium,Contacto proactivo - revision de contrato
1934-SJVJK,0.458,Medium,Contacto proactivo - revision de contrato
1066-JKSGK,0.458,Medium,Contacto proactivo - revision de contrato
1833-TCXKK,0.4578,Medium,Contacto proactivo - revision de contrato
3336-JORSO,0.4571,Medium,Contacto proactivo - revision de contrato
8990-ZXLSU,0.4571,Medium,Contacto proactivo - revision de contrato
7587-RZNME,0.4568,Medium,Contacto proactivo - revision de contrato
4116-TZAQJ,0.4565,Medium,Contacto proactivo - revision de contrato
3969-GYXEL,0.4561,Medium,Contacto proactivo - revision de contrato
3961-SXAXY,0.4557,Medium,Contacto proactivo - revision de contrato
4704-ERYFC,0.4556,Medium,Contacto proactivo - revision de contrato
8645-KWHJO,0.455,Medium,Contacto proactivo - revision de contrato
6172-FECYY,0.4544,Medium,Contacto proactivo - revision de contrato
7562-GSUHK,0.4543,Medium,Contacto proactivo - revision de contrato
6946-LMSQS,0.454,Medium,Contacto proactivo - revision de contrato
1349-WXNGG,0.4538,Medium,Contacto proactivo - revision de contrato
9734-UYXQI,0.4537,Medium,Contacto proactivo - revision de contrato
1794-HBQTJ,0.4532,Medium,Contacto proactivo - revision de contrato
2665-NPTGL,0.453,Medium,Contacto proactivo - revision de contrato
4257-GAESD,0.4529,Medium,Contacto proactivo - revision de contrato
1728-BQDMA,0.4526,Medium,Contacto proactivo - revision de contrato
7967-HYCDE,0.4522,Medium,Contacto proactivo - revision de contrato
4521-YEEHE,0.4521,Medium,Contacto proactivo - revision de contrato
8378-LKJAF,0.4518,Medium,Contacto proactivo - revision de contrato
1636-NTNCO,0.4517,Medium,Contacto proactivo - revision de contrato
9415-DPEWS,0.451,Medium,Contacto proactivo - revision de contrato
9948-YPTDG,0.4507,Medium,Contacto proactivo - revision de contrato
2697-NQBPF,0.4505,Medium,Contacto proactivo - revision de contrato
0771-WLCLA,0.4503,Medium,Contacto proactivo - revision de contrato
2070-FNEXE,0.4502,Medium,Contacto proactivo - revision de contrato
7916-VCCPB,0.4502,Medium,Contacto proactivo - revision de contrato
1608-GMEWB,0.4496,Medium,Contacto proactivo - revision de contrato
0330-IVZHA,0.4494,Medium,Contacto proactivo - revision de contrato
9518-XXBXE,0.4493,Medium,Contacto proactivo - revision de contrato
1450-SKCVI,0.4486,Medium,Contacto proactivo - revision de contrato
3692-JHONH,0.4485,Medium,Contacto proactivo - revision de contrato
3427-GGZZI,0.4483,Medium,Contacto proactivo - revision de contrato
2815-CPTUL,0.4483,Medium,Contacto proactivo - revision de contrato
3955-JBZZM,0.4481,Medium,Contacto proactivo - revision de contrato
0027-KWYKW,0.4481,Medium,Contacto proactivo - revision de contrato
7020-OZKXZ,0.4476,Medium,Contacto proactivo - revision de contrato
9710-ZUSHQ,0.4475,Medium,Contacto proactivo - revision de contrato
4128-ETESU,0.4473,Medium,Contacto proactivo - revision de contrato
8621-MNIHH,0.4473,Medium,Contacto proactivo - revision de contrato
6017-PPLPX,0.447,Medium,Contacto proactivo - revision de contrato
4786-UKSNZ,0.4466,Medium,Contacto proactivo - revision de contrato
6380-ARCEH,0.4466,Medium,Contacto proactivo - revision de contrato
8048-DSDFQ,0.4466,Medium,Contacto proactivo - revision de contrato
3247-MHJKM,0.4466,Medium,Contacto proactivo - revision de contrato
8267-ZNYVZ,0.4465,Medium,Contacto proactivo - revision de contrato
5281-BUZGT,0.4463,Medium,Contacto proactivo - revision de contrato
4583-PARNH,0.4463,Medium,Contacto proactivo - revision de contrato
3365-SAIGS,0.4461,Medium,Contacto proactivo - revision de contrato
5536-SLHPM,0.446,Medium,Contacto proactivo - revision de contrato
4892-VLANZ,0.4453,Medium,Contacto proactivo - revision de contrato
2079-FBMZK,0.445,Medium,Contacto proactivo - revision de contrato
4062-HBMOS,0.4446,Medium,Contacto proactivo - revision de contrato
9927-DSWDF,0.4446,Medium,Contacto proactivo - revision de contrato
3426-NIYYL,0.4445,Medium,Contacto proactivo - revision de contrato
4948-WBBKL,0.4442,Medium,Contacto proactivo - revision de contrato
5760-FXFVO,0.444,Medium,Contacto proactivo - revision de contrato
9661-ACXBS,0.4431,Medium,Contacto proactivo - revision de contrato
3685-YLCMQ,0.4428,Medium,Contacto proactivo - revision de contrato
1932-UEDCX,0.4428,Medium,Contacto proactivo - revision de contrato
5839-SUYVZ,0.4424,Medium,Contacto proactivo - revision de contrato
2002-MZHWP,0.4423,Medium,Contacto proactivo - revision de contrato
9753-OYLBX,0.4423,Medium,Contacto proactivo - revision de contrato
2101-RANCD,0.4421,Medium,Contacto proactivo - revision de contrato
4690-PKDQG,0.4421,Medium,Contacto proactivo - revision de contrato
2465-BLLEU,0.4419,Medium,Contacto proactivo - revision de contrato
5707-ORNDZ,0.4413,Medium,Contacto proactivo - revision de contrato
1307-ATKGB,0.441,Medium,Contacto proactivo - revision de contrato
1384-RCUXW,0.441,Medium,Contacto proactivo - revision de contrato
9445-SZLCH,0.4407,Medium,Contacto proactivo - revision de contrato
1597-FZREH,0.4403,Medium,Contacto proactivo - revision de contrato
3349-ANQNH,0.4399,Medium,Contacto proactivo - revision de contrato
7989-CHGTL,0.4394,Medium,Contacto proactivo - revision de contrato
5222-IMUKT,0.4393,Medium,Contacto proactivo - revision de contrato
6987-XQSJT,0.4392,Medium,Contacto proactivo - revision de contrato
5365-LLFYV,0.439,Medium,Contacto proactivo - revision de contrato
8224-DWCKX,0.4388,Medium,Contacto proactivo - revision de contrato
5027-QPKTE,0.4386,Medium,Contacto proactivo - revision de contrato
5016-ETTFF,0.4385,Medium,Contacto proactivo - revision de contrato
4255-DDUOU,0.4382,Medium,Contacto proactivo - revision de contrato
7729-JTEEC,0.4379,Medium,Contacto proactivo - revision de contrato
1658-TJVOA,0.4379,Medium,Contacto proactivo - revision de contrato
3714-NTNFO,0.4378,Medium,Contacto proactivo - revision de contrato
8123-QBNAZ,0.4377,Medium,Contacto proactivo - revision de contrato
0823-HSCDJ,0.4376,Medium,Contacto proactivo - revision de contrato
6362-QHAFM,0.4375,Medium,Contacto proactivo - revision de contrato
2812-SFXMJ,0.4363,Medium,Contacto proactivo - revision de contrato
6338-AVWCY,0.4355,Medium,Contacto proactivo - revision de contrato
4612-SSVHJ,0.4354,Medium,Contacto proactivo - revision de contrato
7901-TBKJX,0.4353,Medium,Contacto proactivo - revision de contrato
6705-LXORM,0.4349,Medium,Contacto proactivo - revision de contrato
6030-REHUX,0.4347,Medium,Contacto proactivo - revision de contrato
5716-LIBJC,0.4345,Medium,Contacto proactivo - revision de contrato
7176-WIONM,0.4344,Medium,Contacto proactivo - revision de contrato
3235-ETOOB,0.4337,Medium,Contacto proactivo - revision de contrato
5828-AVIPD,0.4333,Medium,Contacto proactivo - revision de contrato
8019-ENHXU,0.4324,Medium,Contacto proactivo - revision de contrato
8429-XIBUM,0.4324,Medium,Contacto proactivo - revision de contrato
9885-AIBVB,0.4322,Medium,Contacto proactivo - revision de contrato
3005-TYFRD,0.4322,Medium,Contacto proactivo - revision de contrato
6770-XUAGN,0.4322,Medium,Contacto proactivo - revision de contrato
5931-FLJJF,0.432,Medium,Contacto proactivo - revision de contrato
7310-EGVHZ,0.4319,Medium,Contacto proactivo - revision de contrato
3945-GFWQL,0.4319,Medium,Contacto proactivo - revision de contrato
3799-ISUZQ,0.4313,Medium,Contacto proactivo - revision de contrato
2325-NBPZG,0.4312,Medium,Contacto proactivo - revision de contrato
9631-XEYKE,0.4309,Medium,Contacto proactivo - revision de contrato
7547-EKNFS,0.4307,Medium,Contacto proactivo - revision de contrato
5605-IYGFG,0.4305,Medium,Contacto proactivo - revision de contrato
8450-JOVAH,0.4304,Medium,Contacto proactivo - revision de contrato
2495-KZNFB,0.4304,Medium,Contacto proactivo - revision de contrato
4947-DSMXK,0.4303,Medium,Contacto proactivo - revision de contrato
8974-OVACP,0.4303,Medium,Contacto proactivo - revision de contrato
0480-BIXDE,0.4302,Medium,Contacto proactivo - revision de contrato
7878-RTCZG,0.4302,Medium,Contacto proactivo - revision de contrato
6654-QGBZZ,0.4302,Medium,Contacto proactivo - revision de contrato
8800-ZKRFW,0.4302,Medium,Contacto proactivo - revision de contrato
3900-AQPHZ,0.4302,Medium,Contacto proactivo - revision de contrato
0958-YHXGP,0.4301,Medium,Contacto proactivo - revision de contrato
5136-KCKGI,0.4296,Medium,Contacto proactivo - revision de contrato
6542-LWGXJ,0.4293,Medium,Contacto proactivo - revision de contrato
5590-YRFJT,0.4291,Medium,Contacto proactivo - revision de contrato
3683-QKIUE,0.4288,Medium,Contacto proactivo - revision de contrato
4248-HCETZ,0.428,Medium,Contacto proactivo - revision de contrato
6771-XWBDM,0.428,Medium,Contacto proactivo - revision de contrato
7181-OQCUT,0.4279,Medium,Contacto proactivo - revision de contrato
4398-HSCJH,0.4278,Medium,Contacto proactivo - revision de contrato
8490-BXHEO,0.4278,Medium,Contacto proactivo - revision de contrato
5129-JLPIS,0.4277,Medium,Contacto proactivo - revision de contrato
8784-CGILN,0.4272,Medium,Contacto proactivo - revision de contrato
5982-FPVQN,0.4267,Medium,Contacto proactivo - revision de contrato
0407-BDJKB,0.4267,Medium,Contacto proactivo - revision de contrato
2043-WVTQJ,0.4263,Medium,Contacto proactivo - revision de contrato
2208-UGTGR,0.4261,Medium,Contacto proactivo - revision de contrato
3003-CMDUU,0.426,Medium,Contacto proactivo - revision de contrato
5515-IDEJJ,0.4258,Medium,Contacto proactivo - revision de contrato
3804-RVTGV,0.4256,Medium,Contacto proactivo - revision de contrato
9572-WUKSB,0.4256,Medium,Contacto proactivo - revision de contrato
0867-MKZVY,0.4253,Medium,Contacto proactivo - revision de contrato
1541-ETJZO,0.4252,Medium,Contacto proactivo - revision de contrato
6088-BXMRG,0.4252,Medium,Contacto proactivo - revision de contrato
6080-TCMYC,0.4248,Medium,Contacto proactivo - revision de contrato
4716-HHKQH,0.4248,Medium,Contacto proactivo - revision de contrato
7739-LAXOG,0.4245,Medium,Contacto proactivo - revision de contrato
8108-UXRQN,0.4241,Medium,Contacto proactivo - revision de contrato
3987-KQDDU,0.424,Medium,Contacto proactivo - revision de contrato
6103-BOCOU,0.4239,Medium,Contacto proactivo - revision de contrato
8276-MQBYC,0.4229,Medium,Contacto proactivo - revision de contrato
2239-JALAW,0.4226,Medium,Contacto proactivo - revision de contrato
4718-DHSMV,0.4223,Medium,Contacto proactivo - revision de contrato
5960-MVTUK,0.4221,Medium,Contacto proactivo - revision de contrato
2081-KJSQF,0.4219,Medium,Contacto proactivo - revision de contrato
2856-NNASM,0.4216,Medium,Contacto proactivo - revision de contrato
1213-NGCUN,0.4216,Medium,Contacto proactivo - revision de contrato
2501-XWWTZ,0.4215,Medium,Contacto proactivo - revision de contrato
7978-DKUQH,0.4211,Medium,Contacto proactivo - revision de contrato
5666-CYCYZ,0.4205,Medium,Contacto proactivo - revision de contrato
3930-ZGWVE,0.4203,Medium,Contacto proactivo - revision de contrato
7239-HZZCX,0.4203,Medium,Contacto proactivo - revision de contrato
5373-SFODM,0.4202,Medium,Contacto proactivo - revision de contrato
4523-WXCEF,0.4202,Medium,Contacto proactivo - revision de contrato
9508-ILZDG,0.4201,Medium,Contacto proactivo - revision de contrato
9796-BPKIW,0.4192,Medium,Contacto proactivo - revision de contrato
5226-NOZFC,0.419,Medium,Contacto proactivo - revision de contrato
3002-WQZWT,0.4189,Medium,Contacto proactivo - revision de contrato
8651-ENBZX,0.4176,Medium,Contacto proactivo - revision de contrato
8485-GJCDN,0.4176,Medium,Contacto proactivo - revision de contrato
4013-GUXND,0.4173,Medium,Contacto proactivo - revision de contrato
4291-HPAXL,0.4163,Medium,Contacto proactivo - revision de contrato
3620-MWJNE,0.4159,Medium,Contacto proactivo - revision de contrato
3009-JWMPU,0.4159,Medium,Contacto proactivo - revision de contrato
5673-TIYIB,0.4156,Medium,Contacto proactivo - revision de contrato
6416-YJTTB,0.4155,Medium,Contacto proactivo - revision de contrato
5493-SDRDQ,0.4151,Medium,Contacto proactivo - revision de contrato
6661-HBGWL,0.4148,Medium,Contacto proactivo - revision de contrato
4238-JSSWH,0.4146,Medium,Contacto proactivo - revision de contrato
9540-JYROE,0.4145,Medium,Contacto proactivo - revision de contrato
5857-TYBCJ,0.4145,Medium,Contacto proactivo - revision de contrato
4588-YBNIB,0.4143,Medium,Contacto proactivo - revision de contrato
4781-ZXYGU,0.4142,Medium,Contacto proactivo - revision de contrato
2654-VBVPB,0.4134,Medium,Contacto proactivo - revision de contrato
1910-FMXJM,0.4133,Medium,Contacto proactivo - revision de contrato
4686-UXDML,0.4133,Medium,Contacto proactivo - revision de contrato
7422-WNBTY,0.4129,Medium,Contacto proactivo - revision de contrato
4860-IJUDE,0.4129,Medium,Contacto proactivo - revision de contrato
5916-QEWPT,0.4127,Medium,Contacto proactivo - revision de contrato
9644-UMGQA,0.4126,Medium,Contacto proactivo - revision de contrato
8630-FJLIB,0.4124,Medium,Contacto proactivo - revision de contrato
5439-WIKXB,0.4122,Medium,Contacto proactivo - revision de contrato
5307-DZCVC,0.412,Medium,Contacto proactivo - revision de contrato
6988-CJEYV,0.4119,Medium,Contacto proactivo - revision de contrato
5143-WMWOG,0.4119,Medium,Contacto proactivo - revision de contrato
2929-QNSRW,0.4117,Medium,Contacto proactivo - revision de contrato
2504-DSHIH,0.4116,Medium,Contacto proactivo - revision de contrato
5146-CBVOE,0.4114,Medium,Contacto proactivo - revision de contrato
8073-IJDCM,0.4113,Medium,Contacto proactivo - revision de contrato
7703-ZEKEF,0.4113,Medium,Contacto proactivo - revision de contrato
5022-JNQEQ,0.4111,Medium,Contacto proactivo - revision de contrato
1226-UDFZR,0.4108,Medium,Contacto proactivo - revision de contrato
6365-MTGZX,0.4107,Medium,Contacto proactivo - revision de contrato
3211-AAPKX,0.4104,Medium,Contacto proactivo - revision de contrato
0015-UOCOJ,0.4101,Medium,Contacto proactivo - revision de contrato
6615-ZGEDR,0.4095,Medium,Contacto proactivo - revision de contrato
8614-VGMMV,0.4095,Medium,Contacto proactivo - revision de contrato
4566-QVRRW,0.4094,Medium,Contacto proactivo - revision de contrato
2921-XWDJH,0.4094,Medium,Contacto proactivo - revision de contrato
9054-FOWNV,0.4088,Medium,Contacto proactivo - revision de contrato
2853-CWQFQ,0.4085,Medium,Contacto proactivo - revision de contrato
8620-RJPZN,0.4077,Medium,Contacto proactivo - revision de contrato
7326-RIGQZ,0.4075,Medium,Contacto proactivo - revision de contrato
3803-KMQFW,0.4066,Medium,Contacto proactivo - revision de contrato
3005-NFMTA,0.4064,Medium,Contacto proactivo - revision de contrato
7752-XUSCI,0.4063,Medium,Contacto proactivo - revision de contrato
2277-VWCNI,0.4062,Medium,Contacto proactivo - revision de contrato
3370-GQEAL,0.4061,Medium,Contacto proactivo - revision de contrato
2523-EWWZL,0.4053,Medium,Contacto proactivo - revision de contrato
3506-LCJDC,0.4051,Medium,Contacto proactivo - revision de contrato
2382-BCKQJ,0.405,Medium,Contacto proactivo - revision de contrato
4607-CHPCA,0.405,Medium,Contacto proactivo - revision de contrato
3164-AALRN,0.4049,Medium,Contacto proactivo - revision de contrato
4647-MUZON,0.4048,Medium,Contacto proactivo - revision de contrato
8267-KFGYD,0.4044,Medium,Contacto proactivo - revision de contrato
4546-FOKWR,0.4036,Medium,Contacto proactivo - revision de contrato
1307-TVUFB,0.4027,Medium,Contacto proactivo - revision de contrato
0870-VEMYL,0.4026,Medium,Contacto proactivo - revision de contrato
1899-VXWXM,0.4025,Medium,Contacto proactivo - revision de contrato
6439-GTPCA,0.4024,Medium,Contacto proactivo - revision de contrato
9529-OFXHY,0.4023,Medium,Contacto proactivo - revision de contrato
2320-JRSDE,0.4019,Medium,Contacto proactivo - revision de contrato
8849-AYPTR,0.4013,Medium,Contacto proactivo - revision de contrato
6133-OZILE,0.4013,Medium,Contacto proactivo - revision de contrato
2860-RANUS,0.4011,Medium,Contacto proactivo - revision de contrato
3545-CNWRG,0.401,Medium,Contacto proactivo - revision de contrato
6849-WLEYG,0.4008,Medium,Contacto proactivo - revision de contrato
7126-RBHSD,0.4008,Medium,Contacto proactivo - revision de contrato
3023-GFLBR,0.4007,Medium,Contacto proactivo - revision de contrato
5022-KVDQT,0.4003,Medium,Contacto proactivo - revision de contrato
0570-BFQHT,0.4003,Medium,Contacto proactivo - revision de contrato
9722-UJOJR,0.4002,Medium,Contacto proactivo - revision de contrato
0107-WESLM,0.4002,Medium,Contacto proactivo - revision de contrato
3234-VKACU,0.3998,Medium,Contacto proactivo - revision de contrato
2111-DWYHN,0.3997,Medium,Contacto proactivo - revision de contrato
3580-REOAC,0.3988,Medium,Contacto proactivo - revision de contrato
0093-XWZFY,0.3985,Medium,Contacto proactivo - revision de contrato
6481-ESCNL,0.3984,Medium,Contacto proactivo - revision de contrato
6128-AQBMT,0.3984,Medium,Contacto proactivo - revision de contrato
1928-BXYIV,0.3983,Medium,Contacto proactivo - revision de contrato
3481-JHUZH,0.398,Medium,Contacto proactivo - revision de contrato
8718-PTMEZ,0.3977,Medium,Contacto proactivo - revision de contrato
3707-LRWZD,0.3973,Medium,Contacto proactivo - revision de contrato
4829-AUOAX,0.3972,Medium,Contacto proactivo - revision de contrato
3132-TVFDZ,0.3968,Medium,Contacto proactivo - revision de contrato
8785-CJSHH,0.3967,Medium,Contacto proactivo - revision de contrato
2391-SOORI,0.3965,Medium,Contacto proactivo - revision de contrato
2894-QOJRX,0.3964,Medium,Contacto proactivo - revision de contrato
6817-WTYHE,0.3961,Medium,Contacto proactivo - revision de contrato
8229-TNIQA,0.396,Medium,Contacto proactivo - revision de contrato
0376-YMCJC,0.3959,Medium,Contacto proactivo - revision de contrato
1194-HVAIF,0.3958,Medium,Contacto proactivo - revision de contrato
1482-OXZSY,0.3957,Medium,Contacto proactivo - revision de contrato
2027-CWDNU,0.3954,Medium,Contacto proactivo - revision de contrato
0374-IOEGQ,0.3949,Medium,Contacto proactivo - revision de contrato
5868-YTYKS,0.3949,Medium,Contacto proactivo - revision de contrato
2786-GCDPI,0.3946,Medium,Contacto proactivo - revision de contrato
5392-AKEMH,0.3942,Medium,Contacto proactivo - revision de contrato
1302-UHBDD,0.3942,Medium,Contacto proactivo - revision de contrato
4797-AXPXK,0.3937,Medium,Contacto proactivo - revision de contrato
5027-XWQHA,0.3936,Medium,Contacto proactivo - revision de contrato
0807-ZABDG,0.3935,Medium,Contacto proactivo - revision de contrato
5651-YLPRD,0.3934,Medium,Contacto proactivo - revision de contrato
8685-WHQPW,0.3934,Medium,Contacto proactivo - revision de contrato
4911-BANWH,0.3929,Medium,Contacto proactivo - revision de contrato
1809-DMJHQ,0.3929,Medium,Contacto proactivo - revision de contrato
2070-XYMFH,0.3927,Medium,Contacto proactivo - revision de contrato
9090-SGQXL,0.3926,Medium,Contacto proactivo - revision de contrato
7291-CDTMJ,0.3924,Medium,Contacto proactivo - revision de contrato
9505-SQFSW,0.392,Medium,Contacto proactivo - revision de contrato
3312-UUMZW,0.3915,Medium,Contacto proactivo - revision de contrato
6729-GDNGC,0.3914,Medium,Contacto proactivo - revision de contrato
7593-JNWRU,0.3912,Medium,Contacto proactivo - revision de contrato
6537-OTKMY,0.391,Medium,Contacto proactivo - revision de contrato
9112-WSNPU,0.3909,Medium,Contacto proactivo - revision de contrato
7483-IQWIB,0.3909,Medium,Contacto proactivo - revision de contrato
0397-GZBBC,0.3908,Medium,Contacto proactivo - revision de contrato
3717-OFRTN,0.3905,Medium,Contacto proactivo - revision de contrato
5167-GBFRE,0.3904,Medium,Contacto proactivo - revision de contrato
6728-WYQBC,0.3904,Medium,Contacto proactivo - revision de contrato
1319-YLZJG,0.3902,Medium,Contacto proactivo - revision de contrato
2810-FTLEM,0.39,Medium,Contacto proactivo - revision de contrato
3884-HCSWG,0.3897,Medium,Contacto proactivo - revision de contrato
5882-CMAZQ,0.3896,Medium,Contacto proactivo - revision de contrato
6141-OOXUQ,0.3893,Medium,Contacto proactivo - revision de contrato
3785-NRHYR,0.3893,Medium,Contacto proactivo - revision de contrato
2108-YKQTY,0.3893,Medium,Contacto proactivo - revision de contrato
2157-MXBJS,0.3891,Medium,Contacto proactivo - revision de contrato
1596-BBVTG,0.3888,Medium,Contacto proactivo - revision de contrato
5533-NHFRF,0.3888,Medium,Contacto proactivo - revision de contrato
3976-NLDEZ,0.3887,Medium,Contacto proactivo - revision de contrato
5049-GLYVG,0.3887,Medium,Contacto proactivo - revision de contrato
3404-JNXAX,0.3884,Medium,Contacto proactivo - revision de contrato
8327-LZKAS,0.3881,Medium,Contacto proactivo - revision de contrato
5922-ABDVO,0.3881,Medium,Contacto proactivo - revision de contrato
0895-DQHEW,0.3878,Medium,Contacto proactivo - revision de contrato
7389-KBFIT,0.3875,Medium,Contacto proactivo - revision de contrato
9962-BFPDU,0.3874,Medium,Contacto proactivo - revision de contrato
8878-HMWBV,0.3872,Medium,Contacto proactivo - revision de contrato
4937-QPZPO,0.3872,Medium,Contacto proactivo - revision de contrato
9026-LHEVG,0.3872,Medium,Contacto proactivo - revision de contrato
8993-IZEUX,0.3872,Medium,Contacto proactivo - revision de contrato
8778-LMWTJ,0.387,Medium,Contacto proactivo - revision de contrato
5896-NPFWW,0.3868,Medium,Contacto proactivo - revision de contrato
0504-HHAPI,0.3863,Medium,Contacto proactivo - revision de contrato
3503-TYDAY,0.3863,Medium,Contacto proactivo - revision de contrato
3446-QDSZF,0.3858,Medium,Contacto proactivo - revision de contrato
6664-FPDAC,0.3858,Medium,Contacto proactivo - revision de contrato
1784-EZDKJ,0.3857,Medium,Contacto proactivo - revision de contrato
3995-WFCSM,0.3856,Medium,Contacto proactivo - revision de contrato
2181-UAESM,0.3855,Medium,Contacto proactivo - revision de contrato
4634-JLRJT,0.3855,Medium,Contacto proactivo - revision de contrato
3194-ORPIK,0.3853,Medium,Contacto proactivo - revision de contrato
3859-CVCET,0.3849,Medium,Contacto proactivo - revision de contrato
3069-SSVSN,0.3848,Medium,Contacto proactivo - revision de contrato
4791-QRGMF,0.384,Medium,Contacto proactivo - revision de contrato
5385-SUIRI,0.3837,Medium,Contacto proactivo - revision de contrato
7517-SAWMO,0.3836,Medium,Contacto proactivo - revision de contrato
5949-EBSQK,0.3831,Medium,Contacto proactivo - revision de contrato
1251-KRREG,0.3827,Medium,Contacto proactivo - revision de contrato
1855-AGAWH,0.3826,Medium,Contacto proactivo - revision de contrato
0431-APWVY,0.3825,Medium,Contacto proactivo - revision de contrato
6486-LHTMA,0.382,Medium,Contacto proactivo - revision de contrato
8818-DOPVL,0.3819,Medium,Contacto proactivo - revision de contrato
4465-VDKIQ,0.3816,Medium,Contacto proactivo - revision de contrato
1205-WNWPJ,0.3815,Medium,Contacto proactivo - revision de contrato
0577-WHMEV,0.3813,Medium,Contacto proactivo - revision de contrato
4745-LSPLO,0.3812,Medium,Contacto proactivo - revision de contrato
1754-GKYPY,0.3807,Medium,Contacto proactivo - revision de contrato
4223-WOZCM,0.3802,Medium,Contacto proactivo - revision de contrato
3669-LVWZB,0.3801,Medium,Contacto proactivo - revision de contrato
0080-OROZO,0.3797,Medium,Contacto proactivo - revision de contrato
7339-POGZN,0.3792,Medium,Contacto proactivo - revision de contrato
5647-FXOTP,0.379,Medium,Contacto proactivo - revision de contrato
7853-GVUDZ,0.3789,Medium,Contacto proactivo - revision de contrato
6967-QIQRV,0.3788,Medium,Contacto proactivo - revision de contrato
9170-CCKOU,0.3788,Medium,Contacto proactivo - revision de contrato
5331-RGMTT,0.3788,Medium,Contacto proactivo - revision de contrato
7460-ITWWP,0.3787,Medium,Contacto proactivo - revision de contrato
4468-YDOVK,0.3787,Medium,Contacto proactivo - revision de contrato
2672-TGEFF,0.3782,Medium,Contacto proactivo - revision de contrato
8404-GFGCZ,0.3781,Medium,Contacto proactivo - revision de contrato
9381-NDKME,0.3776,Medium,Contacto proactivo - revision de contrato
0257-ZESQC,0.3772,Medium,Contacto proactivo - revision de contrato
7730-IUTDZ,0.3772,Medium,Contacto proactivo - revision de contrato
9389-ACWBI,0.3768,Medium,Contacto proactivo - revision de contrato
1095-JUDTC,0.3764,Medium,Contacto proactivo - revision de contrato
1228-FZFRV,0.3763,Medium,Contacto proactivo - revision de contrato
7396-VJUZB,0.3763,Medium,Contacto proactivo - revision de contrato
1550-EENBN,0.3762,Medium,Contacto proactivo - revision de contrato
6646-JPPHA,0.3762,Medium,Contacto proactivo - revision de contrato
6353-BRMMA,0.3762,Medium,Contacto proactivo - revision de contrato
4081-DYXAV,0.376,Medium,Contacto proactivo - revision de contrato
4143-HHPMK,0.3759,Medium,Contacto proactivo - revision de contrato
4710-FDUIZ,0.3757,Medium,Contacto proactivo - revision de contrato
0643-OKLRP,0.3757,Medium,Contacto proactivo - revision de contrato
4183-MYFRB,0.3756,Medium,Contacto proactivo - revision de contrato
5950-AAAGJ,0.3754,Medium,Contacto proactivo - revision de contrato
7627-JKIAZ,0.3751,Medium,Contacto proactivo - revision de contrato
9904-EHEVJ,0.3749,Medium,Contacto proactivo - revision de contrato
1135-LMECX,0.3748,Medium,Contacto proactivo - revision de contrato
2831-EBWRN,0.3748,Medium,Contacto proactivo - revision de contrato
6124-ACRHJ,0.3746,Medium,Contacto proactivo - revision de contrato
0585-EGDDA,0.3745,Medium,Contacto proactivo - revision de contrato
4130-MZLCC,0.3744,Medium,Contacto proactivo - revision de contrato
9003-CPATH,0.3743,Medium,Contacto proactivo - revision de contrato
9820-RMCQV,0.3739,Medium,Contacto proactivo - revision de contrato
7774-OJSXI,0.3732,Medium,Contacto proactivo - revision de contrato
2683-BPJSO,0.3729,Medium,Contacto proactivo - revision de contrato
4640-UHDOS,0.3728,Medium,Contacto proactivo - revision de contrato
9474-PHLYD,0.3728,Medium,Contacto proactivo - revision de contrato
7682-AZNDK,0.3724,Medium,Contacto proactivo - revision de contrato
6180-YBIQI,0.3723,Medium,Contacto proactivo - revision de contrato
9254-RBFON,0.3721,Medium,Contacto proactivo - revision de contrato
4488-KQFDT,0.3719,Medium,Contacto proactivo - revision de contrato
2207-OBZNX,0.3719,Medium,Contacto proactivo - revision de contrato
9274-UARKJ,0.3719,Medium,Contacto proactivo - revision de contrato
2542-HYGIQ,0.3717,Medium,Contacto proactivo - revision de contrato
2874-YXVVA,0.3715,Medium,Contacto proactivo - revision de contrato
4831-EOBFE,0.3715,Medium,Contacto proactivo - revision de contrato
9626-VFRGG,0.3713,Medium,Contacto proactivo - revision de contrato
4360-PNRQB,0.3711,Medium,Contacto proactivo - revision de contrato
7814-LEEVE,0.3709,Medium,Contacto proactivo - revision de contrato
3814-MLAXC,0.3706,Medium,Contacto proactivo - revision de contrato
3645-DEYGF,0.3702,Medium,Contacto proactivo - revision de contrato
2474-BRUCM,0.3699,Medium,Contacto proactivo - revision de contrato
7404-JLKQG,0.3699,Medium,Contacto proactivo - revision de contrato
6284-AHOOQ,0.3699,Medium,Contacto proactivo - revision de contrato
2626-URJFX,0.3697,Medium,Contacto proactivo - revision de contrato
9819-FBNSV,0.3696,Medium,Contacto proactivo - revision de contrato
3207-OYBWH,0.3696,Medium,Contacto proactivo - revision de contrato
8203-XJZRC,0.3694,Medium,Contacto proactivo - revision de contrato
4211-MMAZN,0.3694,Medium,Contacto proactivo - revision de contrato
6637-KYRCV,0.3692,Medium,Contacto proactivo - revision de contrato
1481-ZUWZA,0.3689,Medium,Contacto proactivo - revision de contrato
4840-ORQXB,0.3684,Medium,Contacto proactivo - revision de contrato
4628-WQCQQ,0.3678,Medium,Contacto proactivo - revision de contrato
8152-UOBNY,0.3676,Medium,Contacto proactivo - revision de contrato
7718-RXDGG,0.3675,Medium,Contacto proactivo - revision de contrato
0111-KLBQG,0.3673,Medium,Contacto proactivo - revision de contrato
4905-JEFDW,0.3672,Medium,Contacto proactivo - revision de contrato
6240-EURKS,0.3672,Medium,Contacto proactivo - revision de contrato
7924-GJZFI,0.3669,Medium,Contacto proactivo - revision de contrato
1472-TNCWL,0.3667,Medium,Contacto proactivo - revision de contrato
5175-AOBHI,0.3667,Medium,Contacto proactivo - revision de contrato
5175-WLYXL,0.3664,Medium,Contacto proactivo - revision de contrato
2122-YWVYA,0.3662,Medium,Contacto proactivo - revision de contrato
3956-CJUST,0.3658,Medium,Contacto proactivo - revision de contrato
2604-IJPDU,0.3657,Medium,Contacto proactivo - revision de contrato
3943-KDREE,0.365,Medium,Contacto proactivo - revision de contrato
8775-CEBBJ,0.3649,Medium,Contacto proactivo - revision de contrato
6410-LEFEN,0.3647,Medium,Contacto proactivo - revision de contrato
7853-OETYL,0.3647,Medium,Contacto proactivo - revision de contrato
6815-ABQFQ,0.3647,Medium,Contacto proactivo - revision de contrato
6143-JQKEA,0.3646,Medium,Contacto proactivo - revision de contrato
9793-WECQC,0.3644,Medium,Contacto proactivo - revision de contrato
9576-SYUHJ,0.3637,Medium,Contacto proactivo - revision de contrato
7501-VTYLJ,0.3636,Medium,Contacto proactivo - revision de contrato
2873-ZLIWT,0.3636,Medium,Contacto proactivo - revision de contrato
7979-CORPM,0.3634,Medium,Contacto proactivo - revision de contrato
2074-GUHPQ,0.3631,Medium,Contacto proactivo - revision de contrato
7927-AUXBZ,0.363,Medium,Contacto proactivo - revision de contrato
4088-YLDSU,0.363,Medium,Contacto proactivo - revision de contrato
2480-SQIOB,0.3629,Medium,Contacto proactivo - revision de contrato
1685-VAYJF,0.3628,Medium,Contacto proactivo - revision de contrato
0247-SLUJI,0.3621,Medium,Contacto proactivo - revision de contrato
1194-SPVSP,0.362,Medium,Contacto proactivo - revision de contrato
6377-WHAOX,0.362,Medium,Contacto proactivo - revision de contrato
2988-PLAHS,0.362,Medium,Contacto proactivo - revision de contrato
8728-SKJLR,0.362,Medium,Contacto proactivo - revision de contrato
1323-OOEPC,0.3619,Medium,Contacto proactivo - revision de contrato
7284-BUYEC,0.3616,Medium,Contacto proactivo - revision de contrato
6379-RXJRQ,0.3611,Medium,Contacto proactivo - revision de contrato
8563-OYMQY,0.361,Medium,Contacto proactivo - revision de contrato
5302-BDJNT,0.3605,Medium,Contacto proactivo - revision de contrato
7133-VBDCG,0.3604,Medium,Contacto proactivo - revision de contrato
4190-MFLUW,0.36,Medium,Contacto proactivo - revision de contrato
1750-CSKKM,0.3596,Medium,Contacto proactivo - revision de contrato
9408-HRXRK,0.3594,Medium,Contacto proactivo - revision de contrato
5088-QZLRL,0.3594,Medium,Contacto proactivo - revision de contrato
2916-BQZLN,0.3593,Medium,Contacto proactivo - revision de contrato
7893-IXHRQ,0.3593,Medium,Contacto proactivo - revision de contrato
1261-FWTTE,0.359,Medium,Contacto proactivo - revision de contrato
9168-INPSZ,0.3587,Medium,Contacto proactivo - revision de contrato
9365-SRSZE,0.3586,Medium,Contacto proactivo - revision de contrato
7579-OOPEC,0.3584,Medium,Contacto proactivo - revision de contrato
5482-VXSXJ,0.3582,Medium,Contacto proactivo - revision de contrato
2675-OTVVJ,0.3572,Medium,Contacto proactivo - revision de contrato
2014-MKGMH,0.357,Medium,Contacto proactivo - revision de contrato
3807-XHCJH,0.357,Medium,Contacto proactivo - revision de contrato
7853-WNZSY,0.3568,Medium,Contacto proactivo - revision de contrato
9944-AEXBM,0.3567,Medium,Contacto proactivo - revision de contrato
4800-CZMPC,0.3566,Medium,Contacto proactivo - revision de contrato
8387-MOJJT,0.3564,Medium,Contacto proactivo - revision de contrato
7881-INRLC,0.3562,Medium,Contacto proactivo - revision de contrato
1644-IRKSF,0.3559,Medium,Contacto proactivo - revision de contrato
0365-GXEZS,0.3557,Medium,Contacto proactivo - revision de contrato
7813-ZGGAW,0.3557,Medium,Contacto proactivo - revision de contrato
2037-XJFUP,0.3554,Medium,Contacto proactivo - revision de contrato
4080-OGPJL,0.3554,Medium,Contacto proactivo - revision de contrato
2657-ALMWY,0.3553,Medium,Contacto proactivo - revision de contrato
2277-DJJDL,0.355,Medium,Contacto proactivo - revision de contrato
9800-ONTFE,0.355,Medium,Contacto proactivo - revision de contrato
7248-VZQLC,0.3549,Medium,Contacto proactivo - revision de contrato
6599-CEBNN,0.3547,Medium,Contacto proactivo - revision de contrato
7993-PYKOF,0.3546,Medium,Contacto proactivo - revision de contrato
6339-DKLMK,0.3544,Medium,Contacto proactivo - revision de contrato
5686-CMAWK,0.3538,Medium,Contacto proactivo - revision de contrato
6557-BZXLQ,0.3529,Medium,Contacto proactivo - revision de contrato
0486-HECZI,0.3528,Medium,Contacto proactivo - revision de contrato
3567-PQTSO,0.3528,Medium,Contacto proactivo - revision de contrato
7614-QVWQL,0.3526,Medium,Contacto proactivo - revision de contrato
5294-DMSFH,0.3523,Medium,Contacto proactivo - revision de contrato
4446-BZKHU,0.3521,Medium,Contacto proactivo - revision de contrato
2911-WDXMV,0.3515,Medium,Contacto proactivo - revision de contrato
7112-OPOTK,0.3514,Medium,Contacto proactivo - revision de contrato
0682-USIXD,0.3508,Medium,Contacto proactivo - revision de contrato
6635-CPNUN,0.3508,Medium,Contacto proactivo - revision de contrato
2565-JSLRY,0.3506,Medium,Contacto proactivo - revision de contrato
0701-RFGFI,0.3501,Medium,Contacto proactivo - revision de contrato
6599-RCLCJ,0.3501,Medium,Contacto proactivo - revision de contrato
0082-OQIQY,0.35,Medium,Contacto proactivo - revision de contrato
4061-UKJWL,0.3498,Medium,Contacto proactivo - revision de contrato
4570-QHXHL,0.3498,Medium,Contacto proactivo - revision de contrato
4471-KXAUH,0.3495,Medium,Contacto proactivo - revision de contrato
9190-MFJLN,0.3492,Medium,Contacto proactivo - revision de contrato
7721-DVEKZ,0.3491,Medium,Contacto proactivo - revision de contrato
0970-QXPXW,0.3491,Medium,Contacto proactivo - revision de contrato
8329-IBCTI,0.3491,Medium,Contacto proactivo - revision de contrato
3665-JATSN,0.3483,Medium,Contacto proactivo - revision de contrato
2293-IJWPS,0.3482,Medium,Contacto proactivo - revision de contrato
2637-FKFSY,0.3481,Medium,Contacto proactivo - revision de contrato
2817-NTQDO,0.348,Medium,Contacto proactivo - revision de contrato
2582-FFFZR,0.3479,Medium,Contacto proactivo - revision de contrato
9866-QEVEE,0.3479,Medium,Contacto proactivo - revision de contrato
0064-YIJGF,0.3478,Medium,Contacto proactivo - revision de contrato
2625-TRCZQ,0.3477,Medium,Contacto proactivo - revision de contrato
5419-JKZNQ,0.3475,Medium,Contacto proactivo - revision de contrato
8840-DQLGN,0.3472,Medium,Contacto proactivo - revision de contrato
5356-CSVSQ,0.347,Medium,Contacto proactivo - revision de contrato
7048-GXDAY,0.3465,Medium,Contacto proactivo - revision de contrato
7964-VEXDG,0.3461,Medium,Contacto proactivo - revision de contrato
0611-DFXKO,0.3459,Medium,Contacto proactivo - revision de contrato
8262-COGGB,0.3456,Medium,Contacto proactivo - revision de contrato
5996-DAOQL,0.3456,Medium,Contacto proactivo - revision de contrato
6646-QVXLR,0.3455,Medium,Contacto proactivo - revision de contrato
2038-LLMLM,0.3453,Medium,Contacto proactivo - revision de contrato
3325-FUYCG,0.3451,Medium,Contacto proactivo - revision de contrato
9029-FEGVJ,0.3451,Medium,Contacto proactivo - revision de contrato
5122-CYFXA,0.3446,Medium,Contacto proactivo - revision de contrato
0634-SZPQA,0.3446,Medium,Contacto proactivo - revision de contrato
1448-CYWKC,0.3444,Medium,Contacto proactivo - revision de contrato
4452-QIIEB,0.3443,Medium,Contacto proactivo - revision de contrato
6458-CYIDZ,0.3442,Medium,Contacto proactivo - revision de contrato
6599-GZWCM,0.3439,Medium,Contacto proactivo - revision de contrato
0618-XWMSS,0.3439,Medium,Contacto proactivo - revision de contrato
2322-VCZHZ,0.3438,Medium,Contacto proactivo - revision de contrato
8270-RKSAP,0.3437,Medium,Contacto proactivo - revision de contrato
3806-DXQOM,0.3436,Medium,Contacto proactivo - revision de contrato
7892-QVYKW,0.3434,Medium,Contacto proactivo - revision de contrato
5349-AZPEW,0.3432,Medium,Contacto proactivo - revision de contrato
4343-EJVQB,0.3432,Medium,Contacto proactivo - revision de contrato
3853-LYGAM,0.3429,Medium,Contacto proactivo - revision de contrato
5701-SVCWR,0.3428,Medium,Contacto proactivo - revision de contrato
3656-TKRVZ,0.3428,Medium,Contacto proactivo - revision de contrato
7486-KSRVI,0.3427,Medium,Contacto proactivo - revision de contrato
4430-UZIPO,0.3426,Medium,Contacto proactivo - revision de contrato
2770-NSVDG,0.3425,Medium,Contacto proactivo - revision de contrato
4881-JVQOD,0.3424,Medium,Contacto proactivo - revision de contrato
8761-NSOBC,0.3419,Medium,Contacto proactivo - revision de contrato
8805-JNRAZ,0.3417,Medium,Contacto proactivo - revision de contrato
4824-GUCBY,0.3414,Medium,Contacto proactivo - revision de contrato
6986-IJDHX,0.341,Medium,Contacto proactivo - revision de contrato
1101-SSWAG,0.341,Medium,Contacto proactivo - revision de contrato
1324-NLTJE,0.3406,Medium,Contacto proactivo - revision de contrato
3094-JOJAI,0.3404,Medium,Contacto proactivo - revision de contrato
4220-TINQT,0.3403,Medium,Contacto proactivo - revision de contrato
2869-ADAWR,0.3401,Medium,Contacto proactivo - revision de contrato
8329-UTMVM,0.34,Medium,Contacto proactivo - revision de contrato
6692-YQHXC,0.34,Medium,Contacto proactivo - revision de contrato
5630-IXDXV,0.3398,Medium,Contacto proactivo - revision de contrato
9327-QSDED,0.3394,Medium,Contacto proactivo - revision de contrato
8182-PNAGI,0.3393,Medium,Contacto proactivo - revision de contrato
3727-JEZTU,0.3388,Medium,Contacto proactivo - revision de contrato
1963-VAUKV,0.3388,Medium,Contacto proactivo - revision de contrato
1685-BQULA,0.3387,Medium,Contacto proactivo - revision de contrato
9492-TOKRI,0.3386,Medium,Contacto proactivo - revision de contrato
7855-DIWPO,0.3386,Medium,Contacto proactivo - revision de contrato
7251-LJBQN,0.3385,Medium,Contacto proactivo - revision de contrato
4323-SADQS,0.3384,Medium,Contacto proactivo - revision de contrato
1373-ORVIZ,0.3383,Medium,Contacto proactivo - revision de contrato
3312-ZWLGF,0.3382,Medium,Contacto proactivo - revision de contrato
5071-FBJFS,0.338,Medium,Contacto proactivo - revision de contrato
2720-FVBQP,0.3379,Medium,Contacto proactivo - revision de contrato
2476-YGEFM,0.3378,Medium,Contacto proactivo - revision de contrato
2519-LBNQL,0.3377,Medium,Contacto proactivo - revision de contrato
0734-OXWBT,0.3376,Medium,Contacto proactivo - revision de contrato
9500-LTVBP,0.3372,Medium,Contacto proactivo - revision de contrato
4619-EVPHY,0.3369,Medium,Contacto proactivo - revision de contrato
2235-ZGKPT,0.3368,Medium,Contacto proactivo - revision de contrato
7596-LDUXP,0.3368,Medium,Contacto proactivo - revision de contrato
7521-AFHAB,0.3367,Medium,Contacto proactivo - revision de contrato
8205-MQUGY,0.3366,Medium,Contacto proactivo - revision de contrato
0843-WTBXE,0.3363,Medium,Contacto proactivo - revision de contrato
8496-EJAUI,0.3363,Medium,Contacto proactivo - revision de contrato
7993-NQLJE,0.3363,Medium,Contacto proactivo - revision de contrato
2592-YKDIF,0.3361,Medium,Contacto proactivo - revision de contrato
4320-QMLLA,0.3359,Medium,Contacto proactivo - revision de contrato
0376-OIWME,0.3359,Medium,Contacto proactivo - revision de contrato
2834-SPCJV,0.3354,Medium,Contacto proactivo - revision de contrato
6243-OZGFH,0.3353,Medium,Contacto proactivo - revision de contrato
9057-MSWCO,0.3349,Medium,Contacto proactivo - revision de contrato
6994-KERXL,0.3349,Medium,Contacto proactivo - revision de contrato
3452-ABWRL,0.3348,Medium,Contacto proactivo - revision de contrato
6078-VESFR,0.3345,Medium,Contacto proactivo - revision de contrato
7504-UWHNB,0.3343,Medium,Contacto proactivo - revision de contrato
4918-QLLIW,0.3342,Medium,Contacto proactivo - revision de contrato
0742-MOABM,0.3338,Medium,Contacto proactivo - revision de contrato
1228-ZLNBX,0.3336,Medium,Contacto proactivo - revision de contrato
5461-QKNTN,0.3334,Medium,Contacto proactivo - revision de contrato
0310-MVLET,0.3333,Medium,Contacto proactivo - revision de contrato
2359-QWQUL,0.3333,Medium,Contacto proactivo - revision de contrato
8647-SDTWQ,0.3331,Medium,Contacto proactivo - revision de contrato
9971-ZWPBF,0.3328,Medium,Contacto proactivo - revision de contrato
1725-MIMXW,0.3327,Medium,Contacto proactivo - revision de contrato
8160-HOWOX,0.3326,Medium,Contacto proactivo - revision de contrato
9693-XMUOB,0.3324,Medium,Contacto proactivo - revision de contrato
2433-KMEAS,0.3322,Medium,Contacto proactivo - revision de contrato
9281-OFDMF,0.3321,Medium,Contacto proactivo - revision de contrato
2886-KEFUM,0.3317,Medium,Contacto proactivo - revision de contrato
7634-WSWDB,0.3314,Medium,Contacto proactivo - revision de contrato
1635-FJFCC,0.3314,Medium,Contacto proactivo - revision de contrato
6825-UYPFK,0.3313,Medium,Contacto proactivo - revision de contrato
4553-DVPZG,0.3311,Medium,Contacto proactivo - revision de contrato
9584-EXCDZ,0.3308,Medium,Contacto proactivo - revision de contrato
0319-QZTCO,0.3306,Medium,Contacto proactivo - revision de contrato
7421-ZLUPA,0.3302,Medium,Contacto proactivo - revision de contrato
0406-BPDVR,0.33,Medium,Contacto proactivo - revision de contrato
9348-YVOMK,0.33,Medium,Contacto proactivo - revision de contrato
8652-YHIYU,0.33,Medium,Contacto proactivo - revision de contrato
8563-IIOXK,0.3299,Medium,Contacto proactivo - revision de contrato
8901-HJXTF,0.3297,Medium,Contacto proactivo - revision de contrato
0141-YEAYS,0.3297,Medium,Contacto proactivo - revision de contrato
6652-YFFJO,0.3293,Medium,Contacto proactivo - revision de contrato
4821-SJHJV,0.329,Medium,Contacto proactivo - revision de contrato
2359-KLTEK,0.3287,Medium,Contacto proactivo - revision de contrato
5906-BFOZT,0.3285,Medium,Contacto proactivo - revision de contrato
8543-MSDMF,0.3283,Medium,Contacto proactivo - revision de contrato
3445-HXXGF,0.3283,Medium,Contacto proactivo - revision de contrato
7639-SUPCW,0.3282,Medium,Contacto proactivo - revision de contrato
5498-TXHLF,0.328,Medium,Contacto proactivo - revision de contrato
5895-QSXOD,0.3277,Medium,Contacto proactivo - revision de contrato
5515-RUGKN,0.3274,Medium,Contacto proactivo - revision de contrato
9323-HGFWY,0.3274,Medium,Contacto proactivo - revision de contrato
9578-VRMNM,0.3272,Medium,Contacto proactivo - revision de contrato
2700-LUEVA,0.3272,Medium,Contacto proactivo - revision de contrato
3694-DELSO,0.3272,Medium,Contacto proactivo - revision de contrato
3677-TNKIO,0.3271,Medium,Contacto proactivo - revision de contrato
3197-ARFOY,0.327,Medium,Contacto proactivo - revision de contrato
1845-CSBRZ,0.3269,Medium,Contacto proactivo - revision de contrato
8985-OOPOS,0.3266,Medium,Contacto proactivo - revision de contrato
9375-MHRRS,0.3266,Medium,Contacto proactivo - revision de contrato
6599-SFQVE,0.3266,Medium,Contacto proactivo - revision de contrato
9530-EHPOH,0.3265,Medium,Contacto proactivo - revision de contrato
5889-JTMUL,0.3263,Medium,Contacto proactivo - revision de contrato
7826-VVKWT,0.3262,Medium,Contacto proactivo - revision de contrato
2240-HSJQD,0.3257,Medium,Contacto proactivo - revision de contrato
0156-FVPTA,0.3249,Medium,Contacto proactivo - revision de contrato
8058-DMYRU,0.3246,Medium,Contacto proactivo - revision de contrato
3237-AJGEH,0.3246,Medium,Contacto proactivo - revision de contrato
8313-KTIHG,0.3246,Medium,Contacto proactivo - revision de contrato
8155-IBNHG,0.3246,Medium,Contacto proactivo - revision de contrato
6726-WEXXK,0.3244,Medium,Contacto proactivo - revision de contrato
9167-APMXZ,0.3244,Medium,Contacto proactivo - revision de contrato
6257-RJOHI,0.3244,Medium,Contacto proactivo - revision de contrato
2347-WKKAE,0.3237,Medium,Contacto proactivo - revision de contrato
6778-YSNIH,0.3235,Medium,Contacto proactivo - revision de contrato
0411-EZJZE,0.3231,Medium,Contacto proactivo - revision de contrato
7245-JMTTQ,0.323,Medium,Contacto proactivo - revision de contrato
8627-EHGIP,0.323,Medium,Contacto proactivo - revision de contrato
2108-XWMPY,0.3229,Medium,Contacto proactivo - revision de contrato
0481-SUMCB,0.3228,Medium,Contacto proactivo - revision de contrato
1100-DDVRV,0.3228,Medium,Contacto proactivo - revision de contrato
3174-RKMOW,0.3228,Medium,Contacto proactivo - revision de contrato
2403-BCASL,0.3227,Medium,Contacto proactivo - revision de contrato
3845-JHAMY,0.3225,Medium,Contacto proactivo - revision de contrato
3351-NGXYI,0.3225,Medium,Contacto proactivo - revision de contrato
7064-FRRSW,0.3223,Medium,Contacto proactivo - revision de contrato
0991-BRRFB,0.3223,Medium,Contacto proactivo - revision de contrato
1442-BQPVU,0.3219,Medium,Contacto proactivo - revision de contrato
8773-HHUOZ,0.3216,Medium,Contacto proactivo - revision de contrato
3082-VQXNH,0.3216,Medium,Contacto proactivo - revision de contrato
4680-KUTAJ,0.3215,Medium,Contacto proactivo - revision de contrato
8584-KMVXD,0.3214,Medium,Contacto proactivo - revision de contrato
5671-UUNXD,0.3212,Medium,Contacto proactivo - revision de contrato
7963-GQRMY,0.321,Medium,Contacto proactivo - revision de contrato
9103-CXVOK,0.3208,Medium,Contacto proactivo - revision de contrato
5172-MIGPM,0.3207,Medium,Contacto proactivo - revision de contrato
1763-WQFUK,0.3206,Medium,Contacto proactivo - revision de contrato
2325-WINES,0.3204,Medium,Contacto proactivo - revision de contrato
6259-WJQLC,0.3202,Medium,Contacto proactivo - revision de contrato
3932-IJWDZ,0.3201,Medium,Contacto proactivo - revision de contrato
2187-LZGPL,0.3201,Medium,Contacto proactivo - revision de contrato
5628-RKIFK,0.3199,Low,Mantenimiento - comunicacion periodica
1156-ZFYDO,0.3199,Low,Mantenimiento - comunicacion periodica
6402-EJMWF,0.3198,Low,Mantenimiento - comunicacion periodica
5149-TGWDZ,0.3195,Low,Mantenimiento - comunicacion periodica
6313-GIDIT,0.3195,Low,Mantenimiento - comunicacion periodica
7562-UXTPG,0.319,Low,Mantenimiento - comunicacion periodica
0975-VOOVL,0.3189,Low,Mantenimiento - comunicacion periodica
5813-UECBU,0.3186,Low,Mantenimiento - comunicacion periodica
4484-CGXFK,0.3184,Low,Mantenimiento - comunicacion periodica
9708-KFDBY,0.3182,Low,Mantenimiento - comunicacion periodica
2195-ZRVAX,0.3181,Low,Mantenimiento - comunicacion periodica
0324-BRPCJ,0.3181,Low,Mantenimiento - comunicacion periodica
3137-LUPIX,0.3181,Low,Mantenimiento - comunicacion periodica
6537-QLGEX,0.3178,Low,Mantenimiento - comunicacion periodica
7551-DACSP,0.3175,Low,Mantenimiento - comunicacion periodica
3090-QFUVD,0.3174,Low,Mantenimiento - comunicacion periodica
2153-MREFK,0.3169,Low,Mantenimiento - comunicacion periodica
5502-RLUYV,0.3168,Low,Mantenimiento - comunicacion periodica
5016-IBERQ,0.3167,Low,Mantenimiento - comunicacion periodica
7318-EIVKO,0.3163,Low,Mantenimiento - comunicacion periodica
5572-ZDXHY,0.3161,Low,Mantenimiento - comunicacion periodica
2100-BDNSN,0.316,Low,Mantenimiento - comunicacion periodica
3583-KRKMD,0.316,Low,Mantenimiento - comunicacion periodica
8212-CRQXP,0.3155,Low,Mantenimiento - comunicacion periodica
4480-MBMLB,0.3154,Low,Mantenimiento - comunicacion periodica
8623-TMRBY,0.3153,Low,Mantenimiento - comunicacion periodica
5649-TJHOV,0.3152,Low,Mantenimiento - comunicacion periodica
1622-HSHSF,0.3147,Low,Mantenimiento - comunicacion periodica
5485-WUYWF,0.3143,Low,Mantenimiento - comunicacion periodica
9708-HPXWZ,0.3142,Low,Mantenimiento - comunicacion periodica
6693-FRIRW,0.314,Low,Mantenimiento - comunicacion periodica
8660-BUETV,0.3131,Low,Mantenimiento - comunicacion periodica
8749-JMNKX,0.3129,Low,Mantenimiento - comunicacion periodica
0877-SDMBN,0.3128,Low,Mantenimiento - comunicacion periodica
8562-GHPPI,0.3127,Low,Mantenimiento - comunicacion periodica
7957-RYHQD,0.3126,Low,Mantenimiento - comunicacion periodica
6985-HAYWX,0.3126,Low,Mantenimiento - comunicacion periodica
8982-NHAVY,0.3125,Low,Mantenimiento - comunicacion periodica
9470-XCCEM,0.3124,Low,Mantenimiento - comunicacion periodica
1258-YMZNM,0.3122,Low,Mantenimiento - comunicacion periodica
0786-VSSUD,0.3121,Low,Mantenimiento - comunicacion periodica
2974-GGUXS,0.3118,Low,Mantenimiento - comunicacion periodica
1452-KIOVK,0.3118,Low,Mantenimiento - comunicacion periodica
3524-WQDSG,0.3116,Low,Mantenimiento - comunicacion periodica
4238-HFHSN,0.311,Low,Mantenimiento - comunicacion periodica
1818-ESQMW,0.3109,Low,Mantenimiento - comunicacion periodica
7878-JGDKK,0.3109,Low,Mantenimiento - comunicacion periodica
6304-IJFSQ,0.3107,Low,Mantenimiento - comunicacion periodica
3348-CFRNX,0.3102,Low,Mantenimiento - comunicacion periodica
9272-LSVYH,0.3102,Low,Mantenimiento - comunicacion periodica
2668-TZSPS,0.3101,Low,Mantenimiento - comunicacion periodica
0673-IGUQO,0.3101,Low,Mantenimiento - comunicacion periodica
6769-DYBQN,0.3099,Low,Mantenimiento - comunicacion periodica
0564-MUUQK,0.3093,Low,Mantenimiento - comunicacion periodica
5995-OIGLP,0.3089,Low,Mantenimiento - comunicacion periodica
9174-FKWZE,0.3088,Low,Mantenimiento - comunicacion periodica
5371-VYLSX,0.3086,Low,Mantenimiento - comunicacion periodica
3055-MJDSB,0.3083,Low,Mantenimiento - comunicacion periodica
0178-SZBHO,0.308,Low,Mantenimiento - comunicacion periodica
8566-YPRGL,0.308,Low,Mantenimiento - comunicacion periodica
7279-BUYWN,0.3079,Low,Mantenimiento - comunicacion periodica
5156-UMKOW,0.3074,Low,Mantenimiento - comunicacion periodica
6038-GCYEC,0.3073,Low,Mantenimiento - comunicacion periodica
3589-PPVKW,0.307,Low,Mantenimiento - comunicacion periodica
0811-GSDTP,0.3069,Low,Mantenimiento - comunicacion periodica
3058-WQDRE,0.3069,Low,Mantenimiento - comunicacion periodica
1724-IQWNM,0.3065,Low,Mantenimiento - comunicacion periodica
0410-IPFTY,0.3063,Low,Mantenimiento - comunicacion periodica
7587-AOVVU,0.3062,Low,Mantenimiento - comunicacion periodica
2085-BOJKI,0.3062,Low,Mantenimiento - comunicacion periodica
8095-WANWK,0.3061,Low,Mantenimiento - comunicacion periodica
6464-KEXXH,0.306,Low,Mantenimiento - comunicacion periodica
1575-KRZZE,0.306,Low,Mantenimiento - comunicacion periodica
9101-BWFSS,0.3057,Low,Mantenimiento - comunicacion periodica
0380-NEAVX,0.3054,Low,Mantenimiento - comunicacion periodica
3167-SNQPL,0.3052,Low,Mantenimiento - comunicacion periodica
2141-RRYGO,0.3051,Low,Mantenimiento - comunicacion periodica
5180-UCIIQ,0.3048,Low,Mantenimiento - comunicacion periodica
2778-OCLGR,0.3046,Low,Mantenimiento - comunicacion periodica
9210-IAHGH,0.3043,Low,Mantenimiento - comunicacion periodica
9122-UMROB,0.3041,Low,Mantenimiento - comunicacion periodica
2676-ISHSF,0.3041,Low,Mantenimiento - comunicacion periodica
8217-QYOHV,0.3037,Low,Mantenimiento - comunicacion periodica
4067-HLYQI,0.3036,Low,Mantenimiento - comunicacion periodica
3143-ILDAL,0.3036,Low,Mantenimiento - comunicacion periodica
4482-FTFFX,0.3035,Low,Mantenimiento - comunicacion periodica
9154-QDGTH,0.3034,Low,Mantenimiento - comunicacion periodica
6921-OZMFH,0.3034,Low,Mantenimiento - comunicacion periodica
7356-IWLFW,0.3033,Low,Mantenimiento - comunicacion periodica
4667-OHGKG,0.3033,Low,Mantenimiento - comunicacion periodica
6896-SRVYQ,0.3033,Low,Mantenimiento - comunicacion periodica
6048-QBXKL,0.3031,Low,Mantenimiento - comunicacion periodica
9812-GHVRI,0.3031,Low,Mantenimiento - comunicacion periodica
6629-LADHQ,0.3028,Low,Mantenimiento - comunicacion periodica
6469-MRVET,0.3026,Low,Mantenimiento - comunicacion periodica
3452-SRFEG,0.3025,Low,Mantenimiento - comunicacion periodica
7207-RMRDB,0.3025,Low,Mantenimiento - comunicacion periodica
8205-OTCHB,0.3021,Low,Mantenimiento - comunicacion periodica
2585-KTFRE,0.302,Low,Mantenimiento - comunicacion periodica
6199-IWKGC,0.3017,Low,Mantenimiento - comunicacion periodica
0089-IIQKO,0.3016,Low,Mantenimiento - comunicacion periodica
1791-PQHBB,0.3016,Low,Mantenimiento - comunicacion periodica
2040-VZIKE,0.3015,Low,Mantenimiento - comunicacion periodica
9873-MNDKV,0.3009,Low,Mantenimiento - comunicacion periodica
3842-QTGDL,0.3007,Low,Mantenimiento - comunicacion periodica
5469-CTCWN,0.3003,Low,Mantenimiento - comunicacion periodica
9129-UXERG,0.3003,Low,Mantenimiento - comunicacion periodica
0311-UNPFF,0.3,Low,Mantenimiento - comunicacion periodica
6844-DZKRF,0.2999,Low,Mantenimiento - comunicacion periodica
3331-HQDTW,0.2996,Low,Mantenimiento - comunicacion periodica
9261-WDCAF,0.2988,Low,Mantenimiento - comunicacion periodica
3870-MQAMG,0.2988,Low,Mantenimiento - comunicacion periodica
0212-ISBBF,0.2986,Low,Mantenimiento - comunicacion periodica
0471-LVHGK,0.2984,Low,Mantenimiento - comunicacion periodica
1552-AAGRX,0.2983,Low,Mantenimiento - comunicacion periodica
9667-TKTVZ,0.298,Low,Mantenimiento - comunicacion periodica
9912-OMZDS,0.2979,Low,Mantenimiento - comunicacion periodica
0282-NVSJS,0.2976,Low,Mantenimiento - comunicacion periodica
4592-IWTJI,0.2975,Low,Mantenimiento - comunicacion periodica
2839-RFSQE,0.2975,Low,Mantenimiento - comunicacion periodica
8565-CLBZW,0.2974,Low,Mantenimiento - comunicacion periodica
2203-GHNWN,0.2974,Low,Mantenimiento - comunicacion periodica
1320-REHCS,0.2972,Low,Mantenimiento - comunicacion periodica
2000-MPKCA,0.2971,Low,Mantenimiento - comunicacion periodica
8887-IPQNC,0.2969,Low,Mantenimiento - comunicacion periodica
3308-MHOOC,0.2968,Low,Mantenimiento - comunicacion periodica
4657-FWVFY,0.2966,Low,Mantenimiento - comunicacion periodica
1013-QCWAM,0.2965,Low,Mantenimiento - comunicacion periodica
8976-OQHGT,0.2964,Low,Mantenimiento - comunicacion periodica
1041-RXHRA,0.2964,Low,Mantenimiento - comunicacion periodica
5274-XHAKY,0.2963,Low,Mantenimiento - comunicacion periodica
5057-LCOUI,0.2963,Low,Mantenimiento - comunicacion periodica
1343-EHPYB,0.2963,Low,Mantenimiento - comunicacion periodica
8824-RWFXJ,0.2962,Low,Mantenimiento - comunicacion periodica
2133-TSRRM,0.2962,Low,Mantenimiento - comunicacion periodica
5445-GLVOT,0.2961,Low,Mantenimiento - comunicacion periodica
2208-NQBCT,0.2957,Low,Mantenimiento - comunicacion periodica
6741-EGCBI,0.2955,Low,Mantenimiento - comunicacion periodica
9626-WEQRM,0.2954,Low,Mantenimiento - comunicacion periodica
7789-HKSBS,0.2954,Low,Mantenimiento - comunicacion periodica
2806-MLNTI,0.2953,Low,Mantenimiento - comunicacion periodica
5312-UXESG,0.2953,Low,Mantenimiento - comunicacion periodica
7876-BEUTG,0.2952,Low,Mantenimiento - comunicacion periodica
6891-JPYFF,0.2952,Low,Mantenimiento - comunicacion periodica
7641-EUYET,0.295,Low,Mantenimiento - comunicacion periodica
4138-NAXED,0.2945,Low,Mantenimiento - comunicacion periodica
5213-TWWJU,0.2942,Low,Mantenimiento - comunicacion periodica
5626-MGTUK,0.2942,Low,Mantenimiento - comunicacion periodica
2408-TZMJL,0.2939,Low,Mantenimiento - comunicacion periodica
4931-TRZWN,0.2935,Low,Mantenimiento - comunicacion periodica
1355-KUSBG,0.2934,Low,Mantenimiento - comunicacion periodica
6579-JPICP,0.2931,Low,Mantenimiento - comunicacion periodica
3162-KKZXO,0.2931,Low,Mantenimiento - comunicacion periodica
3590-TCXTB,0.2931,Low,Mantenimiento - comunicacion periodica
3511-APPBJ,0.293,Low,Mantenimiento - comunicacion periodica
0348-SDKOL,0.2922,Low,Mantenimiento - comunicacion periodica
4879-GZLFH,0.292,Low,Mantenimiento - comunicacion periodica
0617-FHSGK,0.292,Low,Mantenimiento - comunicacion periodica
9667-EQRXU,0.2916,Low,Mantenimiento - comunicacion periodica
7298-IZWLY,0.2915,Low,Mantenimiento - comunicacion periodica
3258-SANFR,0.2915,Low,Mantenimiento - comunicacion periodica
0420-BWTPW,0.2914,Low,Mantenimiento - comunicacion periodica
5816-QVHRX,0.2912,Low,Mantenimiento - comunicacion periodica
6591-QGOYB,0.2911,Low,Mantenimiento - comunicacion periodica
2227-JRSJX,0.2904,Low,Mantenimiento - comunicacion periodica
0804-XBFBV,0.2902,Low,Mantenimiento - comunicacion periodica
3594-KADLU,0.2901,Low,Mantenimiento - comunicacion periodica
2684-EIWEO,0.2895,Low,Mantenimiento - comunicacion periodica
7401-RUBNK,0.2895,Low,Mantenimiento - comunicacion periodica
8677-HDZEE,0.2891,Low,Mantenimiento - comunicacion periodica
7011-CVEUC,0.289,Low,Mantenimiento - comunicacion periodica
5543-QDCRY,0.2888,Low,Mantenimiento - comunicacion periodica
2075-RMJIK,0.2888,Low,Mantenimiento - comunicacion periodica
0691-NIKRI,0.2881,Low,Mantenimiento - comunicacion periodica
9629-NHXFW,0.2879,Low,Mantenimiento - comunicacion periodica
9835-ZIITK,0.2872,Low,Mantenimiento - comunicacion periodica
0929-HYQEW,0.2869,Low,Mantenimiento - comunicacion periodica
0541-FITGH,0.286,Low,Mantenimiento - comunicacion periodica
5133-VRSAB,0.286,Low,Mantenimiento - comunicacion periodica
3780-YVMFA,0.2858,Low,Mantenimiento - comunicacion periodica
0512-FLFDW,0.2855,Low,Mantenimiento - comunicacion periodica
7129-AZJDE,0.2853,Low,Mantenimiento - comunicacion periodica
2606-RMDHZ,0.2852,Low,Mantenimiento - comunicacion periodica
8292-TYSPY,0.2849,Low,Mantenimiento - comunicacion periodica
7272-QDCKA,0.2848,Low,Mantenimiento - comunicacion periodica
0468-YRPXN,0.2848,Low,Mantenimiento - comunicacion periodica
4566-GOLUK,0.2844,Low,Mantenimiento - comunicacion periodica
3865-QBWSJ,0.2841,Low,Mantenimiento - comunicacion periodica
6345-ULYRW,0.2841,Low,Mantenimiento - comunicacion periodica
7277-OZCGZ,0.284,Low,Mantenimiento - comunicacion periodica
2842-BCQGE,0.2839,Low,Mantenimiento - comunicacion periodica
7567-ECMCM,0.2833,Low,Mantenimiento - comunicacion periodica
3522-CDKHF,0.2826,Low,Mantenimiento - comunicacion periodica
6497-TILVL,0.2826,Low,Mantenimiento - comunicacion periodica
2692-PFYTJ,0.2822,Low,Mantenimiento - comunicacion periodica
7159-FVYPK,0.2821,Low,Mantenimiento - comunicacion periodica
5811-IWXYM,0.2821,Low,Mantenimiento - comunicacion periodica
8149-AIQCG,0.2819,Low,Mantenimiento - comunicacion periodica
7694-VLBWQ,0.2818,Low,Mantenimiento - comunicacion periodica
1329-VHWNP,0.2818,Low,Mantenimiento - comunicacion periodica
7055-HNEOJ,0.2816,Low,Mantenimiento - comunicacion periodica
0177-PXBAT,0.2815,Low,Mantenimiento - comunicacion periodica
3647-GMGDH,0.2813,Low,Mantenimiento - comunicacion periodica
0260-ZDLGK,0.2809,Low,Mantenimiento - comunicacion periodica
9318-NKNFC,0.2805,Low,Mantenimiento - comunicacion periodica
6029-CSMJE,0.2798,Low,Mantenimiento - comunicacion periodica
3313-QKNKB,0.2795,Low,Mantenimiento - comunicacion periodica
6711-VTNRE,0.2795,Low,Mantenimiento - comunicacion periodica
8124-NZVGJ,0.2793,Low,Mantenimiento - comunicacion periodica
3196-NVXLZ,0.2788,Low,Mantenimiento - comunicacion periodica
1447-PJGGA,0.2787,Low,Mantenimiento - comunicacion periodica
8033-VCZGH,0.2787,Low,Mantenimiento - comunicacion periodica
4987-GQWPO,0.2784,Low,Mantenimiento - comunicacion periodica
5394-SVGJV,0.2782,Low,Mantenimiento - comunicacion periodica
7233-DRTRF,0.2781,Low,Mantenimiento - comunicacion periodica
5562-BETPV,0.2781,Low,Mantenimiento - comunicacion periodica
5243-SAOTC,0.2778,Low,Mantenimiento - comunicacion periodica
0430-IHCDJ,0.2778,Low,Mantenimiento - comunicacion periodica
1423-BMPBQ,0.2774,Low,Mantenimiento - comunicacion periodica
6121-VZNQB,0.2771,Low,Mantenimiento - comunicacion periodica
1625-JAIIY,0.2771,Low,Mantenimiento - comunicacion periodica
8468-EHYJA,0.277,Low,Mantenimiento - comunicacion periodica
9651-GTSAQ,0.2769,Low,Mantenimiento - comunicacion periodica
0927-CNGRH,0.2769,Low,Mantenimiento - comunicacion periodica
9356-AXGMP,0.2768,Low,Mantenimiento - comunicacion periodica
5035-PGZXH,0.2767,Low,Mantenimiento - comunicacion periodica
8158-WPEZG,0.2766,Low,Mantenimiento - comunicacion periodica
9412-GHEEC,0.2765,Low,Mantenimiento - comunicacion periodica
7147-AYBAA,0.2765,Low,Mantenimiento - comunicacion periodica
9139-WQQDY,0.2765,Low,Mantenimiento - comunicacion periodica
6777-TGHTM,0.2763,Low,Mantenimiento - comunicacion periodica
2712-SYWAY,0.276,Low,Mantenimiento - comunicacion periodica
8564-LDKFL,0.2759,Low,Mantenimiento - comunicacion periodica
3113-IWHLC,0.2759,Low,Mantenimiento - comunicacion periodica
5802-ADBRC,0.2757,Low,Mantenimiento - comunicacion periodica
1064-FBXNK,0.2756,Low,Mantenimiento - comunicacion periodica
6227-HWPWX,0.2754,Low,Mantenimiento - comunicacion periodica
5712-AHQNN,0.2754,Low,Mantenimiento - comunicacion periodica
1548-ARAGG,0.2754,Low,Mantenimiento - comunicacion periodica
7529-ZDFXI,0.2753,Low,Mantenimiento - comunicacion periodica
3815-SLMEF,0.2753,Low,Mantenimiento - comunicacion periodica
4628-CTTLA,0.2749,Low,Mantenimiento - comunicacion periodica
6624-JDRDS,0.2747,Low,Mantenimiento - comunicacion periodica
2479-BRAMR,0.2745,Low,Mantenimiento - comunicacion periodica
1785-BPHTP,0.2744,Low,Mantenimiento - comunicacion periodica
2219-MVUSO,0.2744,Low,Mantenimiento - comunicacion periodica
2911-UREFD,0.2744,Low,Mantenimiento - comunicacion periodica
2373-NTKOD,0.274,Low,Mantenimiento - comunicacion periodica
1029-QFBEN,0.2739,Low,Mantenimiento - comunicacion periodica
7601-WFVZV,0.2739,Low,Mantenimiento - comunicacion periodica
0423-UDIJQ,0.2738,Low,Mantenimiento - comunicacion periodica
7611-YKYTC,0.2733,Low,Mantenimiento - comunicacion periodica
5778-BVOFB,0.2729,Low,Mantenimiento - comunicacion periodica
7716-YTYHG,0.2729,Low,Mantenimiento - comunicacion periodica
9097-ZUBYC,0.2727,Low,Mantenimiento - comunicacion periodica
1600-DILPE,0.2725,Low,Mantenimiento - comunicacion periodica
2011-TRQYE,0.2724,Low,Mantenimiento - comunicacion periodica
1591-NFNLQ,0.2723,Low,Mantenimiento - comunicacion periodica
0060-FUALY,0.2722,Low,Mantenimiento - comunicacion periodica
0909-SDHNU,0.2721,Low,Mantenimiento - comunicacion periodica
5780-INQIK,0.272,Low,Mantenimiento - comunicacion periodica
1399-UBQIU,0.272,Low,Mantenimiento - comunicacion periodica
8388-FYNPZ,0.2717,Low,Mantenimiento - comunicacion periodica
5639-NTUPK,0.2714,Low,Mantenimiento - comunicacion periodica
8384-FZBJK,0.2713,Low,Mantenimiento - comunicacion periodica
0520-FDVVT,0.2708,Low,Mantenimiento - comunicacion periodica
0118-JPNOY,0.2706,Low,Mantenimiento - comunicacion periodica
6862-CQUMB,0.2706,Low,Mantenimiento - comunicacion periodica
8735-IJJEG,0.2703,Low,Mantenimiento - comunicacion periodica
3838-OZURD,0.2702,Low,Mantenimiento - comunicacion periodica
6849-OYAMU,0.27,Low,Mantenimiento - comunicacion periodica
0096-BXERS,0.2698,Low,Mantenimiento - comunicacion periodica
9699-UBQFS,0.2693,Low,Mantenimiento - comunicacion periodica
9233-PSYHO,0.2692,Low,Mantenimiento - comunicacion periodica
0979-PHULV,0.2692,Low,Mantenimiento - comunicacion periodica
4636-JGAAI,0.2691,Low,Mantenimiento - comunicacion periodica
6908-VVYHM,0.2688,Low,Mantenimiento - comunicacion periodica
5649-RXQTV,0.2686,Low,Mantenimiento - comunicacion periodica
8393-JMVMB,0.2685,Low,Mantenimiento - comunicacion periodica
4282-ACRXS,0.2682,Low,Mantenimiento - comunicacion periodica
8963-JLGJT,0.2682,Low,Mantenimiento - comunicacion periodica
8919-FYFQZ,0.2681,Low,Mantenimiento - comunicacion periodica
7426-WEIJX,0.2676,Low,Mantenimiento - comunicacion periodica
1120-BMWUB,0.2676,Low,Mantenimiento - comunicacion periodica
2957-LOLHO,0.2671,Low,Mantenimiento - comunicacion periodica
7550-WIQVA,0.2655,Low,Mantenimiento - comunicacion periodica
7721-JXEAW,0.2654,Low,Mantenimiento - comunicacion periodica
6217-TOWGS,0.2648,Low,Mantenimiento - comunicacion periodica
9103-TCIHJ,0.2645,Low,Mantenimiento - comunicacion periodica
7067-KSAZT,0.2643,Low,Mantenimiento - comunicacion periodica
7016-BPGEU,0.2641,Low,Mantenimiento - comunicacion periodica
3842-IYKUE,0.2641,Low,Mantenimiento - comunicacion periodica
6968-GMKPR,0.2639,Low,Mantenimiento - comunicacion periodica
2960-NKRSO,0.2636,Low,Mantenimiento - comunicacion periodica
5419-KLXBN,0.2632,Low,Mantenimiento - comunicacion periodica
5981-ZVXOT,0.263,Low,Mantenimiento - comunicacion periodica
5073-WXOYN,0.2629,Low,Mantenimiento - comunicacion periodica
2826-DXLQO,0.2625,Low,Mantenimiento - comunicacion periodica
2971-SGAFL,0.262,Low,Mantenimiento - comunicacion periodica
2460-FPSYH,0.2617,Low,Mantenimiento - comunicacion periodica
3043-TYBNO,0.2617,Low,Mantenimiento - comunicacion periodica
3569-EDBPQ,0.2615,Low,Mantenimiento - comunicacion periodica
0799-DDIHE,0.2612,Low,Mantenimiento - comunicacion periodica
2898-LSJGD,0.2611,Low,Mantenimiento - comunicacion periodica
5285-MVEHD,0.261,Low,Mantenimiento - comunicacion periodica
7346-MEDWM,0.2607,Low,Mantenimiento - comunicacion periodica
7722-CVFXN,0.2603,Low,Mantenimiento - comunicacion periodica
1550-LOAHA,0.2602,Low,Mantenimiento - comunicacion periodica
4685-ERGHK,0.2602,Low,Mantenimiento - comunicacion periodica
4439-YRNVD,0.2601,Low,Mantenimiento - comunicacion periodica
9614-RMGHA,0.26,Low,Mantenimiento - comunicacion periodica
6859-RKMZJ,0.26,Low,Mantenimiento - comunicacion periodica
6874-SGLHU,0.2596,Low,Mantenimiento - comunicacion periodica
9281-PKKZE,0.2595,Low,Mantenimiento - comunicacion periodica
7009-LGECI,0.2593,Low,Mantenimiento - comunicacion periodica
1956-YIFGE,0.259,Low,Mantenimiento - comunicacion periodica
6769-DCQLI,0.2584,Low,Mantenimiento - comunicacion periodica
6483-OATDN,0.2583,Low,Mantenimiento - comunicacion periodica
4307-KTUMW,0.2578,Low,Mantenimiento - comunicacion periodica
7617-EYGLW,0.2578,Low,Mantenimiento - comunicacion periodica
2923-ARZLG,0.2566,Low,Mantenimiento - comunicacion periodica
9909-IDLEK,0.2565,Low,Mantenimiento - comunicacion periodica
6549-NNDYT,0.2563,Low,Mantenimiento - comunicacion periodica
0708-LGSMF,0.256,Low,Mantenimiento - comunicacion periodica
1098-TDVUQ,0.256,Low,Mantenimiento - comunicacion periodica
8242-JSVBO,0.256,Low,Mantenimiento - comunicacion periodica
8417-GSODA,0.2559,Low,Mantenimiento - comunicacion periodica
4329-YPDDQ,0.2558,Low,Mantenimiento - comunicacion periodica
2811-POVEX,0.2557,Low,Mantenimiento - comunicacion periodica
6845-RGTYS,0.2555,Low,Mantenimiento - comunicacion periodica
2587-EKXTS,0.2555,Low,Mantenimiento - comunicacion periodica
4554-YGZIH,0.2554,Low,Mantenimiento - comunicacion periodica
0980-PVMRC,0.2552,Low,Mantenimiento - comunicacion periodica
1230-QAJDW,0.255,Low,Mantenimiento - comunicacion periodica
7982-VCELR,0.255,Low,Mantenimiento - comunicacion periodica
0422-UXFAP,0.2549,Low,Mantenimiento - comunicacion periodica
8896-BQTTI,0.2547,Low,Mantenimiento - comunicacion periodica
1089-HDMKP,0.2545,Low,Mantenimiento - comunicacion periodica
0867-LDTTC,0.2543,Low,Mantenimiento - comunicacion periodica
1357-BIJKI,0.2543,Low,Mantenimiento - comunicacion periodica
9050-QLROH,0.2542,Low,Mantenimiento - comunicacion periodica
5766-ZJYBB,0.254,Low,Mantenimiento - comunicacion periodica
9079-YEXQJ,0.2539,Low,Mantenimiento - comunicacion periodica
3424-NMNBO,0.2538,Low,Mantenimiento - comunicacion periodica
9396-ZSFLL,0.2534,Low,Mantenimiento - comunicacion periodica
3190-XFANI,0.2532,Low,Mantenimiento - comunicacion periodica
2858-EIMXH,0.2528,Low,Mantenimiento - comunicacion periodica
9767-FFLEM,0.2528,Low,Mantenimiento - comunicacion periodica
6847-KJLTS,0.2527,Low,Mantenimiento - comunicacion periodica
3737-XBQDD,0.2527,Low,Mantenimiento - comunicacion periodica
1518-VOWAV,0.2524,Low,Mantenimiento - comunicacion periodica
9137-UIYPG,0.2522,Low,Mantenimiento - comunicacion periodica
9360-AHGNL,0.2522,Low,Mantenimiento - comunicacion periodica
6522-YRBXD,0.2521,Low,Mantenimiento - comunicacion periodica
6680-NENYN,0.252,Low,Mantenimiento - comunicacion periodica
7622-NXQZR,0.2517,Low,Mantenimiento - comunicacion periodica
5701-ZIKJE,0.2517,Low,Mantenimiento - comunicacion periodica
1585-MQSSU,0.2516,Low,Mantenimiento - comunicacion periodica
6641-XRPSU,0.2516,Low,Mantenimiento - comunicacion periodica
8631-WUXGY,0.2513,Low,Mantenimiento - comunicacion periodica
9822-WMWVG,0.2513,Low,Mantenimiento - comunicacion periodica
5018-GWURO,0.2508,Low,Mantenimiento - comunicacion periodica
8050-WYBND,0.2508,Low,Mantenimiento - comunicacion periodica
5404-GGUKR,0.2506,Low,Mantenimiento - comunicacion periodica
7268-IGMFD,0.2503,Low,Mantenimiento - comunicacion periodica
8849-GYOKR,0.2502,Low,Mantenimiento - comunicacion periodica
0599-XNYDO,0.25,Low,Mantenimiento - comunicacion periodica
1456-TWCGB,0.2492,Low,Mantenimiento - comunicacion periodica
7693-QPEFS,0.2491,Low,Mantenimiento - comunicacion periodica
8945-MUQUF,0.2488,Low,Mantenimiento - comunicacion periodica
3714-JTVOV,0.2488,Low,Mantenimiento - comunicacion periodica
7075-BNDVQ,0.2486,Low,Mantenimiento - comunicacion periodica
1587-FKLZB,0.2486,Low,Mantenimiento - comunicacion periodica
5522-NYKPB,0.2484,Low,Mantenimiento - comunicacion periodica
2027-OAQQC,0.2484,Low,Mantenimiento - comunicacion periodica
4612-THJBS,0.2483,Low,Mantenimiento - comunicacion periodica
4026-SKKHW,0.2479,Low,Mantenimiento - comunicacion periodica
7128-GGCNO,0.2478,Low,Mantenimiento - comunicacion periodica
4097-YODCF,0.2476,Low,Mantenimiento - comunicacion periodica
7975-TZMLR,0.2476,Low,Mantenimiento - comunicacion periodica
0314-TKOSI,0.2475,Low,Mantenimiento - comunicacion periodica
4851-BQDNX,0.2472,Low,Mantenimiento - comunicacion periodica
7850-VWJUU,0.247,Low,Mantenimiento - comunicacion periodica
2190-BCXEC,0.2467,Low,Mantenimiento - comunicacion periodica
9572-MTILT,0.2466,Low,Mantenimiento - comunicacion periodica
5510-BOIUJ,0.2464,Low,Mantenimiento - comunicacion periodica
8627-ZYGSZ,0.2463,Low,Mantenimiento - comunicacion periodica
6583-SZVGP,0.2463,Low,Mantenimiento - comunicacion periodica
5336-UFNZP,0.2463,Low,Mantenimiento - comunicacion periodica
1842-EZJMK,0.2463,Low,Mantenimiento - comunicacion periodica
2080-SRCDE,0.2461,Low,Mantenimiento - comunicacion periodica
9169-BSVIN,0.246,Low,Mantenimiento - comunicacion periodica
5173-WXOQV,0.2452,Low,Mantenimiento - comunicacion periodica
4176-FXYBO,0.2451,Low,Mantenimiento - comunicacion periodica
6927-WTFIV,0.245,Low,Mantenimiento - comunicacion periodica
2673-CXQEU,0.245,Low,Mantenimiento - comunicacion periodica
3161-GETRM,0.2449,Low,Mantenimiento - comunicacion periodica
6704-UTUKK,0.2448,Low,Mantenimiento - comunicacion periodica
1559-DTODC,0.2446,Low,Mantenimiento - comunicacion periodica
3763-GCZHZ,0.2446,Low,Mantenimiento - comunicacion periodica
3192-LNKRK,0.2445,Low,Mantenimiento - comunicacion periodica
9921-EZKBY,0.2444,Low,Mantenimiento - comunicacion periodica
0691-IFBQW,0.2443,Low,Mantenimiento - comunicacion periodica
2452-KDRRH,0.244,Low,Mantenimiento - comunicacion periodica
3285-UCQVC,0.244,Low,Mantenimiento - comunicacion periodica
1421-HCERK,0.2439,Low,Mantenimiento - comunicacion periodica
5977-CKHON,0.2434,Low,Mantenimiento - comunicacion periodica
8535-SFUTN,0.2432,Low,Mantenimiento - comunicacion periodica
1891-FZYSA,0.2432,Low,Mantenimiento - comunicacion periodica
4307-KWMXE,0.2429,Low,Mantenimiento - comunicacion periodica
9831-BPFRI,0.2429,Low,Mantenimiento - comunicacion periodica
0666-UXTJO,0.2427,Low,Mantenimiento - comunicacion periodica
7733-UDMTP,0.2425,Low,Mantenimiento - comunicacion periodica
0730-KOAVE,0.2425,Low,Mantenimiento - comunicacion periodica
2866-IKBTM,0.2424,Low,Mantenimiento - comunicacion periodica
8605-ITULD,0.2424,Low,Mantenimiento - comunicacion periodica
4957-TREIR,0.2422,Low,Mantenimiento - comunicacion periodica
5697-GOMBF,0.2421,Low,Mantenimiento - comunicacion periodica
1310-QRITU,0.2419,Low,Mantenimiento - comunicacion periodica
3771-PZOBW,0.2417,Low,Mantenimiento - comunicacion periodica
4576-CSAJH,0.2416,Low,Mantenimiento - comunicacion periodica
6360-SVNWV,0.2411,Low,Mantenimiento - comunicacion periodica
2436-QBZFP,0.241,Low,Mantenimiento - comunicacion periodica
2207-QPJED,0.2407,Low,Mantenimiento - comunicacion periodica
5118-MUEYH,0.2406,Low,Mantenimiento - comunicacion periodica
8178-EYZUO,0.2402,Low,Mantenimiento - comunicacion periodica
4123-FCVCB,0.24,Low,Mantenimiento - comunicacion periodica
0463-ZSDNT,0.2399,Low,Mantenimiento - comunicacion periodica
0295-QVKPB,0.2399,Low,Mantenimiento - comunicacion periodica
7658-UYUQS,0.2395,Low,Mantenimiento - comunicacion periodica
1432-FPAXX,0.2395,Low,Mantenimiento - comunicacion periodica
0516-OOHAR,0.2393,Low,Mantenimiento - comunicacion periodica
9565-JSNFM,0.239,Low,Mantenimiento - comunicacion periodica
5934-TSSAU,0.2389,Low,Mantenimiento - comunicacion periodica
3323-CPBWR,0.2388,Low,Mantenimiento - comunicacion periodica
2165-VOEGB,0.2385,Low,Mantenimiento - comunicacion periodica
8444-WRIDW,0.2384,Low,Mantenimiento - comunicacion periodica
6538-POCHL,0.2382,Low,Mantenimiento - comunicacion periodica
5542-DHSXL,0.238,Low,Mantenimiento - comunicacion periodica
5076-YVXCM,0.238,Low,Mantenimiento - comunicacion periodica
4801-JZAZL,0.238,Low,Mantenimiento - comunicacion periodica
4191-XOVOM,0.2379,Low,Mantenimiento - comunicacion periodica
4826-TZEVA,0.2377,Low,Mantenimiento - comunicacion periodica
4010-YLMVT,0.2376,Low,Mantenimiento - comunicacion periodica
1732-VHUBQ,0.2375,Low,Mantenimiento - comunicacion periodica
5445-PZWGX,0.2374,Low,Mantenimiento - comunicacion periodica
4316-XCSLJ,0.2372,Low,Mantenimiento - comunicacion periodica
4869-EPIUS,0.2371,Low,Mantenimiento - comunicacion periodica
1984-FCOWB,0.237,Low,Mantenimiento - comunicacion periodica
8259-NFJTV,0.237,Low,Mantenimiento - comunicacion periodica
1047-NNCBF,0.2369,Low,Mantenimiento - comunicacion periodica
1905-OEILC,0.2367,Low,Mantenimiento - comunicacion periodica
7551-JOHTI,0.2367,Low,Mantenimiento - comunicacion periodica
3566-VVORZ,0.2365,Low,Mantenimiento - comunicacion periodica
9495-SKLKD,0.2365,Low,Mantenimiento - comunicacion periodica
5298-GSTLM,0.2362,Low,Mantenimiento - comunicacion periodica
1848-LBZHY,0.236,Low,Mantenimiento - comunicacion periodica
7129-ACFOG,0.2359,Low,Mantenimiento - comunicacion periodica
0533-BNWKF,0.2357,Low,Mantenimiento - comunicacion periodica
3537-HPKQT,0.2357,Low,Mantenimiento - comunicacion periodica
3787-TRIAL,0.2356,Low,Mantenimiento - comunicacion periodica
6234-PFPXL,0.2356,Low,Mantenimiento - comunicacion periodica
5060-TQUQN,0.2356,Low,Mantenimiento - comunicacion periodica
9332-GYWLO,0.2355,Low,Mantenimiento - comunicacion periodica
7000-WCEVQ,0.2354,Low,Mantenimiento - comunicacion periodica
6710-HSJRD,0.2354,Low,Mantenimiento - comunicacion periodica
4720-VSTSI,0.2353,Low,Mantenimiento - comunicacion periodica
9441-QHEVC,0.2352,Low,Mantenimiento - comunicacion periodica
1663-MHLHE,0.2352,Low,Mantenimiento - comunicacion periodica
0479-HMSWA,0.235,Low,Mantenimiento - comunicacion periodica
4361-BKAXE,0.2349,Low,Mantenimiento - comunicacion periodica
6345-HOVES,0.2341,Low,Mantenimiento - comunicacion periodica
0003-MKNFE,0.234,Low,Mantenimiento - comunicacion periodica
7629-WIXZF,0.2339,Low,Mantenimiento - comunicacion periodica
1025-FALIX,0.2339,Low,Mantenimiento - comunicacion periodica
3090-LETTY,0.2338,Low,Mantenimiento - comunicacion periodica
4976-LNFVV,0.233,Low,Mantenimiento - comunicacion periodica
2178-PMGCJ,0.2329,Low,Mantenimiento - comunicacion periodica
6559-RAKOZ,0.2329,Low,Mantenimiento - comunicacion periodica
7636-OWBPG,0.2327,Low,Mantenimiento - comunicacion periodica
1767-TGTKO,0.2323,Low,Mantenimiento - comunicacion periodica
0516-WJVXC,0.2322,Low,Mantenimiento - comunicacion periodica
0311-QYWSS,0.2321,Low,Mantenimiento - comunicacion periodica
0999-QXNSA,0.2321,Low,Mantenimiento - comunicacion periodica
9732-EQMWY,0.2318,Low,Mantenimiento - comunicacion periodica
1174-FGIFN,0.2317,Low,Mantenimiento - comunicacion periodica
2731-GJRDG,0.2316,Low,Mantenimiento - comunicacion periodica
3092-IGHWF,0.2312,Low,Mantenimiento - comunicacion periodica
0603-OLQDC,0.2312,Low,Mantenimiento - comunicacion periodica
7576-JMYWV,0.2312,Low,Mantenimiento - comunicacion periodica
4012-ZTHBR,0.2311,Low,Mantenimiento - comunicacion periodica
3373-YZZYM,0.2308,Low,Mantenimiento - comunicacion periodica
4883-QICIH,0.2306,Low,Mantenimiento - comunicacion periodica
7742-MYPGI,0.2304,Low,Mantenimiento - comunicacion periodica
3016-KSVCP,0.2304,Low,Mantenimiento - comunicacion periodica
8910-LEDAG,0.2301,Low,Mantenimiento - comunicacion periodica
4701-AHWMW,0.23,Low,Mantenimiento - comunicacion periodica
3886-CERTZ,0.2299,Low,Mantenimiento - comunicacion periodica
0277-BKSQP,0.2299,Low,Mantenimiento - comunicacion periodica
4760-XOHVN,0.2293,Low,Mantenimiento - comunicacion periodica
5898-IGSLP,0.2292,Low,Mantenimiento - comunicacion periodica
2252-JHJGE,0.2292,Low,Mantenimiento - comunicacion periodica
2003-CKLOR,0.2291,Low,Mantenimiento - comunicacion periodica
5482-NUPNA,0.229,Low,Mantenimiento - comunicacion periodica
2432-TFSMK,0.2289,Low,Mantenimiento - comunicacion periodica
6807-SIWJI,0.2287,Low,Mantenimiento - comunicacion periodica
3976-BWUCK,0.2286,Low,Mantenimiento - comunicacion periodica
1015-OWJKI,0.2284,Low,Mantenimiento - comunicacion periodica
9975-SKRNR,0.2284,Low,Mantenimiento - comunicacion periodica
2478-EEWWM,0.2282,Low,Mantenimiento - comunicacion periodica
9033-EOXWV,0.2281,Low,Mantenimiento - comunicacion periodica
1548-FEHVL,0.2278,Low,Mantenimiento - comunicacion periodica
2115-BFTIW,0.2278,Low,Mantenimiento - comunicacion periodica
2826-UWHIS,0.2278,Low,Mantenimiento - comunicacion periodica
4526-ZJJTM,0.2276,Low,Mantenimiento - comunicacion periodica
6202-DYYFX,0.2276,Low,Mantenimiento - comunicacion periodica
8069-YQQAJ,0.2274,Low,Mantenimiento - comunicacion periodica
9518-RWHZL,0.2273,Low,Mantenimiento - comunicacion periodica
1919-RTPQD,0.2271,Low,Mantenimiento - comunicacion periodica
8979-CAMGB,0.2267,Low,Mantenimiento - comunicacion periodica
3679-XASPY,0.2266,Low,Mantenimiento - comunicacion periodica
0048-LUMLS,0.2266,Low,Mantenimiento - comunicacion periodica
4450-MDZFX,0.2263,Low,Mantenimiento - comunicacion periodica
4724-WXVWF,0.2262,Low,Mantenimiento - comunicacion periodica
1996-DBMUS,0.2261,Low,Mantenimiento - comunicacion periodica
5188-HGMLP,0.2256,Low,Mantenimiento - comunicacion periodica
3604-WLABM,0.2253,Low,Mantenimiento - comunicacion periodica
2346-DJQTB,0.2251,Low,Mantenimiento - comunicacion periodica
0872-JCPIB,0.2248,Low,Mantenimiento - comunicacion periodica
1564-HJUVY,0.2247,Low,Mantenimiento - comunicacion periodica
2823-LKABH,0.2244,Low,Mantenimiento - comunicacion periodica
1849-RJYIG,0.2239,Low,Mantenimiento - comunicacion periodica
6728-VOIFY,0.2238,Low,Mantenimiento - comunicacion periodica
6075-SLNIL,0.2238,Low,Mantenimiento - comunicacion periodica
3858-XHYJO,0.2236,Low,Mantenimiento - comunicacion periodica
2305-MRGLV,0.2232,Low,Mantenimiento - comunicacion periodica
3466-RITXD,0.223,Low,Mantenimiento - comunicacion periodica
9469-WEJBT,0.2229,Low,Mantenimiento - comunicacion periodica
1803-BGNBD,0.2223,Low,Mantenimiento - comunicacion periodica
8812-ZRHFP,0.222,Low,Mantenimiento - comunicacion periodica
2924-KHUVI,0.222,Low,Mantenimiento - comunicacion periodica
2259-OUUSZ,0.2218,Low,Mantenimiento - comunicacion periodica
4646-QZXTF,0.2218,Low,Mantenimiento - comunicacion periodica
0363-QJVFX,0.2218,Low,Mantenimiento - comunicacion periodica
2828-SLQPF,0.2217,Low,Mantenimiento - comunicacion periodica
5311-IHLEI,0.2214,Low,Mantenimiento - comunicacion periodica
4660-IRIBM,0.2212,Low,Mantenimiento - comunicacion periodica
9415-TPKRV,0.2212,Low,Mantenimiento - comunicacion periodica
0193-ESZXP,0.2211,Low,Mantenimiento - comunicacion periodica
4232-JGKIY,0.221,Low,Mantenimiento - comunicacion periodica
9821-BESNZ,0.2209,Low,Mantenimiento - comunicacion periodica
1035-IPQPU,0.2205,Low,Mantenimiento - comunicacion periodica
6302-JGYRJ,0.2204,Low,Mantenimiento - comunicacion periodica
0621-HJWXJ,0.2202,Low,Mantenimiento - comunicacion periodica
9278-VZKCD,0.2201,Low,Mantenimiento - comunicacion periodica
2386-OWURY,0.2198,Low,Mantenimiento - comunicacion periodica
0326-VDYXE,0.2197,Low,Mantenimiento - comunicacion periodica
8257-RZAHR,0.2197,Low,Mantenimiento - comunicacion periodica
2659-VXMWZ,0.2196,Low,Mantenimiento - comunicacion periodica
8455-HIRAQ,0.2193,Low,Mantenimiento - comunicacion periodica
6344-SFJVH,0.2192,Low,Mantenimiento - comunicacion periodica
6173-ITPWD,0.2191,Low,Mantenimiento - comunicacion periodica
2041-JIJCI,0.2191,Low,Mantenimiento - comunicacion periodica
0924-BJCRC,0.2188,Low,Mantenimiento - comunicacion periodica
9738-QLWTP,0.2188,Low,Mantenimiento - comunicacion periodica
2378-HTWFW,0.2187,Low,Mantenimiento - comunicacion periodica
6713-OKOMC,0.2187,Low,Mantenimiento - comunicacion periodica
1356-MKYSK,0.218,Low,Mantenimiento - comunicacion periodica
5370-IIVVL,0.218,Low,Mantenimiento - comunicacion periodica
7554-AKDQF,0.2179,Low,Mantenimiento - comunicacion periodica
3030-YZADT,0.2177,Low,Mantenimiento - comunicacion periodica
0869-PAPRP,0.2176,Low,Mantenimiento - comunicacion periodica
2761-XECQW,0.2176,Low,Mantenimiento - comunicacion periodica
4760-THGOT,0.2175,Low,Mantenimiento - comunicacion periodica
9842-EFSYY,0.2173,Low,Mantenimiento - comunicacion periodica
8023-QHAIO,0.217,Low,Mantenimiento - comunicacion periodica
8725-JEDFD,0.2169,Low,Mantenimiento - comunicacion periodica
4673-KKSLS,0.2167,Low,Mantenimiento - comunicacion periodica
5046-NUHWD,0.2167,Low,Mantenimiento - comunicacion periodica
2105-PHWON,0.2166,Low,Mantenimiento - comunicacion periodica
5886-VLQVU,0.2165,Low,Mantenimiento - comunicacion periodica
9249-FXSCK,0.2163,Low,Mantenimiento - comunicacion periodica
0856-NAOES,0.216,Low,Mantenimiento - comunicacion periodica
3946-JEWRQ,0.216,Low,Mantenimiento - comunicacion periodica
1169-SAOCL,0.2158,Low,Mantenimiento - comunicacion periodica
4184-VODJZ,0.2158,Low,Mantenimiento - comunicacion periodica
5198-HQAEN,0.2153,Low,Mantenimiento - comunicacion periodica
9795-VOWON,0.2152,Low,Mantenimiento - comunicacion periodica
3898-GUYTS,0.2152,Low,Mantenimiento - comunicacion periodica
7030-NJVDP,0.2151,Low,Mantenimiento - comunicacion periodica
2533-QVMSK,0.2151,Low,Mantenimiento - comunicacion periodica
0268-QKIWO,0.215,Low,Mantenimiento - comunicacion periodica
3230-WYKIR,0.2149,Low,Mantenimiento - comunicacion periodica
9137-NOQKA,0.2144,Low,Mantenimiento - comunicacion periodica
2091-MJTFX,0.2143,Low,Mantenimiento - comunicacion periodica
1024-KPRBB,0.2142,Low,Mantenimiento - comunicacion periodica
1193-RTSLK,0.2141,Low,Mantenimiento - comunicacion periodica
7077-XJMET,0.214,Low,Mantenimiento - comunicacion periodica
2604-XVDAM,0.2139,Low,Mantenimiento - comunicacion periodica
7055-VKGDA,0.2137,Low,Mantenimiento - comunicacion periodica
5084-OOVCJ,0.2135,Low,Mantenimiento - comunicacion periodica
6569-KTMDU,0.2134,Low,Mantenimiento - comunicacion periodica
7302-ZHMHP,0.2134,Low,Mantenimiento - comunicacion periodica
8070-AAWZP,0.2133,Low,Mantenimiento - comunicacion periodica
6218-KNUBD,0.2133,Low,Mantenimiento - comunicacion periodica
6179-GJPSO,0.2132,Low,Mantenimiento - comunicacion periodica
2985-JUUBZ,0.2132,Low,Mantenimiento - comunicacion periodica
4256-ZWTZI,0.2131,Low,Mantenimiento - comunicacion periodica
5843-TTHGI,0.213,Low,Mantenimiento - comunicacion periodica
2640-LYMOV,0.2129,Low,Mantenimiento - comunicacion periodica
4767-HZZHQ,0.2129,Low,Mantenimiento - comunicacion periodica
6008-NAIXK,0.2129,Low,Mantenimiento - comunicacion periodica
8190-ZTQFB,0.2129,Low,Mantenimiento - comunicacion periodica
0719-SYFRB,0.2128,Low,Mantenimiento - comunicacion periodica
3808-HFKDE,0.2126,Low,Mantenimiento - comunicacion periodica
6745-JEFZB,0.2125,Low,Mantenimiento - comunicacion periodica
3863-IUBJR,0.2124,Low,Mantenimiento - comunicacion periodica
0356-ERHVT,0.2122,Low,Mantenimiento - comunicacion periodica
5154-VEKBL,0.2121,Low,Mantenimiento - comunicacion periodica
5973-EJGDP,0.2121,Low,Mantenimiento - comunicacion periodica
0761-AETCS,0.2118,Low,Mantenimiento - comunicacion periodica
7103-IPXPJ,0.2117,Low,Mantenimiento - comunicacion periodica
4913-EHYUI,0.2117,Low,Mantenimiento - comunicacion periodica
0596-BQCEQ,0.2114,Low,Mantenimiento - comunicacion periodica
1502-XFCVR,0.2111,Low,Mantenimiento - comunicacion periodica
8329-GWVPJ,0.2106,Low,Mantenimiento - comunicacion periodica
9138-EFSMO,0.2106,Low,Mantenimiento - comunicacion periodica
7047-FWEYA,0.2104,Low,Mantenimiento - comunicacion periodica
6421-SZVEM,0.2102,Low,Mantenimiento - comunicacion periodica
3688-FTHLT,0.2099,Low,Mantenimiento - comunicacion periodica
0187-WZNAB,0.2097,Low,Mantenimiento - comunicacion periodica
4525-VZCZG,0.2097,Low,Mantenimiento - comunicacion periodica
7854-EKTJL,0.2096,Low,Mantenimiento - comunicacion periodica
3948-XHGNA,0.2096,Low,Mantenimiento - comunicacion periodica
7549-MYGPK,0.2096,Low,Mantenimiento - comunicacion periodica
0668-OGMHD,0.2094,Low,Mantenimiento - comunicacion periodica
0829-XXPLX,0.2093,Low,Mantenimiento - comunicacion periodica
9943-VSZUV,0.2093,Low,Mantenimiento - comunicacion periodica
5708-EVONK,0.2092,Low,Mantenimiento - comunicacion periodica
8229-MYEJZ,0.2092,Low,Mantenimiento - comunicacion periodica
5287-QWLKY,0.209,Low,Mantenimiento - comunicacion periodica
3584-WKTTW,0.2088,Low,Mantenimiento - comunicacion periodica
4811-JBUVU,0.2088,Low,Mantenimiento - comunicacion periodica
2883-ILGWO,0.2086,Low,Mantenimiento - comunicacion periodica
0549-CYCQN,0.2086,Low,Mantenimiento - comunicacion periodica
3689-MOZGR,0.2084,Low,Mantenimiento - comunicacion periodica
7798-JVXYM,0.2084,Low,Mantenimiento - comunicacion periodica
6135-OZQVA,0.2083,Low,Mantenimiento - comunicacion periodica
1091-SOZGA,0.2083,Low,Mantenimiento - comunicacion periodica
5527-ACHSO,0.2083,Low,Mantenimiento - comunicacion periodica
7025-IWFHT,0.2082,Low,Mantenimiento - comunicacion periodica
4007-NHVHI,0.208,Low,Mantenimiento - comunicacion periodica
7124-UGSUR,0.2078,Low,Mantenimiento - comunicacion periodica
5074-FBGHB,0.2077,Low,Mantenimiento - comunicacion periodica
4647-XXZAM,0.2077,Low,Mantenimiento - comunicacion periodica
0678-RLHVP,0.2076,Low,Mantenimiento - comunicacion periodica
1217-VASWC,0.2075,Low,Mantenimiento - comunicacion periodica
6168-YBYNP,0.2073,Low,Mantenimiento - comunicacion periodica
4983-CLMLV,0.2073,Low,Mantenimiento - comunicacion periodica
6898-MDLZW,0.2072,Low,Mantenimiento - comunicacion periodica
6897-UUBNU,0.207,Low,Mantenimiento - comunicacion periodica
8199-ZLLSA,0.2069,Low,Mantenimiento - comunicacion periodica
6686-YPGHK,0.2068,Low,Mantenimiento - comunicacion periodica
9374-YOLBJ,0.2068,Low,Mantenimiento - comunicacion periodica
0308-IVGOK,0.2066,Low,Mantenimiento - comunicacion periodica
2972-YDYUW,0.2062,Low,Mantenimiento - comunicacion periodica
1208-NBVFH,0.2061,Low,Mantenimiento - comunicacion periodica
2475-MROZF,0.2059,Low,Mantenimiento - comunicacion periodica
0898-XCGTF,0.2058,Low,Mantenimiento - comunicacion periodica
6289-CPNLD,0.2057,Low,Mantenimiento - comunicacion periodica
0409-WTMPL,0.2056,Low,Mantenimiento - comunicacion periodica
2237-ZFSMY,0.2055,Low,Mantenimiento - comunicacion periodica
5056-FIMPT,0.2055,Low,Mantenimiento - comunicacion periodica
4393-RYCRE,0.2053,Low,Mantenimiento - comunicacion periodica
2040-OBMLJ,0.2052,Low,Mantenimiento - comunicacion periodica
8597-CWYHH,0.2052,Low,Mantenimiento - comunicacion periodica
2576-HXMPA,0.2051,Low,Mantenimiento - comunicacion periodica
6253-WRFHY,0.205,Low,Mantenimiento - comunicacion periodica
9762-YAQAA,0.2049,Low,Mantenimiento - comunicacion periodica
1173-NOEYG,0.2049,Low,Mantenimiento - comunicacion periodica
4826-DXMUP,0.2046,Low,Mantenimiento - comunicacion periodica
9763-GRSKD,0.2046,Low,Mantenimiento - comunicacion periodica
1422-DGUBX,0.2046,Low,Mantenimiento - comunicacion periodica
2239-CFOUJ,0.2044,Low,Mantenimiento - comunicacion periodica
6804-GDMOI,0.2044,Low,Mantenimiento - comunicacion periodica
1135-HIORI,0.2044,Low,Mantenimiento - comunicacion periodica
7271-AJDTL,0.2041,Low,Mantenimiento - comunicacion periodica
2272-JKMSI,0.204,Low,Mantenimiento - comunicacion periodica
7459-RRWQZ,0.2039,Low,Mantenimiento - comunicacion periodica
7130-YXBRO,0.2039,Low,Mantenimiento - comunicacion periodica
0748-RDGGM,0.2038,Low,Mantenimiento - comunicacion periodica
1728-CXQBE,0.2037,Low,Mantenimiento - comunicacion periodica
7544-ZVIKX,0.2036,Low,Mantenimiento - comunicacion periodica
5600-PDUJF,0.2035,Low,Mantenimiento - comunicacion periodica
7228-PAQPD,0.2034,Low,Mantenimiento - comunicacion periodica
3640-JQGJG,0.2034,Low,Mantenimiento - comunicacion periodica
2748-MYRVK,0.2034,Low,Mantenimiento - comunicacion periodica
5630-AHZIL,0.2032,Low,Mantenimiento - comunicacion periodica
2750-BJLSB,0.2029,Low,Mantenimiento - comunicacion periodica
1480-IVEVR,0.2027,Low,Mantenimiento - comunicacion periodica
2573-GYRUU,0.2027,Low,Mantenimiento - comunicacion periodica
6954-OOYZZ,0.2027,Low,Mantenimiento - comunicacion periodica
2669-QVCRG,0.2026,Low,Mantenimiento - comunicacion periodica
8091-TTVAX,0.2026,Low,Mantenimiento - comunicacion periodica
9036-CSKBW,0.2023,Low,Mantenimiento - comunicacion periodica
8920-NAVAY,0.2023,Low,Mantenimiento - comunicacion periodica
7926-IJOOU,0.2022,Low,Mantenimiento - comunicacion periodica
0327-WFZSY,0.2021,Low,Mantenimiento - comunicacion periodica
8992-CEUEN,0.2021,Low,Mantenimiento - comunicacion periodica
1087-UDSIH,0.2011,Low,Mantenimiento - comunicacion periodica
6572-ADKRS,0.2011,Low,Mantenimiento - comunicacion periodica
4608-LCIMN,0.201,Low,Mantenimiento - comunicacion periodica
1469-LBJQJ,0.2008,Low,Mantenimiento - comunicacion periodica
7594-LZNWR,0.2008,Low,Mantenimiento - comunicacion periodica
0461-CVKMU,0.2007,Low,Mantenimiento - comunicacion periodica
4070-OKWVH,0.2007,Low,Mantenimiento - comunicacion periodica
0330-BGYZE,0.2007,Low,Mantenimiento - comunicacion periodica
1322-AGOQM,0.2006,Low,Mantenimiento - comunicacion periodica
2927-QRRQV,0.2002,Low,Mantenimiento - comunicacion periodica
7895-VONWT,0.2001,Low,Mantenimiento - comunicacion periodica
2967-MXRAV,0.2,Low,Mantenimiento - comunicacion periodica
2995-UPRYS,0.1996,Low,Mantenimiento - comunicacion periodica
7481-ATQQS,0.1995,Low,Mantenimiento - comunicacion periodica
0581-MDMPW,0.1995,Low,Mantenimiento - comunicacion periodica
3948-FVVRP,0.1994,Low,Mantenimiento - comunicacion periodica
3345-PBBFH,0.199,Low,Mantenimiento - comunicacion periodica
9494-BDNNC,0.1989,Low,Mantenimiento - comunicacion periodica
6284-KMNUF,0.1989,Low,Mantenimiento - comunicacion periodica
4868-AADLV,0.1989,Low,Mantenimiento - comunicacion periodica
7188-CBBBA,0.1988,Low,Mantenimiento - comunicacion periodica
7409-JURKQ,0.1988,Low,Mantenimiento - comunicacion periodica
4391-LNRXK,0.1987,Low,Mantenimiento - comunicacion periodica
3890-RTCMS,0.1987,Low,Mantenimiento - comunicacion periodica
3761-FLYZI,0.1986,Low,Mantenimiento - comunicacion periodica
4377-VDHYI,0.1986,Low,Mantenimiento - comunicacion periodica
3717-LNXKW,0.1985,Low,Mantenimiento - comunicacion periodica
9659-QEQSY,0.1985,Low,Mantenimiento - comunicacion periodica
4177-JPDFU,0.1984,Low,Mantenimiento - comunicacion periodica
4464-JCOLN,0.1983,Low,Mantenimiento - comunicacion periodica
5732-IKGQH,0.1982,Low,Mantenimiento - comunicacion periodica
6791-YBNAK,0.1981,Low,Mantenimiento - comunicacion periodica
6351-SCJKT,0.1981,Low,Mantenimiento - comunicacion periodica
6647-ZEDXT,0.198,Low,Mantenimiento - comunicacion periodica
1304-BCCFO,0.1979,Low,Mantenimiento - comunicacion periodica
4929-ROART,0.1979,Low,Mantenimiento - comunicacion periodica
2937-FTHUR,0.1976,Low,Mantenimiento - comunicacion periodica
8016-NCFVO,0.1975,Low,Mantenimiento - comunicacion periodica
7632-MNYOY,0.197,Low,Mantenimiento - comunicacion periodica
1360-RCYRT,0.197,Low,Mantenimiento - comunicacion periodica
5939-XAIXZ,0.1966,Low,Mantenimiento - comunicacion periodica
3154-CFSZG,0.1964,Low,Mantenimiento - comunicacion periodica
1698-XFZCI,0.1962,Low,Mantenimiento - comunicacion periodica
0913-XWSCN,0.1962,Low,Mantenimiento - comunicacion periodica
1427-VERSM,0.1961,Low,Mantenimiento - comunicacion periodica
5734-EJKXG,0.196,Low,Mantenimiento - comunicacion periodica
8715-KKTFG,0.1958,Low,Mantenimiento - comunicacion periodica
8634-CILSZ,0.1954,Low,Mantenimiento - comunicacion periodica
5440-VHLUL,0.1953,Low,Mantenimiento - comunicacion periodica
5651-CPDND,0.1953,Low,Mantenimiento - comunicacion periodica
2378-VTKDH,0.1953,Low,Mantenimiento - comunicacion periodica
8782-LKFPK,0.1951,Low,Mantenimiento - comunicacion periodica
5857-XRECV,0.1951,Low,Mantenimiento - comunicacion periodica
4765-OXPPD,0.1948,Low,Mantenimiento - comunicacion periodica
1410-RSCMR,0.1946,Low,Mantenimiento - comunicacion periodica
5099-BAILX,0.1943,Low,Mantenimiento - comunicacion periodica
4098-NAUKP,0.1941,Low,Mantenimiento - comunicacion periodica
4291-HYEBC,0.194,Low,Mantenimiento - comunicacion periodica
2027-WKXMW,0.1939,Low,Mantenimiento - comunicacion periodica
0917-EZOLA,0.1937,Low,Mantenimiento - comunicacion periodica
8679-LZBMD,0.1937,Low,Mantenimiento - comunicacion periodica
3709-OIJEA,0.1934,Low,Mantenimiento - comunicacion periodica
9591-YVTEB,0.1934,Low,Mantenimiento - comunicacion periodica
4431-EDMIQ,0.1934,Low,Mantenimiento - comunicacion periodica
1215-FIGMP,0.1933,Low,Mantenimiento - comunicacion periodica
3259-FDWOY,0.1932,Low,Mantenimiento - comunicacion periodica
2486-WYVVE,0.1932,Low,Mantenimiento - comunicacion periodica
1732-FEKLD,0.1932,Low,Mantenimiento - comunicacion periodica
5402-HTOTQ,0.193,Low,Mantenimiento - comunicacion periodica
2722-VOJQL,0.1929,Low,Mantenimiento - comunicacion periodica
9681-KYGYB,0.1929,Low,Mantenimiento - comunicacion periodica
4989-LIXVT,0.1929,Low,Mantenimiento - comunicacion periodica
6578-KRMAW,0.1923,Low,Mantenimiento - comunicacion periodica
7776-QGYJC,0.1923,Low,Mantenimiento - comunicacion periodica
0691-JVSYA,0.1922,Low,Mantenimiento - comunicacion periodica
6689-VRRTK,0.1922,Low,Mantenimiento - comunicacion periodica
7410-KTVFV,0.1921,Low,Mantenimiento - comunicacion periodica
7351-KYHQH,0.1921,Low,Mantenimiento - comunicacion periodica
8807-ARQET,0.1919,Low,Mantenimiento - comunicacion periodica
4567-AKPIA,0.1918,Low,Mantenimiento - comunicacion periodica
1796-JANOW,0.1916,Low,Mantenimiento - comunicacion periodica
9825-YCXWZ,0.1915,Low,Mantenimiento - comunicacion periodica
4280-DLSHD,0.1914,Low,Mantenimiento - comunicacion periodica
1907-YLNYW,0.1914,Low,Mantenimiento - comunicacion periodica
6288-LBEAR,0.1914,Low,Mantenimiento - comunicacion periodica
0786-IVLAW,0.1913,Low,Mantenimiento - comunicacion periodica
7905-TVXTA,0.1912,Low,Mantenimiento - comunicacion periodica
5804-HYIEZ,0.191,Low,Mantenimiento - comunicacion periodica
5748-RNCJT,0.1909,Low,Mantenimiento - comunicacion periodica
2452-SNHFZ,0.1909,Low,Mantenimiento - comunicacion periodica
6668-CNMFP,0.1904,Low,Mantenimiento - comunicacion periodica
9919-YLNNG,0.1904,Low,Mantenimiento - comunicacion periodica
4495-LHSSK,0.1902,Low,Mantenimiento - comunicacion periodica
6233-HXJMX,0.1898,Low,Mantenimiento - comunicacion periodica
0943-ZQPXH,0.1897,Low,Mantenimiento - comunicacion periodica
8799-OXZMD,0.1895,Low,Mantenimiento - comunicacion periodica
0206-TBWLC,0.1894,Low,Mantenimiento - comunicacion periodica
6322-PJJDJ,0.1894,Low,Mantenimiento - comunicacion periodica
4250-ZBWLV,0.1891,Low,Mantenimiento - comunicacion periodica
3845-FXCYS,0.189,Low,Mantenimiento - comunicacion periodica
9780-FKVVF,0.189,Low,Mantenimiento - comunicacion periodica
3756-VNWDH,0.1888,Low,Mantenimiento - comunicacion periodica
3873-NFTGI,0.1887,Low,Mantenimiento - comunicacion periodica
9128-CPXKI,0.1887,Low,Mantenimiento - comunicacion periodica
0899-WZRSD,0.1886,Low,Mantenimiento - comunicacion periodica
0428-IKYCP,0.1884,Low,Mantenimiento - comunicacion periodica
2577-GVSIL,0.1884,Low,Mantenimiento - comunicacion periodica
3657-COGMW,0.1884,Low,Mantenimiento - comunicacion periodica
1930-WNXSB,0.1882,Low,Mantenimiento - comunicacion periodica
2632-UCGVD,0.1878,Low,Mantenimiento - comunicacion periodica
2360-RDGRO,0.1877,Low,Mantenimiento - comunicacion periodica
7319-VENRZ,0.1876,Low,Mantenimiento - comunicacion periodica
7351-MHQVU,0.1874,Low,Mantenimiento - comunicacion periodica
6625-UTXEW,0.1873,Low,Mantenimiento - comunicacion periodica
9896-UYMIE,0.187,Low,Mantenimiento - comunicacion periodica
0575-CUQOV,0.187,Low,Mantenimiento - comunicacion periodica
9158-VCTQB,0.1868,Low,Mantenimiento - comunicacion periodica
3541-ZNUHK,0.1866,Low,Mantenimiento - comunicacion periodica
7541-YLXCL,0.1864,Low,Mantenimiento - comunicacion periodica
5174-RNGBH,0.1864,Low,Mantenimiento - comunicacion periodica
0103-CSITQ,0.1863,Low,Mantenimiento - comunicacion periodica
2782-LFZVW,0.1863,Low,Mantenimiento - comunicacion periodica
4789-KWMXN,0.1862,Low,Mantenimiento - comunicacion periodica
7883-ROJOC,0.1858,Low,Mantenimiento - comunicacion periodica
5339-TJFEK,0.1857,Low,Mantenimiento - comunicacion periodica
0369-ZGOVK,0.1856,Low,Mantenimiento - comunicacion periodica
2172-EJXVF,0.1854,Low,Mantenimiento - comunicacion periodica
5945-AZYHT,0.1854,Low,Mantenimiento - comunicacion periodica
6576-FBXOJ,0.1853,Low,Mantenimiento - comunicacion periodica
6173-GOLSU,0.1849,Low,Mantenimiento - comunicacion periodica
4695-VADHF,0.1849,Low,Mantenimiento - comunicacion periodica
7530-HDYDS,0.1848,Low,Mantenimiento - comunicacion periodica
7950-XWOVN,0.1847,Low,Mantenimiento - comunicacion periodica
4544-RXFMG,0.1846,Low,Mantenimiento - comunicacion periodica
8008-ESFLK,0.1846,Low,Mantenimiento - comunicacion periodica
2709-UQGNP,0.1843,Low,Mantenimiento - comunicacion periodica
0953-LGOVU,0.1843,Low,Mantenimiento - comunicacion periodica
7669-LCRSD,0.1842,Low,Mantenimiento - comunicacion periodica
7854-EDSSA,0.1842,Low,Mantenimiento - comunicacion periodica
4776-XSKYQ,0.1841,Low,Mantenimiento - comunicacion periodica
4075-WKNIU,0.1841,Low,Mantenimiento - comunicacion periodica
4415-WNGVR,0.1837,Low,Mantenimiento - comunicacion periodica
2676-OXPPQ,0.1837,Low,Mantenimiento - comunicacion periodica
8952-WCVCD,0.1837,Low,Mantenimiento - comunicacion periodica
4118-CEVPF,0.1836,Low,Mantenimiento - comunicacion periodica
0442-ZXKVS,0.1835,Low,Mantenimiento - comunicacion periodica
1051-GEJLJ,0.1834,Low,Mantenimiento - comunicacion periodica
2220-IAHLS,0.1832,Low,Mantenimiento - comunicacion periodica
5651-WYIPH,0.183,Low,Mantenimiento - comunicacion periodica
1925-LFCZZ,0.183,Low,Mantenimiento - comunicacion periodica
4003-FUSHP,0.1825,Low,Mantenimiento - comunicacion periodica
1867-TJHTS,0.1824,Low,Mantenimiento - comunicacion periodica
6035-RIIOM,0.1824,Low,Mantenimiento - comunicacion periodica
6128-DAFVY,0.1823,Low,Mantenimiento - comunicacion periodica
7880-XSOJX,0.1822,Low,Mantenimiento - comunicacion periodica
8679-JOEVF,0.1821,Low,Mantenimiento - comunicacion periodica
2533-TIBIX,0.182,Low,Mantenimiento - comunicacion periodica
2189-UXTKY,0.1818,Low,Mantenimiento - comunicacion periodica
6507-DTJZV,0.1818,Low,Mantenimiento - comunicacion periodica
2402-TAIRZ,0.1818,Low,Mantenimiento - comunicacion periodica
4816-OKWNX,0.1817,Low,Mantenimiento - comunicacion periodica
8740-XLHDR,0.1817,Low,Mantenimiento - comunicacion periodica
5443-SCMKX,0.1816,Low,Mantenimiento - comunicacion periodica
2144-BFDSO,0.1811,Low,Mantenimiento - comunicacion periodica
0961-ZWLVI,0.1808,Low,Mantenimiento - comunicacion periodica
5176-LDKUH,0.1808,Low,Mantenimiento - comunicacion periodica
4450-YOOHP,0.1808,Low,Mantenimiento - comunicacion periodica
2321-OMBXY,0.1808,Low,Mantenimiento - comunicacion periodica
6942-LBFDP,0.1807,Low,Mantenimiento - comunicacion periodica
4676-MQUEA,0.1807,Low,Mantenimiento - comunicacion periodica
5067-DGXLL,0.1806,Low,Mantenimiento - comunicacion periodica
1629-DQQVB,0.1804,Low,Mantenimiento - comunicacion periodica
7674-YTAFD,0.1804,Low,Mantenimiento - comunicacion periodica
9501-UKKNL,0.1804,Low,Mantenimiento - comunicacion periodica
2302-ANTDP,0.1799,Low,Mantenimiento - comunicacion periodica
7931-PXHFC,0.1797,Low,Mantenimiento - comunicacion periodica
2957-JIRMN,0.1797,Low,Mantenimiento - comunicacion periodica
9777-WJJPR,0.1793,Low,Mantenimiento - comunicacion periodica
3509-GWQGF,0.1789,Low,Mantenimiento - comunicacion periodica
7130-CTCUS,0.1789,Low,Mantenimiento - comunicacion periodica
5473-KHBPS,0.1788,Low,Mantenimiento - comunicacion periodica
4550-VBOFE,0.1788,Low,Mantenimiento - comunicacion periodica
4462-CYWMH,0.1786,Low,Mantenimiento - comunicacion periodica
8769-KKTPH,0.1785,Low,Mantenimiento - comunicacion periodica
1596-OQSPS,0.1785,Low,Mantenimiento - comunicacion periodica
7285-KLOTR,0.1785,Low,Mantenimiento - comunicacion periodica
2586-CWXVV,0.1783,Low,Mantenimiento - comunicacion periodica
4350-ZTLPI,0.1782,Low,Mantenimiento - comunicacion periodica
5002-GCQFH,0.1782,Low,Mantenimiento - comunicacion periodica
0058-EVZWM,0.1781,Low,Mantenimiento - comunicacion periodica
3173-NVMPX,0.178,Low,Mantenimiento - comunicacion periodica
0880-FVFWF,0.1778,Low,Mantenimiento - comunicacion periodica
1545-ACTAS,0.1777,Low,Mantenimiento - comunicacion periodica
9705-IOVQQ,0.1776,Low,Mantenimiento - comunicacion periodica
5575-TPIZQ,0.1774,Low,Mantenimiento - comunicacion periodica
6598-RFFVI,0.1773,Low,Mantenimiento - comunicacion periodica
4950-BDEUX,0.1771,Low,Mantenimiento - comunicacion periodica
1976-AZZPJ,0.1771,Low,Mantenimiento - comunicacion periodica
8198-RKSZG,0.177,Low,Mantenimiento - comunicacion periodica
8049-WJCLQ,0.177,Low,Mantenimiento - comunicacion periodica
9445-ZUEQE,0.1769,Low,Mantenimiento - comunicacion periodica
2065-MMKGR,0.1768,Low,Mantenimiento - comunicacion periodica
7766-CLTIC,0.1767,Low,Mantenimiento - comunicacion periodica
5150-LJNSR,0.1766,Low,Mantenimiento - comunicacion periodica
9481-SFCQY,0.1762,Low,Mantenimiento - comunicacion periodica
4819-HJPIW,0.176,Low,Mantenimiento - comunicacion periodica
0036-IHMOT,0.1759,Low,Mantenimiento - comunicacion periodica
3255-GRXMG,0.1758,Low,Mantenimiento - comunicacion periodica
3807-BPOMJ,0.1755,Low,Mantenimiento - comunicacion periodica
4237-CLSMM,0.1754,Low,Mantenimiento - comunicacion periodica
4713-ZBURT,0.1752,Low,Mantenimiento - comunicacion periodica
0237-YFUTL,0.1751,Low,Mantenimiento - comunicacion periodica
1444-VVSGW,0.1751,Low,Mantenimiento - comunicacion periodica
3055-OYMSE,0.1751,Low,Mantenimiento - comunicacion periodica
7909-FIOIY,0.1745,Low,Mantenimiento - comunicacion periodica
4693-VWVBO,0.1745,Low,Mantenimiento - comunicacion periodica
6158-DWPZT,0.1744,Low,Mantenimiento - comunicacion periodica
8722-NGNBH,0.1743,Low,Mantenimiento - comunicacion periodica
5055-MGMGF,0.174,Low,Mantenimiento - comunicacion periodica
2931-FSOHN,0.1737,Low,Mantenimiento - comunicacion periodica
3128-YOVTD,0.1737,Low,Mantenimiento - comunicacion periodica
1935-IMVBB,0.1736,Low,Mantenimiento - comunicacion periodica
2758-RNWXS,0.1733,Low,Mantenimiento - comunicacion periodica
9419-IPPBE,0.1732,Low,Mantenimiento - comunicacion periodica
5816-SCGFC,0.173,Low,Mantenimiento - comunicacion periodica
3272-VUHPV,0.173,Low,Mantenimiento - comunicacion periodica
4188-FRABG,0.173,Low,Mantenimiento - comunicacion periodica
9921-QFQUL,0.1729,Low,Mantenimiento - comunicacion periodica
3571-RFHAR,0.1729,Low,Mantenimiento - comunicacion periodica
1862-SKORY,0.1729,Low,Mantenimiento - comunicacion periodica
5201-FRKKS,0.1727,Low,Mantenimiento - comunicacion periodica
2272-UOINI,0.1726,Low,Mantenimiento - comunicacion periodica
0883-EIBTI,0.1725,Low,Mantenimiento - comunicacion periodica
0222-CNVPT,0.1725,Low,Mantenimiento - comunicacion periodica
5140-FOMCQ,0.1723,Low,Mantenimiento - comunicacion periodica
8404-FYDIB,0.1722,Low,Mantenimiento - comunicacion periodica
8079-XRJRS,0.1721,Low,Mantenimiento - comunicacion periodica
0557-ASKVU,0.1719,Low,Mantenimiento - comunicacion periodica
5924-IFQTT,0.1719,Low,Mantenimiento - comunicacion periodica
9833-TGFHX,0.1718,Low,Mantenimiento - comunicacion periodica
1853-ARAAQ,0.1718,Low,Mantenimiento - comunicacion periodica
7089-XXAYG,0.1716,Low,Mantenimiento - comunicacion periodica
4459-BBGHE,0.1715,Low,Mantenimiento - comunicacion periodica
1049-FYSYG,0.1715,Low,Mantenimiento - comunicacion periodica
9040-KZVWO,0.1714,Low,Mantenimiento - comunicacion periodica
1216-BGTSP,0.1714,Low,Mantenimiento - comunicacion periodica
1215-VFYVK,0.1714,Low,Mantenimiento - comunicacion periodica
3014-WJKSM,0.171,Low,Mantenimiento - comunicacion periodica
2195-VVRJF,0.171,Low,Mantenimiento - comunicacion periodica
8250-ZNGGW,0.1709,Low,Mantenimiento - comunicacion periodica
4472-LVYGI,0.1708,Low,Mantenimiento - comunicacion periodica
5309-TAIKL,0.1707,Low,Mantenimiento - comunicacion periodica
5312-IRCFR,0.1707,Low,Mantenimiento - comunicacion periodica
4080-IIARD,0.1704,Low,Mantenimiento - comunicacion periodica
6773-LQTVT,0.1702,Low,Mantenimiento - comunicacion periodica
2669-OIDSD,0.17,Low,Mantenimiento - comunicacion periodica
9114-VEPUF,0.17,Low,Mantenimiento - comunicacion periodica
1436-ZMJAN,0.1699,Low,Mantenimiento - comunicacion periodica
9391-YZEJW,0.1698,Low,Mantenimiento - comunicacion periodica
6198-PNNSZ,0.1698,Low,Mantenimiento - comunicacion periodica
3572-UOLYZ,0.1696,Low,Mantenimiento - comunicacion periodica
8552-OBVRU,0.1695,Low,Mantenimiento - comunicacion periodica
3256-EZDBI,0.169,Low,Mantenimiento - comunicacion periodica
7811-JIVPF,0.169,Low,Mantenimiento - comunicacion periodica
1370-GGAWX,0.1689,Low,Mantenimiento - comunicacion periodica
4016-BJKTZ,0.1688,Low,Mantenimiento - comunicacion periodica
4106-HADHQ,0.1686,Low,Mantenimiento - comunicacion periodica
4712-AUQZO,0.1684,Low,Mantenimiento - comunicacion periodica
7516-GMHUV,0.1684,Low,Mantenimiento - comunicacion periodica
7203-OYKCT,0.1683,Low,Mantenimiento - comunicacion periodica
2267-WTPYD,0.1679,Low,Mantenimiento - comunicacion periodica
9522-BNTHX,0.1677,Low,Mantenimiento - comunicacion periodica
6465-GSRCL,0.1675,Low,Mantenimiento - comunicacion periodica
5013-SBUIH,0.1674,Low,Mantenimiento - comunicacion periodica
1527-SXDPN,0.1672,Low,Mantenimiento - comunicacion periodica
6211-WHMYA,0.1672,Low,Mantenimiento - comunicacion periodica
6655-LHBYW,0.1671,Low,Mantenimiento - comunicacion periodica
2139-FQHLM,0.167,Low,Mantenimiento - comunicacion periodica
6103-LIANB,0.167,Low,Mantenimiento - comunicacion periodica
0959-WHOKV,0.1669,Low,Mantenimiento - comunicacion periodica
2794-XIMMO,0.1669,Low,Mantenimiento - comunicacion periodica
2896-TBNBE,0.1667,Low,Mantenimiento - comunicacion periodica
0013-MHZWF,0.1667,Low,Mantenimiento - comunicacion periodica
3780-DDGSE,0.1666,Low,Mantenimiento - comunicacion periodica
1986-PHGZF,0.1664,Low,Mantenimiento - comunicacion periodica
8096-LOIST,0.1663,Low,Mantenimiento - comunicacion periodica
5709-LVOEQ,0.1662,Low,Mantenimiento - comunicacion periodica
3701-SFMUH,0.1662,Low,Mantenimiento - comunicacion periodica
2257-BOVXD,0.1659,Low,Mantenimiento - comunicacion periodica
3062-ICYZQ,0.1658,Low,Mantenimiento - comunicacion periodica
0774-IFUVM,0.1657,Low,Mantenimiento - comunicacion periodica
7251-XFOIL,0.1656,Low,Mantenimiento - comunicacion periodica
2782-JEEBU,0.1656,Low,Mantenimiento - comunicacion periodica
7446-YPODE,0.1652,Low,Mantenimiento - comunicacion periodica
3521-MNKLV,0.1652,Low,Mantenimiento - comunicacion periodica
5640-CAXOA,0.1651,Low,Mantenimiento - comunicacion periodica
2623-DRYAM,0.165,Low,Mantenimiento - comunicacion periodica
5447-WZAFP,0.165,Low,Mantenimiento - comunicacion periodica
3521-SYVOR,0.165,Low,Mantenimiento - comunicacion periodica
5197-PYEPU,0.165,Low,Mantenimiento - comunicacion periodica
4455-BFSPD,0.1649,Low,Mantenimiento - comunicacion periodica
7572-KPVKK,0.1648,Low,Mantenimiento - comunicacion periodica
5202-IVJNU,0.1646,Low,Mantenimiento - comunicacion periodica
1810-BOHSY,0.1645,Low,Mantenimiento - comunicacion periodica
4119-ZYPZY,0.1644,Low,Mantenimiento - comunicacion periodica
8868-GAGIO,0.1644,Low,Mantenimiento - comunicacion periodica
7402-PWYJJ,0.1644,Low,Mantenimiento - comunicacion periodica
1360-JYXKQ,0.1644,Low,Mantenimiento - comunicacion periodica
6261-RCVNS,0.1642,Low,Mantenimiento - comunicacion periodica
2067-QYTCF,0.1636,Low,Mantenimiento - comunicacion periodica
5027-YOCXN,0.1636,Low,Mantenimiento - comunicacion periodica
2519-ERQOJ,0.1635,Low,Mantenimiento - comunicacion periodica
3936-QQFLL,0.1634,Low,Mantenimiento - comunicacion periodica
2480-EJWYP,0.1631,Low,Mantenimiento - comunicacion periodica
5897-ZYEKH,0.1628,Low,Mantenimiento - comunicacion periodica
0100-DUVFC,0.1628,Low,Mantenimiento - comunicacion periodica
5206-HPJKM,0.1625,Low,Mantenimiento - comunicacion periodica
7879-CGSFV,0.1624,Low,Mantenimiento - comunicacion periodica
6397-JNZZG,0.1623,Low,Mantenimiento - comunicacion periodica
7905-NJMXS,0.1623,Low,Mantenimiento - comunicacion periodica
7966-YOTQW,0.1623,Low,Mantenimiento - comunicacion periodica
7148-XZPHA,0.1622,Low,Mantenimiento - comunicacion periodica
6270-OMFIW,0.1621,Low,Mantenimiento - comunicacion periodica
1116-DXXDF,0.162,Low,Mantenimiento - comunicacion periodica
3007-FDPEA,0.1619,Low,Mantenimiento - comunicacion periodica
9643-YBLUR,0.1619,Low,Mantenimiento - comunicacion periodica
1169-WCVAK,0.1617,Low,Mantenimiento - comunicacion periodica
1395-OFUWC,0.1614,Low,Mantenimiento - comunicacion periodica
6574-MCOEH,0.1611,Low,Mantenimiento - comunicacion periodica
5174-ITUMV,0.1611,Low,Mantenimiento - comunicacion periodica
6818-WOBHJ,0.1611,Low,Mantenimiento - comunicacion periodica
1337-BOZWO,0.1609,Low,Mantenimiento - comunicacion periodica
0471-ARVMX,0.1606,Low,Mantenimiento - comunicacion periodica
9504-DSHWM,0.1605,Low,Mantenimiento - comunicacion periodica
9776-OJUZI,0.1604,Low,Mantenimiento - comunicacion periodica
8344-WFMFH,0.1603,Low,Mantenimiento - comunicacion periodica
1470-PSXNM,0.1602,Low,Mantenimiento - comunicacion periodica
3999-WRNGR,0.16,Low,Mantenimiento - comunicacion periodica
0853-NWIFK,0.16,Low,Mantenimiento - comunicacion periodica
7134-MJPDY,0.1598,Low,Mantenimiento - comunicacion periodica
3629-WEAAM,0.1597,Low,Mantenimiento - comunicacion periodica
1699-HPSBG,0.1596,Low,Mantenimiento - comunicacion periodica
5136-GFPMB,0.1589,Low,Mantenimiento - comunicacion periodica
7661-CPURM,0.1587,Low,Mantenimiento - comunicacion periodica
9099-FTUHS,0.1583,Low,Mantenimiento - comunicacion periodica
5440-FLBQG,0.1581,Low,Mantenimiento - comunicacion periodica
9378-FXTIZ,0.1581,Low,Mantenimiento - comunicacion periodica
7929-DMBCV,0.1576,Low,Mantenimiento - comunicacion periodica
9761-XUJWD,0.1576,Low,Mantenimiento - comunicacion periodica
9845-PEEKO,0.1576,Low,Mantenimiento - comunicacion periodica
4338-EYCER,0.1575,Low,Mantenimiento - comunicacion periodica
6559-ILWKJ,0.1574,Low,Mantenimiento - comunicacion periodica
5553-AOINX,0.1574,Low,Mantenimiento - comunicacion periodica
4174-LPGTI,0.1574,Low,Mantenimiento - comunicacion periodica
0106-GHRQR,0.1571,Low,Mantenimiento - comunicacion periodica
6300-BWMJX,0.1569,Low,Mantenimiento - comunicacion periodica
9350-VLHMB,0.1569,Low,Mantenimiento - comunicacion periodica
9862-KJTYK,0.1568,Low,Mantenimiento - comunicacion periodica
8082-GHXOP,0.1568,Low,Mantenimiento - comunicacion periodica
9544-PYPSJ,0.1565,Low,Mantenimiento - comunicacion periodica
2599-CZABP,0.1562,Low,Mantenimiento - comunicacion periodica
6305-YLBMM,0.1561,Low,Mantenimiento - comunicacion periodica
2931-XIQBR,0.1561,Low,Mantenimiento - comunicacion periodica
6743-HHQPF,0.156,Low,Mantenimiento - comunicacion periodica
4672-FOTSD,0.1559,Low,Mantenimiento - comunicacion periodica
6429-SHBCB,0.1558,Low,Mantenimiento - comunicacion periodica
1877-HKBQX,0.1558,Low,Mantenimiento - comunicacion periodica
5827-MWCZK,0.1557,Low,Mantenimiento - comunicacion periodica
2320-SLKMB,0.1556,Low,Mantenimiento - comunicacion periodica
0129-KPTWJ,0.1555,Low,Mantenimiento - comunicacion periodica
6728-CZFEI,0.1554,Low,Mantenimiento - comunicacion periodica
4489-SNOJF,0.1554,Low,Mantenimiento - comunicacion periodica
2087-QAREY,0.1553,Low,Mantenimiento - comunicacion periodica
2851-STERV,0.1553,Low,Mantenimiento - comunicacion periodica
0228-MAUWC,0.1552,Low,Mantenimiento - comunicacion periodica
8751-EDEKA,0.1552,Low,Mantenimiento - comunicacion periodica
7740-KKCXF,0.155,Low,Mantenimiento - comunicacion periodica
2858-MOFSQ,0.155,Low,Mantenimiento - comunicacion periodica
3199-NPKCN,0.155,Low,Mantenimiento - comunicacion periodica
5325-UWTWJ,0.1549,Low,Mantenimiento - comunicacion periodica
6447-GORXK,0.1546,Low,Mantenimiento - comunicacion periodica
8883-GRDWQ,0.1546,Low,Mantenimiento - comunicacion periodica
4194-WHFCB,0.1546,Low,Mantenimiento - comunicacion periodica
6994-FGRHH,0.1542,Low,Mantenimiento - comunicacion periodica
8399-YNDCH,0.1542,Low,Mantenimiento - comunicacion periodica
7143-BQIBA,0.1541,Low,Mantenimiento - comunicacion periodica
9163-GHAYE,0.154,Low,Mantenimiento - comunicacion periodica
0523-VNGTF,0.154,Low,Mantenimiento - comunicacion periodica
8705-DWKTI,0.1537,Low,Mantenimiento - comunicacion periodica
7621-VPNET,0.1533,Low,Mantenimiento - comunicacion periodica
2834-JRTUA,0.1533,Low,Mantenimiento - comunicacion periodica
0550-DCXLH,0.1532,Low,Mantenimiento - comunicacion periodica
7163-OCEQI,0.1532,Low,Mantenimiento - comunicacion periodica
5366-OBVMR,0.1532,Low,Mantenimiento - comunicacion periodica
5269-NRGDP,0.1531,Low,Mantenimiento - comunicacion periodica
5846-QFDFI,0.1531,Low,Mantenimiento - comunicacion periodica
5906-CVLHP,0.1529,Low,Mantenimiento - comunicacion periodica
9938-EKRGF,0.1529,Low,Mantenimiento - comunicacion periodica
0956-ACVZC,0.1528,Low,Mantenimiento - comunicacion periodica
6968-MHOMU,0.1528,Low,Mantenimiento - comunicacion periodica
1229-RCALF,0.1528,Low,Mantenimiento - comunicacion periodica
6617-WLBQC,0.1525,Low,Mantenimiento - comunicacion periodica
4226-KKDON,0.1523,Low,Mantenimiento - comunicacion periodica
8970-ANWXO,0.1522,Low,Mantenimiento - comunicacion periodica
9978-HYCIN,0.152,Low,Mantenimiento - comunicacion periodica
0733-VUNUW,0.1518,Low,Mantenimiento - comunicacion periodica
4355-CVPVS,0.1517,Low,Mantenimiento - comunicacion periodica
7989-VCQOH,0.1515,Low,Mantenimiento - comunicacion periodica
4187-CINZD,0.1515,Low,Mantenimiento - comunicacion periodica
3307-TLCUD,0.1515,Low,Mantenimiento - comunicacion periodica
4522-AKYLR,0.1509,Low,Mantenimiento - comunicacion periodica
7619-ODSGN,0.1509,Low,Mantenimiento - comunicacion periodica
8450-UYIBU,0.1507,Low,Mantenimiento - comunicacion periodica
1114-CENIM,0.1507,Low,Mantenimiento - comunicacion periodica
7123-WQUHX,0.1506,Low,Mantenimiento - comunicacion periodica
4374-YMUSQ,0.1505,Low,Mantenimiento - comunicacion periodica
6952-OMNWB,0.1505,Low,Mantenimiento - comunicacion periodica
2455-USLMV,0.1504,Low,Mantenimiento - comunicacion periodica
4827-USJHP,0.1503,Low,Mantenimiento - comunicacion periodica
4324-BZCKL,0.1502,Low,Mantenimiento - comunicacion periodica
3865-YIOTT,0.1502,Low,Mantenimiento - comunicacion periodica
6705-LNMDD,0.15,Low,Mantenimiento - comunicacion periodica
2250-IVBWA,0.15,Low,Mantenimiento - comunicacion periodica
2001-EWBQU,0.1498,Low,Mantenimiento - comunicacion periodica
3413-DHLPB,0.1498,Low,Mantenimiento - comunicacion periodica
5424-RLQLC,0.1497,Low,Mantenimiento - comunicacion periodica
0191-ZHSKZ,0.1496,Low,Mantenimiento - comunicacion periodica
9495-REDIY,0.1494,Low,Mantenimiento - comunicacion periodica
5343-SGUBI,0.1491,Low,Mantenimiento - comunicacion periodica
9863-JZAIC,0.1491,Low,Mantenimiento - comunicacion periodica
5568-DMXZS,0.1488,Low,Mantenimiento - comunicacion periodica
6341-AEVKX,0.1485,Low,Mantenimiento - comunicacion periodica
2931-SVLTV,0.1484,Low,Mantenimiento - comunicacion periodica
0580-PIQHM,0.1483,Low,Mantenimiento - comunicacion periodica
8089-UZWLX,0.148,Low,Mantenimiento - comunicacion periodica
4644-PIZRT,0.1479,Low,Mantenimiento - comunicacion periodica
4274-DRSQT,0.1476,Low,Mantenimiento - comunicacion periodica
6383-ZTSIW,0.1475,Low,Mantenimiento - comunicacion periodica
5832-TRLPB,0.1473,Low,Mantenimiento - comunicacion periodica
4925-LMHOK,0.1473,Low,Mantenimiento - comunicacion periodica
4832-VRBMR,0.1472,Low,Mantenimiento - comunicacion periodica
3104-OWCGK,0.1468,Low,Mantenimiento - comunicacion periodica
4456-RHSNB,0.1467,Low,Mantenimiento - comunicacion periodica
1170-SASML,0.1467,Low,Mantenimiento - comunicacion periodica
2530-ENDWQ,0.1466,Low,Mantenimiento - comunicacion periodica
7041-TXQJH,0.1466,Low,Mantenimiento - comunicacion periodica
0365-TRTPY,0.1466,Low,Mantenimiento - comunicacion periodica
1442-OKRJE,0.1464,Low,Mantenimiento - comunicacion periodica
1142-IHLOO,0.1463,Low,Mantenimiento - comunicacion periodica
0052-DCKON,0.1463,Low,Mantenimiento - comunicacion periodica
4697-LUPSU,0.1463,Low,Mantenimiento - comunicacion periodica
9909-DFRJA,0.1462,Low,Mantenimiento - comunicacion periodica
9705-ZJBCG,0.1462,Low,Mantenimiento - comunicacion periodica
8559-WNQZS,0.146,Low,Mantenimiento - comunicacion periodica
8904-OPDCK,0.146,Low,Mantenimiento - comunicacion periodica
1591-MQJTP,0.1459,Low,Mantenimiento - comunicacion periodica
2229-VWQJH,0.1455,Low,Mantenimiento - comunicacion periodica
5294-CDGWY,0.1455,Low,Mantenimiento - comunicacion periodica
7595-EHCDL,0.1455,Low,Mantenimiento - comunicacion periodica
3638-DIMPH,0.1455,Low,Mantenimiento - comunicacion periodica
8610-ZIKJJ,0.1454,Low,Mantenimiento - comunicacion periodica
6981-TDRFT,0.1454,Low,Mantenimiento - comunicacion periodica
9700-ZCLOT,0.1453,Low,Mantenimiento - comunicacion periodica
6870-ECSHE,0.1452,Low,Mantenimiento - comunicacion periodica
3410-MHHUM,0.1451,Low,Mantenimiento - comunicacion periodica
4283-IVYCI,0.1451,Low,Mantenimiento - comunicacion periodica
1360-XFJMR,0.1451,Low,Mantenimiento - comunicacion periodica
2530-FMFXO,0.1451,Low,Mantenimiento - comunicacion periodica
2696-ECXKC,0.145,Low,Mantenimiento - comunicacion periodica
4710-NKCAW,0.1449,Low,Mantenimiento - comunicacion periodica
1297-VQDRP,0.1448,Low,Mantenimiento - comunicacion periodica
0419-YAAPX,0.1448,Low,Mantenimiento - comunicacion periodica
3927-NLNRY,0.1448,Low,Mantenimiento - comunicacion periodica
1017-FBQMM,0.1447,Low,Mantenimiento - comunicacion periodica
1658-XUHBX,0.1447,Low,Mantenimiento - comunicacion periodica
1400-WIVLL,0.1447,Low,Mantenimiento - comunicacion periodica
6749-UTDVX,0.1446,Low,Mantenimiento - comunicacion periodica
3070-BDOQC,0.1446,Low,Mantenimiento - comunicacion periodica
0305-SQECB,0.1444,Low,Mantenimiento - comunicacion periodica
2674-MLXMN,0.1443,Low,Mantenimiento - comunicacion periodica
4083-BFNYK,0.1443,Low,Mantenimiento - comunicacion periodica
9513-DXHDA,0.1442,Low,Mantenimiento - comunicacion periodica
6789-HJBWG,0.144,Low,Mantenimiento - comunicacion periodica
0137-UDEUO,0.144,Low,Mantenimiento - comunicacion periodica
4250-WAROZ,0.1439,Low,Mantenimiento - comunicacion periodica
6821-JPCDC,0.1438,Low,Mantenimiento - comunicacion periodica
8735-DCXNF,0.1438,Low,Mantenimiento - comunicacion periodica
0639-TSIQW,0.1438,Low,Mantenimiento - comunicacion periodica
9701-CDXHR,0.1437,Low,Mantenimiento - comunicacion periodica
0274-JKUJR,0.1436,Low,Mantenimiento - comunicacion periodica
4310-KEDTB,0.1434,Low,Mantenimiento - comunicacion periodica
9470-RTWDV,0.1434,Low,Mantenimiento - comunicacion periodica
4993-JCRGJ,0.1433,Low,Mantenimiento - comunicacion periodica
3162-ZJZFU,0.1433,Low,Mantenimiento - comunicacion periodica
2978-XXSOG,0.1432,Low,Mantenimiento - comunicacion periodica
6281-FKEWS,0.143,Low,Mantenimiento - comunicacion periodica
1710-RCXUS,0.143,Low,Mantenimiento - comunicacion periodica
6425-YQLLO,0.1429,Low,Mantenimiento - comunicacion periodica
0871-OPBXW,0.1428,Low,Mantenimiento - comunicacion periodica
3470-BTGQO,0.1428,Low,Mantenimiento - comunicacion periodica
8706-HRADD,0.1427,Low,Mantenimiento - comunicacion periodica
1095-WGNGG,0.1427,Low,Mantenimiento - comunicacion periodica
8547-NSBBO,0.1427,Low,Mantenimiento - comunicacion periodica
9200-NLNPD,0.1424,Low,Mantenimiento - comunicacion periodica
9142-KZXOP,0.1423,Low,Mantenimiento - comunicacion periodica
8961-QDZZJ,0.1423,Low,Mantenimiento - comunicacion periodica
8065-BVEPF,0.1422,Low,Mantenimiento - comunicacion periodica
9644-KVCNC,0.1421,Low,Mantenimiento - comunicacion periodica
7663-ZTEGJ,0.142,Low,Mantenimiento - comunicacion periodica
0188-GWFLE,0.1419,Low,Mantenimiento - comunicacion periodica
4195-SMMNX,0.1418,Low,Mantenimiento - comunicacion periodica
2267-FPIMA,0.1418,Low,Mantenimiento - comunicacion periodica
7398-LXGYX,0.1417,Low,Mantenimiento - comunicacion periodica
7921-LMDFQ,0.1415,Low,Mantenimiento - comunicacion periodica
0851-DFJKB,0.1414,Low,Mantenimiento - comunicacion periodica
8930-XOTDP,0.1411,Low,Mantenimiento - comunicacion periodica
4472-VESGY,0.1411,Low,Mantenimiento - comunicacion periodica
5186-EJEGL,0.141,Low,Mantenimiento - comunicacion periodica
1335-HQMKX,0.1408,Low,Mantenimiento - comunicacion periodica
5067-XJQFU,0.1405,Low,Mantenimiento - comunicacion periodica
6854-EXGSF,0.1405,Low,Mantenimiento - comunicacion periodica
3716-LRGXK,0.1404,Low,Mantenimiento - comunicacion periodica
2889-FPWRM,0.1403,Low,Mantenimiento - comunicacion periodica
0931-MHTEM,0.1402,Low,Mantenimiento - comunicacion periodica
1623-NLDOT,0.14,Low,Mantenimiento - comunicacion periodica
2988-GBIVW,0.1398,Low,Mantenimiento - comunicacion periodica
7821-DPRQE,0.1398,Low,Mantenimiento - comunicacion periodica
2212-LYASK,0.1398,Low,Mantenimiento - comunicacion periodica
0112-QWPNC,0.1397,Low,Mantenimiento - comunicacion periodica
6627-CFOSN,0.1397,Low,Mantenimiento - comunicacion periodica
2242-MFOTG,0.1396,Low,Mantenimiento - comunicacion periodica
6034-ZRYCV,0.1395,Low,Mantenimiento - comunicacion periodica
9489-UTFKA,0.1395,Low,Mantenimiento - comunicacion periodica
0929-PECLO,0.1394,Low,Mantenimiento - comunicacion periodica
9402-CXWPL,0.1391,Low,Mantenimiento - comunicacion periodica
0887-WBJVH,0.1391,Low,Mantenimiento - comunicacion periodica
8294-UIMBA,0.1388,Low,Mantenimiento - comunicacion periodica
3606-SBKRY,0.1388,Low,Mantenimiento - comunicacion periodica
4476-OSWTN,0.1387,Low,Mantenimiento - comunicacion periodica
8006-PYCSW,0.1387,Low,Mantenimiento - comunicacion periodica
5996-NRVXR,0.1386,Low,Mantenimiento - comunicacion periodica
0215-BQKGS,0.1385,Low,Mantenimiento - comunicacion periodica
6333-YDVLT,0.1385,Low,Mantenimiento - comunicacion periodica
8166-ORCHU,0.1382,Low,Mantenimiento - comunicacion periodica
0939-EREMR,0.1378,Low,Mantenimiento - comunicacion periodica
3097-IDVPU,0.1377,Low,Mantenimiento - comunicacion periodica
7636-XUHWW,0.1375,Low,Mantenimiento - comunicacion periodica
0895-LMRSF,0.1374,Low,Mantenimiento - comunicacion periodica
9039-RBEEE,0.1373,Low,Mantenimiento - comunicacion periodica
6214-EDAKZ,0.1372,Low,Mantenimiento - comunicacion periodica
4986-MXSFP,0.1372,Low,Mantenimiento - comunicacion periodica
7013-PSXHK,0.1371,Low,Mantenimiento - comunicacion periodica
9828-QHFBK,0.1371,Low,Mantenimiento - comunicacion periodica
2946-KIQSP,0.137,Low,Mantenimiento - comunicacion periodica
7016-NVRIC,0.137,Low,Mantenimiento - comunicacion periodica
1409-PHXTF,0.1369,Low,Mantenimiento - comunicacion periodica
2908-ZTPNF,0.1368,Low,Mantenimiento - comunicacion periodica
3253-HKOKL,0.1368,Low,Mantenimiento - comunicacion periodica
3758-CKOQL,0.1368,Low,Mantenimiento - comunicacion periodica
6959-GQEGV,0.1367,Low,Mantenimiento - comunicacion periodica
3466-WAESX,0.1366,Low,Mantenimiento - comunicacion periodica
0002-ORFBO,0.1365,Low,Mantenimiento - comunicacion periodica
9089-UOWJG,0.1364,Low,Mantenimiento - comunicacion periodica
8624-GIOUT,0.1363,Low,Mantenimiento - comunicacion periodica
2832-SCUCO,0.1362,Low,Mantenimiento - comunicacion periodica
6620-JDYNW,0.136,Low,Mantenimiento - comunicacion periodica
1371-DWPAZ,0.1359,Low,Mantenimiento - comunicacion periodica
6476-YHMGA,0.1359,Low,Mantenimiento - comunicacion periodica
7820-ZYGNY,0.1358,Low,Mantenimiento - comunicacion periodica
2615-YVMYX,0.1357,Low,Mantenimiento - comunicacion periodica
4324-AHJKS,0.1354,Low,Mantenimiento - comunicacion periodica
5566-SOEZD,0.1353,Low,Mantenimiento - comunicacion periodica
6778-JFCMK,0.1353,Low,Mantenimiento - comunicacion periodica
4160-AMJTL,0.1349,Low,Mantenimiento - comunicacion periodica
4692-NNQRU,0.1347,Low,Mantenimiento - comunicacion periodica
9013-AQORL,0.1344,Low,Mantenimiento - comunicacion periodica
5966-EMAZU,0.1344,Low,Mantenimiento - comunicacion periodica
4355-HBJHH,0.1344,Low,Mantenimiento - comunicacion periodica
3982-DQLUS,0.1342,Low,Mantenimiento - comunicacion periodica
5160-UXJED,0.1342,Low,Mantenimiento - comunicacion periodica
1794-SWWKL,0.1341,Low,Mantenimiento - comunicacion periodica
4683-WYDOU,0.1339,Low,Mantenimiento - comunicacion periodica
7824-PANSQ,0.1339,Low,Mantenimiento - comunicacion periodica
6092-QZVPP,0.1338,Low,Mantenimiento - comunicacion periodica
0621-JFHOL,0.1338,Low,Mantenimiento - comunicacion periodica
9746-MDMBK,0.1336,Low,Mantenimiento - comunicacion periodica
2342-CKIAO,0.1335,Low,Mantenimiento - comunicacion periodica
9688-YGXVR,0.1334,Low,Mantenimiento - comunicacion periodica
7054-ENNGU,0.1334,Low,Mantenimiento - comunicacion periodica
5562-YJQGT,0.1333,Low,Mantenimiento - comunicacion periodica
8319-QBEHW,0.1332,Low,Mantenimiento - comunicacion periodica
1950-KSVVJ,0.1331,Low,Mantenimiento - comunicacion periodica
2279-AXJJK,0.1331,Low,Mantenimiento - comunicacion periodica
0130-SXOUN,0.133,Low,Mantenimiento - comunicacion periodica
6776-TLWOI,0.133,Low,Mantenimiento - comunicacion periodica
1020-JPQOW,0.1329,Low,Mantenimiento - comunicacion periodica
0484-FFVBJ,0.1329,Low,Mantenimiento - comunicacion periodica
5149-CUZUJ,0.1328,Low,Mantenimiento - comunicacion periodica
4198-VFOEA,0.1328,Low,Mantenimiento - comunicacion periodica
3428-MMGUB,0.1327,Low,Mantenimiento - comunicacion periodica
7136-RVDTZ,0.1325,Low,Mantenimiento - comunicacion periodica
9412-ARGBX,0.1324,Low,Mantenimiento - comunicacion periodica
3594-UVONA,0.1323,Low,Mantenimiento - comunicacion periodica
8496-DMZUK,0.1322,Low,Mantenimiento - comunicacion periodica
2843-CQMEG,0.1322,Low,Mantenimiento - comunicacion periodica
7666-WKRON,0.1322,Low,Mantenimiento - comunicacion periodica
8465-SBRXP,0.1322,Low,Mantenimiento - comunicacion periodica
3680-CTHUH,0.1322,Low,Mantenimiento - comunicacion periodica
8947-YRTDV,0.1321,Low,Mantenimiento - comunicacion periodica
6994-ORCWG,0.1317,Low,Mantenimiento - comunicacion periodica
1703-MGIAB,0.1316,Low,Mantenimiento - comunicacion periodica
8967-SZQAS,0.1316,Low,Mantenimiento - comunicacion periodica
3736-BLEPA,0.1316,Low,Mantenimiento - comunicacion periodica
0567-GGCAC,0.1316,Low,Mantenimiento - comunicacion periodica
8791-GFXLZ,0.1314,Low,Mantenimiento - comunicacion periodica
4186-ZBUEW,0.1312,Low,Mantenimiento - comunicacion periodica
7856-GANIL,0.1312,Low,Mantenimiento - comunicacion periodica
7102-JJVTX,0.1311,Low,Mantenimiento - comunicacion periodica
7576-ASEJU,0.131,Low,Mantenimiento - comunicacion periodica
1153-GNOLC,0.1309,Low,Mantenimiento - comunicacion periodica
3170-GWYKC,0.1306,Low,Mantenimiento - comunicacion periodica
5533-RJFTJ,0.1304,Low,Mantenimiento - comunicacion periodica
6156-UZDLF,0.1304,Low,Mantenimiento - comunicacion periodica
0701-TJSEF,0.1304,Low,Mantenimiento - comunicacion periodica
6184-DYUOB,0.1302,Low,Mantenimiento - comunicacion periodica
6733-LRIZX,0.1302,Low,Mantenimiento - comunicacion periodica
2692-AQCPF,0.1301,Low,Mantenimiento - comunicacion periodica
5161-XEUVX,0.1301,Low,Mantenimiento - comunicacion periodica
8268-YDIXR,0.1301,Low,Mantenimiento - comunicacion periodica
8314-DPQHL,0.1299,Low,Mantenimiento - comunicacion periodica
0233-FTHAV,0.1297,Low,Mantenimiento - comunicacion periodica
5014-WUQMG,0.1297,Low,Mantenimiento - comunicacion periodica
6907-CQGPN,0.1295,Low,Mantenimiento - comunicacion periodica
4360-QRAVE,0.1295,Low,Mantenimiento - comunicacion periodica
7449-HVPIV,0.1295,Low,Mantenimiento - comunicacion periodica
5913-INRQV,0.1291,Low,Mantenimiento - comunicacion periodica
0595-ITUDF,0.129,Low,Mantenimiento - comunicacion periodica
6366-XIVKZ,0.129,Low,Mantenimiento - comunicacion periodica
3733-ZEECP,0.129,Low,Mantenimiento - comunicacion periodica
1449-XQEMT,0.1289,Low,Mantenimiento - comunicacion periodica
8133-ANHHJ,0.1288,Low,Mantenimiento - comunicacion periodica
9496-IVVRP,0.1288,Low,Mantenimiento - comunicacion periodica
0239-OXEXL,0.1286,Low,Mantenimiento - comunicacion periodica
7673-LPRNY,0.1285,Low,Mantenimiento - comunicacion periodica
4001-TSBTV,0.1285,Low,Mantenimiento - comunicacion periodica
1371-WEPDS,0.1284,Low,Mantenimiento - comunicacion periodica
5236-PERKL,0.1284,Low,Mantenimiento - comunicacion periodica
4332-MUOEZ,0.1282,Low,Mantenimiento - comunicacion periodica
0458-HEUZG,0.1281,Low,Mantenimiento - comunicacion periodica
7750-EYXWZ,0.128,Low,Mantenimiento - comunicacion periodica
1004-NOZNR,0.128,Low,Mantenimiento - comunicacion periodica
0440-MOGPM,0.128,Low,Mantenimiento - comunicacion periodica
5198-EFNBM,0.128,Low,Mantenimiento - comunicacion periodica
1099-GODLO,0.1279,Low,Mantenimiento - comunicacion periodica
8756-RDDLT,0.1279,Low,Mantenimiento - comunicacion periodica
6473-ULUHT,0.1278,Low,Mantenimiento - comunicacion periodica
1428-IEDPR,0.1277,Low,Mantenimiento - comunicacion periodica
3164-YAXFY,0.1277,Low,Mantenimiento - comunicacion periodica
5334-JLAXU,0.1277,Low,Mantenimiento - comunicacion periodica
5168-MQQCA,0.1277,Low,Mantenimiento - comunicacion periodica
5201-USSQZ,0.1275,Low,Mantenimiento - comunicacion periodica
1394-SUIUH,0.1274,Low,Mantenimiento - comunicacion periodica
0997-YTLNY,0.1273,Low,Mantenimiento - comunicacion periodica
3115-CZMZD,0.1272,Low,Mantenimiento - comunicacion periodica
0623-EJQEG,0.1272,Low,Mantenimiento - comunicacion periodica
4908-XAXAY,0.1272,Low,Mantenimiento - comunicacion periodica
0030-FNXPP,0.1271,Low,Mantenimiento - comunicacion periodica
8375-KVTHK,0.1271,Low,Mantenimiento - comunicacion periodica
2001-MCUUW,0.1271,Low,Mantenimiento - comunicacion periodica
8999-XXGNS,0.1271,Low,Mantenimiento - comunicacion periodica
6837-HAEVO,0.127,Low,Mantenimiento - comunicacion periodica
5360-LJCNJ,0.1269,Low,Mantenimiento - comunicacion periodica
6475-VHUIZ,0.1268,Low,Mantenimiento - comunicacion periodica
6633-SYEUS,0.1267,Low,Mantenimiento - comunicacion periodica
4524-QCSSM,0.1266,Low,Mantenimiento - comunicacion periodica
7746-AWNQW,0.126,Low,Mantenimiento - comunicacion periodica
5968-XQIVE,0.1258,Low,Mantenimiento - comunicacion periodica
0308-GIQJT,0.1257,Low,Mantenimiento - comunicacion periodica
1061-PNTHC,0.125,Low,Mantenimiento - comunicacion periodica
3806-YAZOV,0.125,Low,Mantenimiento - comunicacion periodica
1656-DRSMG,0.1249,Low,Mantenimiento - comunicacion periodica
4419-UJMUS,0.1248,Low,Mantenimiento - comunicacion periodica
2969-WGHQO,0.1245,Low,Mantenimiento - comunicacion periodica
1397-XKKWR,0.1244,Low,Mantenimiento - comunicacion periodica
1074-AMIOH,0.1244,Low,Mantenimiento - comunicacion periodica
4282-MSACW,0.1243,Low,Mantenimiento - comunicacion periodica
1465-WCZVT,0.1243,Low,Mantenimiento - comunicacion periodica
8929-KSWIH,0.124,Low,Mantenimiento - comunicacion periodica
7740-BTPUX,0.124,Low,Mantenimiento - comunicacion periodica
8865-TNMNX,0.1237,Low,Mantenimiento - comunicacion periodica
3229-USWAR,0.1237,Low,Mantenimiento - comunicacion periodica
5223-UZAVK,0.1236,Low,Mantenimiento - comunicacion periodica
2019-HDCZY,0.1236,Low,Mantenimiento - comunicacion periodica
4139-SUGLD,0.1234,Low,Mantenimiento - comunicacion periodica
0516-UXRMT,0.1234,Low,Mantenimiento - comunicacion periodica
2959-EEXWB,0.1231,Low,Mantenimiento - comunicacion periodica
5569-IDSEY,0.1231,Low,Mantenimiento - comunicacion periodica
4429-WYGFR,0.123,Low,Mantenimiento - comunicacion periodica
2316-ESMLS,0.123,Low,Mantenimiento - comunicacion periodica
7109-MFBYV,0.123,Low,Mantenimiento - comunicacion periodica
8216-AZUUZ,0.1229,Low,Mantenimiento - comunicacion periodica
6556-DBKZF,0.1229,Low,Mantenimiento - comunicacion periodica
5590-ZSKRV,0.1228,Low,Mantenimiento - comunicacion periodica
9475-NNDGC,0.1225,Low,Mantenimiento - comunicacion periodica
0396-HUJBP,0.1225,Low,Mantenimiento - comunicacion periodica
0750-EBAIU,0.1225,Low,Mantenimiento - comunicacion periodica
7964-ZRKKG,0.1223,Low,Mantenimiento - comunicacion periodica
7537-CBQUZ,0.1223,Low,Mantenimiento - comunicacion periodica
6480-YAGIY,0.1222,Low,Mantenimiento - comunicacion periodica
4918-FYJNT,0.122,Low,Mantenimiento - comunicacion periodica
5766-XQXMQ,0.1218,Low,Mantenimiento - comunicacion periodica
4404-HIBDJ,0.1217,Low,Mantenimiento - comunicacion periodica
4501-VCPFK,0.1217,Low,Mantenimiento - comunicacion periodica
9086-YJYXS,0.1216,Low,Mantenimiento - comunicacion periodica
8561-NMTBD,0.1216,Low,Mantenimiento - comunicacion periodica
5578-NKCXI,0.1216,Low,Mantenimiento - comunicacion periodica
6439-LAJXL,0.1215,Low,Mantenimiento - comunicacion periodica
1465-LNTLJ,0.1214,Low,Mantenimiento - comunicacion periodica
2830-LEWOA,0.1214,Low,Mantenimiento - comunicacion periodica
1357-MVDOZ,0.1213,Low,Mantenimiento - comunicacion periodica
4250-FDVOU,0.1212,Low,Mantenimiento - comunicacion periodica
8565-HBFNN,0.1211,Low,Mantenimiento - comunicacion periodica
7036-TYDEC,0.1207,Low,Mantenimiento - comunicacion periodica
2560-PPCHE,0.1205,Low,Mantenimiento - comunicacion periodica
9758-MFWGD,0.1204,Low,Mantenimiento - comunicacion periodica
0186-CAERR,0.1204,Low,Mantenimiento - comunicacion periodica
8189-HBVRW,0.1203,Low,Mantenimiento - comunicacion periodica
4159-NAAIX,0.1203,Low,Mantenimiento - comunicacion periodica
2233-TXSIU,0.1202,Low,Mantenimiento - comunicacion periodica
2930-UOTMB,0.1201,Low,Mantenimiento - comunicacion periodica
4753-PADAS,0.1201,Low,Mantenimiento - comunicacion periodica
9426-SXNHE,0.12,Low,Mantenimiento - comunicacion periodica
3472-OAOOR,0.12,Low,Mantenimiento - comunicacion periodica
6050-IJRHS,0.1198,Low,Mantenimiento - comunicacion periodica
1150-WFARN,0.1197,Low,Mantenimiento - comunicacion periodica
9700-ISPUP,0.1196,Low,Mantenimiento - comunicacion periodica
8755-IWJHN,0.1196,Low,Mantenimiento - comunicacion periodica
2379-GYFLQ,0.1195,Low,Mantenimiento - comunicacion periodica
9844-FELAJ,0.1192,Low,Mantenimiento - comunicacion periodica
9659-ZTWSM,0.1191,Low,Mantenimiento - comunicacion periodica
3800-LYTRK,0.1189,Low,Mantenimiento - comunicacion periodica
4109-CYRBD,0.1188,Low,Mantenimiento - comunicacion periodica
2308-STERM,0.1188,Low,Mantenimiento - comunicacion periodica
9000-PLFUZ,0.1187,Low,Mantenimiento - comunicacion periodica
8849-PRIQJ,0.1187,Low,Mantenimiento - comunicacion periodica
0489-WMEMG,0.1186,Low,Mantenimiento - comunicacion periodica
6906-MPARY,0.1185,Low,Mantenimiento - comunicacion periodica
7644-OMVMY,0.1185,Low,Mantenimiento - comunicacion periodica
3898-BSJYF,0.1184,Low,Mantenimiento - comunicacion periodica
7382-DFJTU,0.1181,Low,Mantenimiento - comunicacion periodica
1353-LJWEM,0.1178,Low,Mantenimiento - comunicacion periodica
5438-QMDDL,0.1177,Low,Mantenimiento - comunicacion periodica
7954-MLBUN,0.1176,Low,Mantenimiento - comunicacion periodica
3633-CDBUW,0.1176,Low,Mantenimiento - comunicacion periodica
0447-BEMNG,0.1175,Low,Mantenimiento - comunicacion periodica
7049-GKVZY,0.1175,Low,Mantenimiento - comunicacion periodica
7078-NVFAM,0.1175,Low,Mantenimiento - comunicacion periodica
9079-LWTFD,0.1173,Low,Mantenimiento - comunicacion periodica
1485-YDHMM,0.1172,Low,Mantenimiento - comunicacion periodica
3034-ZBEQN,0.1169,Low,Mantenimiento - comunicacion periodica
7776-QWNFX,0.1168,Low,Mantenimiento - comunicacion periodica
2324-EFHVG,0.1168,Low,Mantenimiento - comunicacion periodica
1202-KKGFU,0.1166,Low,Mantenimiento - comunicacion periodica
6242-SGYTS,0.1166,Low,Mantenimiento - comunicacion periodica
2277-BKJKN,0.1164,Low,Mantenimiento - comunicacion periodica
5268-DSMNQ,0.1164,Low,Mantenimiento - comunicacion periodica
1898-JSNDC,0.1162,Low,Mantenimiento - comunicacion periodica
1309-XGFSN,0.1162,Low,Mantenimiento - comunicacion periodica
0816-TSPHQ,0.1162,Low,Mantenimiento - comunicacion periodica
3417-TSCIC,0.1161,Low,Mantenimiento - comunicacion periodica
9480-BQJEI,0.1161,Low,Mantenimiento - comunicacion periodica
6227-FBDXH,0.1161,Low,Mantenimiento - comunicacion periodica
4700-UBQMV,0.116,Low,Mantenimiento - comunicacion periodica
0822-QGCXA,0.116,Low,Mantenimiento - comunicacion periodica
0665-XHDJU,0.1159,Low,Mantenimiento - comunicacion periodica
1264-FUHCX,0.1158,Low,Mantenimiento - comunicacion periodica
8350-NYMVI,0.1157,Low,Mantenimiento - comunicacion periodica
8111-BKVDS,0.1156,Low,Mantenimiento - comunicacion periodica
5998-DZLYR,0.1156,Low,Mantenimiento - comunicacion periodica
9391-LMANN,0.1156,Low,Mantenimiento - comunicacion periodica
5294-IMHHT,0.1155,Low,Mantenimiento - comunicacion periodica
2450-ZKEED,0.1151,Low,Mantenimiento - comunicacion periodica
8433-WPJTV,0.1151,Low,Mantenimiento - comunicacion periodica
7526-IVLYU,0.115,Low,Mantenimiento - comunicacion periodica
9770-KXGQU,0.1149,Low,Mantenimiento - comunicacion periodica
9571-EDEBV,0.1147,Low,Mantenimiento - comunicacion periodica
7868-BGSZA,0.1147,Low,Mantenimiento - comunicacion periodica
9592-ERDKV,0.1147,Low,Mantenimiento - comunicacion periodica
7395-XWZOY,0.1147,Low,Mantenimiento - comunicacion periodica
3528-HFRIQ,0.1146,Low,Mantenimiento - comunicacion periodica
3571-DPYUH,0.1145,Low,Mantenimiento - comunicacion periodica
7182-OVLBJ,0.1144,Low,Mantenimiento - comunicacion periodica
5687-DKDTV,0.1144,Low,Mantenimiento - comunicacion periodica
5828-DWPIL,0.1143,Low,Mantenimiento - comunicacion periodica
5089-IFSDP,0.1143,Low,Mantenimiento - comunicacion periodica
9391-DXGGG,0.1143,Low,Mantenimiento - comunicacion periodica
5989-OMNJE,0.1142,Low,Mantenimiento - comunicacion periodica
3551-GAEGL,0.1142,Low,Mantenimiento - comunicacion periodica
2520-SGTTA,0.1142,Low,Mantenimiento - comunicacion periodica
8166-ZZTFS,0.114,Low,Mantenimiento - comunicacion periodica
3642-GKTCT,0.1139,Low,Mantenimiento - comunicacion periodica
0178-CIIKR,0.1139,Low,Mantenimiento - comunicacion periodica
5837-LXSDN,0.1138,Low,Mantenimiento - comunicacion periodica
4132-POCZS,0.1135,Low,Mantenimiento - comunicacion periodica
5593-SUAOO,0.1134,Low,Mantenimiento - comunicacion periodica
6067-NGCEU,0.1134,Low,Mantenimiento - comunicacion periodica
3090-HAWSU,0.1133,Low,Mantenimiento - comunicacion periodica
9750-BOOHV,0.1132,Low,Mantenimiento - comunicacion periodica
4079-VTGLK,0.1132,Low,Mantenimiento - comunicacion periodica
1121-QSIVB,0.1131,Low,Mantenimiento - comunicacion periodica
7641-TQFHN,0.1131,Low,Mantenimiento - comunicacion periodica
6137-MFAJN,0.1129,Low,Mantenimiento - comunicacion periodica
2056-EVGZL,0.1127,Low,Mantenimiento - comunicacion periodica
8869-TORSS,0.1127,Low,Mantenimiento - comunicacion periodica
6341-JVQGF,0.1126,Low,Mantenimiento - comunicacion periodica
6481-OGDOO,0.1125,Low,Mantenimiento - comunicacion periodica
4742-DRORA,0.1123,Low,Mantenimiento - comunicacion periodica
9972-VAFJJ,0.1122,Low,Mantenimiento - comunicacion periodica
8894-JVDCV,0.1121,Low,Mantenimiento - comunicacion periodica
5337-IIWKZ,0.112,Low,Mantenimiento - comunicacion periodica
7607-QKKTJ,0.112,Low,Mantenimiento - comunicacion periodica
2680-XKKNJ,0.112,Low,Mantenimiento - comunicacion periodica
0366-NQSHS,0.1119,Low,Mantenimiento - comunicacion periodica
8644-XYTSV,0.1119,Low,Mantenimiento - comunicacion periodica
7317-GGVPB,0.1119,Low,Mantenimiento - comunicacion periodica
1042-HFUCW,0.1119,Low,Mantenimiento - comunicacion periodica
2073-QBVBI,0.1118,Low,Mantenimiento - comunicacion periodica
9848-JQJTX,0.1118,Low,Mantenimiento - comunicacion periodica
3714-XPXBW,0.1117,Low,Mantenimiento - comunicacion periodica
1679-JRFBR,0.1117,Low,Mantenimiento - comunicacion periodica
1573-LGXBA,0.1114,Low,Mantenimiento - comunicacion periodica
5020-ZSTTY,0.1114,Low,Mantenimiento - comunicacion periodica
7159-NOKYQ,0.1112,Low,Mantenimiento - comunicacion periodica
6723-WSNTY,0.1112,Low,Mantenimiento - comunicacion periodica
6738-ISCBM,0.111,Low,Mantenimiento - comunicacion periodica
0866-QLSIR,0.1109,Low,Mantenimiento - comunicacion periodica
8107-RZLNV,0.1108,Low,Mantenimiento - comunicacion periodica
8220-OCUFY,0.1108,Low,Mantenimiento - comunicacion periodica
2931-VUVJN,0.1103,Low,Mantenimiento - comunicacion periodica
1347-KTTTA,0.1102,Low,Mantenimiento - comunicacion periodica
7919-ZODZZ,0.1101,Low,Mantenimiento - comunicacion periodica
2775-SEFEE,0.1101,Low,Mantenimiento - comunicacion periodica
5481-NTDOH,0.11,Low,Mantenimiento - comunicacion periodica
3523-QRQLL,0.1099,Low,Mantenimiento - comunicacion periodica
2197-OMWGI,0.1096,Low,Mantenimiento - comunicacion periodica
6296-DDOOR,0.1095,Low,Mantenimiento - comunicacion periodica
9974-JFBHQ,0.1094,Low,Mantenimiento - comunicacion periodica
0824-VWDPO,0.1094,Low,Mantenimiento - comunicacion periodica
8231-BSWXX,0.1094,Low,Mantenimiento - comunicacion periodica
0117-LFRMW,0.1092,Low,Mantenimiento - comunicacion periodica
2270-CHBFN,0.109,Low,Mantenimiento - comunicacion periodica
0454-OKRCT,0.1088,Low,Mantenimiento - comunicacion periodica
5136-RGMZO,0.1088,Low,Mantenimiento - comunicacion periodica
2294-DMMUS,0.1088,Low,Mantenimiento - comunicacion periodica
7785-RDVIG,0.1087,Low,Mantenimiento - comunicacion periodica
4531-AUZNK,0.1087,Low,Mantenimiento - comunicacion periodica
6838-YAUVY,0.1087,Low,Mantenimiento - comunicacion periodica
3896-RCYYE,0.1087,Low,Mantenimiento - comunicacion periodica
7657-DYEPJ,0.1086,Low,Mantenimiento - comunicacion periodica
5985-BEHZK,0.1086,Low,Mantenimiento - comunicacion periodica
6257-DTAYD,0.1085,Low,Mantenimiento - comunicacion periodica
1208-DNHLN,0.1084,Low,Mantenimiento - comunicacion periodica
8213-TAZPM,0.1084,Low,Mantenimiento - comunicacion periodica
3339-EAQNV,0.1084,Low,Mantenimiento - comunicacion periodica
0864-FVJNJ,0.1083,Low,Mantenimiento - comunicacion periodica
0723-VSOBE,0.1082,Low,Mantenimiento - comunicacion periodica
6661-EIPZC,0.1082,Low,Mantenimiento - comunicacion periodica
8474-UMLNT,0.108,Low,Mantenimiento - comunicacion periodica
8905-IAZPF,0.1079,Low,Mantenimiento - comunicacion periodica
3144-KMTWZ,0.1078,Low,Mantenimiento - comunicacion periodica
1304-SEGFY,0.1077,Low,Mantenimiento - comunicacion periodica
8053-WWDRO,0.1075,Low,Mantenimiento - comunicacion periodica
3744-ZBHON,0.1075,Low,Mantenimiento - comunicacion periodica
5756-JYOJT,0.1074,Low,Mantenimiento - comunicacion periodica
8150-QUDFX,0.1074,Low,Mantenimiento - comunicacion periodica
9730-DRTMJ,0.1074,Low,Mantenimiento - comunicacion periodica
1707-HABPF,0.1073,Low,Mantenimiento - comunicacion periodica
0661-KBKPA,0.1073,Low,Mantenimiento - comunicacion periodica
1352-VHKAJ,0.1073,Low,Mantenimiento - comunicacion periodica
6917-YACBP,0.1072,Low,Mantenimiento - comunicacion periodica
9715-WZCLW,0.1072,Low,Mantenimiento - comunicacion periodica
4075-JFPGR,0.1069,Low,Mantenimiento - comunicacion periodica
5193-QLVZB,0.1068,Low,Mantenimiento - comunicacion periodica
4057-FKCZK,0.1067,Low,Mantenimiento - comunicacion periodica
5949-HGVJL,0.1066,Low,Mantenimiento - comunicacion periodica
4323-OHFOW,0.1066,Low,Mantenimiento - comunicacion periodica
4277-UDIEF,0.1066,Low,Mantenimiento - comunicacion periodica
4973-RLZVI,0.1066,Low,Mantenimiento - comunicacion periodica
3594-IVHJZ,0.1065,Low,Mantenimiento - comunicacion periodica
2303-PJYHN,0.1064,Low,Mantenimiento - comunicacion periodica
7718-UPSKJ,0.1062,Low,Mantenimiento - comunicacion periodica
6778-EICRF,0.1062,Low,Mantenimiento - comunicacion periodica
1729-VLAZJ,0.1061,Low,Mantenimiento - comunicacion periodica
3723-BFBGR,0.1058,Low,Mantenimiento - comunicacion periodica
0201-MIBOL,0.1057,Low,Mantenimiento - comunicacion periodica
3941-XTSKM,0.1057,Low,Mantenimiento - comunicacion periodica
5524-KHNJP,0.1056,Low,Mantenimiento - comunicacion periodica
8984-EYLLL,0.1055,Low,Mantenimiento - comunicacion periodica
2796-UUZZO,0.1054,Low,Mantenimiento - comunicacion periodica
8739-QOTTN,0.1054,Low,Mantenimiento - comunicacion periodica
9152-AMKAK,0.1054,Low,Mantenimiento - comunicacion periodica
6766-HFKLA,0.1053,Low,Mantenimiento - comunicacion periodica
7989-AWGEH,0.1052,Low,Mantenimiento - comunicacion periodica
9039-ZVJDC,0.1052,Low,Mantenimiento - comunicacion periodica
3893-JRNFS,0.1051,Low,Mantenimiento - comunicacion periodica
0080-EMYVY,0.105,Low,Mantenimiento - comunicacion periodica
4827-LTQRJ,0.1047,Low,Mantenimiento - comunicacion periodica
1389-WNUIB,0.1046,Low,Mantenimiento - comunicacion periodica
6416-JNVRK,0.1042,Low,Mantenimiento - comunicacion periodica
1099-BTKWT,0.1042,Low,Mantenimiento - comunicacion periodica
9798-DRYDS,0.1041,Low,Mantenimiento - comunicacion periodica
7299-GNVPL,0.1041,Low,Mantenimiento - comunicacion periodica
1921-KYSAY,0.1041,Low,Mantenimiento - comunicacion periodica
6386-SZZKH,0.104,Low,Mantenimiento - comunicacion periodica
2330-PQGDQ,0.104,Low,Mantenimiento - comunicacion periodica
7940-UQQUG,0.1039,Low,Mantenimiento - comunicacion periodica
6837-BJYDQ,0.1039,Low,Mantenimiento - comunicacion periodica
3468-DRVQJ,0.1039,Low,Mantenimiento - comunicacion periodica
2522-AHJXR,0.1038,Low,Mantenimiento - comunicacion periodica
8591-NXRCV,0.1037,Low,Mantenimiento - comunicacion periodica
3570-YUEKJ,0.1036,Low,Mantenimiento - comunicacion periodica
6502-KUGLL,0.1035,Low,Mantenimiento - comunicacion periodica
0068-FIGTF,0.1034,Low,Mantenimiento - comunicacion periodica
3786-WOVKF,0.1034,Low,Mantenimiento - comunicacion periodica
3221-CJMSG,0.1033,Low,Mantenimiento - comunicacion periodica
6732-FZUGP,0.103,Low,Mantenimiento - comunicacion periodica
5651-CRHKQ,0.103,Low,Mantenimiento - comunicacion periodica
8671-KKKOS,0.1029,Low,Mantenimiento - comunicacion periodica
0297-RBCSG,0.1029,Low,Mantenimiento - comunicacion periodica
0136-IFMYD,0.1029,Low,Mantenimiento - comunicacion periodica
6968-URWQU,0.1029,Low,Mantenimiento - comunicacion periodica
3635-JBPSG,0.1028,Low,Mantenimiento - comunicacion periodica
8224-UAXBZ,0.1028,Low,Mantenimiento - comunicacion periodica
9987-LUTYD,0.1028,Low,Mantenimiento - comunicacion periodica
4322-RCYMT,0.1028,Low,Mantenimiento - comunicacion periodica
5206-XZZQI,0.1027,Low,Mantenimiento - comunicacion periodica
5985-TBABQ,0.1027,Low,Mantenimiento - comunicacion periodica
2284-VFLKH,0.1026,Low,Mantenimiento - comunicacion periodica
5919-VCZYM,0.1026,Low,Mantenimiento - comunicacion periodica
2798-NYLMZ,0.1024,Low,Mantenimiento - comunicacion periodica
5397-TUPSH,0.1023,Low,Mantenimiento - comunicacion periodica
9025-ZRPVR,0.1022,Low,Mantenimiento - comunicacion periodica
9818-XQCUV,0.1022,Low,Mantenimiento - comunicacion periodica
0820-FNRNX,0.1021,Low,Mantenimiento - comunicacion periodica
5315-CKEQK,0.1021,Low,Mantenimiento - comunicacion periodica
9076-AXYIK,0.102,Low,Mantenimiento - comunicacion periodica
7191-ADRGF,0.102,Low,Mantenimiento - comunicacion periodica
7208-PSIHR,0.102,Low,Mantenimiento - comunicacion periodica
7241-AJHFS,0.102,Low,Mantenimiento - comunicacion periodica
1936-CZAKF,0.1019,Low,Mantenimiento - comunicacion periodica
8992-VONJD,0.1018,Low,Mantenimiento - comunicacion periodica
9553-DLCLU,0.1017,Low,Mantenimiento - comunicacion periodica
0031-PVLZI,0.1017,Low,Mantenimiento - comunicacion periodica
0201-OAMXR,0.1016,Low,Mantenimiento - comunicacion periodica
4367-NUYAO,0.1016,Low,Mantenimiento - comunicacion periodica
3213-VVOLG,0.1016,Low,Mantenimiento - comunicacion periodica
3920-HIHMQ,0.1015,Low,Mantenimiento - comunicacion periodica
8495-LJDFO,0.1015,Low,Mantenimiento - comunicacion periodica
7074-STDCN,0.1014,Low,Mantenimiento - comunicacion periodica
2558-BUOZZ,0.1014,Low,Mantenimiento - comunicacion periodica
9101-NTIXF,0.1013,Low,Mantenimiento - comunicacion periodica
2458-EOMRE,0.1012,Low,Mantenimiento - comunicacion periodica
7683-CBDKJ,0.1011,Low,Mantenimiento - comunicacion periodica
7629-WFGLW,0.1011,Low,Mantenimiento - comunicacion periodica
8910-ICHIU,0.101,Low,Mantenimiento - comunicacion periodica
8980-WQFWL,0.101,Low,Mantenimiento - comunicacion periodica
7426-GSWPO,0.101,Low,Mantenimiento - comunicacion periodica
3419-SNJJD,0.1007,Low,Mantenimiento - comunicacion periodica
0795-GMVQO,0.1006,Low,Mantenimiento - comunicacion periodica
4000-VGMQP,0.1006,Low,Mantenimiento - comunicacion periodica
9314-QDMDW,0.1006,Low,Mantenimiento - comunicacion periodica
2045-BMBTJ,0.1002,Low,Mantenimiento - comunicacion periodica
6797-UCJHZ,0.1002,Low,Mantenimiento - comunicacion periodica
2898-MRKPI,0.1,Low,Mantenimiento - comunicacion periodica
0218-QNVAS,0.0999,Low,Mantenimiento - comunicacion periodica
5954-BDFSG,0.0998,Low,Mantenimiento - comunicacion periodica
6993-YCOBK,0.0998,Low,Mantenimiento - comunicacion periodica
0487-RPVUM,0.0998,Low,Mantenimiento - comunicacion periodica
4580-TMHJU,0.0998,Low,Mantenimiento - comunicacion periodica
1110-KYLGQ,0.0997,Low,Mantenimiento - comunicacion periodica
8109-YUOHE,0.0996,Low,Mantenimiento - comunicacion periodica
3597-YASZG,0.0996,Low,Mantenimiento - comunicacion periodica
4622-YNKIJ,0.0995,Low,Mantenimiento - comunicacion periodica
3354-OADJP,0.0994,Low,Mantenimiento - comunicacion periodica
8623-ULFNQ,0.0994,Low,Mantenimiento - comunicacion periodica
7797-EJMDP,0.0993,Low,Mantenimiento - comunicacion periodica
1179-INLAT,0.0993,Low,Mantenimiento - comunicacion periodica
3156-QLHBO,0.0992,Low,Mantenimiento - comunicacion periodica
2371-KFUOG,0.0991,Low,Mantenimiento - comunicacion periodica
5876-HZVZM,0.0991,Low,Mantenimiento - comunicacion periodica
2805-EDJPQ,0.0989,Low,Mantenimiento - comunicacion periodica
0743-HRVFF,0.0988,Low,Mantenimiento - comunicacion periodica
1131-SUEKT,0.0987,Low,Mantenimiento - comunicacion periodica
1096-ADRUX,0.0987,Low,Mantenimiento - comunicacion periodica
1125-SNVCK,0.0986,Low,Mantenimiento - comunicacion periodica
9174-IHETN,0.0986,Low,Mantenimiento - comunicacion periodica
6408-OTUBZ,0.0986,Low,Mantenimiento - comunicacion periodica
8200-KLNYW,0.0985,Low,Mantenimiento - comunicacion periodica
9774-NRNAU,0.0985,Low,Mantenimiento - comunicacion periodica
8727-XDPUD,0.0984,Low,Mantenimiento - comunicacion periodica
5386-THSLQ,0.0983,Low,Mantenimiento - comunicacion periodica
6266-QHOJZ,0.0982,Low,Mantenimiento - comunicacion periodica
0356-OBMAC,0.0981,Low,Mantenimiento - comunicacion periodica
2361-FJWNO,0.0979,Low,Mantenimiento - comunicacion periodica
1282-IHQAC,0.0977,Low,Mantenimiento - comunicacion periodica
8201-AAXCB,0.0977,Low,Mantenimiento - comunicacion periodica
7502-BNYGS,0.0976,Low,Mantenimiento - comunicacion periodica
3466-BYAVD,0.0974,Low,Mantenimiento - comunicacion periodica
7017-VFULY,0.0972,Low,Mantenimiento - comunicacion periodica
0128-MKWSG,0.0971,Low,Mantenimiento - comunicacion periodica
5678-VFNEQ,0.0971,Low,Mantenimiento - comunicacion periodica
7799-DSEWS,0.0971,Low,Mantenimiento - comunicacion periodica
8467-WYNSR,0.0971,Low,Mantenimiento - comunicacion periodica
0946-FKYTX,0.0971,Low,Mantenimiento - comunicacion periodica
7901-IIDQV,0.097,Low,Mantenimiento - comunicacion periodica
4402-FTBXC,0.097,Low,Mantenimiento - comunicacion periodica
3209-ZPKFI,0.0969,Low,Mantenimiento - comunicacion periodica
6500-JVEGC,0.0969,Low,Mantenimiento - comunicacion periodica
8080-POTJR,0.0969,Low,Mantenimiento - comunicacion periodica
2484-DGXPZ,0.0969,Low,Mantenimiento - comunicacion periodica
5081-NWSUP,0.0968,Low,Mantenimiento - comunicacion periodica
5514-YQENT,0.0966,Low,Mantenimiento - comunicacion periodica
3552-CTCYF,0.0964,Low,Mantenimiento - comunicacion periodica
1094-BKOSX,0.0964,Low,Mantenimiento - comunicacion periodica
6250-CGGUN,0.0963,Low,Mantenimiento - comunicacion periodica
1696-MZVAU,0.0962,Low,Mantenimiento - comunicacion periodica
4043-MKDTV,0.096,Low,Mantenimiento - comunicacion periodica
2651-ZCBXV,0.096,Low,Mantenimiento - comunicacion periodica
5624-RYAMH,0.0959,Low,Mantenimiento - comunicacion periodica
8809-RIHDD,0.0959,Low,Mantenimiento - comunicacion periodica
4526-RMTLL,0.0958,Low,Mantenimiento - comunicacion periodica
4468-KAZHE,0.0957,Low,Mantenimiento - comunicacion periodica
9938-ZREHM,0.0957,Low,Mantenimiento - comunicacion periodica
0725-CXOTM,0.0955,Low,Mantenimiento - comunicacion periodica
4611-ANLQC,0.0955,Low,Mantenimiento - comunicacion periodica
3275-RHRNE,0.0954,Low,Mantenimiento - comunicacion periodica
5199-FPUSP,0.0954,Low,Mantenimiento - comunicacion periodica
2710-WYVXG,0.0953,Low,Mantenimiento - comunicacion periodica
6469-QJKZW,0.0952,Low,Mantenimiento - comunicacion periodica
6937-GCDGQ,0.0951,Low,Mantenimiento - comunicacion periodica
6131-FOYAS,0.095,Low,Mantenimiento - comunicacion periodica
9139-TWBAS,0.095,Low,Mantenimiento - comunicacion periodica
6873-UDNLD,0.0949,Low,Mantenimiento - comunicacion periodica
6727-IOTLZ,0.0949,Low,Mantenimiento - comunicacion periodica
3324-OIRTO,0.0947,Low,Mantenimiento - comunicacion periodica
9107-UKCKY,0.0946,Low,Mantenimiento - comunicacion periodica
2446-ZKVAF,0.0946,Low,Mantenimiento - comunicacion periodica
5286-YHCVC,0.0946,Low,Mantenimiento - comunicacion periodica
5376-PCKNB,0.0945,Low,Mantenimiento - comunicacion periodica
8713-IGZSO,0.0944,Low,Mantenimiento - comunicacion periodica
4418-LZMSV,0.0944,Low,Mantenimiento - comunicacion periodica
1577-HKTFG,0.0942,Low,Mantenimiento - comunicacion periodica
0373-AIVNJ,0.0941,Low,Mantenimiento - comunicacion periodica
8295-FHIVV,0.094,Low,Mantenimiento - comunicacion periodica
4627-MIHJH,0.0939,Low,Mantenimiento - comunicacion periodica
4654-GGUII,0.0939,Low,Mantenimiento - comunicacion periodica
4522-XRWWI,0.0939,Low,Mantenimiento - comunicacion periodica
9060-HJJRW,0.0939,Low,Mantenimiento - comunicacion periodica
0565-JUPYD,0.0938,Low,Mantenimiento - comunicacion periodica
4833-QTJNO,0.0938,Low,Mantenimiento - comunicacion periodica
5760-WRAHC,0.0937,Low,Mantenimiento - comunicacion periodica
3347-YJZZE,0.0937,Low,Mantenimiento - comunicacion periodica
4747-LCAQL,0.0937,Low,Mantenimiento - comunicacion periodica
5173-ZXXXL,0.0936,Low,Mantenimiento - comunicacion periodica
9052-VKDUW,0.0936,Low,Mantenimiento - comunicacion periodica
0076-LVEPS,0.0936,Low,Mantenimiento - comunicacion periodica
9362-MWODR,0.0936,Low,Mantenimiento - comunicacion periodica
5921-NGYRH,0.0935,Low,Mantenimiento - comunicacion periodica
6050-FFXES,0.0935,Low,Mantenimiento - comunicacion periodica
4815-YOSUK,0.0934,Low,Mantenimiento - comunicacion periodica
0960-HUWBM,0.0932,Low,Mantenimiento - comunicacion periodica
5327-CNLUQ,0.0931,Low,Mantenimiento - comunicacion periodica
3186-AJIEK,0.0931,Low,Mantenimiento - comunicacion periodica
2578-JQPHZ,0.0931,Low,Mantenimiento - comunicacion periodica
2834-JKOOW,0.093,Low,Mantenimiento - comunicacion periodica
9933-QRGTX,0.0929,Low,Mantenimiento - comunicacion periodica
9609-BENEA,0.0928,Low,Mantenimiento - comunicacion periodica
2055-SIFSS,0.0928,Low,Mantenimiento - comunicacion periodica
6890-PFRQX,0.0928,Low,Mantenimiento - comunicacion periodica
2988-QRAJY,0.0925,Low,Mantenimiento - comunicacion periodica
1768-HNVGJ,0.0925,Low,Mantenimiento - comunicacion periodica
6368-NWMCE,0.0925,Low,Mantenimiento - comunicacion periodica
3195-TQDZX,0.0924,Low,Mantenimiento - comunicacion periodica
4091-TVOCN,0.0922,Low,Mantenimiento - comunicacion periodica
4115-UMJFQ,0.0922,Low,Mantenimiento - comunicacion periodica
6196-HBOBZ,0.0921,Low,Mantenimiento - comunicacion periodica
3733-UOCWF,0.0921,Low,Mantenimiento - comunicacion periodica
4946-EDSEW,0.0921,Low,Mantenimiento - comunicacion periodica
1755-RMCXH,0.092,Low,Mantenimiento - comunicacion periodica
1866-NXPSP,0.092,Low,Mantenimiento - comunicacion periodica
3192-NQECA,0.0919,Low,Mantenimiento - comunicacion periodica
1334-PDUKM,0.0917,Low,Mantenimiento - comunicacion periodica
4129-LYCOI,0.0917,Low,Mantenimiento - comunicacion periodica
7336-RLLRH,0.0916,Low,Mantenimiento - comunicacion periodica
8034-RYTVV,0.0916,Low,Mantenimiento - comunicacion periodica
1060-ENTOF,0.0915,Low,Mantenimiento - comunicacion periodica
2266-SJNAT,0.0914,Low,Mantenimiento - comunicacion periodica
3648-GZPHF,0.0913,Low,Mantenimiento - comunicacion periodica
0266-CLZKZ,0.0913,Low,Mantenimiento - comunicacion periodica
0396-UKGAI,0.0913,Low,Mantenimiento - comunicacion periodica
3729-OWRVL,0.0912,Low,Mantenimiento - comunicacion periodica
2724-FJDYW,0.0911,Low,Mantenimiento - comunicacion periodica
6840-RESVB,0.091,Low,Mantenimiento - comunicacion periodica
6869-FGJJC,0.091,Low,Mantenimiento - comunicacion periodica
7691-XVTZH,0.0909,Low,Mantenimiento - comunicacion periodica
5448-VWNAM,0.0908,Low,Mantenimiento - comunicacion periodica
0278-YXOOG,0.0908,Low,Mantenimiento - comunicacion periodica
6682-VCIXC,0.0907,Low,Mantenimiento - comunicacion periodica
6941-KXRRV,0.0907,Low,Mantenimiento - comunicacion periodica
6603-QWSPR,0.0905,Low,Mantenimiento - comunicacion periodica
7446-KQISO,0.0905,Low,Mantenimiento - comunicacion periodica
0345-XMMUG,0.0905,Low,Mantenimiento - comunicacion periodica
1134-YWTYF,0.0905,Low,Mantenimiento - comunicacion periodica
9134-WYRVP,0.0904,Low,Mantenimiento - comunicacion periodica
7816-VGHTO,0.0904,Low,Mantenimiento - comunicacion periodica
0716-BQNDX,0.0904,Low,Mantenimiento - comunicacion periodica
6728-DKUCO,0.0903,Low,Mantenimiento - comunicacion periodica
3363-DTIVD,0.0903,Low,Mantenimiento - comunicacion periodica
2773-OVBPK,0.0903,Low,Mantenimiento - comunicacion periodica
2434-EEVDB,0.0903,Low,Mantenimiento - comunicacion periodica
6663-JOCQO,0.0901,Low,Mantenimiento - comunicacion periodica
3301-LSLWQ,0.09,Low,Mantenimiento - comunicacion periodica
5229-DTFYB,0.0899,Low,Mantenimiento - comunicacion periodica
1353-GHZOS,0.0899,Low,Mantenimiento - comunicacion periodica
2307-FYNNL,0.0898,Low,Mantenimiento - comunicacion periodica
5663-QBGIS,0.0897,Low,Mantenimiento - comunicacion periodica
6261-LHRTG,0.0896,Low,Mantenimiento - comunicacion periodica
6586-PSJOX,0.0895,Low,Mantenimiento - comunicacion periodica
0440-QEXBZ,0.0895,Low,Mantenimiento - comunicacion periodica
9959-WOFKT,0.0894,Low,Mantenimiento - comunicacion periodica
4822-LPTYJ,0.0893,Low,Mantenimiento - comunicacion periodica
0756-MPZRL,0.0893,Low,Mantenimiento - comunicacion periodica
6670-MFRPK,0.0893,Low,Mantenimiento - comunicacion periodica
0628-CNQRM,0.0893,Low,Mantenimiento - comunicacion periodica
6563-VNPMN,0.0893,Low,Mantenimiento - comunicacion periodica
7253-UVNDW,0.0893,Low,Mantenimiento - comunicacion periodica
3865-ZYKAD,0.0892,Low,Mantenimiento - comunicacion periodica
5458-CQJTA,0.0891,Low,Mantenimiento - comunicacion periodica
8878-RYUKI,0.0891,Low,Mantenimiento - comunicacion periodica
5307-UVGNB,0.089,Low,Mantenimiento - comunicacion periodica
1666-JZPZT,0.0889,Low,Mantenimiento - comunicacion periodica
6794-HKIAJ,0.0888,Low,Mantenimiento - comunicacion periodica
5730-RIITO,0.0887,Low,Mantenimiento - comunicacion periodica
4508-OEBEY,0.0886,Low,Mantenimiento - comunicacion periodica
4759-PXTAN,0.0885,Low,Mantenimiento - comunicacion periodica
0810-BDHAW,0.0885,Low,Mantenimiento - comunicacion periodica
7663-CUXZB,0.0883,Low,Mantenimiento - comunicacion periodica
3374-TTZTK,0.0882,Low,Mantenimiento - comunicacion periodica
1536-YHDOE,0.0882,Low,Mantenimiento - comunicacion periodica
1346-PJWTK,0.0881,Low,Mantenimiento - comunicacion periodica
7764-BDPEE,0.0879,Low,Mantenimiento - comunicacion periodica
3197-NNYNB,0.0878,Low,Mantenimiento - comunicacion periodica
3282-ZISZV,0.0878,Low,Mantenimiento - comunicacion periodica
1090-PYKCI,0.0878,Low,Mantenimiento - comunicacion periodica
5681-LLOEI,0.0877,Low,Mantenimiento - comunicacion periodica
9143-CANJF,0.0877,Low,Mantenimiento - comunicacion periodica
7951-VRDVK,0.0876,Low,Mantenimiento - comunicacion periodica
6207-WIOLX,0.0875,Low,Mantenimiento - comunicacion periodica
3612-YUNGG,0.0875,Low,Mantenimiento - comunicacion periodica
2474-LCNUE,0.0875,Low,Mantenimiento - comunicacion periodica
7762-URZQH,0.0871,Low,Mantenimiento - comunicacion periodica
5131-PONJI,0.087,Low,Mantenimiento - comunicacion periodica
5671-RQRLP,0.0869,Low,Mantenimiento - comunicacion periodica
9069-LGEUL,0.0868,Low,Mantenimiento - comunicacion periodica
5032-USPKF,0.0868,Low,Mantenimiento - comunicacion periodica
2851-MMUTZ,0.0868,Low,Mantenimiento - comunicacion periodica
2639-UGMAZ,0.0867,Low,Mantenimiento - comunicacion periodica
9931-DCEZH,0.0867,Low,Mantenimiento - comunicacion periodica
4366-CTOUZ,0.0867,Low,Mantenimiento - comunicacion periodica
2716-GFZOR,0.0866,Low,Mantenimiento - comunicacion periodica
5153-LXKDT,0.0866,Low,Mantenimiento - comunicacion periodica
2634-HCZGT,0.0865,Low,Mantenimiento - comunicacion periodica
2746-DIJLO,0.0865,Low,Mantenimiento - comunicacion periodica
4023-RTIQM,0.0864,Low,Mantenimiento - comunicacion periodica
6097-EQISJ,0.0863,Low,Mantenimiento - comunicacion periodica
3450-WXOAT,0.0861,Low,Mantenimiento - comunicacion periodica
6682-QJDGB,0.086,Low,Mantenimiento - comunicacion periodica
3982-XWFZQ,0.0858,Low,Mantenimiento - comunicacion periodica
7021-XSNYE,0.0858,Low,Mantenimiento - comunicacion periodica
0708-SJDIS,0.0857,Low,Mantenimiento - comunicacion periodica
8734-FNWVH,0.0857,Low,Mantenimiento - comunicacion periodica
5120-ZBLAI,0.0856,Low,Mantenimiento - comunicacion periodica
6990-YNRIO,0.0853,Low,Mantenimiento - comunicacion periodica
3099-OONVS,0.0853,Low,Mantenimiento - comunicacion periodica
6979-TNDEU,0.0853,Low,Mantenimiento - comunicacion periodica
8996-ZROXE,0.0852,Low,Mantenimiento - comunicacion periodica
2419-FSORS,0.0852,Low,Mantenimiento - comunicacion periodica
6112-KTHFQ,0.0851,Low,Mantenimiento - comunicacion periodica
2925-MXLSX,0.0851,Low,Mantenimiento - comunicacion periodica
6229-UOLQL,0.085,Low,Mantenimiento - comunicacion periodica
8992-OBVDG,0.085,Low,Mantenimiento - comunicacion periodica
9938-TKDGL,0.0849,Low,Mantenimiento - comunicacion periodica
0687-ZVTHB,0.0848,Low,Mantenimiento - comunicacion periodica
2792-VPPET,0.0848,Low,Mantenimiento - comunicacion periodica
5110-CHOPY,0.0848,Low,Mantenimiento - comunicacion periodica
8495-PRWFH,0.0848,Low,Mantenimiento - comunicacion periodica
7519-JTWQH,0.0847,Low,Mantenimiento - comunicacion periodica
5887-IKKYO,0.0846,Low,Mantenimiento - comunicacion periodica
8707-HOEDG,0.0846,Low,Mantenimiento - comunicacion periodica
5271-YNWVR,0.0846,Low,Mantenimiento - comunicacion periodica
7521-YXVZY,0.0845,Low,Mantenimiento - comunicacion periodica
3639-XJHKQ,0.0844,Low,Mantenimiento - comunicacion periodica
3413-CSSTH,0.0843,Low,Mantenimiento - comunicacion periodica
5740-YHGTW,0.0843,Low,Mantenimiento - comunicacion periodica
7746-QYVCO,0.0843,Low,Mantenimiento - comunicacion periodica
5693-PIPCS,0.0842,Low,Mantenimiento - comunicacion periodica
6734-CKRSM,0.0842,Low,Mantenimiento - comunicacion periodica
6614-VBEGU,0.0841,Low,Mantenimiento - comunicacion periodica
4895-TMWIR,0.084,Low,Mantenimiento - comunicacion periodica
2292-XQWSV,0.084,Low,Mantenimiento - comunicacion periodica
6394-HHHZM,0.084,Low,Mantenimiento - comunicacion periodica
4785-QRJHC,0.084,Low,Mantenimiento - comunicacion periodica
9754-CLVZW,0.0839,Low,Mantenimiento - comunicacion periodica
2323-ARSVR,0.0838,Low,Mantenimiento - comunicacion periodica
8608-OZTLB,0.0837,Low,Mantenimiento - comunicacion periodica
6616-AALSR,0.0837,Low,Mantenimiento - comunicacion periodica
2877-VDUER,0.0837,Low,Mantenimiento - comunicacion periodica
7088-FBAWU,0.0837,Low,Mantenimiento - comunicacion periodica
2294-SALNE,0.0836,Low,Mantenimiento - comunicacion periodica
9357-UJRUN,0.0836,Low,Mantenimiento - comunicacion periodica
3096-WPXBT,0.0836,Low,Mantenimiento - comunicacion periodica
9342-VNIMQ,0.0836,Low,Mantenimiento - comunicacion periodica
8879-ZKJOF,0.0835,Low,Mantenimiento - comunicacion periodica
4423-JWZJN,0.0833,Low,Mantenimiento - comunicacion periodica
1383-EZRWL,0.0833,Low,Mantenimiento - comunicacion periodica
4385-ZKVNW,0.0832,Low,Mantenimiento - comunicacion periodica
5702-SKUOB,0.0832,Low,Mantenimiento - comunicacion periodica
3160-TYXLT,0.083,Low,Mantenimiento - comunicacion periodica
6114-TCFID,0.083,Low,Mantenimiento - comunicacion periodica
2410-CIYFZ,0.083,Low,Mantenimiento - comunicacion periodica
9518-IMLHK,0.0829,Low,Mantenimiento - comunicacion periodica
2621-UDNLU,0.0828,Low,Mantenimiento - comunicacion periodica
9115-YQHGA,0.0827,Low,Mantenimiento - comunicacion periodica
9986-BONCE,0.0827,Low,Mantenimiento - comunicacion periodica
7105-BENQF,0.0825,Low,Mantenimiento - comunicacion periodica
4135-FRWKJ,0.0825,Low,Mantenimiento - comunicacion periodica
4854-SSLTN,0.0825,Low,Mantenimiento - comunicacion periodica
0303-UNCIP,0.0823,Low,Mantenimiento - comunicacion periodica
0815-MFZGM,0.0823,Low,Mantenimiento - comunicacion periodica
8402-EIVQS,0.0823,Low,Mantenimiento - comunicacion periodica
0895-UADGO,0.0823,Low,Mantenimiento - comunicacion periodica
9373-WSLOY,0.0822,Low,Mantenimiento - comunicacion periodica
5049-MUBWG,0.082,Low,Mantenimiento - comunicacion periodica
1376-HHBDV,0.0818,Low,Mantenimiento - comunicacion periodica
4328-VUFWD,0.0818,Low,Mantenimiento - comunicacion periodica
3086-RUCRN,0.0817,Low,Mantenimiento - comunicacion periodica
9481-IEBZY,0.0817,Low,Mantenimiento - comunicacion periodica
0842-IWYCP,0.0816,Low,Mantenimiento - comunicacion periodica
9633-DENPU,0.0816,Low,Mantenimiento - comunicacion periodica
9928-BZVLZ,0.0815,Low,Mantenimiento - comunicacion periodica
5278-PNYOX,0.0814,Low,Mantenimiento - comunicacion periodica
1840-BIUOG,0.0813,Low,Mantenimiento - comunicacion periodica
6402-SSEJG,0.0813,Low,Mantenimiento - comunicacion periodica
1402-PTHGN,0.0812,Low,Mantenimiento - comunicacion periodica
3038-PQIUY,0.0812,Low,Mantenimiento - comunicacion periodica
7244-QWYHG,0.0811,Low,Mantenimiento - comunicacion periodica
3224-DFQNQ,0.0811,Low,Mantenimiento - comunicacion periodica
0655-YDGFJ,0.081,Low,Mantenimiento - comunicacion periodica
4853-RULSV,0.0808,Low,Mantenimiento - comunicacion periodica
1518-OMDIK,0.0808,Low,Mantenimiento - comunicacion periodica
9906-NHHVC,0.0807,Low,Mantenimiento - comunicacion periodica
4389-UEFCZ,0.0802,Low,Mantenimiento - comunicacion periodica
1555-DJEQW,0.0802,Low,Mantenimiento - comunicacion periodica
9926-PJHDQ,0.0802,Low,Mantenimiento - comunicacion periodica
4558-CGYCZ,0.0801,Low,Mantenimiento - comunicacion periodica
9114-AAFQH,0.08,Low,Mantenimiento - comunicacion periodica
0401-WDBXM,0.0799,Low,Mantenimiento - comunicacion periodica
2223-KAGMX,0.0799,Low,Mantenimiento - comunicacion periodica
7654-YWJUF,0.0799,Low,Mantenimiento - comunicacion periodica
7100-FQPRV,0.0799,Low,Mantenimiento - comunicacion periodica
6048-UWKAL,0.0797,Low,Mantenimiento - comunicacion periodica
9058-HRZSV,0.0797,Low,Mantenimiento - comunicacion periodica
2393-DIVAI,0.0795,Low,Mantenimiento - comunicacion periodica
9770-LXDBK,0.0794,Low,Mantenimiento - comunicacion periodica
4445-KWOKW,0.0794,Low,Mantenimiento - comunicacion periodica
5724-BIDBU,0.0792,Low,Mantenimiento - comunicacion periodica
4365-MSDYN,0.0791,Low,Mantenimiento - comunicacion periodica
9796-MVYXX,0.0789,Low,Mantenimiento - comunicacion periodica
7841-FCRQD,0.0789,Low,Mantenimiento - comunicacion periodica
2061-VVFST,0.0789,Low,Mantenimiento - comunicacion periodica
9677-AVKED,0.0788,Low,Mantenimiento - comunicacion periodica
8401-EMUWF,0.0787,Low,Mantenimiento - comunicacion periodica
6797-LNAQX,0.0787,Low,Mantenimiento - comunicacion periodica
1543-LLLFT,0.0786,Low,Mantenimiento - comunicacion periodica
8311-UEUAB,0.0786,Low,Mantenimiento - comunicacion periodica
4139-JPIAM,0.0786,Low,Mantenimiento - comunicacion periodica
8631-NBHFZ,0.0786,Low,Mantenimiento - comunicacion periodica
6933-VLYFX,0.0786,Low,Mantenimiento - comunicacion periodica
0096-FCPUF,0.0786,Low,Mantenimiento - comunicacion periodica
3059-NGMXB,0.0785,Low,Mantenimiento - comunicacion periodica
9742-XOKTS,0.0785,Low,Mantenimiento - comunicacion periodica
8559-CIZFV,0.0785,Low,Mantenimiento - comunicacion periodica
6308-CQRBU,0.0784,Low,Mantenimiento - comunicacion periodica
2234-XADUH,0.0784,Low,Mantenimiento - comunicacion periodica
1735-XMJVH,0.0783,Low,Mantenimiento - comunicacion periodica
8263-OKETD,0.0783,Low,Mantenimiento - comunicacion periodica
2332-EFBJY,0.0783,Low,Mantenimiento - comunicacion periodica
2801-NISEI,0.0782,Low,Mantenimiento - comunicacion periodica
0930-EHUZA,0.0782,Low,Mantenimiento - comunicacion periodica
8738-JOKAR,0.0781,Low,Mantenimiento - comunicacion periodica
7311-MQJCH,0.0781,Low,Mantenimiento - comunicacion periodica
5256-SKJGO,0.078,Low,Mantenimiento - comunicacion periodica
0496-AHOOK,0.0779,Low,Mantenimiento - comunicacion periodica
8152-VETUR,0.0779,Low,Mantenimiento - comunicacion periodica
2200-DSAAL,0.0779,Low,Mantenimiento - comunicacion periodica
9411-TPQQV,0.0779,Low,Mantenimiento - comunicacion periodica
1150-FTQGN,0.0779,Low,Mantenimiento - comunicacion periodica
9308-ANMVE,0.0778,Low,Mantenimiento - comunicacion periodica
5066-GFJMM,0.0778,Low,Mantenimiento - comunicacion periodica
0530-IJVDB,0.0777,Low,Mantenimiento - comunicacion periodica
9199-PWQVC,0.0777,Low,Mantenimiento - comunicacion periodica
6865-JZNKO,0.0777,Low,Mantenimiento - comunicacion periodica
8731-WBBMB,0.0775,Low,Mantenimiento - comunicacion periodica
7997-EASSD,0.0773,Low,Mantenimiento - comunicacion periodica
0862-PRCBS,0.0772,Low,Mantenimiento - comunicacion periodica
9170-GYZJC,0.0769,Low,Mantenimiento - comunicacion periodica
6900-RBKER,0.0769,Low,Mantenimiento - comunicacion periodica
5808-TOTXO,0.0769,Low,Mantenimiento - comunicacion periodica
6718-BDGHG,0.0769,Low,Mantenimiento - comunicacion periodica
2667-WYLWJ,0.0769,Low,Mantenimiento - comunicacion periodica
7175-NTIXE,0.0769,Low,Mantenimiento - comunicacion periodica
6481-LXPWL,0.0769,Low,Mantenimiento - comunicacion periodica
6075-QMNRR,0.0768,Low,Mantenimiento - comunicacion periodica
0607-MVMGC,0.0768,Low,Mantenimiento - comunicacion periodica
3126-WQMGH,0.0767,Low,Mantenimiento - comunicacion periodica
2519-TWKFS,0.0767,Low,Mantenimiento - comunicacion periodica
5701-GUXDC,0.0767,Low,Mantenimiento - comunicacion periodica
7176-WRTNX,0.0767,Low,Mantenimiento - comunicacion periodica
2636-SJDOU,0.0766,Low,Mantenimiento - comunicacion periodica
0384-LPITE,0.0765,Low,Mantenimiento - comunicacion periodica
0679-TDGAK,0.0763,Low,Mantenimiento - comunicacion periodica
2812-ENYMO,0.0762,Low,Mantenimiento - comunicacion periodica
9560-BBZXK,0.0762,Low,Mantenimiento - comunicacion periodica
6297-NOOPG,0.0761,Low,Mantenimiento - comunicacion periodica
4778-IZARL,0.0761,Low,Mantenimiento - comunicacion periodica
4002-BQWPQ,0.076,Low,Mantenimiento - comunicacion periodica
5055-BRMNE,0.0759,Low,Mantenimiento - comunicacion periodica
1163-VIPRI,0.0758,Low,Mantenimiento - comunicacion periodica
3026-ATZYV,0.0757,Low,Mantenimiento - comunicacion periodica
9972-NKTFD,0.0756,Low,Mantenimiento - comunicacion periodica
2391-IPLOP,0.0756,Low,Mantenimiento - comunicacion periodica
4199-QHJNM,0.0756,Low,Mantenimiento - comunicacion periodica
4189-NAKJS,0.0755,Low,Mantenimiento - comunicacion periodica
1697-NVVGY,0.0755,Low,Mantenimiento - comunicacion periodica
9432-RUVSL,0.0755,Low,Mantenimiento - comunicacion periodica
8148-BPLZQ,0.0754,Low,Mantenimiento - comunicacion periodica
1104-FEJAM,0.0754,Low,Mantenimiento - comunicacion periodica
1832-PEUTS,0.0754,Low,Mantenimiento - comunicacion periodica
6435-VWCCY,0.0753,Low,Mantenimiento - comunicacion periodica
0584-BJQGZ,0.0753,Low,Mantenimiento - comunicacion periodica
4806-DXQCE,0.075,Low,Mantenimiento - comunicacion periodica
4999-IEZLT,0.075,Low,Mantenimiento - comunicacion periodica
4369-NYSCF,0.0748,Low,Mantenimiento - comunicacion periodica
2155-AMQRX,0.0748,Low,Mantenimiento - comunicacion periodica
2320-YKQBO,0.0747,Low,Mantenimiento - comunicacion periodica
4011-ARPHK,0.0747,Low,Mantenimiento - comunicacion periodica
8663-UPDGF,0.0746,Low,Mantenimiento - comunicacion periodica
0689-DSXGL,0.0746,Low,Mantenimiento - comunicacion periodica
3022-BEXHZ,0.0746,Low,Mantenimiento - comunicacion periodica
8777-MBMTS,0.0746,Low,Mantenimiento - comunicacion periodica
8819-ZBYNA,0.0745,Low,Mantenimiento - comunicacion periodica
5756-OZRIO,0.0744,Low,Mantenimiento - comunicacion periodica
8348-JLBUG,0.0743,Low,Mantenimiento - comunicacion periodica
8189-DUKMV,0.0743,Low,Mantenimiento - comunicacion periodica
3977-QCRSL,0.0742,Low,Mantenimiento - comunicacion periodica
6635-MYYYZ,0.0742,Low,Mantenimiento - comunicacion periodica
9063-ZGTUY,0.0742,Low,Mantenimiento - comunicacion periodica
7690-KPNCU,0.0742,Low,Mantenimiento - comunicacion periodica
7845-URHJN,0.0741,Low,Mantenimiento - comunicacion periodica
8410-BGQXN,0.0741,Low,Mantenimiento - comunicacion periodica
6252-DFGTK,0.074,Low,Mantenimiento - comunicacion periodica
1599-MMYRQ,0.074,Low,Mantenimiento - comunicacion periodica
5375-XLDOF,0.0739,Low,Mantenimiento - comunicacion periodica
5478-JJVZK,0.0739,Low,Mantenimiento - comunicacion periodica
0723-FDLAY,0.0738,Low,Mantenimiento - comunicacion periodica
8033-ATFAS,0.0736,Low,Mantenimiento - comunicacion periodica
4926-UMJZD,0.0736,Low,Mantenimiento - comunicacion periodica
8898-KASCD,0.0736,Low,Mantenimiento - comunicacion periodica
3097-PYWXL,0.0735,Low,Mantenimiento - comunicacion periodica
1237-WIYYZ,0.0735,Low,Mantenimiento - comunicacion periodica
9031-ZVQPT,0.0734,Low,Mantenimiento - comunicacion periodica
8932-CZHRQ,0.0733,Low,Mantenimiento - comunicacion periodica
7869-ZYDST,0.0733,Low,Mantenimiento - comunicacion periodica
1492-QGCLU,0.0732,Low,Mantenimiento - comunicacion periodica
4353-HYOJD,0.0732,Low,Mantenimiento - comunicacion periodica
0134-XWXCE,0.073,Low,Mantenimiento - comunicacion periodica
7432-FFVAR,0.0729,Low,Mantenimiento - comunicacion periodica
7356-AYNJP,0.0729,Low,Mantenimiento - comunicacion periodica
3391-JSQEW,0.0728,Low,Mantenimiento - comunicacion periodica
7359-SSBJK,0.0728,Low,Mantenimiento - comunicacion periodica
5155-AZQPB,0.0727,Low,Mantenimiento - comunicacion periodica
8672-OAUPW,0.0725,Low,Mantenimiento - comunicacion periodica
7470-DYNOE,0.0725,Low,Mantenimiento - comunicacion periodica
4903-UYAVB,0.0725,Low,Mantenimiento - comunicacion periodica
8707-RMEZH,0.0724,Low,Mantenimiento - comunicacion periodica
5382-TEMLV,0.0724,Low,Mantenimiento - comunicacion periodica
2186-QZEYA,0.0723,Low,Mantenimiento - comunicacion periodica
5619-PTMIK,0.0723,Low,Mantenimiento - comunicacion periodica
5222-JCXZT,0.0723,Low,Mantenimiento - comunicacion periodica
6992-TKNYO,0.0722,Low,Mantenimiento - comunicacion periodica
7032-LMBHI,0.0721,Low,Mantenimiento - comunicacion periodica
9388-ZEYVT,0.072,Low,Mantenimiento - comunicacion periodica
3402-XRIUO,0.0719,Low,Mantenimiento - comunicacion periodica
1855-CFULU,0.0718,Low,Mantenimiento - comunicacion periodica
9209-NWPGU,0.0718,Low,Mantenimiento - comunicacion periodica
5951-AOFIH,0.0718,Low,Mantenimiento - comunicacion periodica
0975-UYDTX,0.0718,Low,Mantenimiento - comunicacion periodica
4510-PYUSH,0.0717,Low,Mantenimiento - comunicacion periodica
3766-EJLFL,0.0717,Low,Mantenimiento - comunicacion periodica
3351-NQLDI,0.0716,Low,Mantenimiento - comunicacion periodica
3621-CHYVB,0.0716,Low,Mantenimiento - comunicacion periodica
7080-TNUWP,0.0716,Low,Mantenimiento - comunicacion periodica
5863-OOKCL,0.0716,Low,Mantenimiento - comunicacion periodica
3259-KNMRR,0.0715,Low,Mantenimiento - comunicacion periodica
9670-BPNXF,0.0715,Low,Mantenimiento - comunicacion periodica
5321-NTRKC,0.0715,Low,Mantenimiento - comunicacion periodica
3915-ODIYG,0.0714,Low,Mantenimiento - comunicacion periodica
8318-LCNBW,0.0714,Low,Mantenimiento - comunicacion periodica
7710-JSYOA,0.0711,Low,Mantenimiento - comunicacion periodica
4626-OZDTJ,0.071,Low,Mantenimiento - comunicacion periodica
1057-FOGLZ,0.071,Low,Mantenimiento - comunicacion periodica
5944-UGLLK,0.071,Low,Mantenimiento - comunicacion periodica
7492-TAFJD,0.0709,Low,Mantenimiento - comunicacion periodica
0377-JBKKT,0.0709,Low,Mantenimiento - comunicacion periodica
2868-LLSKM,0.0709,Low,Mantenimiento - comunicacion periodica
8847-GEOOQ,0.0709,Low,Mantenimiento - comunicacion periodica
6575-SUVOI,0.0709,Low,Mantenimiento - comunicacion periodica
5090-EMGTC,0.0708,Low,Mantenimiento - comunicacion periodica
6122-EFVKN,0.0708,Low,Mantenimiento - comunicacion periodica
9746-YKGXB,0.0707,Low,Mantenimiento - comunicacion periodica
4701-MLJPN,0.0706,Low,Mantenimiento - comunicacion periodica
6161-ERDGD,0.0705,Low,Mantenimiento - comunicacion periodica
7696-AMHOD,0.0705,Low,Mantenimiento - comunicacion periodica
9917-KWRBE,0.0704,Low,Mantenimiento - comunicacion periodica
9711-FJTBX,0.0703,Low,Mantenimiento - comunicacion periodica
5151-HQRDG,0.0703,Low,Mantenimiento - comunicacion periodica
7269-JISCY,0.0703,Low,Mantenimiento - comunicacion periodica
1298-PHBTI,0.0702,Low,Mantenimiento - comunicacion periodica
3442-ZHHCC,0.0702,Low,Mantenimiento - comunicacion periodica
7036-ZZKBD,0.0702,Low,Mantenimiento - comunicacion periodica
8035-BUYVG,0.0701,Low,Mantenimiento - comunicacion periodica
1936-UAFEH,0.0701,Low,Mantenimiento - comunicacion periodica
3327-YBAKM,0.0701,Low,Mantenimiento - comunicacion periodica
9586-JGQKH,0.0698,Low,Mantenimiento - comunicacion periodica
4682-BLBUC,0.0697,Low,Mantenimiento - comunicacion periodica
5297-MDOIR,0.0697,Low,Mantenimiento - comunicacion periodica
3096-YXENJ,0.0697,Low,Mantenimiento - comunicacion periodica
7234-KMNRQ,0.0697,Low,Mantenimiento - comunicacion periodica
2038-YSEZE,0.0695,Low,Mantenimiento - comunicacion periodica
5195-KPUNQ,0.0695,Low,Mantenimiento - comunicacion periodica
3363-EWLGO,0.0694,Low,Mantenimiento - comunicacion periodica
2616-UUTFK,0.0694,Low,Mantenimiento - comunicacion periodica
7833-PKIHD,0.0694,Low,Mantenimiento - comunicacion periodica
9488-FYQAU,0.0693,Low,Mantenimiento - comunicacion periodica
7605-SNLQG,0.0693,Low,Mantenimiento - comunicacion periodica
5965-GGPRW,0.0693,Low,Mantenimiento - comunicacion periodica
4032-RMHCI,0.0692,Low,Mantenimiento - comunicacion periodica
8752-GHJFU,0.0692,Low,Mantenimiento - comunicacion periodica
0022-TCJCI,0.0691,Low,Mantenimiento - comunicacion periodica
9405-GPBBG,0.0691,Low,Mantenimiento - comunicacion periodica
0392-BZIUW,0.0691,Low,Mantenimiento - comunicacion periodica
1530-ZTDOZ,0.0691,Low,Mantenimiento - comunicacion periodica
7108-DGVUU,0.069,Low,Mantenimiento - comunicacion periodica
8226-BXGES,0.069,Low,Mantenimiento - comunicacion periodica
4670-TABXH,0.069,Low,Mantenimiento - comunicacion periodica
9702-AIUJO,0.069,Low,Mantenimiento - comunicacion periodica
1247-QBVSH,0.069,Low,Mantenimiento - comunicacion periodica
4422-QVIJA,0.069,Low,Mantenimiento - comunicacion periodica
6265-SXWBU,0.0688,Low,Mantenimiento - comunicacion periodica
2439-QKJUL,0.0686,Low,Mantenimiento - comunicacion periodica
2911-IJORQ,0.0685,Low,Mantenimiento - comunicacion periodica
4837-QUSFT,0.0685,Low,Mantenimiento - comunicacion periodica
8421-WZOOW,0.0685,Low,Mantenimiento - comunicacion periodica
8909-BOLNL,0.0684,Low,Mantenimiento - comunicacion periodica
1810-MVMAI,0.0684,Low,Mantenimiento - comunicacion periodica
9619-GSATL,0.0684,Low,Mantenimiento - comunicacion periodica
0835-JKADZ,0.0684,Low,Mantenimiento - comunicacion periodica
7219-TLZHO,0.0683,Low,Mantenimiento - comunicacion periodica
3981-QSVQI,0.0683,Low,Mantenimiento - comunicacion periodica
4182-BGSIQ,0.0683,Low,Mantenimiento - comunicacion periodica
7758-UJWYS,0.0682,Low,Mantenimiento - comunicacion periodica
9251-WNSOD,0.0682,Low,Mantenimiento - comunicacion periodica
0254-FNMCI,0.0681,Low,Mantenimiento - comunicacion periodica
0696-UKTOX,0.0681,Low,Mantenimiento - comunicacion periodica
2108-GLPQB,0.068,Low,Mantenimiento - comunicacion periodica
3077-RSNTJ,0.068,Low,Mantenimiento - comunicacion periodica
2632-IVXVF,0.0679,Low,Mantenimiento - comunicacion periodica
1991-VOPLL,0.0678,Low,Mantenimiento - comunicacion periodica
2144-ESWKO,0.0678,Low,Mantenimiento - comunicacion periodica
8409-WQJUX,0.0678,Low,Mantenimiento - comunicacion periodica
5414-OFQCB,0.0678,Low,Mantenimiento - comunicacion periodica
3115-JPJDD,0.0678,Low,Mantenimiento - comunicacion periodica
5161-UBZXI,0.0677,Low,Mantenimiento - comunicacion periodica
2202-OUTMO,0.0677,Low,Mantenimiento - comunicacion periodica
5832-EXGTT,0.0677,Low,Mantenimiento - comunicacion periodica
1137-DGOWI,0.0676,Low,Mantenimiento - comunicacion periodica
6195-MELTI,0.0676,Low,Mantenimiento - comunicacion periodica
9830-ECLEN,0.0675,Low,Mantenimiento - comunicacion periodica
3137-NYQQI,0.0675,Low,Mantenimiento - comunicacion periodica
5306-BVTKJ,0.0675,Low,Mantenimiento - comunicacion periodica
3392-EHMNK,0.0674,Low,Mantenimiento - comunicacion periodica
2453-SAFNS,0.0673,Low,Mantenimiento - comunicacion periodica
7765-LWVVH,0.0673,Low,Mantenimiento - comunicacion periodica
6568-POCUI,0.0673,Low,Mantenimiento - comunicacion periodica
1430-SFQSA,0.0672,Low,Mantenimiento - comunicacion periodica
9309-BZGNT,0.0672,Low,Mantenimiento - comunicacion periodica
9277-JOOMO,0.0672,Low,Mantenimiento - comunicacion periodica
5872-OEQNH,0.0671,Low,Mantenimiento - comunicacion periodica
4293-ETKAP,0.0669,Low,Mantenimiento - comunicacion periodica
7781-EWARA,0.0669,Low,Mantenimiento - comunicacion periodica
9839-ETQOE,0.0669,Low,Mantenimiento - comunicacion periodica
2325-ZUSFD,0.0668,Low,Mantenimiento - comunicacion periodica
4393-OBCRR,0.0668,Low,Mantenimiento - comunicacion periodica
8741-LQOBK,0.0668,Low,Mantenimiento - comunicacion periodica
9554-DFKIC,0.0668,Low,Mantenimiento - comunicacion periodica
1009-IRMNA,0.0668,Low,Mantenimiento - comunicacion periodica
7471-MQPOS,0.0667,Low,Mantenimiento - comunicacion periodica
2272-WUSPA,0.0667,Low,Mantenimiento - comunicacion periodica
2887-JPYLU,0.0667,Low,Mantenimiento - comunicacion periodica
8580-QVLOC,0.0667,Low,Mantenimiento - comunicacion periodica
4923-ADWXJ,0.0665,Low,Mantenimiento - comunicacion periodica
6543-JXSOO,0.0663,Low,Mantenimiento - comunicacion periodica
8405-IGQFX,0.0663,Low,Mantenimiento - comunicacion periodica
9330-DHBFL,0.0662,Low,Mantenimiento - comunicacion periodica
6505-OZNPG,0.0661,Low,Mantenimiento - comunicacion periodica
7707-PYBBH,0.066,Low,Mantenimiento - comunicacion periodica
0277-ORXQS,0.066,Low,Mantenimiento - comunicacion periodica
1183-CANVH,0.066,Low,Mantenimiento - comunicacion periodica
8822-KNBHV,0.0658,Low,Mantenimiento - comunicacion periodica
7105-MXJLL,0.0658,Low,Mantenimiento - comunicacion periodica
2996-XAUVF,0.0658,Low,Mantenimiento - comunicacion periodica
3566-CAAYU,0.0657,Low,Mantenimiento - comunicacion periodica
8582-KRHPJ,0.0657,Low,Mantenimiento - comunicacion periodica
0191-EQUUH,0.0657,Low,Mantenimiento - comunicacion periodica
7156-MXBJE,0.0656,Low,Mantenimiento - comunicacion periodica
1958-RNRKS,0.0656,Low,Mantenimiento - comunicacion periodica
4049-ZPALD,0.0656,Low,Mantenimiento - comunicacion periodica
1265-XTECC,0.0656,Low,Mantenimiento - comunicacion periodica
9220-ZNKJI,0.0656,Low,Mantenimiento - comunicacion periodica
3794-NFNCH,0.0656,Low,Mantenimiento - comunicacion periodica
5423-BHIXO,0.0655,Low,Mantenimiento - comunicacion periodica
6244-BESBM,0.0654,Low,Mantenimiento - comunicacion periodica
6522-OIQSX,0.0653,Low,Mantenimiento - comunicacion periodica
6174-NRBTZ,0.0653,Low,Mantenimiento - comunicacion periodica
4801-KFYKL,0.0652,Low,Mantenimiento - comunicacion periodica
9881-VCZEP,0.0652,Low,Mantenimiento - comunicacion periodica
6035-BXTTY,0.0652,Low,Mantenimiento - comunicacion periodica
9837-FWLCH,0.0652,Low,Mantenimiento - comunicacion periodica
0463-WZZKO,0.0652,Low,Mantenimiento - comunicacion periodica
8659-HDIYE,0.0651,Low,Mantenimiento - comunicacion periodica
4726-DLWQN,0.0651,Low,Mantenimiento - comunicacion periodica
0440-UEDAI,0.0651,Low,Mantenimiento - comunicacion periodica
2137-DQMEV,0.0651,Low,Mantenimiento - comunicacion periodica
1621-YNCJH,0.0651,Low,Mantenimiento - comunicacion periodica
2338-BQEZT,0.065,Low,Mantenimiento - comunicacion periodica
4396-KLSEH,0.065,Low,Mantenimiento - comunicacion periodica
1218-VKFPE,0.065,Low,Mantenimiento - comunicacion periodica
4957-TIALW,0.0648,Low,Mantenimiento - comunicacion periodica
6620-HVDUJ,0.0648,Low,Mantenimiento - comunicacion periodica
8466-PZBLH,0.0648,Low,Mantenimiento - comunicacion periodica
8065-QBYTO,0.0648,Low,Mantenimiento - comunicacion periodica
6164-HXUGH,0.0648,Low,Mantenimiento - comunicacion periodica
3658-QQJYD,0.0647,Low,Mantenimiento - comunicacion periodica
8550-XSXUQ,0.0647,Low,Mantenimiento - comunicacion periodica
8668-KNZTI,0.0645,Low,Mantenimiento - comunicacion periodica
6434-TTGJP,0.0645,Low,Mantenimiento - comunicacion periodica
0310-VQXAM,0.0645,Low,Mantenimiento - comunicacion periodica
3316-UWXUY,0.0645,Low,Mantenimiento - comunicacion periodica
9074-KGVOX,0.0643,Low,Mantenimiento - comunicacion periodica
4939-KYYPY,0.0643,Low,Mantenimiento - comunicacion periodica
0292-WEGCH,0.0643,Low,Mantenimiento - comunicacion periodica
1303-SRDOK,0.0643,Low,Mantenimiento - comunicacion periodica
5975-BAICR,0.0643,Low,Mantenimiento - comunicacion periodica
8406-LNMHF,0.0643,Low,Mantenimiento - comunicacion periodica
9289-LBQVU,0.0643,Low,Mantenimiento - comunicacion periodica
0285-INHLN,0.0642,Low,Mantenimiento - comunicacion periodica
6598-KELSS,0.0641,Low,Mantenimiento - comunicacion periodica
0197-PNKNK,0.0641,Low,Mantenimiento - comunicacion periodica
8746-OQQRW,0.064,Low,Mantenimiento - comunicacion periodica
1163-ONYEY,0.064,Low,Mantenimiento - comunicacion periodica
3205-MXZRA,0.0639,Low,Mantenimiento - comunicacion periodica
4945-RVMTE,0.0639,Low,Mantenimiento - comunicacion periodica
6848-YLDFR,0.0639,Low,Mantenimiento - comunicacion periodica
9970-QBCDA,0.0639,Low,Mantenimiento - comunicacion periodica
9786-IJYDL,0.0638,Low,Mantenimiento - comunicacion periodica
6231-WFGFH,0.0638,Low,Mantenimiento - comunicacion periodica
7636-PEPNS,0.0638,Low,Mantenimiento - comunicacion periodica
3926-YZVVX,0.0638,Low,Mantenimiento - comunicacion periodica
4501-UYKBC,0.0637,Low,Mantenimiento - comunicacion periodica
6260-XLACS,0.0637,Low,Mantenimiento - comunicacion periodica
9777-IQHWP,0.0636,Low,Mantenimiento - comunicacion periodica
0670-ANMUU,0.0636,Low,Mantenimiento - comunicacion periodica
9330-VOFSZ,0.0635,Low,Mantenimiento - comunicacion periodica
0536-ACXIP,0.0635,Low,Mantenimiento - comunicacion periodica
1708-PBBOA,0.0635,Low,Mantenimiento - comunicacion periodica
3397-AVTKU,0.0635,Low,Mantenimiento - comunicacion periodica
0979-MOZQI,0.0634,Low,Mantenimiento - comunicacion periodica
2405-LBMUW,0.0633,Low,Mantenimiento - comunicacion periodica
3179-GBRWV,0.0633,Low,Mantenimiento - comunicacion periodica
5815-HGGHV,0.0633,Low,Mantenimiento - comunicacion periodica
2522-WLNSF,0.0633,Low,Mantenimiento - comunicacion periodica
7184-LRUUR,0.0632,Low,Mantenimiento - comunicacion periodica
1431-CYWMH,0.0632,Low,Mantenimiento - comunicacion periodica
5499-ECUTN,0.0632,Low,Mantenimiento - comunicacion periodica
1544-JJMYL,0.0631,Low,Mantenimiento - comunicacion periodica
9558-IHEZX,0.0631,Low,Mantenimiento - comunicacion periodica
7787-BNTZM,0.063,Low,Mantenimiento - comunicacion periodica
8646-JCOMS,0.063,Low,Mantenimiento - comunicacion periodica
8100-HZZLJ,0.0629,Low,Mantenimiento - comunicacion periodica
0384-RVBPI,0.0628,Low,Mantenimiento - comunicacion periodica
7110-BDTWG,0.0628,Low,Mantenimiento - comunicacion periodica
6734-FQAJX,0.0627,Low,Mantenimiento - comunicacion periodica
4884-TVUQF,0.0627,Low,Mantenimiento - comunicacion periodica
4994-OBRSZ,0.0626,Low,Mantenimiento - comunicacion periodica
5777-KJIRB,0.0625,Low,Mantenimiento - comunicacion periodica
1834-ABKHQ,0.0624,Low,Mantenimiento - comunicacion periodica
1891-QRQSA,0.0623,Low,Mantenimiento - comunicacion periodica
4397-FRLTA,0.0623,Low,Mantenimiento - comunicacion periodica
7459-IMVYU,0.0622,Low,Mantenimiento - comunicacion periodica
3739-YBWAB,0.0622,Low,Mantenimiento - comunicacion periodica
5345-BMKWB,0.0621,Low,Mantenimiento - comunicacion periodica
7375-WMVMT,0.0621,Low,Mantenimiento - comunicacion periodica
0813-TAXXS,0.0621,Low,Mantenimiento - comunicacion periodica
0620-XEFWH,0.062,Low,Mantenimiento - comunicacion periodica
5829-NVSQN,0.062,Low,Mantenimiento - comunicacion periodica
3249-VHRIP,0.0618,Low,Mantenimiento - comunicacion periodica
5240-CAOYT,0.0617,Low,Mantenimiento - comunicacion periodica
4140-WJAWW,0.0617,Low,Mantenimiento - comunicacion periodica
7029-IJEJK,0.0616,Low,Mantenimiento - comunicacion periodica
1925-GMVBW,0.0616,Low,Mantenimiento - comunicacion periodica
1661-CZBAU,0.0615,Low,Mantenimiento - comunicacion periodica
4513-CXYIX,0.0615,Low,Mantenimiento - comunicacion periodica
4039-PIMHX,0.0614,Low,Mantenimiento - comunicacion periodica
1154-HYWWO,0.0614,Low,Mantenimiento - comunicacion periodica
9822-BIIGN,0.0613,Low,Mantenimiento - comunicacion periodica
4104-PVRPS,0.0612,Low,Mantenimiento - comunicacion periodica
7727-SHVZV,0.0612,Low,Mantenimiento - comunicacion periodica
1386-ZIKUV,0.0611,Low,Mantenimiento - comunicacion periodica
0727-BNRLG,0.0611,Low,Mantenimiento - comunicacion periodica
8548-AWOFC,0.0611,Low,Mantenimiento - comunicacion periodica
7872-RDDLZ,0.0609,Low,Mantenimiento - comunicacion periodica
4795-WRNVT,0.0609,Low,Mantenimiento - comunicacion periodica
7619-PLRLP,0.0609,Low,Mantenimiento - comunicacion periodica
6461-PPAXN,0.0608,Low,Mantenimiento - comunicacion periodica
1336-EZFZY,0.0608,Low,Mantenimiento - comunicacion periodica
4903-CNOZC,0.0608,Low,Mantenimiento - comunicacion periodica
9402-ROUMJ,0.0608,Low,Mantenimiento - comunicacion periodica
9618-LFJRU,0.0607,Low,Mantenimiento - comunicacion periodica
8944-AILEF,0.0607,Low,Mantenimiento - comunicacion periodica
9929-PLVPA,0.0607,Low,Mantenimiento - comunicacion periodica
7838-LAZFO,0.0607,Low,Mantenimiento - comunicacion periodica
7343-EOBEU,0.0606,Low,Mantenimiento - comunicacion periodica
0744-GKNGE,0.0606,Low,Mantenimiento - comunicacion periodica
1265-BCFEO,0.0606,Low,Mantenimiento - comunicacion periodica
1301-LOPVR,0.0606,Low,Mantenimiento - comunicacion periodica
1852-XEMDW,0.0605,Low,Mantenimiento - comunicacion periodica
6319-QSUSR,0.0604,Low,Mantenimiento - comunicacion periodica
4393-GEADV,0.0604,Low,Mantenimiento - comunicacion periodica
7876-AEHIG,0.0602,Low,Mantenimiento - comunicacion periodica
0234-TEVTT,0.0602,Low,Mantenimiento - comunicacion periodica
8591-TKMZH,0.0602,Low,Mantenimiento - comunicacion periodica
0661-WCQNQ,0.0601,Low,Mantenimiento - comunicacion periodica
5504-WSIUR,0.0601,Low,Mantenimiento - comunicacion periodica
4686-GEFRM,0.0601,Low,Mantenimiento - comunicacion periodica
7233-IOQNP,0.0601,Low,Mantenimiento - comunicacion periodica
2927-CVULT,0.0601,Low,Mantenimiento - comunicacion periodica
8792-AOROI,0.0601,Low,Mantenimiento - comunicacion periodica
1814-DKOLC,0.0599,Low,Mantenimiento - comunicacion periodica
6839-ITVZJ,0.0599,Low,Mantenimiento - comunicacion periodica
5393-HJZSM,0.0599,Low,Mantenimiento - comunicacion periodica
4654-DLAMQ,0.0599,Low,Mantenimiento - comunicacion periodica
4541-RMRLG,0.0599,Low,Mantenimiento - comunicacion periodica
8785-EPNCG,0.0598,Low,Mantenimiento - comunicacion periodica
6806-YDEUL,0.0598,Low,Mantenimiento - comunicacion periodica
3345-JHUEO,0.0598,Low,Mantenimiento - comunicacion periodica
4808-YNLEU,0.0598,Low,Mantenimiento - comunicacion periodica
7762-ONLJY,0.0598,Low,Mantenimiento - comunicacion periodica
9351-LZYGF,0.0598,Low,Mantenimiento - comunicacion periodica
7803-XOCCZ,0.0598,Low,Mantenimiento - comunicacion periodica
9589-ABEPT,0.0597,Low,Mantenimiento - comunicacion periodica
3301-VKTGC,0.0597,Low,Mantenimiento - comunicacion periodica
3530-CRZSB,0.0597,Low,Mantenimiento - comunicacion periodica
3617-XLSGQ,0.0597,Low,Mantenimiento - comunicacion periodica
2483-XSSMZ,0.0596,Low,Mantenimiento - comunicacion periodica
2408-PSJVE,0.0595,Low,Mantenimiento - comunicacion periodica
2469-DTSGX,0.0595,Low,Mantenimiento - comunicacion periodica
8901-UPRHR,0.0595,Low,Mantenimiento - comunicacion periodica
3933-DQPWX,0.0594,Low,Mantenimiento - comunicacion periodica
2862-JVEOY,0.0594,Low,Mantenimiento - comunicacion periodica
2150-WLKUW,0.0593,Low,Mantenimiento - comunicacion periodica
9236-NDUCW,0.0592,Low,Mantenimiento - comunicacion periodica
1576-PFZIW,0.0591,Low,Mantenimiento - comunicacion periodica
8328-SKJNO,0.0591,Low,Mantenimiento - comunicacion periodica
2732-ISEZX,0.059,Low,Mantenimiento - comunicacion periodica
6211-WWLTF,0.0589,Low,Mantenimiento - comunicacion periodica
8003-EWNDZ,0.0589,Low,Mantenimiento - comunicacion periodica
2245-ADZFJ,0.0588,Low,Mantenimiento - comunicacion periodica
9052-DHNKM,0.0588,Low,Mantenimiento - comunicacion periodica
3387-PLKUI,0.0588,Low,Mantenimiento - comunicacion periodica
2790-XUYMV,0.0588,Low,Mantenimiento - comunicacion periodica
4223-BKEOR,0.0588,Low,Mantenimiento - comunicacion periodica
8745-PVESG,0.0587,Low,Mantenimiento - comunicacion periodica
0083-PIVIK,0.0587,Low,Mantenimiento - comunicacion periodica
8224-IVVPA,0.0587,Low,Mantenimiento - comunicacion periodica
2791-SFVEW,0.0586,Low,Mantenimiento - comunicacion periodica
0635-WKOLD,0.0586,Low,Mantenimiento - comunicacion periodica
7566-DSRLQ,0.0586,Low,Mantenimiento - comunicacion periodica
4936-YPJNK,0.0586,Low,Mantenimiento - comunicacion periodica
9207-ZPANB,0.0584,Low,Mantenimiento - comunicacion periodica
3882-IYOIJ,0.0583,Low,Mantenimiento - comunicacion periodica
2335-GSODA,0.0583,Low,Mantenimiento - comunicacion periodica
6810-VCAEX,0.0582,Low,Mantenimiento - comunicacion periodica
5126-RCXYW,0.0582,Low,Mantenimiento - comunicacion periodica
7472-EQOAV,0.0581,Low,Mantenimiento - comunicacion periodica
5825-XJOCM,0.0581,Low,Mantenimiento - comunicacion periodica
1345-GKDZZ,0.058,Low,Mantenimiento - comunicacion periodica
9386-LDCZR,0.058,Low,Mantenimiento - comunicacion periodica
7524-VRLPL,0.058,Low,Mantenimiento - comunicacion periodica
6723-CEGQI,0.058,Low,Mantenimiento - comunicacion periodica
9498-FIMXL,0.0579,Low,Mantenimiento - comunicacion periodica
5446-DKWYW,0.0579,Low,Mantenimiento - comunicacion periodica
7925-PNRGI,0.0579,Low,Mantenimiento - comunicacion periodica
3315-IKYZQ,0.0578,Low,Mantenimiento - comunicacion periodica
4504-YOULA,0.0578,Low,Mantenimiento - comunicacion periodica
3214-IYUUQ,0.0578,Low,Mantenimiento - comunicacion periodica
8782-NUUOL,0.0577,Low,Mantenimiento - comunicacion periodica
9695-IDRZR,0.0577,Low,Mantenimiento - comunicacion periodica
0020-JDNXP,0.0577,Low,Mantenimiento - comunicacion periodica
0289-IVARM,0.0577,Low,Mantenimiento - comunicacion periodica
3181-VTHOE,0.0577,Low,Mantenimiento - comunicacion periodica
8097-OMULG,0.0576,Low,Mantenimiento - comunicacion periodica
6377-KSLXC,0.0575,Low,Mantenimiento - comunicacion periodica
7971-HLVXI,0.0575,Low,Mantenimiento - comunicacion periodica
6736-DHUQI,0.0575,Low,Mantenimiento - comunicacion periodica
7808-DVWEP,0.0575,Low,Mantenimiento - comunicacion periodica
9541-ZPSEA,0.0575,Low,Mantenimiento - comunicacion periodica
3012-VFFMN,0.0575,Low,Mantenimiento - comunicacion periodica
2205-LPVGL,0.0574,Low,Mantenimiento - comunicacion periodica
1088-CNNKB,0.0573,Low,Mantenimiento - comunicacion periodica
3750-RNQKR,0.0573,Low,Mantenimiento - comunicacion periodica
7976-CICYS,0.0573,Low,Mantenimiento - comunicacion periodica
3850-OKINF,0.0573,Low,Mantenimiento - comunicacion periodica
8041-TMEID,0.0572,Low,Mantenimiento - comunicacion periodica
3705-RHRFR,0.0572,Low,Mantenimiento - comunicacion periodica
2546-KZAAT,0.0572,Low,Mantenimiento - comunicacion periodica
2363-BJLSL,0.0572,Low,Mantenimiento - comunicacion periodica
8845-LWKGE,0.0572,Low,Mantenimiento - comunicacion periodica
0661-KQHNK,0.0572,Low,Mantenimiento - comunicacion periodica
1206-EHBDD,0.0571,Low,Mantenimiento - comunicacion periodica
3298-QEICA,0.0571,Low,Mantenimiento - comunicacion periodica
3407-QGWLG,0.0571,Low,Mantenimiento - comunicacion periodica
9691-HKOVS,0.0571,Low,Mantenimiento - comunicacion periodica
5092-STPKP,0.057,Low,Mantenimiento - comunicacion periodica
3512-IZIKN,0.057,Low,Mantenimiento - comunicacion periodica
4598-ZADCK,0.057,Low,Mantenimiento - comunicacion periodica
0667-NSRGI,0.0568,Low,Mantenimiento - comunicacion periodica
3703-TTEPD,0.0568,Low,Mantenimiento - comunicacion periodica
9581-GVBXT,0.0568,Low,Mantenimiento - comunicacion periodica
1697-BCSHV,0.0568,Low,Mantenimiento - comunicacion periodica
0690-SRQID,0.0568,Low,Mantenimiento - comunicacion periodica
0020-INWCK,0.0567,Low,Mantenimiento - comunicacion periodica
6295-OSINB,0.0567,Low,Mantenimiento - comunicacion periodica
3340-QBBFM,0.0566,Low,Mantenimiento - comunicacion periodica
3134-DSHVC,0.0566,Low,Mantenimiento - comunicacion periodica
5915-DGNVC,0.0566,Low,Mantenimiento - comunicacion periodica
4616-ULAOA,0.0565,Low,Mantenimiento - comunicacion periodica
0516-VRYBW,0.0565,Low,Mantenimiento - comunicacion periodica
2890-WFBHU,0.0565,Low,Mantenimiento - comunicacion periodica
2027-DNKIV,0.0565,Low,Mantenimiento - comunicacion periodica
7173-TETGO,0.0564,Low,Mantenimiento - comunicacion periodica
1813-JYWTO,0.0564,Low,Mantenimiento - comunicacion periodica
1492-KGETH,0.0564,Low,Mantenimiento - comunicacion periodica
2171-UDMFD,0.0564,Low,Mantenimiento - comunicacion periodica
7134-HBPBS,0.0564,Low,Mantenimiento - comunicacion periodica
1136-XGEQU,0.0564,Low,Mantenimiento - comunicacion periodica
6671-NGWON,0.0563,Low,Mantenimiento - comunicacion periodica
7247-XOZPB,0.0563,Low,Mantenimiento - comunicacion periodica
7136-IHZJA,0.0562,Low,Mantenimiento - comunicacion periodica
1545-JFUML,0.0562,Low,Mantenimiento - comunicacion periodica
0121-SNYRK,0.0562,Low,Mantenimiento - comunicacion periodica
3908-MKIMJ,0.0562,Low,Mantenimiento - comunicacion periodica
6061-GWWAV,0.0562,Low,Mantenimiento - comunicacion periodica
9788-YTFGE,0.0562,Low,Mantenimiento - comunicacion periodica
1032-MAELW,0.0561,Low,Mantenimiento - comunicacion periodica
5327-XOKKY,0.0561,Low,Mantenimiento - comunicacion periodica
4797-MIWUM,0.0561,Low,Mantenimiento - comunicacion periodica
9500-IWPXQ,0.0561,Low,Mantenimiento - comunicacion periodica
6248-TKCQV,0.0559,Low,Mantenimiento - comunicacion periodica
0707-HOVVN,0.0559,Low,Mantenimiento - comunicacion periodica
8883-ANODQ,0.0559,Low,Mantenimiento - comunicacion periodica
0056-EPFBG,0.0559,Low,Mantenimiento - comunicacion periodica
0750-EKNGL,0.0558,Low,Mantenimiento - comunicacion periodica
3441-CGZJH,0.0558,Low,Mantenimiento - comunicacion periodica
3244-CQPHU,0.0557,Low,Mantenimiento - comunicacion periodica
6549-YMFAW,0.0557,Low,Mantenimiento - comunicacion periodica
6586-MYGKD,0.0556,Low,Mantenimiento - comunicacion periodica
5012-YSPJJ,0.0556,Low,Mantenimiento - comunicacion periodica
0572-ZJKLT,0.0555,Low,Mantenimiento - comunicacion periodica
0565-IYCGT,0.0555,Low,Mantenimiento - comunicacion periodica
7968-QUXNS,0.0554,Low,Mantenimiento - comunicacion periodica
0248-PGHBZ,0.0554,Low,Mantenimiento - comunicacion periodica
2364-UFROM,0.0554,Low,Mantenimiento - comunicacion periodica
9367-OIUXP,0.0554,Low,Mantenimiento - comunicacion periodica
3696-XRIEN,0.0553,Low,Mantenimiento - comunicacion periodica
2495-TTHBQ,0.0553,Low,Mantenimiento - comunicacion periodica
7321-ZNSLA,0.0552,Low,Mantenimiento - comunicacion periodica
6303-KFWSL,0.0552,Low,Mantenimiento - comunicacion periodica
4881-GQJTW,0.0552,Low,Mantenimiento - comunicacion periodica
0298-XACET,0.0551,Low,Mantenimiento - comunicacion periodica
4859-ZSRDZ,0.0551,Low,Mantenimiento - comunicacion periodica
7771-ZONAT,0.055,Low,Mantenimiento - comunicacion periodica
1226-JZNKR,0.0549,Low,Mantenimiento - comunicacion periodica
8085-MSNLK,0.0549,Low,Mantenimiento - comunicacion periodica
8788-DOXSU,0.0548,Low,Mantenimiento - comunicacion periodica
1036-GUDCL,0.0548,Low,Mantenimiento - comunicacion periodica
4003-OCTMP,0.0548,Low,Mantenimiento - comunicacion periodica
6754-LZUKA,0.0546,Low,Mantenimiento - comunicacion periodica
0106-UGRDO,0.0546,Low,Mantenimiento - comunicacion periodica
8690-UPCZI,0.0546,Low,Mantenimiento - comunicacion periodica
4430-YHXGG,0.0546,Low,Mantenimiento - comunicacion periodica
2664-XJZNO,0.0546,Low,Mantenimiento - comunicacion periodica
9359-UGBTK,0.0546,Low,Mantenimiento - comunicacion periodica
2466-NEJOJ,0.0546,Low,Mantenimiento - comunicacion periodica
4137-JOPHL,0.0545,Low,Mantenimiento - comunicacion periodica
9931-KGHOA,0.0545,Low,Mantenimiento - comunicacion periodica
1407-DIGZV,0.0545,Low,Mantenimiento - comunicacion periodica
4390-KYULV,0.0544,Low,Mantenimiento - comunicacion periodica
1684-FLBGS,0.0544,Low,Mantenimiento - comunicacion periodica
8259-DZLIZ,0.0543,Low,Mantenimiento - comunicacion periodica
0868-VJRDR,0.0543,Low,Mantenimiento - comunicacion periodica
1257-SXUXQ,0.0542,Low,Mantenimiento - comunicacion periodica
7103-ZGVNT,0.0542,Low,Mantenimiento - comunicacion periodica
7801-CEDNV,0.0542,Low,Mantenimiento - comunicacion periodica
0983-TATYJ,0.0542,Low,Mantenimiento - comunicacion periodica
3724-UCSHY,0.0541,Low,Mantenimiento - comunicacion periodica
1097-FSPVW,0.054,Low,Mantenimiento - comunicacion periodica
2054-PJOCK,0.054,Low,Mantenimiento - comunicacion periodica
3258-SYSWS,0.054,Low,Mantenimiento - comunicacion periodica
0254-KCJGT,0.054,Low,Mantenimiento - comunicacion periodica
7874-ECPQJ,0.0539,Low,Mantenimiento - comunicacion periodica
5850-BDWCY,0.0539,Low,Mantenimiento - comunicacion periodica
3694-GLTJM,0.0539,Low,Mantenimiento - comunicacion periodica
0657-DOGUM,0.0539,Low,Mantenimiento - comunicacion periodica
4906-ZHGPK,0.0539,Low,Mantenimiento - comunicacion periodica
1222-LRYKO,0.0539,Low,Mantenimiento - comunicacion periodica
7672-VFMXZ,0.0539,Low,Mantenimiento - comunicacion periodica
5795-KTGUD,0.0537,Low,Mantenimiento - comunicacion periodica
5203-XEHAX,0.0537,Low,Mantenimiento - comunicacion periodica
1452-UZOSF,0.0536,Low,Mantenimiento - comunicacion periodica
5855-EIBDE,0.0535,Low,Mantenimiento - comunicacion periodica
5353-WILCI,0.0535,Low,Mantenimiento - comunicacion periodica
5061-PBXFW,0.0534,Low,Mantenimiento - comunicacion periodica
1696-HXOWK,0.0534,Low,Mantenimiento - comunicacion periodica
2882-DDZPG,0.0534,Low,Mantenimiento - comunicacion periodica
2511-MORQY,0.0533,Low,Mantenimiento - comunicacion periodica
7361-YPXFS,0.0533,Low,Mantenimiento - comunicacion periodica
3727-OWVYD,0.0533,Low,Mantenimiento - comunicacion periodica
1915-OAKWD,0.0533,Low,Mantenimiento - comunicacion periodica
4072-IPYLT,0.0533,Low,Mantenimiento - comunicacion periodica
1725-IQNIY,0.0532,Low,Mantenimiento - comunicacion periodica
8017-UVSZU,0.0532,Low,Mantenimiento - comunicacion periodica
8029-XYPWT,0.0532,Low,Mantenimiento - comunicacion periodica
3082-YVEKW,0.0532,Low,Mantenimiento - comunicacion periodica
8400-WZICQ,0.0531,Low,Mantenimiento - comunicacion periodica
0980-FEXWF,0.053,Low,Mantenimiento - comunicacion periodica
4056-QHXHZ,0.0529,Low,Mantenimiento - comunicacion periodica
5204-HMGYF,0.0529,Low,Mantenimiento - comunicacion periodica
0208-BPQEJ,0.0529,Low,Mantenimiento - comunicacion periodica
4116-IQRFR,0.0528,Low,Mantenimiento - comunicacion periodica
4922-CVPDX,0.0527,Low,Mantenimiento - comunicacion periodica
1045-LTCYT,0.0526,Low,Mantenimiento - comunicacion periodica
2673-ZALNP,0.0526,Low,Mantenimiento - comunicacion periodica
3675-YDUPJ,0.0525,Low,Mantenimiento - comunicacion periodica
6036-TTFYU,0.0525,Low,Mantenimiento - comunicacion periodica
3401-URHDA,0.0525,Low,Mantenimiento - comunicacion periodica
1271-UODNO,0.0525,Low,Mantenimiento - comunicacion periodica
0810-DHDBD,0.0524,Low,Mantenimiento - comunicacion periodica
9782-LGXMC,0.0524,Low,Mantenimiento - comunicacion periodica
9256-JTBNZ,0.0524,Low,Mantenimiento - comunicacion periodica
1850-AKQEP,0.0524,Low,Mantenimiento - comunicacion periodica
6878-GGDWG,0.0523,Low,Mantenimiento - comunicacion periodica
6950-TWMYB,0.0523,Low,Mantenimiento - comunicacion periodica
7789-CRUVC,0.0523,Low,Mantenimiento - comunicacion periodica
4083-EUGRJ,0.0522,Low,Mantenimiento - comunicacion periodica
9259-PACGQ,0.0522,Low,Mantenimiento - comunicacion periodica
2933-XEUJM,0.0522,Low,Mantenimiento - comunicacion periodica
4020-KIUDI,0.0522,Low,Mantenimiento - comunicacion periodica
7217-JYHOQ,0.0521,Low,Mantenimiento - comunicacion periodica
5753-QQWPW,0.0521,Low,Mantenimiento - comunicacion periodica
4568-TTZRT,0.0521,Low,Mantenimiento - comunicacion periodica
6371-NZYEG,0.052,Low,Mantenimiento - comunicacion periodica
8208-EUMTE,0.052,Low,Mantenimiento - comunicacion periodica
8780-RSYYU,0.052,Low,Mantenimiento - comunicacion periodica
5696-CEIQJ,0.0519,Low,Mantenimiento - comunicacion periodica
1730-VFMWO,0.0519,Low,Mantenimiento - comunicacion periodica
3569-VLDHH,0.0519,Low,Mantenimiento - comunicacion periodica
0699-NDKJM,0.0519,Low,Mantenimiento - comunicacion periodica
4730-AWNAU,0.0519,Low,Mantenimiento - comunicacion periodica
2351-RRBUE,0.0519,Low,Mantenimiento - comunicacion periodica
3704-IEAXF,0.0519,Low,Mantenimiento - comunicacion periodica
6047-SUHPR,0.0519,Low,Mantenimiento - comunicacion periodica
5018-LXQQG,0.0519,Low,Mantenimiento - comunicacion periodica
8752-IMQOS,0.0519,Low,Mantenimiento - comunicacion periodica
9640-ZSLDC,0.0519,Low,Mantenimiento - comunicacion periodica
7964-YESJC,0.0518,Low,Mantenimiento - comunicacion periodica
8184-WMOFI,0.0518,Low,Mantenimiento - comunicacion periodica
7753-USQYQ,0.0518,Low,Mantenimiento - comunicacion periodica
5236-XMZJY,0.0518,Low,Mantenimiento - comunicacion periodica
9866-OCCKE,0.0518,Low,Mantenimiento - comunicacion periodica
6827-IEAUQ,0.0518,Low,Mantenimiento - comunicacion periodica
6999-CHVCF,0.0517,Low,Mantenimiento - comunicacion periodica
0203-HHYIJ,0.0517,Low,Mantenimiento - comunicacion periodica
3863-QSTYI,0.0517,Low,Mantenimiento - comunicacion periodica
1455-HFBXA,0.0517,Low,Mantenimiento - comunicacion periodica
0266-GMEAO,0.0517,Low,Mantenimiento - comunicacion periodica
6933-FHBZC,0.0516,Low,Mantenimiento - comunicacion periodica
2256-YLYLP,0.0516,Low,Mantenimiento - comunicacion periodica
9127-FHJBZ,0.0516,Low,Mantenimiento - comunicacion periodica
6440-DKQGE,0.0516,Low,Mantenimiento - comunicacion periodica
0254-WWRKD,0.0516,Low,Mantenimiento - comunicacion periodica
9351-HXDMR,0.0516,Low,Mantenimiento - comunicacion periodica
8099-MZPUJ,0.0515,Low,Mantenimiento - comunicacion periodica
0303-WMMRN,0.0515,Low,Mantenimiento - comunicacion periodica
2740-JFBOK,0.0515,Low,Mantenimiento - comunicacion periodica
7564-GHCVB,0.0515,Low,Mantenimiento - comunicacion periodica
3407-JMJQQ,0.0514,Low,Mantenimiento - comunicacion periodica
5396-IZEPB,0.0512,Low,Mantenimiento - comunicacion periodica
8313-AFGBW,0.0512,Low,Mantenimiento - comunicacion periodica
4829-ZLJTK,0.0512,Low,Mantenimiento - comunicacion periodica
6516-NKQBO,0.0512,Low,Mantenimiento - comunicacion periodica
8680-CGLTP,0.0511,Low,Mantenimiento - comunicacion periodica
3487-EARAT,0.0511,Low,Mantenimiento - comunicacion periodica
2606-PKWJB,0.051,Low,Mantenimiento - comunicacion periodica
4578-PHJYZ,0.051,Low,Mantenimiento - comunicacion periodica
6040-CGACY,0.0509,Low,Mantenimiento - comunicacion periodica
5214-NLTIT,0.0509,Low,Mantenimiento - comunicacion periodica
3847-BAERP,0.0509,Low,Mantenimiento - comunicacion periodica
4086-ATNFV,0.0508,Low,Mantenimiento - comunicacion periodica
7338-ERIVA,0.0507,Low,Mantenimiento - comunicacion periodica
2739-CCZMB,0.0507,Low,Mantenimiento - comunicacion periodica
7994-XIRTR,0.0507,Low,Mantenimiento - comunicacion periodica
4565-EVZMJ,0.0507,Low,Mantenimiento - comunicacion periodica
1702-CCFNJ,0.0507,Low,Mantenimiento - comunicacion periodica
1139-WUOAH,0.0507,Low,Mantenimiento - comunicacion periodica
1063-DHQJF,0.0505,Low,Mantenimiento - comunicacion periodica
3039-MJSLN,0.0504,Low,Mantenimiento - comunicacion periodica
2878-RMWXY,0.0504,Low,Mantenimiento - comunicacion periodica
8469-SNFFH,0.0504,Low,Mantenimiento - comunicacion periodica
1557-EMYVT,0.0504,Low,Mantenimiento - comunicacion periodica
5791-KAJFD,0.0504,Low,Mantenimiento - comunicacion periodica
5447-VYTKW,0.0503,Low,Mantenimiento - comunicacion periodica
4667-QONEA,0.0503,Low,Mantenimiento - comunicacion periodica
6194-HBGQN,0.0503,Low,Mantenimiento - comunicacion periodica
0104-PPXDV,0.0503,Low,Mantenimiento - comunicacion periodica
3470-OBUET,0.0502,Low,Mantenimiento - comunicacion periodica
0114-RSRRW,0.0502,Low,Mantenimiento - comunicacion periodica
4378-MYPGO,0.0502,Low,Mantenimiento - comunicacion periodica
4227-OJHAL,0.0501,Low,Mantenimiento - comunicacion periodica
7711-YIJWC,0.0501,Low,Mantenimiento - comunicacion periodica
2302-OUZXB,0.0501,Low,Mantenimiento - comunicacion periodica
5676-CFLYY,0.05,Low,Mantenimiento - comunicacion periodica
8659-IOOPU,0.05,Low,Mantenimiento - comunicacion periodica
2690-DVRVK,0.05,Low,Mantenimiento - comunicacion periodica
0380-ZCSBI,0.05,Low,Mantenimiento - comunicacion periodica
2683-JXWQQ,0.0499,Low,Mantenimiento - comunicacion periodica
2233-FAGXV,0.0499,Low,Mantenimiento - comunicacion periodica
2926-JEJJC,0.0499,Low,Mantenimiento - comunicacion periodica
6427-FEFIG,0.0497,Low,Mantenimiento - comunicacion periodica
9102-OXKFY,0.0496,Low,Mantenimiento - comunicacion periodica
5996-EBTKM,0.0495,Low,Mantenimiento - comunicacion periodica
6374-NTQLP,0.0495,Low,Mantenimiento - comunicacion periodica
6352-GIGGQ,0.0495,Low,Mantenimiento - comunicacion periodica
1015-JPFYW,0.0494,Low,Mantenimiento - comunicacion periodica
7995-ZHHNZ,0.0494,Low,Mantenimiento - comunicacion periodica
8879-XUAHX,0.0494,Low,Mantenimiento - comunicacion periodica
9894-QMIMJ,0.0493,Low,Mantenimiento - comunicacion periodica
5498-IBWPI,0.0493,Low,Mantenimiento - comunicacion periodica
4942-VZZOM,0.0493,Low,Mantenimiento - comunicacion periodica
4860-YZGZM,0.0493,Low,Mantenimiento - comunicacion periodica
4815-TUMEQ,0.0492,Low,Mantenimiento - comunicacion periodica
8821-KVZKQ,0.0492,Low,Mantenimiento - comunicacion periodica
9127-QRZMH,0.0492,Low,Mantenimiento - comunicacion periodica
5073-RZGBK,0.0492,Low,Mantenimiento - comunicacion periodica
4615-PIVVU,0.0491,Low,Mantenimiento - comunicacion periodica
0230-UBYPQ,0.0491,Low,Mantenimiento - comunicacion periodica
9625-QNLUX,0.049,Low,Mantenimiento - comunicacion periodica
4877-TSOFF,0.049,Low,Mantenimiento - comunicacion periodica
5397-NSKQG,0.049,Low,Mantenimiento - comunicacion periodica
9512-PHSMG,0.0489,Low,Mantenimiento - comunicacion periodica
6258-NGCNG,0.0489,Low,Mantenimiento - comunicacion periodica
8071-SBTRN,0.0488,Low,Mantenimiento - comunicacion periodica
4291-YZODP,0.0488,Low,Mantenimiento - comunicacion periodica
0098-BOWSO,0.0488,Low,Mantenimiento - comunicacion periodica
9555-SAHUZ,0.0487,Low,Mantenimiento - comunicacion periodica
9853-JFZDU,0.0487,Low,Mantenimiento - comunicacion periodica
8851-RAGOV,0.0487,Low,Mantenimiento - comunicacion periodica
9715-SBVSU,0.0487,Low,Mantenimiento - comunicacion periodica
5062-CJJKH,0.0486,Low,Mantenimiento - comunicacion periodica
7025-WCBNE,0.0486,Low,Mantenimiento - comunicacion periodica
3422-WJOYD,0.0485,Low,Mantenimiento - comunicacion periodica
2550-AEVRU,0.0485,Low,Mantenimiento - comunicacion periodica
2928-HLDBA,0.0484,Low,Mantenimiento - comunicacion periodica
4835-YSJMR,0.0484,Low,Mantenimiento - comunicacion periodica
6893-ODYYE,0.0483,Low,Mantenimiento - comunicacion periodica
9867-XOBQA,0.0483,Low,Mantenimiento - comunicacion periodica
2039-JONDJ,0.0482,Low,Mantenimiento - comunicacion periodica
7168-HDQHG,0.0482,Low,Mantenimiento - comunicacion periodica
6967-PEJLL,0.0482,Low,Mantenimiento - comunicacion periodica
1929-ZCBHE,0.0481,Low,Mantenimiento - comunicacion periodica
4547-FZJWE,0.0481,Low,Mantenimiento - comunicacion periodica
5619-XZZKR,0.0481,Low,Mantenimiento - comunicacion periodica
8165-CBKXO,0.048,Low,Mantenimiento - comunicacion periodica
7140-ADSMJ,0.048,Low,Mantenimiento - comunicacion periodica
6103-QCKFX,0.048,Low,Mantenimiento - comunicacion periodica
2159-TURXX,0.048,Low,Mantenimiento - comunicacion periodica
8076-FEZKJ,0.048,Low,Mantenimiento - comunicacion periodica
3055-VTCGS,0.048,Low,Mantenimiento - comunicacion periodica
0840-DCNZE,0.048,Low,Mantenimiento - comunicacion periodica
1338-CECEE,0.0479,Low,Mantenimiento - comunicacion periodica
4732-RRJZC,0.0479,Low,Mantenimiento - comunicacion periodica
6726-NNFWD,0.0479,Low,Mantenimiento - comunicacion periodica
0895-LNKRC,0.0479,Low,Mantenimiento - comunicacion periodica
6121-TNHBO,0.0479,Low,Mantenimiento - comunicacion periodica
1474-JUWSM,0.0479,Low,Mantenimiento - comunicacion periodica
8869-LIHMK,0.0478,Low,Mantenimiento - comunicacion periodica
4342-HFXWS,0.0477,Low,Mantenimiento - comunicacion periodica
9861-PDSZP,0.0477,Low,Mantenimiento - comunicacion periodica
2430-RRYUW,0.0477,Low,Mantenimiento - comunicacion periodica
5018-HEKFO,0.0476,Low,Mantenimiento - comunicacion periodica
4549-ZDQYY,0.0476,Low,Mantenimiento - comunicacion periodica
4115-BNPJY,0.0475,Low,Mantenimiento - comunicacion periodica
3410-YOQBQ,0.0475,Low,Mantenimiento - comunicacion periodica
3585-YNADK,0.0475,Low,Mantenimiento - comunicacion periodica
8383-SGHJU,0.0474,Low,Mantenimiento - comunicacion periodica
6120-RJKLU,0.0474,Low,Mantenimiento - comunicacion periodica
6202-JVYEU,0.0474,Low,Mantenimiento - comunicacion periodica
7445-WMRBW,0.0474,Low,Mantenimiento - comunicacion periodica
4694-PHWFW,0.0473,Low,Mantenimiento - comunicacion periodica
1937-OTUKY,0.0473,Low,Mantenimiento - comunicacion periodica
3021-VLNRJ,0.0473,Low,Mantenimiento - comunicacion periodica
7570-WELNY,0.0473,Low,Mantenimiento - comunicacion periodica
9932-WBWIK,0.0471,Low,Mantenimiento - comunicacion periodica
4890-VMUAV,0.0471,Low,Mantenimiento - comunicacion periodica
9575-IWCAZ,0.047,Low,Mantenimiento - comunicacion periodica
0742-LAFQK,0.047,Low,Mantenimiento - comunicacion periodica
2580-ASVVY,0.047,Low,Mantenimiento - comunicacion periodica
4737-HOBAX,0.047,Low,Mantenimiento - comunicacion periodica
2824-DXNKN,0.0469,Low,Mantenimiento - comunicacion periodica
6506-EYCNH,0.0469,Low,Mantenimiento - comunicacion periodica
9570-KYEUA,0.0469,Low,Mantenimiento - comunicacion periodica
2984-TBYKU,0.0469,Low,Mantenimiento - comunicacion periodica
5906-DVAPM,0.0468,Low,Mantenimiento - comunicacion periodica
2717-HVIZY,0.0468,Low,Mantenimiento - comunicacion periodica
6278-FEPBZ,0.0468,Low,Mantenimiento - comunicacion periodica
2150-UWTFY,0.0468,Low,Mantenimiento - comunicacion periodica
9637-CDTKZ,0.0468,Low,Mantenimiento - comunicacion periodica
7353-YOWFP,0.0467,Low,Mantenimiento - comunicacion periodica
7730-CLDSV,0.0467,Low,Mantenimiento - comunicacion periodica
0568-ONFPC,0.0467,Low,Mantenimiento - comunicacion periodica
5955-EPOAZ,0.0467,Low,Mantenimiento - comunicacion periodica
2541-YGPKE,0.0466,Low,Mantenimiento - comunicacion periodica
4636-OLWOE,0.0466,Low,Mantenimiento - comunicacion periodica
9955-QOPOY,0.0466,Low,Mantenimiento - comunicacion periodica
3537-RYBHH,0.0466,Low,Mantenimiento - comunicacion periodica
3963-RYFNS,0.0466,Low,Mantenimiento - comunicacion periodica
8984-HPEMB,0.0465,Low,Mantenimiento - comunicacion periodica
3957-HHLMR,0.0464,Low,Mantenimiento - comunicacion periodica
5329-KRDTM,0.0464,Low,Mantenimiento - comunicacion periodica
4063-EIKNQ,0.0464,Low,Mantenimiento - comunicacion periodica
5774-XZTQC,0.0464,Low,Mantenimiento - comunicacion periodica
7795-CFOCW,0.0462,Low,Mantenimiento - comunicacion periodica
4381-MHQDC,0.0462,Low,Mantenimiento - comunicacion periodica
2661-GKBTK,0.0462,Low,Mantenimiento - comunicacion periodica
8570-KLJYJ,0.0462,Low,Mantenimiento - comunicacion periodica
1320-GVNHT,0.0461,Low,Mantenimiento - comunicacion periodica
5712-VBOXD,0.0461,Low,Mantenimiento - comunicacion periodica
5144-PQCDZ,0.0461,Low,Mantenimiento - comunicacion periodica
0487-VVUVK,0.0461,Low,Mantenimiento - comunicacion periodica
2348-KCJLT,0.046,Low,Mantenimiento - comunicacion periodica
8439-LTUGF,0.046,Low,Mantenimiento - comunicacion periodica
1830-GGFNM,0.046,Low,Mantenimiento - comunicacion periodica
3969-JQABI,0.046,Low,Mantenimiento - comunicacion periodica
3675-EQOZA,0.046,Low,Mantenimiento - comunicacion periodica
6621-YOBKI,0.046,Low,Mantenimiento - comunicacion periodica
2190-PHBHR,0.046,Low,Mantenimiento - comunicacion periodica
6784-XYJAE,0.0459,Low,Mantenimiento - comunicacion periodica
1960-UOTYM,0.0459,Low,Mantenimiento - comunicacion periodica
2192-CKRLV,0.0459,Low,Mantenimiento - comunicacion periodica
6478-HRRCZ,0.0459,Low,Mantenimiento - comunicacion periodica
5577-OTWWW,0.0458,Low,Mantenimiento - comunicacion periodica
1452-XRSJV,0.0458,Low,Mantenimiento - comunicacion periodica
9027-YFHQJ,0.0457,Low,Mantenimiento - comunicacion periodica
7839-NUIAA,0.0456,Low,Mantenimiento - comunicacion periodica
1272-ILHFG,0.0456,Low,Mantenimiento - comunicacion periodica
2612-PHGOX,0.0456,Low,Mantenimiento - comunicacion periodica
2057-BOYKM,0.0456,Low,Mantenimiento - comunicacion periodica
8760-ZRHKE,0.0455,Low,Mantenimiento - comunicacion periodica
2023-VQFDL,0.0455,Low,Mantenimiento - comunicacion periodica
3810-DVDQQ,0.0454,Low,Mantenimiento - comunicacion periodica
5716-EZXZN,0.0453,Low,Mantenimiento - comunicacion periodica
9577-WJVCQ,0.0453,Low,Mantenimiento - comunicacion periodica
1752-OZXFY,0.0453,Low,Mantenimiento - comunicacion periodica
1140-UKVZG,0.0453,Low,Mantenimiento - comunicacion periodica
0674-GCDXG,0.0452,Low,Mantenimiento - comunicacion periodica
1525-LNLOJ,0.0452,Low,Mantenimiento - comunicacion periodica
5777-ZPQNC,0.0452,Low,Mantenimiento - comunicacion periodica
4719-UMSIY,0.0452,Low,Mantenimiento - comunicacion periodica
0164-APGRB,0.045,Low,Mantenimiento - comunicacion periodica
1539-LNKHM,0.045,Low,Mantenimiento - comunicacion periodica
4318-RAJVY,0.0449,Low,Mantenimiento - comunicacion periodica
1162-ECVII,0.0449,Low,Mantenimiento - comunicacion periodica
3902-MIVLE,0.0449,Low,Mantenimiento - comunicacion periodica
6171-ZTVYB,0.0449,Low,Mantenimiento - comunicacion periodica
2428-ZMCTB,0.0449,Low,Mantenimiento - comunicacion periodica
8016-ZMGMO,0.0448,Low,Mantenimiento - comunicacion periodica
3181-MIZBN,0.0448,Low,Mantenimiento - comunicacion periodica
4751-ERMAN,0.0447,Low,Mantenimiento - comunicacion periodica
4785-NKHCX,0.0447,Low,Mantenimiento - comunicacion periodica
5170-PTRKA,0.0447,Low,Mantenimiento - comunicacion periodica
3259-QMXUN,0.0446,Low,Mantenimiento - comunicacion periodica
3146-JTQHR,0.0446,Low,Mantenimiento - comunicacion periodica
6023-GSSXW,0.0446,Low,Mantenimiento - comunicacion periodica
2999-AANRQ,0.0446,Low,Mantenimiento - comunicacion periodica
2162-FRZAA,0.0445,Low,Mantenimiento - comunicacion periodica
2550-QHZGP,0.0444,Low,Mantenimiento - comunicacion periodica
1429-UYJSV,0.0444,Low,Mantenimiento - comunicacion periodica
7508-KBIMB,0.0444,Low,Mantenimiento - comunicacion periodica
3280-MRDOF,0.0443,Low,Mantenimiento - comunicacion periodica
8221-EQDGL,0.0442,Low,Mantenimiento - comunicacion periodica
1534-OULXE,0.0442,Low,Mantenimiento - comunicacion periodica
1741-WTPON,0.0442,Low,Mantenimiento - comunicacion periodica
6972-SNKKW,0.0442,Low,Mantenimiento - comunicacion periodica
5574-NXZIU,0.0442,Low,Mantenimiento - comunicacion periodica
8044-BGWPI,0.0442,Low,Mantenimiento - comunicacion periodica
0533-UCAAU,0.0442,Low,Mantenimiento - comunicacion periodica
2753-JMMCV,0.0441,Low,Mantenimiento - comunicacion periodica
5127-BZENZ,0.044,Low,Mantenimiento - comunicacion periodica
3745-HRPHI,0.044,Low,Mantenimiento - comunicacion periodica
9473-CBZOP,0.0439,Low,Mantenimiento - comunicacion periodica
6339-TBELP,0.0439,Low,Mantenimiento - comunicacion periodica
5846-NEQVZ,0.0439,Low,Mantenimiento - comunicacion periodica
8871-JLMHM,0.0439,Low,Mantenimiento - comunicacion periodica
0654-PQKDW,0.0438,Low,Mantenimiento - comunicacion periodica
2282-YGNOR,0.0438,Low,Mantenimiento - comunicacion periodica
0347-UBKUZ,0.0438,Low,Mantenimiento - comunicacion periodica
5792-JALQC,0.0438,Low,Mantenimiento - comunicacion periodica
2243-FNMMI,0.0438,Low,Mantenimiento - comunicacion periodica
6614-FHDBO,0.0437,Low,Mantenimiento - comunicacion periodica
7266-GSSJX,0.0437,Low,Mantenimiento - comunicacion periodica
2499-AJYUA,0.0436,Low,Mantenimiento - comunicacion periodica
2040-XBAVJ,0.0436,Low,Mantenimiento - comunicacion periodica
6993-YGFJV,0.0436,Low,Mantenimiento - comunicacion periodica
7623-HKYRK,0.0436,Low,Mantenimiento - comunicacion periodica
6752-APNJL,0.0435,Low,Mantenimiento - comunicacion periodica
3108-PCCGG,0.0435,Low,Mantenimiento - comunicacion periodica
8915-NNTRC,0.0435,Low,Mantenimiento - comunicacion periodica
2091-GPPIQ,0.0435,Low,Mantenimiento - comunicacion periodica
2516-XSJKX,0.0435,Low,Mantenimiento - comunicacion periodica
6013-BHCAW,0.0434,Low,Mantenimiento - comunicacion periodica
5555-RNPGT,0.0434,Low,Mantenimiento - comunicacion periodica
5982-PSMKW,0.0433,Low,Mantenimiento - comunicacion periodica
9680-NIAUV,0.0433,Low,Mantenimiento - comunicacion periodica
2725-IWWBA,0.0433,Low,Mantenimiento - comunicacion periodica
9610-WCESF,0.0433,Low,Mantenimiento - comunicacion periodica
8241-JUIQO,0.0433,Low,Mantenimiento - comunicacion periodica
4054-CUMIA,0.0432,Low,Mantenimiento - comunicacion periodica
3705-PSNGL,0.0432,Low,Mantenimiento - comunicacion periodica
4717-GHADL,0.0432,Low,Mantenimiento - comunicacion periodica
9070-BCKQP,0.0432,Low,Mantenimiento - comunicacion periodica
9995-HOTOH,0.0432,Low,Mantenimiento - comunicacion periodica
3841-NFECX,0.0432,Low,Mantenimiento - comunicacion periodica
6490-FGZAT,0.0431,Low,Mantenimiento - comunicacion periodica
7094-MSZAO,0.0431,Low,Mantenimiento - comunicacion periodica
4537-CIBHB,0.0431,Low,Mantenimiento - comunicacion periodica
6901-GOGZG,0.043,Low,Mantenimiento - comunicacion periodica
1866-DIOQZ,0.0429,Low,Mantenimiento - comunicacion periodica
7691-KGKGP,0.0429,Low,Mantenimiento - comunicacion periodica
0074-HDKDG,0.0428,Low,Mantenimiento - comunicacion periodica
7923-IYJWY,0.0428,Low,Mantenimiento - comunicacion periodica
4702-HDRKD,0.0428,Low,Mantenimiento - comunicacion periodica
1614-JBEBI,0.0427,Low,Mantenimiento - comunicacion periodica
8969-PRHFK,0.0427,Low,Mantenimiento - comunicacion periodica
6064-PUPMC,0.0427,Low,Mantenimiento - comunicacion periodica
1345-ZUKID,0.0427,Low,Mantenimiento - comunicacion periodica
6177-PEVRA,0.0427,Low,Mantenimiento - comunicacion periodica
0253-ZTEOB,0.0427,Low,Mantenimiento - comunicacion periodica
0743-HNPFG,0.0426,Low,Mantenimiento - comunicacion periodica
1972-XMUWV,0.0426,Low,Mantenimiento - comunicacion periodica
0519-DRGTI,0.0426,Low,Mantenimiento - comunicacion periodica
9845-QOMAD,0.0426,Low,Mantenimiento - comunicacion periodica
5304-EFJLP,0.0426,Low,Mantenimiento - comunicacion periodica
8722-PRFDV,0.0425,Low,Mantenimiento - comunicacion periodica
2676-SSLTO,0.0425,Low,Mantenimiento - comunicacion periodica
4893-GYUJU,0.0425,Low,Mantenimiento - comunicacion periodica
7435-ZNUYY,0.0425,Low,Mantenimiento - comunicacion periodica
9578-FOMUK,0.0424,Low,Mantenimiento - comunicacion periodica
8434-PNQZX,0.0424,Low,Mantenimiento - comunicacion periodica
6861-OKBCE,0.0424,Low,Mantenimiento - comunicacion periodica
7973-DZRKH,0.0423,Low,Mantenimiento - comunicacion periodica
0617-AQNWT,0.0422,Low,Mantenimiento - comunicacion periodica
7531-GQHME,0.0422,Low,Mantenimiento - comunicacion periodica
2096-XOTMO,0.0422,Low,Mantenimiento - comunicacion periodica
3423-HHXAO,0.0421,Low,Mantenimiento - comunicacion periodica
9053-JZFKV,0.0421,Low,Mantenimiento - comunicacion periodica
4295-YURET,0.0421,Low,Mantenimiento - comunicacion periodica
2789-CZANW,0.0421,Low,Mantenimiento - comunicacion periodica
5245-VDBUR,0.0421,Low,Mantenimiento - comunicacion periodica
4909-JOUPP,0.0421,Low,Mantenimiento - comunicacion periodica
0967-BMLBD,0.042,Low,Mantenimiento - comunicacion periodica
4676-WLUHT,0.042,Low,Mantenimiento - comunicacion periodica
1784-BXEFA,0.042,Low,Mantenimiento - comunicacion periodica
8075-GXIUB,0.0419,Low,Mantenimiento - comunicacion periodica
3318-ISQFQ,0.0419,Low,Mantenimiento - comunicacion periodica
0221-NAUXK,0.0419,Low,Mantenimiento - comunicacion periodica
9027-TMATR,0.0419,Low,Mantenimiento - comunicacion periodica
5840-NVDCG,0.0419,Low,Mantenimiento - comunicacion periodica
2904-GGUAZ,0.0418,Low,Mantenimiento - comunicacion periodica
9541-PWTWO,0.0418,Low,Mantenimiento - comunicacion periodica
1133-KXCGE,0.0418,Low,Mantenimiento - comunicacion periodica
0872-CASZJ,0.0417,Low,Mantenimiento - comunicacion periodica
9924-JPRMC,0.0417,Low,Mantenimiento - comunicacion periodica
1385-TQOZW,0.0417,Low,Mantenimiento - comunicacion periodica
0567-XRHCU,0.0417,Low,Mantenimiento - comunicacion periodica
3518-FSTWG,0.0417,Low,Mantenimiento - comunicacion periodica
7284-ZZLOH,0.0416,Low,Mantenimiento - comunicacion periodica
9391-TTOYH,0.0416,Low,Mantenimiento - comunicacion periodica
6463-HHXJR,0.0416,Low,Mantenimiento - comunicacion periodica
2055-BFOCC,0.0416,Low,Mantenimiento - comunicacion periodica
8630-QSGXK,0.0415,Low,Mantenimiento - comunicacion periodica
8144-DGHXP,0.0415,Low,Mantenimiento - comunicacion periodica
2361-UPSND,0.0415,Low,Mantenimiento - comunicacion periodica
8317-BVKSO,0.0415,Low,Mantenimiento - comunicacion periodica
8398-TBIYD,0.0415,Low,Mantenimiento - comunicacion periodica
1291-CUOCY,0.0415,Low,Mantenimiento - comunicacion periodica
9294-TDIPC,0.0415,Low,Mantenimiento - comunicacion periodica
3396-DKDEL,0.0415,Low,Mantenimiento - comunicacion periodica
0619-OLYUR,0.0414,Low,Mantenimiento - comunicacion periodica
7605-BDWDC,0.0414,Low,Mantenimiento - comunicacion periodica
8735-NBLWT,0.0414,Low,Mantenimiento - comunicacion periodica
8295-KMENE,0.0413,Low,Mantenimiento - comunicacion periodica
2649-HWLYB,0.0413,Low,Mantenimiento - comunicacion periodica
1563-IWQEX,0.0413,Low,Mantenimiento - comunicacion periodica
1325-USMEC,0.0413,Low,Mantenimiento - comunicacion periodica
9720-JJJOR,0.0413,Low,Mantenimiento - comunicacion periodica
2239-CGBUZ,0.0412,Low,Mantenimiento - comunicacion periodica
6870-ZWMNX,0.0412,Low,Mantenimiento - comunicacion periodica
2188-SXWVT,0.041,Low,Mantenimiento - comunicacion periodica
7945-HLKEA,0.041,Low,Mantenimiento - comunicacion periodica
8015-IHCGW,0.041,Low,Mantenimiento - comunicacion periodica
6685-GBWJZ,0.0409,Low,Mantenimiento - comunicacion periodica
0257-KXZGU,0.0409,Low,Mantenimiento - comunicacion periodica
9142-XMYJH,0.0409,Low,Mantenimiento - comunicacion periodica
5762-TJXGK,0.0408,Low,Mantenimiento - comunicacion periodica
8084-OIVBS,0.0408,Low,Mantenimiento - comunicacion periodica
3605-JISKB,0.0408,Low,Mantenimiento - comunicacion periodica
7868-TMWMZ,0.0408,Low,Mantenimiento - comunicacion periodica
8639-NHQEI,0.0408,Low,Mantenimiento - comunicacion periodica
7501-IWUNG,0.0408,Low,Mantenimiento - comunicacion periodica
2368-GAKKQ,0.0407,Low,Mantenimiento - comunicacion periodica
4114-QMKVN,0.0407,Low,Mantenimiento - comunicacion periodica
3750-YHRYO,0.0407,Low,Mantenimiento - comunicacion periodica
4425-OWHWB,0.0406,Low,Mantenimiento - comunicacion periodica
3546-GHEAE,0.0405,Low,Mantenimiento - comunicacion periodica
0320-DWVTU,0.0405,Low,Mantenimiento - comunicacion periodica
9674-EHPPG,0.0405,Low,Mantenimiento - comunicacion periodica
8194-PEEBY,0.0402,Low,Mantenimiento - comunicacion periodica
4134-BSXLX,0.0402,Low,Mantenimiento - comunicacion periodica
6674-KVJHG,0.0402,Low,Mantenimiento - comunicacion periodica
5668-MEISB,0.0402,Low,Mantenimiento - comunicacion periodica
4770-QAZXN,0.0401,Low,Mantenimiento - comunicacion periodica
3580-HYCSP,0.0401,Low,Mantenimiento - comunicacion periodica
9880-TDQAC,0.0401,Low,Mantenimiento - comunicacion periodica
9481-WHGWY,0.04,Low,Mantenimiento - comunicacion periodica
7610-TVOPG,0.04,Low,Mantenimiento - comunicacion periodica
0607-DAAHE,0.0399,Low,Mantenimiento - comunicacion periodica
9470-YFUYI,0.0399,Low,Mantenimiento - comunicacion periodica
3891-NLXJB,0.0399,Low,Mantenimiento - comunicacion periodica
9817-APLHW,0.0399,Low,Mantenimiento - comunicacion periodica
7777-UNYHB,0.0399,Low,Mantenimiento - comunicacion periodica
7325-ENZFI,0.0399,Low,Mantenimiento - comunicacion periodica
6519-ZHPXP,0.0398,Low,Mantenimiento - comunicacion periodica
7602-MVRMB,0.0398,Low,Mantenimiento - comunicacion periodica
8138-EALND,0.0398,Low,Mantenimiento - comunicacion periodica
7677-SJJJK,0.0397,Low,Mantenimiento - comunicacion periodica
3131-NWVFJ,0.0397,Low,Mantenimiento - comunicacion periodica
2123-VSCOT,0.0397,Low,Mantenimiento - comunicacion periodica
6867-ACCZI,0.0397,Low,Mantenimiento - comunicacion periodica
0310-SUCIN,0.0396,Low,Mantenimiento - comunicacion periodica
9150-KPBJQ,0.0395,Low,Mantenimiento - comunicacion periodica
8097-VBQTZ,0.0395,Low,Mantenimiento - comunicacion periodica
3482-ABPKK,0.0395,Low,Mantenimiento - comunicacion periodica
0536-ESJEP,0.0394,Low,Mantenimiento - comunicacion periodica
8292-FRFZQ,0.0394,Low,Mantenimiento - comunicacion periodica
2809-ILCYT,0.0394,Low,Mantenimiento - comunicacion periodica
7670-ZBPOQ,0.0393,Low,Mantenimiento - comunicacion periodica
8261-GWDBQ,0.0393,Low,Mantenimiento - comunicacion periodica
5149-QYTTU,0.0393,Low,Mantenimiento - comunicacion periodica
9150-HEPMB,0.0393,Low,Mantenimiento - comunicacion periodica
8587-XYZSF,0.0393,Low,Mantenimiento - comunicacion periodica
8024-XNAFQ,0.0393,Low,Mantenimiento - comunicacion periodica
6094-ZIVKX,0.0393,Low,Mantenimiento - comunicacion periodica
0019-EFAEP,0.0393,Low,Mantenimiento - comunicacion periodica
8232-CTLKO,0.0393,Low,Mantenimiento - comunicacion periodica
0771-CHWSK,0.0392,Low,Mantenimiento - comunicacion periodica
0757-WCUUZ,0.0392,Low,Mantenimiento - comunicacion periodica
0993-OSGPT,0.0392,Low,Mantenimiento - comunicacion periodica
3372-CDXFJ,0.0392,Low,Mantenimiento - comunicacion periodica
7055-JCGNI,0.0391,Low,Mantenimiento - comunicacion periodica
0014-BMAQU,0.0391,Low,Mantenimiento - comunicacion periodica
6445-TNRXS,0.0391,Low,Mantenimiento - comunicacion periodica
3262-EIDHV,0.039,Low,Mantenimiento - comunicacion periodica
8263-QMNTJ,0.0389,Low,Mantenimiento - comunicacion periodica
1053-MXTTK,0.0389,Low,Mantenimiento - comunicacion periodica
1043-YCUTE,0.0389,Low,Mantenimiento - comunicacion periodica
5961-VUSRV,0.0389,Low,Mantenimiento - comunicacion periodica
2371-JUNGC,0.0388,Low,Mantenimiento - comunicacion periodica
4825-XJGDM,0.0388,Low,Mantenimiento - comunicacion periodica
7706-DZNKK,0.0388,Low,Mantenimiento - comunicacion periodica
2351-BKRZW,0.0388,Low,Mantenimiento - comunicacion periodica
1952-DVVSW,0.0388,Low,Mantenimiento - comunicacion periodica
5387-ASZNZ,0.0388,Low,Mantenimiento - comunicacion periodica
0547-HURJB,0.0387,Low,Mantenimiento - comunicacion periodica
8819-WFGGJ,0.0387,Low,Mantenimiento - comunicacion periodica
0513-RBGPE,0.0387,Low,Mantenimiento - comunicacion periodica
5917-HBSDW,0.0386,Low,Mantenimiento - comunicacion periodica
8631-XVRZL,0.0386,Low,Mantenimiento - comunicacion periodica
0017-DINOC,0.0386,Low,Mantenimiento - comunicacion periodica
6691-CCIHA,0.0385,Low,Mantenimiento - comunicacion periodica
3489-VSFRD,0.0385,Low,Mantenimiento - comunicacion periodica
5575-GNVDE,0.0385,Low,Mantenimiento - comunicacion periodica
3779-OSWCF,0.0385,Low,Mantenimiento - comunicacion periodica
8499-BRXTD,0.0384,Low,Mantenimiento - comunicacion periodica
7929-SKFGK,0.0384,Low,Mantenimiento - comunicacion periodica
2225-ZRGSG,0.0384,Low,Mantenimiento - comunicacion periodica
1023-BQXZE,0.0384,Low,Mantenimiento - comunicacion periodica
6510-UPNKS,0.0383,Low,Mantenimiento - comunicacion periodica
3230-JCNZS,0.0383,Low,Mantenimiento - comunicacion periodica
3870-SPZSI,0.0383,Low,Mantenimiento - comunicacion periodica
9068-VPWQQ,0.0383,Low,Mantenimiento - comunicacion periodica
3166-PNEOF,0.0383,Low,Mantenimiento - comunicacion periodica
5616-PRTNT,0.0383,Low,Mantenimiento - comunicacion periodica
5602-BVFMK,0.0382,Low,Mantenimiento - comunicacion periodica
1821-BUCWY,0.0381,Low,Mantenimiento - comunicacion periodica
0334-ZFJSR,0.0381,Low,Mantenimiento - comunicacion periodica
6701-DHKWQ,0.0381,Low,Mantenimiento - comunicacion periodica
7665-VIGUD,0.0381,Low,Mantenimiento - comunicacion periodica
9675-ICXCT,0.0381,Low,Mantenimiento - comunicacion periodica
8681-ICONS,0.0381,Low,Mantenimiento - comunicacion periodica
4111-BNXIF,0.038,Low,Mantenimiento - comunicacion periodica
9347-AERRL,0.0379,Low,Mantenimiento - comunicacion periodica
8246-SHFGA,0.0379,Low,Mantenimiento - comunicacion periodica
0379-DJQHR,0.0378,Low,Mantenimiento - comunicacion periodica
1641-BYBTK,0.0378,Low,Mantenimiento - comunicacion periodica
9225-BZLNZ,0.0378,Low,Mantenimiento - comunicacion periodica
8853-TZDGH,0.0377,Low,Mantenimiento - comunicacion periodica
4837-PZTIC,0.0377,Low,Mantenimiento - comunicacion periodica
2773-MADBQ,0.0377,Low,Mantenimiento - comunicacion periodica
8498-XXGWA,0.0377,Low,Mantenimiento - comunicacion periodica
8414-OOEEL,0.0377,Low,Mantenimiento - comunicacion periodica
4915-BFSXL,0.0377,Low,Mantenimiento - comunicacion periodica
5172-RKOCB,0.0376,Low,Mantenimiento - comunicacion periodica
3061-BCKYI,0.0376,Low,Mantenimiento - comunicacion periodica
5474-LAMUQ,0.0375,Low,Mantenimiento - comunicacion periodica
6584-VQMYT,0.0375,Low,Mantenimiento - comunicacion periodica
6119-SPUDB,0.0375,Low,Mantenimiento - comunicacion periodica
6072-NUQCB,0.0375,Low,Mantenimiento - comunicacion periodica
4849-PYRLQ,0.0374,Low,Mantenimiento - comunicacion periodica
1335-MXCSE,0.0374,Low,Mantenimiento - comunicacion periodica
3200-MNQTF,0.0373,Low,Mantenimiento - comunicacion periodica
0853-TWRVK,0.0373,Low,Mantenimiento - comunicacion periodica
7771-CFQRQ,0.0373,Low,Mantenimiento - comunicacion periodica
3724-BSCVH,0.0373,Low,Mantenimiento - comunicacion periodica
6838-HVLXG,0.0373,Low,Mantenimiento - comunicacion periodica
7030-FZTFM,0.0373,Low,Mantenimiento - comunicacion periodica
3057-VJJQE,0.0373,Low,Mantenimiento - comunicacion periodica
5844-QVTAT,0.0372,Low,Mantenimiento - comunicacion periodica
6693-DJWTY,0.0372,Low,Mantenimiento - comunicacion periodica
8823-RLPWL,0.0372,Low,Mantenimiento - comunicacion periodica
2703-AMTUL,0.0372,Low,Mantenimiento - comunicacion periodica
1488-SYSFC,0.0372,Low,Mantenimiento - comunicacion periodica
8480-PPONV,0.0371,Low,Mantenimiento - comunicacion periodica
9548-ZMVTX,0.0371,Low,Mantenimiento - comunicacion periodica
5453-YBTWV,0.037,Low,Mantenimiento - comunicacion periodica
1090-ESELR,0.037,Low,Mantenimiento - comunicacion periodica
8309-PPCED,0.037,Low,Mantenimiento - comunicacion periodica
1431-AIDJQ,0.037,Low,Mantenimiento - comunicacion periodica
7017-VFHAY,0.0369,Low,Mantenimiento - comunicacion periodica
1904-WAJAA,0.0369,Low,Mantenimiento - comunicacion periodica
4163-KIUHY,0.0369,Low,Mantenimiento - comunicacion periodica
3374-PZLXD,0.0368,Low,Mantenimiento - comunicacion periodica
0323-XWWTN,0.0368,Low,Mantenimiento - comunicacion periodica
0181-RITDD,0.0368,Low,Mantenimiento - comunicacion periodica
4723-BEGSG,0.0368,Low,Mantenimiento - comunicacion periodica
0754-EEBDC,0.0367,Low,Mantenimiento - comunicacion periodica
3500-NSDOA,0.0367,Low,Mantenimiento - comunicacion periodica
9364-YKUVW,0.0367,Low,Mantenimiento - comunicacion periodica
5583-EJXRD,0.0367,Low,Mantenimiento - comunicacion periodica
9055-MOJJJ,0.0367,Low,Mantenimiento - comunicacion periodica
8571-ZCMCX,0.0367,Low,Mantenimiento - comunicacion periodica
3795-GWTRD,0.0366,Low,Mantenimiento - comunicacion periodica
8331-ZXFOE,0.0366,Low,Mantenimiento - comunicacion periodica
7005-CYUIL,0.0366,Low,Mantenimiento - comunicacion periodica
4671-VJLCL,0.0366,Low,Mantenimiento - comunicacion periodica
0455-ENTCR,0.0366,Low,Mantenimiento - comunicacion periodica
4500-HKANN,0.0365,Low,Mantenimiento - comunicacion periodica
9297-FVVDH,0.0365,Low,Mantenimiento - comunicacion periodica
0739-UUAJR,0.0365,Low,Mantenimiento - comunicacion periodica
4486-EFAEB,0.0365,Low,Mantenimiento - comunicacion periodica
5214-CHIWJ,0.0364,Low,Mantenimiento - comunicacion periodica
5820-PTRYM,0.0364,Low,Mantenimiento - comunicacion periodica
6648-INWPS,0.0364,Low,Mantenimiento - comunicacion periodica
6064-ZATLR,0.0364,Low,Mantenimiento - comunicacion periodica
1266-NZYUI,0.0364,Low,Mantenimiento - comunicacion periodica
5656-MJEFC,0.0363,Low,Mantenimiento - comunicacion periodica
1122-YJBCS,0.0363,Low,Mantenimiento - comunicacion periodica
0594-UFTUL,0.0363,Low,Mantenimiento - comunicacion periodica
7196-LIWRH,0.0363,Low,Mantenimiento - comunicacion periodica
9867-JCZSP,0.0363,Low,Mantenimiento - comunicacion periodica
1159-WFSGR,0.0363,Low,Mantenimiento - comunicacion periodica
7255-SSFBC,0.0363,Low,Mantenimiento - comunicacion periodica
2005-DWQZJ,0.0363,Low,Mantenimiento - comunicacion periodica
7037-MTYVW,0.0363,Low,Mantenimiento - comunicacion periodica
1841-YSJGV,0.0362,Low,Mantenimiento - comunicacion periodica
7599-NTMDP,0.0362,Low,Mantenimiento - comunicacion periodica
0973-KYVNF,0.0362,Low,Mantenimiento - comunicacion periodica
7153-CHRBV,0.0361,Low,Mantenimiento - comunicacion periodica
8404-VLQFB,0.0361,Low,Mantenimiento - comunicacion periodica
4560-WQAQW,0.0361,Low,Mantenimiento - comunicacion periodica
8628-MFKAX,0.036,Low,Mantenimiento - comunicacion periodica
4376-KFVRS,0.036,Low,Mantenimiento - comunicacion periodica
7337-CINUD,0.036,Low,Mantenimiento - comunicacion periodica
7649-PHJVR,0.0359,Low,Mantenimiento - comunicacion periodica
5130-YPIRV,0.0359,Low,Mantenimiento - comunicacion periodica
9442-JTWDL,0.0359,Low,Mantenimiento - comunicacion periodica
9350-ZXYJC,0.0359,Low,Mantenimiento - comunicacion periodica
9871-ELEYA,0.0358,Low,Mantenimiento - comunicacion periodica
5129-HHMZC,0.0358,Low,Mantenimiento - comunicacion periodica
2380-DAMQP,0.0358,Low,Mantenimiento - comunicacion periodica
3533-UVMOM,0.0358,Low,Mantenimiento - comunicacion periodica
3824-RHKVR,0.0358,Low,Mantenimiento - comunicacion periodica
3352-RICWQ,0.0357,Low,Mantenimiento - comunicacion periodica
9993-LHIEB,0.0356,Low,Mantenimiento - comunicacion periodica
5989-AXPUC,0.0356,Low,Mantenimiento - comunicacion periodica
0526-SXDJP,0.0356,Low,Mantenimiento - comunicacion periodica
5781-BKHOP,0.0356,Low,Mantenimiento - comunicacion periodica
0942-KOWSM,0.0355,Low,Mantenimiento - comunicacion periodica
8390-FESFV,0.0355,Low,Mantenimiento - comunicacion periodica
3654-ARMGP,0.0354,Low,Mantenimiento - comunicacion periodica
2599-CIPQE,0.0354,Low,Mantenimiento - comunicacion periodica
6419-ZTTLE,0.0354,Low,Mantenimiento - comunicacion periodica
4451-RWASJ,0.0353,Low,Mantenimiento - comunicacion periodica
5125-CNDSP,0.0353,Low,Mantenimiento - comunicacion periodica
6924-TDGMT,0.0353,Low,Mantenimiento - comunicacion periodica
7639-LIAYI,0.0353,Low,Mantenimiento - comunicacion periodica
4334-HOWRP,0.0352,Low,Mantenimiento - comunicacion periodica
2235-EZAIK,0.0352,Low,Mantenimiento - comunicacion periodica
7860-UXCRM,0.0352,Low,Mantenimiento - comunicacion periodica
0412-UCCNP,0.0352,Low,Mantenimiento - comunicacion periodica
5993-BQHEA,0.0352,Low,Mantenimiento - comunicacion periodica
5003-OKNNK,0.0352,Low,Mantenimiento - comunicacion periodica
0307-BCOPK,0.0351,Low,Mantenimiento - comunicacion periodica
3082-WQRVY,0.0351,Low,Mantenimiento - comunicacion periodica
5641-DMBFJ,0.0351,Low,Mantenimiento - comunicacion periodica
7581-EBBOU,0.0351,Low,Mantenimiento - comunicacion periodica
7665-NKLAV,0.0351,Low,Mantenimiento - comunicacion periodica
0675-NCDYU,0.035,Low,Mantenimiento - comunicacion periodica
3133-PZNSR,0.035,Low,Mantenimiento - comunicacion periodica
9867-NNXLC,0.035,Low,Mantenimiento - comunicacion periodica
4178-EGMON,0.0349,Low,Mantenimiento - comunicacion periodica
6898-RBTLU,0.0349,Low,Mantenimiento - comunicacion periodica
6504-VBLFL,0.0349,Low,Mantenimiento - comunicacion periodica
9489-DEDVP,0.0349,Low,Mantenimiento - comunicacion periodica
2229-DPMBI,0.0348,Low,Mantenimiento - comunicacion periodica
9046-JBFWA,0.0348,Low,Mantenimiento - comunicacion periodica
3795-CAWEX,0.0348,Low,Mantenimiento - comunicacion periodica
8242-PDSGJ,0.0348,Low,Mantenimiento - comunicacion periodica
2040-LDIWQ,0.0348,Low,Mantenimiento - comunicacion periodica
5647-URDKA,0.0347,Low,Mantenimiento - comunicacion periodica
6418-PIQSP,0.0347,Low,Mantenimiento - comunicacion periodica
8942-DBMHZ,0.0347,Low,Mantenimiento - comunicacion periodica
0263-FJTQO,0.0347,Low,Mantenimiento - comunicacion periodica
5232-NXPAY,0.0346,Low,Mantenimiento - comunicacion periodica
8265-HKSOW,0.0346,Low,Mantenimiento - comunicacion periodica
7663-YJHSN,0.0345,Low,Mantenimiento - comunicacion periodica
9788-HNGUT,0.0345,Low,Mantenimiento - comunicacion periodica
4654-ULTTN,0.0344,Low,Mantenimiento - comunicacion periodica
8963-MQVYN,0.0344,Low,Mantenimiento - comunicacion periodica
7089-RKVSZ,0.0343,Low,Mantenimiento - comunicacion periodica
6223-DHJGV,0.0343,Low,Mantenimiento - comunicacion periodica
8565-WUXZU,0.0343,Low,Mantenimiento - comunicacion periodica
5135-RDDQL,0.0343,Low,Mantenimiento - comunicacion periodica
3511-BFTJW,0.0342,Low,Mantenimiento - comunicacion periodica
6176-YJWAS,0.0341,Low,Mantenimiento - comunicacion periodica
3655-SNQYZ,0.0341,Low,Mantenimiento - comunicacion periodica
8670-MEFCP,0.0341,Low,Mantenimiento - comunicacion periodica
8809-XKHMD,0.034,Low,Mantenimiento - comunicacion periodica
7520-HQWJU,0.0339,Low,Mantenimiento - comunicacion periodica
5688-KZTSN,0.0339,Low,Mantenimiento - comunicacion periodica
9110-HSGTV,0.0339,Low,Mantenimiento - comunicacion periodica
2404-JIBFC,0.0339,Low,Mantenimiento - comunicacion periodica
1680-VDCWW,0.0339,Low,Mantenimiento - comunicacion periodica
1221-GHZEP,0.0339,Low,Mantenimiento - comunicacion periodica
9802-CAQUT,0.0339,Low,Mantenimiento - comunicacion periodica
0907-HQNTS,0.0338,Low,Mantenimiento - comunicacion periodica
1038-ZAGBI,0.0338,Low,Mantenimiento - comunicacion periodica
6322-HRPFA,0.0337,Low,Mantenimiento - comunicacion periodica
3230-IUALN,0.0337,Low,Mantenimiento - comunicacion periodica
1414-YADCW,0.0337,Low,Mantenimiento - comunicacion periodica
8106-GWQOK,0.0337,Low,Mantenimiento - comunicacion periodica
1051-EQPZR,0.0336,Low,Mantenimiento - comunicacion periodica
8573-JGCZW,0.0336,Low,Mantenimiento - comunicacion periodica
5468-BPMMO,0.0336,Low,Mantenimiento - comunicacion periodica
8050-DVOJX,0.0336,Low,Mantenimiento - comunicacion periodica
9367-TCUYN,0.0335,Low,Mantenimiento - comunicacion periodica
6974-DAFLI,0.0335,Low,Mantenimiento - comunicacion periodica
8512-WIWYV,0.0335,Low,Mantenimiento - comunicacion periodica
4737-AQCPU,0.0335,Low,Mantenimiento - comunicacion periodica
3726-TBHQT,0.0335,Low,Mantenimiento - comunicacion periodica
8510-TMWYB,0.0335,Low,Mantenimiento - comunicacion periodica
2958-NHPPS,0.0335,Low,Mantenimiento - comunicacion periodica
5702-KVQRD,0.0334,Low,Mantenimiento - comunicacion periodica
8338-QIUNR,0.0334,Low,Mantenimiento - comunicacion periodica
1399-OUPJN,0.0334,Low,Mantenimiento - comunicacion periodica
3682-YEUWS,0.0333,Low,Mantenimiento - comunicacion periodica
0013-SMEOE,0.0333,Low,Mantenimiento - comunicacion periodica
7274-CGTOD,0.0333,Low,Mantenimiento - comunicacion periodica
5726-CVNYA,0.0333,Low,Mantenimiento - comunicacion periodica
5067-WJEUN,0.0333,Low,Mantenimiento - comunicacion periodica
3938-YFPXD,0.0333,Low,Mantenimiento - comunicacion periodica
7244-KXYZN,0.0332,Low,Mantenimiento - comunicacion periodica
0602-DDUML,0.0332,Low,Mantenimiento - comunicacion periodica
1984-GPTEH,0.0332,Low,Mantenimiento - comunicacion periodica
0386-CWRGM,0.0332,Low,Mantenimiento - comunicacion periodica
3084-DOWLE,0.0332,Low,Mantenimiento - comunicacion periodica
0487-CRLZF,0.0331,Low,Mantenimiento - comunicacion periodica
9253-VIFJQ,0.0331,Low,Mantenimiento - comunicacion periodica
9968-FFVVH,0.0331,Low,Mantenimiento - comunicacion periodica
7322-OCWHC,0.0331,Low,Mantenimiento - comunicacion periodica
6872-HXFNF,0.0331,Low,Mantenimiento - comunicacion periodica
4163-HFTUK,0.0331,Low,Mantenimiento - comunicacion periodica
6388-TABGU,0.033,Low,Mantenimiento - comunicacion periodica
7963-SHNDT,0.033,Low,Mantenimiento - comunicacion periodica
4452-ROHMO,0.033,Low,Mantenimiento - comunicacion periodica
8766-PAFNE,0.033,Low,Mantenimiento - comunicacion periodica
3506-OVLKD,0.033,Low,Mantenimiento - comunicacion periodica
2120-SMPEX,0.033,Low,Mantenimiento - comunicacion periodica
0604-THJFP,0.033,Low,Mantenimiento - comunicacion periodica
0956-SYCWG,0.033,Low,Mantenimiento - comunicacion periodica
6368-TZZDT,0.0329,Low,Mantenimiento - comunicacion periodica
0916-KNFAJ,0.0329,Low,Mantenimiento - comunicacion periodica
9565-FLVCG,0.0329,Low,Mantenimiento - comunicacion periodica
8468-FZTOE,0.0329,Low,Mantenimiento - comunicacion periodica
7779-ORAEL,0.0329,Low,Mantenimiento - comunicacion periodica
9769-TSBZE,0.0329,Low,Mantenimiento - comunicacion periodica
4750-UKWJK,0.0328,Low,Mantenimiento - comunicacion periodica
9424-CMPOG,0.0328,Low,Mantenimiento - comunicacion periodica
0730-BGQGF,0.0328,Low,Mantenimiento - comunicacion periodica
7083-YNSKY,0.0328,Low,Mantenimiento - comunicacion periodica
9348-ROUAI,0.0328,Low,Mantenimiento - comunicacion periodica
6463-MVYRY,0.0328,Low,Mantenimiento - comunicacion periodica
8388-DMKAE,0.0328,Low,Mantenimiento - comunicacion periodica
2969-VAPYH,0.0328,Low,Mantenimiento - comunicacion periodica
9534-NSXEM,0.0328,Low,Mantenimiento - comunicacion periodica
8345-MVDYC,0.0328,Low,Mantenimiento - comunicacion periodica
3752-CQSJI,0.0328,Low,Mantenimiento - comunicacion periodica
4992-LTJNE,0.0327,Low,Mantenimiento - comunicacion periodica
2176-LVPNX,0.0327,Low,Mantenimiento - comunicacion periodica
3190-FZATL,0.0327,Low,Mantenimiento - comunicacion periodica
3669-WHAFY,0.0327,Low,Mantenimiento - comunicacion periodica
3474-BAFSJ,0.0326,Low,Mantenimiento - comunicacion periodica
7998-ZLXWN,0.0326,Low,Mantenimiento - comunicacion periodica
3796-ENZGF,0.0326,Low,Mantenimiento - comunicacion periodica
4488-PSYCG,0.0326,Low,Mantenimiento - comunicacion periodica
6131-JLWZM,0.0325,Low,Mantenimiento - comunicacion periodica
4664-NJCMS,0.0325,Low,Mantenimiento - comunicacion periodica
6919-ELBGL,0.0325,Low,Mantenimiento - comunicacion periodica
9483-GCPWE,0.0325,Low,Mantenimiento - comunicacion periodica
6242-FEGFD,0.0325,Low,Mantenimiento - comunicacion periodica
2863-IMQDR,0.0324,Low,Mantenimiento - comunicacion periodica
3174-AKMAS,0.0324,Low,Mantenimiento - comunicacion periodica
1171-TYKUR,0.0324,Low,Mantenimiento - comunicacion periodica
9522-ZSINC,0.0323,Low,Mantenimiento - comunicacion periodica
9018-PCIOK,0.0323,Low,Mantenimiento - comunicacion periodica
2587-YNLES,0.0323,Low,Mantenimiento - comunicacion periodica
1043-UXOVO,0.0323,Low,Mantenimiento - comunicacion periodica
1352-HNSAW,0.0323,Low,Mantenimiento - comunicacion periodica
9919-FZDED,0.0322,Low,Mantenimiento - comunicacion periodica
1354-YZFNB,0.0322,Low,Mantenimiento - comunicacion periodica
9548-LIGTA,0.0322,Low,Mantenimiento - comunicacion periodica
9313-CDOGY,0.0322,Low,Mantenimiento - comunicacion periodica
2788-CJQAQ,0.0322,Low,Mantenimiento - comunicacion periodica
6476-EPYZR,0.0322,Low,Mantenimiento - comunicacion periodica
3638-WEABW,0.0322,Low,Mantenimiento - comunicacion periodica
4304-TSPVK,0.0322,Low,Mantenimiento - comunicacion periodica
6953-PBDIN,0.0321,Low,Mantenimiento - comunicacion periodica
7609-YBPXG,0.0321,Low,Mantenimiento - comunicacion periodica
7061-OVMIM,0.0321,Low,Mantenimiento - comunicacion periodica
4312-GVYNH,0.032,Low,Mantenimiento - comunicacion periodica
9958-MEKUC,0.032,Low,Mantenimiento - comunicacion periodica
7340-KEFQE,0.032,Low,Mantenimiento - comunicacion periodica
0238-WHBIQ,0.032,Low,Mantenimiento - comunicacion periodica
9073-ZZIAY,0.032,Low,Mantenimiento - comunicacion periodica
6007-TCTST,0.032,Low,Mantenimiento - comunicacion periodica
3239-TPHPZ,0.032,Low,Mantenimiento - comunicacion periodica
9227-YBAXE,0.032,Low,Mantenimiento - comunicacion periodica
2211-RMNHO,0.0319,Low,Mantenimiento - comunicacion periodica
0459-SPZHJ,0.0319,Low,Mantenimiento - comunicacion periodica
8717-VCTXJ,0.0319,Low,Mantenimiento - comunicacion periodica
5537-UXXVS,0.0318,Low,Mantenimiento - comunicacion periodica
9739-JLPQJ,0.0318,Low,Mantenimiento - comunicacion periodica
7107-UBYKY,0.0317,Low,Mantenimiento - comunicacion periodica
2845-KDHVX,0.0317,Low,Mantenimiento - comunicacion periodica
4530-NDRKU,0.0317,Low,Mantenimiento - comunicacion periodica
6508-NJYRO,0.0317,Low,Mantenimiento - comunicacion periodica
5862-BRIXZ,0.0317,Low,Mantenimiento - comunicacion periodica
2226-ICFDO,0.0317,Low,Mantenimiento - comunicacion periodica
8200-LGKSR,0.0317,Low,Mantenimiento - comunicacion periodica
0023-UYUPN,0.0317,Low,Mantenimiento - comunicacion periodica
7138-GIRSH,0.0316,Low,Mantenimiento - comunicacion periodica
8249-THVEC,0.0316,Low,Mantenimiento - comunicacion periodica
5893-PYOLZ,0.0316,Low,Mantenimiento - comunicacion periodica
0378-CJKPV,0.0316,Low,Mantenimiento - comunicacion periodica
7349-ALMUX,0.0316,Low,Mantenimiento - comunicacion periodica
3717-FDJFU,0.0315,Low,Mantenimiento - comunicacion periodica
8975-SKGRX,0.0315,Low,Mantenimiento - comunicacion periodica
2075-PUEPR,0.0315,Low,Mantenimiento - comunicacion periodica
8148-WOCMK,0.0315,Low,Mantenimiento - comunicacion periodica
8670-ERCJH,0.0315,Low,Mantenimiento - comunicacion periodica
8205-VSLRB,0.0314,Low,Mantenimiento - comunicacion periodica
0562-KBDVM,0.0314,Low,Mantenimiento - comunicacion periodica
2017-CCBLH,0.0314,Low,Mantenimiento - comunicacion periodica
8990-YOZLV,0.0314,Low,Mantenimiento - comunicacion periodica
1763-KUAAW,0.0314,Low,Mantenimiento - comunicacion periodica
9030-QGZNL,0.0314,Low,Mantenimiento - comunicacion periodica
6234-RAAPL,0.0314,Low,Mantenimiento - comunicacion periodica
5539-HIVAK,0.0313,Low,Mantenimiento - comunicacion periodica
6518-PPLMZ,0.0313,Low,Mantenimiento - comunicacion periodica
1814-WFGVS,0.0313,Low,Mantenimiento - comunicacion periodica
3831-YCPUO,0.0313,Low,Mantenimiento - comunicacion periodica
1498-DQNRX,0.0313,Low,Mantenimiento - comunicacion periodica
7197-VOJMM,0.0312,Low,Mantenimiento - comunicacion periodica
6332-FBZRI,0.0312,Low,Mantenimiento - comunicacion periodica
5472-CVMDX,0.0312,Low,Mantenimiento - comunicacion periodica
0428-AXXLJ,0.0312,Low,Mantenimiento - comunicacion periodica
4712-UYOOI,0.0312,Low,Mantenimiento - comunicacion periodica
0788-DXBFY,0.0312,Low,Mantenimiento - comunicacion periodica
2296-DKZFP,0.0311,Low,Mantenimiento - comunicacion periodica
9046-DQMTP,0.0311,Low,Mantenimiento - comunicacion periodica
3508-CFVZL,0.0311,Low,Mantenimiento - comunicacion periodica
3161-ONRWK,0.0311,Low,Mantenimiento - comunicacion periodica
5186-PEIZU,0.0311,Low,Mantenimiento - comunicacion periodica
8039-ACLPL,0.0311,Low,Mantenimiento - comunicacion periodica
2592-HODOV,0.031,Low,Mantenimiento - comunicacion periodica
6551-ZCOTS,0.031,Low,Mantenimiento - comunicacion periodica
2451-YMUXS,0.031,Low,Mantenimiento - comunicacion periodica
2954-PIBKO,0.031,Low,Mantenimiento - comunicacion periodica
5320-BRKGK,0.031,Low,Mantenimiento - comunicacion periodica
7169-YWAMK,0.031,Low,Mantenimiento - comunicacion periodica
3011-WQKSZ,0.031,Low,Mantenimiento - comunicacion periodica
7569-NMZYQ,0.0309,Low,Mantenimiento - comunicacion periodica
3525-DVKFN,0.0309,Low,Mantenimiento - comunicacion periodica
2223-GDSHL,0.0309,Low,Mantenimiento - comunicacion periodica
0336-PIKEI,0.0309,Low,Mantenimiento - comunicacion periodica
5384-ZTTWP,0.0308,Low,Mantenimiento - comunicacion periodica
3050-RLLXC,0.0308,Low,Mantenimiento - comunicacion periodica
8882-TLVRW,0.0307,Low,Mantenimiento - comunicacion periodica
2400-XIWIO,0.0307,Low,Mantenimiento - comunicacion periodica
5727-MYATE,0.0307,Low,Mantenimiento - comunicacion periodica
1744-JHKYS,0.0307,Low,Mantenimiento - comunicacion periodica
2077-DDHJK,0.0306,Low,Mantenimiento - comunicacion periodica
6082-GLJIX,0.0306,Low,Mantenimiento - comunicacion periodica
6732-VAILE,0.0306,Low,Mantenimiento - comunicacion periodica
6048-NJXHX,0.0306,Low,Mantenimiento - comunicacion periodica
7319-ZNRTR,0.0305,Low,Mantenimiento - comunicacion periodica
2129-ALKBS,0.0305,Low,Mantenimiento - comunicacion periodica
2192-OZITF,0.0305,Low,Mantenimiento - comunicacion periodica
8008-OTEZX,0.0305,Low,Mantenimiento - comunicacion periodica
2907-ILJBN,0.0305,Low,Mantenimiento - comunicacion periodica
7554-NEWDD,0.0304,Low,Mantenimiento - comunicacion periodica
6859-QNXIQ,0.0304,Low,Mantenimiento - comunicacion periodica
3823-KYNQY,0.0304,Low,Mantenimiento - comunicacion periodica
2987-BJXIK,0.0304,Low,Mantenimiento - comunicacion periodica
5346-BZCHP,0.0304,Low,Mantenimiento - comunicacion periodica
4774-HHGGS,0.0304,Low,Mantenimiento - comunicacion periodica
3653-NCRDJ,0.0304,Low,Mantenimiento - comunicacion periodica
3508-VLHCZ,0.0303,Low,Mantenimiento - comunicacion periodica
1552-TKMXS,0.0303,Low,Mantenimiento - comunicacion periodica
1265-HVPZB,0.0303,Low,Mantenimiento - comunicacion periodica
3308-DGHKL,0.0303,Low,Mantenimiento - comunicacion periodica
4648-YPBTM,0.0302,Low,Mantenimiento - comunicacion periodica
9530-GRMJG,0.0302,Low,Mantenimiento - comunicacion periodica
4024-CSNBY,0.0302,Low,Mantenimiento - comunicacion periodica
5148-ORICT,0.0302,Low,Mantenimiento - comunicacion periodica
2581-VKIRT,0.0301,Low,Mantenimiento - comunicacion periodica
1964-SVLEA,0.0301,Low,Mantenimiento - comunicacion periodica
2725-TTRIQ,0.0301,Low,Mantenimiento - comunicacion periodica
5025-GOOKI,0.0301,Low,Mantenimiento - comunicacion periodica
8125-QPFJD,0.0301,Low,Mantenimiento - comunicacion periodica
7956-XQWGU,0.0301,Low,Mantenimiento - comunicacion periodica
1716-LSAMB,0.0301,Low,Mantenimiento - comunicacion periodica
2007-QVGAW,0.0301,Low,Mantenimiento - comunicacion periodica
8395-ETZKQ,0.0301,Low,Mantenimiento - comunicacion periodica
0787-LHDYT,0.0301,Low,Mantenimiento - comunicacion periodica
7407-SUJIZ,0.03,Low,Mantenimiento - comunicacion periodica
5442-PPTJY,0.03,Low,Mantenimiento - comunicacion periodica
5789-LDFXO,0.03,Low,Mantenimiento - comunicacion periodica
2580-ATZSQ,0.03,Low,Mantenimiento - comunicacion periodica
9258-CNWAC,0.03,Low,Mantenimiento - comunicacion periodica
5248-KWLAR,0.03,Low,Mantenimiento - comunicacion periodica
7054-DMVAS,0.03,Low,Mantenimiento - comunicacion periodica
5546-BYZSM,0.0299,Low,Mantenimiento - comunicacion periodica
8314-HTWVE,0.0299,Low,Mantenimiento - comunicacion periodica
3219-JQRSL,0.0299,Low,Mantenimiento - comunicacion periodica
0484-JPBRU,0.0299,Low,Mantenimiento - comunicacion periodica
3884-UEBXB,0.0298,Low,Mantenimiento - comunicacion periodica
1172-VIYBP,0.0298,Low,Mantenimiento - comunicacion periodica
8777-PVYGU,0.0298,Low,Mantenimiento - comunicacion periodica
8069-RHUXK,0.0298,Low,Mantenimiento - comunicacion periodica
3911-RSNHI,0.0298,Low,Mantenimiento - comunicacion periodica
2253-KPMNB,0.0298,Low,Mantenimiento - comunicacion periodica
6339-RZCBJ,0.0298,Low,Mantenimiento - comunicacion periodica
6549-BTYPG,0.0297,Low,Mantenimiento - comunicacion periodica
9220-CXRSC,0.0297,Low,Mantenimiento - comunicacion periodica
4872-JCVCA,0.0297,Low,Mantenimiento - comunicacion periodica
8204-TIFGJ,0.0297,Low,Mantenimiento - comunicacion periodica
9286-BHDQG,0.0297,Low,Mantenimiento - comunicacion periodica
4981-FLTMF,0.0297,Low,Mantenimiento - comunicacion periodica
6772-WFQRD,0.0297,Low,Mantenimiento - comunicacion periodica
6603-YRDCJ,0.0297,Low,Mantenimiento - comunicacion periodica
3572-UUHRS,0.0297,Low,Mantenimiento - comunicacion periodica
5183-KLYEM,0.0296,Low,Mantenimiento - comunicacion periodica
2589-AYCRP,0.0296,Low,Mantenimiento - comunicacion periodica
9467-ROOLM,0.0296,Low,Mantenimiento - comunicacion periodica
4623-ZKHLY,0.0296,Low,Mantenimiento - comunicacion periodica
9443-JUBUO,0.0296,Low,Mantenimiento - comunicacion periodica
3258-ZKPAI,0.0296,Low,Mantenimiento - comunicacion periodica
9194-GFVOI,0.0295,Low,Mantenimiento - comunicacion periodica
5893-KCLGT,0.0295,Low,Mantenimiento - comunicacion periodica
5377-NDTOU,0.0295,Low,Mantenimiento - comunicacion periodica
6437-UDQJM,0.0295,Low,Mantenimiento - comunicacion periodica
0613-WUXUM,0.0295,Low,Mantenimiento - comunicacion periodica
4299-OPXEJ,0.0295,Low,Mantenimiento - comunicacion periodica
9885-MFVSU,0.0295,Low,Mantenimiento - comunicacion periodica
7416-CKTEP,0.0294,Low,Mantenimiento - comunicacion periodica
0731-EBJQB,0.0294,Low,Mantenimiento - comunicacion periodica
5795-BKOYE,0.0294,Low,Mantenimiento - comunicacion periodica
6904-JLBGY,0.0294,Low,Mantenimiento - comunicacion periodica
0486-LGCCH,0.0294,Low,Mantenimiento - comunicacion periodica
5010-IPEAQ,0.0294,Low,Mantenimiento - comunicacion periodica
9803-FTJCG,0.0293,Low,Mantenimiento - comunicacion periodica
1930-QPBVZ,0.0293,Low,Mantenimiento - comunicacion periodica
8336-TAVKX,0.0293,Low,Mantenimiento - comunicacion periodica
3740-RLMVT,0.0292,Low,Mantenimiento - comunicacion periodica
5456-ITGIC,0.0292,Low,Mantenimiento - comunicacion periodica
0214-JHPFW,0.0292,Low,Mantenimiento - comunicacion periodica
4378-BZYFP,0.0292,Low,Mantenimiento - comunicacion periodica
8815-LMFLX,0.0292,Low,Mantenimiento - comunicacion periodica
8050-XGRVL,0.0292,Low,Mantenimiento - comunicacion periodica
8169-SAEJD,0.0292,Low,Mantenimiento - comunicacion periodica
5312-TSZVC,0.0292,Low,Mantenimiento - comunicacion periodica
0114-IGABW,0.0292,Low,Mantenimiento - comunicacion periodica
8457-XIGKN,0.0292,Low,Mantenimiento - comunicacion periodica
6418-HNFED,0.0292,Low,Mantenimiento - comunicacion periodica
3719-TDVQB,0.0291,Low,Mantenimiento - comunicacion periodica
6169-PGNCD,0.0291,Low,Mantenimiento - comunicacion periodica
5318-YKDPV,0.0291,Low,Mantenimiento - comunicacion periodica
6217-KDYWC,0.0291,Low,Mantenimiento - comunicacion periodica
0436-TWFFZ,0.0291,Low,Mantenimiento - comunicacion periodica
5986-WWXDV,0.0291,Low,Mantenimiento - comunicacion periodica
0229-LFJAF,0.0291,Low,Mantenimiento - comunicacion periodica
5039-LZRQT,0.029,Low,Mantenimiento - comunicacion periodica
5322-TEUJK,0.029,Low,Mantenimiento - comunicacion periodica
0556-FJEGU,0.029,Low,Mantenimiento - comunicacion periodica
5696-JVVQY,0.029,Low,Mantenimiento - comunicacion periodica
5505-OVWQW,0.029,Low,Mantenimiento - comunicacion periodica
8046-DNVTL,0.029,Low,Mantenimiento - comunicacion periodica
0224-NIJLP,0.029,Low,Mantenimiento - comunicacion periodica
4403-BWPAY,0.029,Low,Mantenimiento - comunicacion periodica
9972-EWRJS,0.029,Low,Mantenimiento - comunicacion periodica
2193-SFWQW,0.0289,Low,Mantenimiento - comunicacion periodica
2466-FCCPT,0.0289,Low,Mantenimiento - comunicacion periodica
7542-CYDDM,0.0289,Low,Mantenimiento - comunicacion periodica
2882-WDTBA,0.0289,Low,Mantenimiento - comunicacion periodica
7643-RCHXS,0.0289,Low,Mantenimiento - comunicacion periodica
6698-OXETB,0.0288,Low,Mantenimiento - comunicacion periodica
5781-RFZRP,0.0288,Low,Mantenimiento - comunicacion periodica
1506-YJTYT,0.0288,Low,Mantenimiento - comunicacion periodica
6147-CBCRA,0.0288,Low,Mantenimiento - comunicacion periodica
2650-GYRYL,0.0288,Low,Mantenimiento - comunicacion periodica
0142-GVYSN,0.0288,Low,Mantenimiento - comunicacion periodica
4188-PCPIG,0.0288,Low,Mantenimiento - comunicacion periodica
2030-BTZRO,0.0287,Low,Mantenimiento - comunicacion periodica
9945-PSVIP,0.0287,Low,Mantenimiento - comunicacion periodica
9108-EQPNQ,0.0287,Low,Mantenimiento - comunicacion periodica
6152-ONASV,0.0287,Low,Mantenimiento - comunicacion periodica
7688-AWMDX,0.0287,Low,Mantenimiento - comunicacion periodica
5208-FVQKB,0.0287,Low,Mantenimiento - comunicacion periodica
8859-YSTWS,0.0287,Low,Mantenimiento - comunicacion periodica
3649-JPUGY,0.0286,Low,Mantenimiento - comunicacion periodica
8645-KOMJQ,0.0286,Low,Mantenimiento - comunicacion periodica
0019-GFNTW,0.0286,Low,Mantenimiento - comunicacion periodica
3620-EHIMZ,0.0286,Low,Mantenimiento - comunicacion periodica
8387-UGUSU,0.0286,Low,Mantenimiento - comunicacion periodica
6729-FZWSY,0.0286,Low,Mantenimiento - comunicacion periodica
9091-WTUUY,0.0286,Low,Mantenimiento - comunicacion periodica
3520-FJGCV,0.0286,Low,Mantenimiento - comunicacion periodica
9531-NSBMR,0.0286,Low,Mantenimiento - comunicacion periodica
3557-HTYWR,0.0286,Low,Mantenimiento - comunicacion periodica
6166-YIPFO,0.0286,Low,Mantenimiento - comunicacion periodica
5063-IUOKK,0.0286,Low,Mantenimiento - comunicacion periodica
3892-NXAZG,0.0285,Low,Mantenimiento - comunicacion periodica
5158-RIVOP,0.0285,Low,Mantenimiento - comunicacion periodica
5546-QUERU,0.0285,Low,Mantenimiento - comunicacion periodica
5451-YHYPW,0.0285,Low,Mantenimiento - comunicacion periodica
6741-QRLUP,0.0285,Low,Mantenimiento - comunicacion periodica
9766-HGEDE,0.0284,Low,Mantenimiento - comunicacion periodica
7109-CQYUZ,0.0284,Low,Mantenimiento - comunicacion periodica
8221-HVAYI,0.0284,Low,Mantenimiento - comunicacion periodica
3521-HTQTV,0.0284,Low,Mantenimiento - comunicacion periodica
7190-XHTWJ,0.0284,Low,Mantenimiento - comunicacion periodica
8884-FEEWR,0.0283,Low,Mantenimiento - comunicacion periodica
9135-HSWOC,0.0283,Low,Mantenimiento - comunicacion periodica
6695-AMZUF,0.0283,Low,Mantenimiento - comunicacion periodica
7164-BPTUT,0.0283,Low,Mantenimiento - comunicacion periodica
7073-QETQY,0.0283,Low,Mantenimiento - comunicacion periodica
1265-ZFOSD,0.0283,Low,Mantenimiento - comunicacion periodica
4304-XUMGI,0.0283,Low,Mantenimiento - comunicacion periodica
8573-CGOCC,0.0283,Low,Mantenimiento - comunicacion periodica
2498-XLDZR,0.0283,Low,Mantenimiento - comunicacion periodica
5788-YPOEG,0.0282,Low,Mantenimiento - comunicacion periodica
7817-OMJNA,0.0282,Low,Mantenimiento - comunicacion periodica
1642-HMARX,0.0282,Low,Mantenimiento - comunicacion periodica
5995-WWKKG,0.0282,Low,Mantenimiento - comunicacion periodica
1488-PBLJN,0.0282,Low,Mantenimiento - comunicacion periodica
4872-VXRIL,0.0282,Low,Mantenimiento - comunicacion periodica
1480-BKXGA,0.0282,Low,Mantenimiento - comunicacion periodica
2378-YIZKA,0.0282,Low,Mantenimiento - comunicacion periodica
1131-ALZWV,0.0282,Low,Mantenimiento - comunicacion periodica
4616-EWBNJ,0.0282,Low,Mantenimiento - comunicacion periodica
2252-NKNSI,0.0282,Low,Mantenimiento - comunicacion periodica
5115-GZDEL,0.0281,Low,Mantenimiento - comunicacion periodica
1830-IPXVJ,0.0281,Low,Mantenimiento - comunicacion periodica
0017-IUDMW,0.0281,Low,Mantenimiento - comunicacion periodica
5696-EXCYS,0.0281,Low,Mantenimiento - comunicacion periodica
9546-KDTRB,0.0281,Low,Mantenimiento - comunicacion periodica
3078-ZKNTS,0.0281,Low,Mantenimiento - comunicacion periodica
3498-LZGQZ,0.028,Low,Mantenimiento - comunicacion periodica
5248-YGIJN,0.028,Low,Mantenimiento - comunicacion periodica
1872-EBWSC,0.028,Low,Mantenimiento - comunicacion periodica
9281-CEDRU,0.028,Low,Mantenimiento - comunicacion periodica
1699-UOTXU,0.0279,Low,Mantenimiento - comunicacion periodica
7812-FZHPE,0.0279,Low,Mantenimiento - comunicacion periodica
6374-AFWOX,0.0279,Low,Mantenimiento - comunicacion periodica
7799-LGRDP,0.0279,Low,Mantenimiento - comunicacion periodica
8755-OGKNA,0.0279,Low,Mantenimiento - comunicacion periodica
9477-LGWQI,0.0279,Low,Mantenimiento - comunicacion periodica
5847-MXBEO,0.0279,Low,Mantenimiento - comunicacion periodica
1241-FPMOF,0.0278,Low,Mantenimiento - comunicacion periodica
4573-JKNAE,0.0278,Low,Mantenimiento - comunicacion periodica
1813-JLKWR,0.0278,Low,Mantenimiento - comunicacion periodica
4194-FJARJ,0.0278,Low,Mantenimiento - comunicacion periodica
3623-FQBOX,0.0278,Low,Mantenimiento - comunicacion periodica
7609-NRNCA,0.0278,Low,Mantenimiento - comunicacion periodica
1494-EJZDW,0.0278,Low,Mantenimiento - comunicacion periodica
3544-FBCAS,0.0277,Low,Mantenimiento - comunicacion periodica
5914-XRFQB,0.0277,Low,Mantenimiento - comunicacion periodica
4323-ELYYB,0.0277,Low,Mantenimiento - comunicacion periodica
6582-PLFUU,0.0277,Low,Mantenimiento - comunicacion periodica
5016-LIPDW,0.0277,Low,Mantenimiento - comunicacion periodica
9028-LIHRP,0.0277,Low,Mantenimiento - comunicacion periodica
3523-BRGUW,0.0277,Low,Mantenimiento - comunicacion periodica
8515-OCTJS,0.0277,Low,Mantenimiento - comunicacion periodica
5519-TEEUH,0.0277,Low,Mantenimiento - comunicacion periodica
7649-SIJJF,0.0277,Low,Mantenimiento - comunicacion periodica
7293-LSCDV,0.0277,Low,Mantenimiento - comunicacion periodica
5038-ETMLM,0.0277,Low,Mantenimiento - comunicacion periodica
8461-EFQYM,0.0277,Low,Mantenimiento - comunicacion periodica
1093-YSWCA,0.0277,Low,Mantenimiento - comunicacion periodica
8780-YRMTT,0.0277,Low,Mantenimiento - comunicacion periodica
8619-IJNDK,0.0276,Low,Mantenimiento - comunicacion periodica
2000-DHJUY,0.0276,Low,Mantenimiento - comunicacion periodica
8606-CIQUL,0.0276,Low,Mantenimiento - comunicacion periodica
8510-BBWMU,0.0276,Low,Mantenimiento - comunicacion periodica
7216-KAOID,0.0276,Low,Mantenimiento - comunicacion periodica
8043-PNYSD,0.0276,Low,Mantenimiento - comunicacion periodica
2274-XUATA,0.0275,Low,Mantenimiento - comunicacion periodica
0909-SELIE,0.0275,Low,Mantenimiento - comunicacion periodica
3178-CIFOT,0.0275,Low,Mantenimiento - comunicacion periodica
0383-CLDDA,0.0275,Low,Mantenimiento - comunicacion periodica
5442-BXVND,0.0275,Low,Mantenimiento - comunicacion periodica
9092-GDZKO,0.0275,Low,Mantenimiento - comunicacion periodica
7622-FWGEW,0.0275,Low,Mantenimiento - comunicacion periodica
5512-IDZEI,0.0275,Low,Mantenimiento - comunicacion periodica
6016-NXBNJ,0.0275,Low,Mantenimiento - comunicacion periodica
0621-CXBKL,0.0275,Low,Mantenimiento - comunicacion periodica
4311-QTTAI,0.0275,Low,Mantenimiento - comunicacion periodica
8763-KIAFH,0.0274,Low,Mantenimiento - comunicacion periodica
9359-JANWS,0.0274,Low,Mantenimiento - comunicacion periodica
9499-XPZXM,0.0274,Low,Mantenimiento - comunicacion periodica
5372-FBKBN,0.0274,Low,Mantenimiento - comunicacion periodica
3812-LRZIR,0.0274,Low,Mantenimiento - comunicacion periodica
2314-TNDJQ,0.0274,Low,Mantenimiento - comunicacion periodica
6650-BWFRT,0.0274,Low,Mantenimiento - comunicacion periodica
5003-XZWWO,0.0273,Low,Mantenimiento - comunicacion periodica
0516-QREYC,0.0273,Low,Mantenimiento - comunicacion periodica
0164-XAIRP,0.0273,Low,Mantenimiento - comunicacion periodica
1116-FRYVH,0.0273,Low,Mantenimiento - comunicacion periodica
3067-SVMTC,0.0273,Low,Mantenimiento - comunicacion periodica
5751-USDBL,0.0273,Low,Mantenimiento - comunicacion periodica
4079-ULGFR,0.0273,Low,Mantenimiento - comunicacion periodica
8039-EQPIM,0.0272,Low,Mantenimiento - comunicacion periodica
0562-FGDCR,0.0272,Low,Mantenimiento - comunicacion periodica
3283-WCWXT,0.0272,Low,Mantenimiento - comunicacion periodica
4568-KNYWR,0.0272,Low,Mantenimiento - comunicacion periodica
6286-ZHAOK,0.0272,Low,Mantenimiento - comunicacion periodica
0829-DDVLK,0.0272,Low,Mantenimiento - comunicacion periodica
1686-STUHN,0.0272,Low,Mantenimiento - comunicacion periodica
6288-CHQJB,0.0272,Low,Mantenimiento - comunicacion periodica
2176-OSJUV,0.0272,Low,Mantenimiento - comunicacion periodica
7026-YMSBE,0.0272,Low,Mantenimiento - comunicacion periodica
1088-AUUZZ,0.0271,Low,Mantenimiento - comunicacion periodica
5684-FJVYR,0.0271,Low,Mantenimiento - comunicacion periodica
0835-DUUIQ,0.0271,Low,Mantenimiento - comunicacion periodica
7399-QHBJS,0.0271,Low,Mantenimiento - comunicacion periodica
5135-GRQJV,0.0271,Low,Mantenimiento - comunicacion periodica
4782-OSFXZ,0.0271,Low,Mantenimiento - comunicacion periodica
8143-ETQTI,0.0271,Low,Mantenimiento - comunicacion periodica
5227-JSCFE,0.0271,Low,Mantenimiento - comunicacion periodica
8197-BFWVU,0.0271,Low,Mantenimiento - comunicacion periodica
1084-MNSMJ,0.0271,Low,Mantenimiento - comunicacion periodica
0343-QLUZP,0.0271,Low,Mantenimiento - comunicacion periodica
9500-WBGRP,0.0271,Low,Mantenimiento - comunicacion periodica
5196-WPYOW,0.027,Low,Mantenimiento - comunicacion periodica
8595-SIZNC,0.027,Low,Mantenimiento - comunicacion periodica
3976-HXHCE,0.027,Low,Mantenimiento - comunicacion periodica
3274-NSDWE,0.027,Low,Mantenimiento - comunicacion periodica
9617-UDPEU,0.027,Low,Mantenimiento - comunicacion periodica
6509-TSGWN,0.0269,Low,Mantenimiento - comunicacion periodica
5324-KTGCG,0.0269,Low,Mantenimiento - comunicacion periodica
1982-FEBTD,0.0269,Low,Mantenimiento - comunicacion periodica
7633-MVPUY,0.0269,Low,Mantenimiento - comunicacion periodica
4891-NLUBA,0.0269,Low,Mantenimiento - comunicacion periodica
8908-NMQTX,0.0269,Low,Mantenimiento - comunicacion periodica
0336-KXKFK,0.0269,Low,Mantenimiento - comunicacion periodica
6253-GNHWH,0.0269,Low,Mantenimiento - comunicacion periodica
9239-GZHZE,0.0269,Low,Mantenimiento - comunicacion periodica
8746-BFOAJ,0.0269,Low,Mantenimiento - comunicacion periodica
0206-OYVOC,0.0269,Low,Mantenimiento - comunicacion periodica
1231-YNDEK,0.0269,Low,Mantenimiento - comunicacion periodica
9146-JRIOX,0.0269,Low,Mantenimiento - comunicacion periodica
7359-WWYJV,0.0269,Low,Mantenimiento - comunicacion periodica
3547-LQRIK,0.0269,Low,Mantenimiento - comunicacion periodica
3910-MRQOY,0.0269,Low,Mantenimiento - comunicacion periodica
7233-PAHHL,0.0268,Low,Mantenimiento - comunicacion periodica
0769-MURVM,0.0268,Low,Mantenimiento - comunicacion periodica
6016-LVTJQ,0.0268,Low,Mantenimiento - comunicacion periodica
4635-EJYPD,0.0268,Low,Mantenimiento - comunicacion periodica
1757-TCATG,0.0268,Low,Mantenimiento - comunicacion periodica
8590-YFFQO,0.0268,Low,Mantenimiento - comunicacion periodica
7369-TRPFD,0.0268,Low,Mantenimiento - comunicacion periodica
4487-ZYJZK,0.0268,Low,Mantenimiento - comunicacion periodica
1839-UMACK,0.0268,Low,Mantenimiento - comunicacion periodica
4933-IKULF,0.0268,Low,Mantenimiento - comunicacion periodica
6087-YPWHO,0.0268,Low,Mantenimiento - comunicacion periodica
7560-QJAVJ,0.0268,Low,Mantenimiento - comunicacion periodica
6746-WAUWT,0.0267,Low,Mantenimiento - comunicacion periodica
1177-XZBJL,0.0267,Low,Mantenimiento - comunicacion periodica
4584-LBNMK,0.0267,Low,Mantenimiento - comunicacion periodica
3813-DHBBB,0.0267,Low,Mantenimiento - comunicacion periodica
0064-SUDOG,0.0267,Low,Mantenimiento - comunicacion periodica
8922-NPKBJ,0.0267,Low,Mantenimiento - comunicacion periodica
2277-AXSDC,0.0267,Low,Mantenimiento - comunicacion periodica
8454-AATJP,0.0267,Low,Mantenimiento - comunicacion periodica
3970-XGJDU,0.0266,Low,Mantenimiento - comunicacion periodica
5317-FLPJF,0.0266,Low,Mantenimiento - comunicacion periodica
2521-NPUZR,0.0266,Low,Mantenimiento - comunicacion periodica
3398-GCPMU,0.0266,Low,Mantenimiento - comunicacion periodica
3556-BVQGL,0.0266,Low,Mantenimiento - comunicacion periodica
2150-OEGBV,0.0266,Low,Mantenimiento - comunicacion periodica
6625-IUTTT,0.0266,Low,Mantenimiento - comunicacion periodica
9717-IOAAF,0.0266,Low,Mantenimiento - comunicacion periodica
2138-VFAPZ,0.0266,Low,Mantenimiento - comunicacion periodica
9339-FIIJL,0.0266,Low,Mantenimiento - comunicacion periodica
3985-HOYPM,0.0266,Low,Mantenimiento - comunicacion periodica
3721-CNZHX,0.0266,Low,Mantenimiento - comunicacion periodica
4940-KHCWD,0.0266,Low,Mantenimiento - comunicacion periodica
5914-GXMDA,0.0265,Low,Mantenimiento - comunicacion periodica
8958-JPTRR,0.0265,Low,Mantenimiento - comunicacion periodica
1498-NHTLT,0.0265,Low,Mantenimiento - comunicacion periodica
3251-YMVWZ,0.0265,Low,Mantenimiento - comunicacion periodica
3071-MVJCD,0.0265,Low,Mantenimiento - comunicacion periodica
6439-PKTRR,0.0265,Low,Mantenimiento - comunicacion periodica
5197-LQXXH,0.0265,Low,Mantenimiento - comunicacion periodica
0854-UYHZD,0.0265,Low,Mantenimiento - comunicacion periodica
8218-FFJDS,0.0265,Low,Mantenimiento - comunicacion periodica
4632-XJMEX,0.0265,Low,Mantenimiento - comunicacion periodica
4475-NVTLU,0.0265,Low,Mantenimiento - comunicacion periodica
5313-FPXWG,0.0265,Low,Mantenimiento - comunicacion periodica
8204-YJCLA,0.0264,Low,Mantenimiento - comunicacion periodica
6681-ZSEXG,0.0264,Low,Mantenimiento - comunicacion periodica
5248-RPYWW,0.0264,Low,Mantenimiento - comunicacion periodica
1837-YQUCE,0.0264,Low,Mantenimiento - comunicacion periodica
3280-NMUVX,0.0264,Low,Mantenimiento - comunicacion periodica
0244-LGNFY,0.0264,Low,Mantenimiento - comunicacion periodica
2990-OGYTD,0.0264,Low,Mantenimiento - comunicacion periodica
8332-OSJDW,0.0264,Low,Mantenimiento - comunicacion periodica
3887-PBQAO,0.0264,Low,Mantenimiento - comunicacion periodica
7508-DQAKK,0.0264,Low,Mantenimiento - comunicacion periodica
5803-NQJZO,0.0264,Low,Mantenimiento - comunicacion periodica
2126-GSEGL,0.0264,Low,Mantenimiento - comunicacion periodica
2167-FQSTQ,0.0264,Low,Mantenimiento - comunicacion periodica
5197-YPYBZ,0.0263,Low,Mantenimiento - comunicacion periodica
2626-VEEWG,0.0263,Low,Mantenimiento - comunicacion periodica
3389-KTRXV,0.0263,Low,Mantenimiento - comunicacion periodica
9298-WGMRW,0.0263,Low,Mantenimiento - comunicacion periodica
0078-XZMHT,0.0263,Low,Mantenimiento - comunicacion periodica
4900-MSOMT,0.0263,Low,Mantenimiento - comunicacion periodica
8042-RNLKO,0.0262,Low,Mantenimiento - comunicacion periodica
0774-RMNUW,0.0262,Low,Mantenimiento - comunicacion periodica
9479-HYNYL,0.0262,Low,Mantenimiento - comunicacion periodica
2535-PBCGC,0.0262,Low,Mantenimiento - comunicacion periodica
8747-UDCOI,0.0262,Low,Mantenimiento - comunicacion periodica
1779-PWPMG,0.0262,Low,Mantenimiento - comunicacion periodica
1069-QJOEE,0.0262,Low,Mantenimiento - comunicacion periodica
1074-WVEVG,0.0262,Low,Mantenimiento - comunicacion periodica
3646-ITDGM,0.0262,Low,Mantenimiento - comunicacion periodica
5057-RKGLH,0.0262,Low,Mantenimiento - comunicacion periodica
7469-LKBCI,0.0262,Low,Mantenimiento - comunicacion periodica
4641-FROLU,0.0262,Low,Mantenimiento - comunicacion periodica
0057-QBUQH,0.0262,Low,Mantenimiento - comunicacion periodica
7157-SMCFK,0.0262,Low,Mantenimiento - comunicacion periodica
2900-PHPLN,0.0261,Low,Mantenimiento - comunicacion periodica
2164-SOQXL,0.0261,Low,Mantenimiento - comunicacion periodica
3378-AJRAO,0.0261,Low,Mantenimiento - comunicacion periodica
0795-LAFGP,0.0261,Low,Mantenimiento - comunicacion periodica
4821-WQOYN,0.0261,Low,Mantenimiento - comunicacion periodica
1166-PQLGG,0.0261,Low,Mantenimiento - comunicacion periodica
7596-ZYWBB,0.0261,Low,Mantenimiento - comunicacion periodica
3530-VWVGU,0.0261,Low,Mantenimiento - comunicacion periodica
0945-TSONX,0.0261,Low,Mantenimiento - comunicacion periodica
3266-FTKHB,0.0261,Low,Mantenimiento - comunicacion periodica
8327-WKMIE,0.026,Low,Mantenimiento - comunicacion periodica
9798-OPFEM,0.026,Low,Mantenimiento - comunicacion periodica
1439-LCGVL,0.026,Low,Mantenimiento - comunicacion periodica
9184-GALIL,0.026,Low,Mantenimiento - comunicacion periodica
3913-FCUUW,0.026,Low,Mantenimiento - comunicacion periodica
7473-ZBDSN,0.026,Low,Mantenimiento - comunicacion periodica
8597-CTXVJ,0.026,Low,Mantenimiento - comunicacion periodica
4359-INNWN,0.026,Low,Mantenimiento - comunicacion periodica
0270-THENM,0.026,Low,Mantenimiento - comunicacion periodica
6922-NCEDI,0.026,Low,Mantenimiento - comunicacion periodica
2718-YSKCS,0.026,Low,Mantenimiento - comunicacion periodica
6719-FGEDO,0.026,Low,Mantenimiento - comunicacion periodica
1098-KFQEC,0.026,Low,Mantenimiento - comunicacion periodica
7921-BEPCI,0.026,Low,Mantenimiento - comunicacion periodica
9631-RXVJM,0.026,Low,Mantenimiento - comunicacion periodica
4597-ELFTS,0.026,Low,Mantenimiento - comunicacion periodica
3549-ZTMNH,0.026,Low,Mantenimiento - comunicacion periodica
7009-PCARS,0.0259,Low,Mantenimiento - comunicacion periodica
2121-JAFOM,0.0259,Low,Mantenimiento - comunicacion periodica
2984-RGEYA,0.0259,Low,Mantenimiento - comunicacion periodica
4967-WPNCF,0.0259,Low,Mantenimiento - comunicacion periodica
1038-RQOST,0.0259,Low,Mantenimiento - comunicacion periodica
0042-JVWOJ,0.0259,Low,Mantenimiento - comunicacion periodica
5730-DBDSI,0.0259,Low,Mantenimiento - comunicacion periodica
5177-RVZNU,0.0259,Low,Mantenimiento - comunicacion periodica
2266-FUBDZ,0.0259,Low,Mantenimiento - comunicacion periodica
5338-YHWYT,0.0259,Low,Mantenimiento - comunicacion periodica
7301-ABVAD,0.0259,Low,Mantenimiento - comunicacion periodica
0906-QVPMS,0.0259,Low,Mantenimiento - comunicacion periodica
9170-ARBTB,0.0259,Low,Mantenimiento - comunicacion periodica
1552-CZCLL,0.0259,Low,Mantenimiento - comunicacion periodica
8060-HIWJJ,0.0258,Low,Mantenimiento - comunicacion periodica
4707-YNOQA,0.0258,Low,Mantenimiento - comunicacion periodica
5093-FEGLU,0.0258,Low,Mantenimiento - comunicacion periodica
6695-FRVEC,0.0258,Low,Mantenimiento - comunicacion periodica
6131-IUNXN,0.0258,Low,Mantenimiento - comunicacion periodica
9823-EALYC,0.0258,Low,Mantenimiento - comunicacion periodica
7401-JIXNM,0.0258,Low,Mantenimiento - comunicacion periodica
8513-OLYGY,0.0258,Low,Mantenimiento - comunicacion periodica
9624-EGDEQ,0.0258,Low,Mantenimiento - comunicacion periodica
6323-AYBRX,0.0258,Low,Mantenimiento - comunicacion periodica
2388-LAESQ,0.0258,Low,Mantenimiento - comunicacion periodica
5310-NOOVA,0.0257,Low,Mantenimiento - comunicacion periodica
0378-XSZPU,0.0257,Low,Mantenimiento - comunicacion periodica
8626-PTQGE,0.0257,Low,Mantenimiento - comunicacion periodica
0536-BGFMZ,0.0257,Low,Mantenimiento - comunicacion periodica
7722-VJRQD,0.0257,Low,Mantenimiento - comunicacion periodica
5181-OABFK,0.0257,Low,Mantenimiento - comunicacion periodica
5014-GSOUQ,0.0257,Low,Mantenimiento - comunicacion periodica
1676-MQAOA,0.0257,Low,Mantenimiento - comunicacion periodica
7601-GNDYK,0.0257,Low,Mantenimiento - comunicacion periodica
8464-EETCQ,0.0257,Low,Mantenimiento - comunicacion periodica
1697-LYYYX,0.0256,Low,Mantenimiento - comunicacion periodica
2320-TZRRH,0.0256,Low,Mantenimiento - comunicacion periodica
9114-DPSIA,0.0256,Low,Mantenimiento - comunicacion periodica
5457-COLHT,0.0256,Low,Mantenimiento - comunicacion periodica
5394-MEITZ,0.0256,Low,Mantenimiento - comunicacion periodica
8857-CUPFQ,0.0256,Low,Mantenimiento - comunicacion periodica
7860-KSUGX,0.0256,Low,Mantenimiento - comunicacion periodica
3429-IFLEM,0.0256,Low,Mantenimiento - comunicacion periodica
1027-LKKQQ,0.0256,Low,Mantenimiento - comunicacion periodica
4254-QPEDE,0.0256,Low,Mantenimiento - comunicacion periodica
1951-IEYXM,0.0256,Low,Mantenimiento - comunicacion periodica
8514-VZHEB,0.0256,Low,Mantenimiento - comunicacion periodica
6814-ZPWFQ,0.0256,Low,Mantenimiento - comunicacion periodica
5997-OPVFA,0.0256,Low,Mantenimiento - comunicacion periodica
1619-YWUBB,0.0256,Low,Mantenimiento - comunicacion periodica
9565-AXSMR,0.0255,Low,Mantenimiento - comunicacion periodica
3308-JSGML,0.0255,Low,Mantenimiento - comunicacion periodica
3948-KXDUF,0.0255,Low,Mantenimiento - comunicacion periodica
7941-RCJOW,0.0255,Low,Mantenimiento - comunicacion periodica
6656-GULJQ,0.0255,Low,Mantenimiento - comunicacion periodica
4139-DETXS,0.0255,Low,Mantenimiento - comunicacion periodica
8207-DMRVL,0.0254,Low,Mantenimiento - comunicacion periodica
5993-JSUWV,0.0254,Low,Mantenimiento - comunicacion periodica
1568-BEKZM,0.0254,Low,Mantenimiento - comunicacion periodica
9967-ATRFS,0.0254,Low,Mantenimiento - comunicacion periodica
7503-MIOGA,0.0254,Low,Mantenimiento - comunicacion periodica
2085-JVGAD,0.0254,Low,Mantenimiento - comunicacion periodica
4933-BSAIP,0.0254,Low,Mantenimiento - comunicacion periodica
9814-AOUDH,0.0254,Low,Mantenimiento - comunicacion periodica
3721-WKIIL,0.0253,Low,Mantenimiento - comunicacion periodica
4086-WITJG,0.0253,Low,Mantenimiento - comunicacion periodica
1535-VTJOQ,0.0253,Low,Mantenimiento - comunicacion periodica
9795-NREXC,0.0253,Low,Mantenimiento - comunicacion periodica
9755-JHNMN,0.0253,Low,Mantenimiento - comunicacion periodica
6188-UXBBR,0.0253,Low,Mantenimiento - comunicacion periodica
1089-XZWHH,0.0253,Low,Mantenimiento - comunicacion periodica
4830-FAXFM,0.0253,Low,Mantenimiento - comunicacion periodica
0559-CKHUS,0.0252,Low,Mantenimiento - comunicacion periodica
3950-VPYJB,0.0252,Low,Mantenimiento - comunicacion periodica
2885-HIJDH,0.0252,Low,Mantenimiento - comunicacion periodica
5799-JRCZO,0.0252,Low,Mantenimiento - comunicacion periodica
9621-OUPYD,0.0252,Low,Mantenimiento - comunicacion periodica
0042-RLHYP,0.0252,Low,Mantenimiento - comunicacion periodica
3043-SUDUA,0.0252,Low,Mantenimiento - comunicacion periodica
6585-WCEWR,0.0252,Low,Mantenimiento - comunicacion periodica
1302-TPUBN,0.0252,Low,Mantenimiento - comunicacion periodica
7872-BAAZR,0.0252,Low,Mantenimiento - comunicacion periodica
6762-NSODU,0.0252,Low,Mantenimiento - comunicacion periodica
9625-RZFUK,0.0251,Low,Mantenimiento - comunicacion periodica
7729-XBTWX,0.0251,Low,Mantenimiento - comunicacion periodica
2892-GESUL,0.0251,Low,Mantenimiento - comunicacion periodica
9732-OUYRN,0.0251,Low,Mantenimiento - comunicacion periodica
1194-BHJYC,0.0251,Low,Mantenimiento - comunicacion periodica
6828-HMKWP,0.0251,Low,Mantenimiento - comunicacion periodica
9067-YGSCA,0.0251,Low,Mantenimiento - comunicacion periodica
3400-ESFUW,0.0251,Low,Mantenimiento - comunicacion periodica
4742-TXUEX,0.0251,Low,Mantenimiento - comunicacion periodica
1167-OYZJF,0.025,Low,Mantenimiento - comunicacion periodica
3079-BCHLN,0.025,Low,Mantenimiento - comunicacion periodica
6754-WKSHP,0.025,Low,Mantenimiento - comunicacion periodica
1755-FZQEC,0.025,Low,Mantenimiento - comunicacion periodica
2829-HYVZP,0.025,Low,Mantenimiento - comunicacion periodica
7279-NMVJC,0.025,Low,Mantenimiento - comunicacion periodica
0052-YNYOT,0.025,Low,Mantenimiento - comunicacion periodica
2387-KDZQY,0.025,Low,Mantenimiento - comunicacion periodica
8181-YHCMF,0.025,Low,Mantenimiento - comunicacion periodica
4827-DPADN,0.025,Low,Mantenimiento - comunicacion periodica
5115-SQAAU,0.025,Low,Mantenimiento - comunicacion periodica
8316-BBQAY,0.025,Low,Mantenimiento - comunicacion periodica
8612-GXIDD,0.0249,Low,Mantenimiento - comunicacion periodica
1459-QNFQT,0.0249,Low,Mantenimiento - comunicacion periodica
5924-SNGKP,0.0249,Low,Mantenimiento - comunicacion periodica
4950-HKQTE,0.0249,Low,Mantenimiento - comunicacion periodica
8661-BOYNW,0.0249,Low,Mantenimiento - comunicacion periodica
9620-QJREV,0.0249,Low,Mantenimiento - comunicacion periodica
9888-ZCUMM,0.0249,Low,Mantenimiento - comunicacion periodica
0362-RAOQO,0.0249,Low,Mantenimiento - comunicacion periodica
7328-ZJAJO,0.0249,Low,Mantenimiento - comunicacion periodica
0440-EKDCF,0.0249,Low,Mantenimiento - comunicacion periodica
5859-HZYLF,0.0249,Low,Mantenimiento - comunicacion periodica
6917-FIJHC,0.0249,Low,Mantenimiento - comunicacion periodica
6479-SZPLM,0.0248,Low,Mantenimiento - comunicacion periodica
6283-GITPX,0.0248,Low,Mantenimiento - comunicacion periodica
9646-NMHXE,0.0248,Low,Mantenimiento - comunicacion periodica
7632-YUTXB,0.0248,Low,Mantenimiento - comunicacion periodica
6061-PQHMK,0.0248,Low,Mantenimiento - comunicacion periodica
3125-RAHBV,0.0248,Low,Mantenimiento - comunicacion periodica
2088-IEBAU,0.0248,Low,Mantenimiento - comunicacion periodica
5260-UMPWX,0.0248,Low,Mantenimiento - comunicacion periodica
9891-NQDBD,0.0248,Low,Mantenimiento - comunicacion periodica
3146-MSEGF,0.0248,Low,Mantenimiento - comunicacion periodica
3120-FAZKD,0.0248,Low,Mantenimiento - comunicacion periodica
1945-XISKS,0.0248,Low,Mantenimiento - comunicacion periodica
5095-ETBRJ,0.0247,Low,Mantenimiento - comunicacion periodica
2146-EGVDT,0.0247,Low,Mantenimiento - comunicacion periodica
5736-YEJAX,0.0247,Low,Mantenimiento - comunicacion periodica
3712-PKXZA,0.0247,Low,Mantenimiento - comunicacion periodica
6614-YOLAC,0.0247,Low,Mantenimiento - comunicacion periodica
4644-OBGFZ,0.0247,Low,Mantenimiento - comunicacion periodica
1839-FBNFR,0.0247,Low,Mantenimiento - comunicacion periodica
7706-YLMQA,0.0247,Low,Mantenimiento - comunicacion periodica
0827-ITJPH,0.0247,Low,Mantenimiento - comunicacion periodica
6139-ZZRBQ,0.0247,Low,Mantenimiento - comunicacion periodica
4006-HKYHO,0.0247,Low,Mantenimiento - comunicacion periodica
0848-SOMKO,0.0247,Low,Mantenimiento - comunicacion periodica
1734-ZMNTZ,0.0247,Low,Mantenimiento - comunicacion periodica
7047-YXDMZ,0.0246,Low,Mantenimiento - comunicacion periodica
5529-GIBVH,0.0246,Low,Mantenimiento - comunicacion periodica
6115-ZTBFQ,0.0246,Low,Mantenimiento - comunicacion periodica
2616-FLVQC,0.0246,Low,Mantenimiento - comunicacion periodica
9860-LISIZ,0.0246,Low,Mantenimiento - comunicacion periodica
8146-QQKZH,0.0246,Low,Mantenimiento - comunicacion periodica
6384-VMJHP,0.0246,Low,Mantenimiento - comunicacion periodica
1222-KJNZD,0.0246,Low,Mantenimiento - comunicacion periodica
7277-KAMWT,0.0246,Low,Mantenimiento - comunicacion periodica
7471-WNSUF,0.0246,Low,Mantenimiento - comunicacion periodica
5787-KXGIY,0.0246,Low,Mantenimiento - comunicacion periodica
9385-NXKDA,0.0246,Low,Mantenimiento - comunicacion periodica
5495-GPSRW,0.0246,Low,Mantenimiento - comunicacion periodica
8234-GSZYK,0.0245,Low,Mantenimiento - comunicacion periodica
4636-TVXVG,0.0245,Low,Mantenimiento - comunicacion periodica
2675-IJRGJ,0.0245,Low,Mantenimiento - comunicacion periodica
9639-BUJXT,0.0245,Low,Mantenimiento - comunicacion periodica
5360-XGYAZ,0.0245,Low,Mantenimiento - comunicacion periodica
9066-QRSDU,0.0245,Low,Mantenimiento - comunicacion periodica
6479-OAUSD,0.0245,Low,Mantenimiento - comunicacion periodica
7602-DBTOU,0.0245,Low,Mantenimiento - comunicacion periodica
8174-TBVCF,0.0245,Low,Mantenimiento - comunicacion periodica
4716-MRVEN,0.0245,Low,Mantenimiento - comunicacion periodica
5465-BUBFA,0.0245,Low,Mantenimiento - comunicacion periodica
2333-KWEWW,0.0244,Low,Mantenimiento - comunicacion periodica
1627-AFWVJ,0.0244,Low,Mantenimiento - comunicacion periodica
8098-TDCBU,0.0244,Low,Mantenimiento - comunicacion periodica
6447-EGDIV,0.0244,Low,Mantenimiento - comunicacion periodica
1709-EJDOX,0.0244,Low,Mantenimiento - comunicacion periodica
3399-BMLVW,0.0244,Low,Mantenimiento - comunicacion periodica
3279-DYZQM,0.0244,Low,Mantenimiento - comunicacion periodica
6010-DDPPW,0.0244,Low,Mantenimiento - comunicacion periodica
4163-NCJAK,0.0244,Low,Mantenimiento - comunicacion periodica
1985-MBRYP,0.0244,Low,Mantenimiento - comunicacion periodica
5622-UEJFI,0.0243,Low,Mantenimiento - comunicacion periodica
6762-QVYJO,0.0243,Low,Mantenimiento - comunicacion periodica
5494-WOZRZ,0.0243,Low,Mantenimiento - comunicacion periodica
6082-OQFBA,0.0243,Low,Mantenimiento - comunicacion periodica
3777-XROBG,0.0243,Low,Mantenimiento - comunicacion periodica
4896-CPRPF,0.0243,Low,Mantenimiento - comunicacion periodica
2817-LVCPP,0.0243,Low,Mantenimiento - comunicacion periodica
9938-PRCVK,0.0243,Low,Mantenimiento - comunicacion periodica
7873-CVMAW,0.0243,Low,Mantenimiento - comunicacion periodica
9224-VTYID,0.0243,Low,Mantenimiento - comunicacion periodica
0442-TDYUO,0.0243,Low,Mantenimiento - comunicacion periodica
4803-LBYPN,0.0243,Low,Mantenimiento - comunicacion periodica
2990-IAJSV,0.0243,Low,Mantenimiento - comunicacion periodica
9764-REAFF,0.0243,Low,Mantenimiento - comunicacion periodica
1776-SPBWV,0.0242,Low,Mantenimiento - comunicacion periodica
3243-ZHOHY,0.0242,Low,Mantenimiento - comunicacion periodica
5176-OLSKT,0.0242,Low,Mantenimiento - comunicacion periodica
9229-RQABD,0.0242,Low,Mantenimiento - comunicacion periodica
9805-FILKB,0.0242,Low,Mantenimiento - comunicacion periodica
3486-KHMLI,0.0242,Low,Mantenimiento - comunicacion periodica
9451-WLYRI,0.0242,Low,Mantenimiento - comunicacion periodica
3727-OVPRY,0.0242,Low,Mantenimiento - comunicacion periodica
2878-DHMIN,0.0242,Low,Mantenimiento - comunicacion periodica
5918-VUKWP,0.0242,Low,Mantenimiento - comunicacion periodica
5816-JMLGY,0.0242,Low,Mantenimiento - comunicacion periodica
8917-SZTTJ,0.0241,Low,Mantenimiento - comunicacion periodica
8966-SNIZF,0.0241,Low,Mantenimiento - comunicacion periodica
9313-QOLTZ,0.0241,Low,Mantenimiento - comunicacion periodica
0422-OHQHQ,0.0241,Low,Mantenimiento - comunicacion periodica
1866-ZSLJM,0.0241,Low,Mantenimiento - comunicacion periodica
5915-ANOEI,0.0241,Low,Mantenimiento - comunicacion periodica
2560-WBWXF,0.0241,Low,Mantenimiento - comunicacion periodica
3982-JGSFD,0.024,Low,Mantenimiento - comunicacion periodica
5707-ZMDJP,0.024,Low,Mantenimiento - comunicacion periodica
1955-IBMMB,0.024,Low,Mantenimiento - comunicacion periodica
6051-PTVNS,0.024,Low,Mantenimiento - comunicacion periodica
0404-AHASP,0.024,Low,Mantenimiento - comunicacion periodica
9067-SQTNS,0.024,Low,Mantenimiento - comunicacion periodica
1998-VHJHK,0.024,Low,Mantenimiento - comunicacion periodica
1178-PZGAB,0.024,Low,Mantenimiento - comunicacion periodica
9801-NOSHQ,0.024,Low,Mantenimiento - comunicacion periodica
2324-AALNO,0.024,Low,Mantenimiento - comunicacion periodica
4312-KFRXN,0.024,Low,Mantenimiento - comunicacion periodica
8404-VIOMB,0.0239,Low,Mantenimiento - comunicacion periodica
3486-NPGST,0.0239,Low,Mantenimiento - comunicacion periodica
7452-FOLON,0.0239,Low,Mantenimiento - comunicacion periodica
2682-KEVRP,0.0239,Low,Mantenimiento - comunicacion periodica
4335-UPJSI,0.0239,Low,Mantenimiento - comunicacion periodica
0825-CPPQH,0.0239,Low,Mantenimiento - comunicacion periodica
1270-XKUCC,0.0239,Low,Mantenimiento - comunicacion periodica
5995-LFTLE,0.0239,Low,Mantenimiento - comunicacion periodica
5642-MHDQT,0.0239,Low,Mantenimiento - comunicacion periodica
1790-NESIO,0.0239,Low,Mantenimiento - comunicacion periodica
6631-HMANX,0.0239,Low,Mantenimiento - comunicacion periodica
0621-TSSMU,0.0239,Low,Mantenimiento - comunicacion periodica
6980-CDGFC,0.0239,Low,Mantenimiento - comunicacion periodica
1022-RKXDR,0.0239,Low,Mantenimiento - comunicacion periodica
1682-VCOIO,0.0238,Low,Mantenimiento - comunicacion periodica
6122-LJADA,0.0238,Low,Mantenimiento - comunicacion periodica
0839-QNXME,0.0238,Low,Mantenimiento - comunicacion periodica
9503-XJUME,0.0238,Low,Mantenimiento - comunicacion periodica
4825-FUREZ,0.0238,Low,Mantenimiento - comunicacion periodica
6765-MBQNU,0.0238,Low,Mantenimiento - comunicacion periodica
1106-HRLKZ,0.0238,Low,Mantenimiento - comunicacion periodica
6823-SIDFQ,0.0238,Low,Mantenimiento - comunicacion periodica
5451-MHQOF,0.0238,Low,Mantenimiento - comunicacion periodica
1085-LDWAM,0.0238,Low,Mantenimiento - comunicacion periodica
5614-DNZCE,0.0238,Low,Mantenimiento - comunicacion periodica
6546-OPBBH,0.0238,Low,Mantenimiento - comunicacion periodica
7305-ZWMAJ,0.0238,Low,Mantenimiento - comunicacion periodica
3764-MNMOI,0.0237,Low,Mantenimiento - comunicacion periodica
0608-JDVEC,0.0237,Low,Mantenimiento - comunicacion periodica
3662-FXJFO,0.0237,Low,Mantenimiento - comunicacion periodica
4698-KVLLG,0.0237,Low,Mantenimiento - comunicacion periodica
8347-GDTMP,0.0237,Low,Mantenimiento - comunicacion periodica
0420-TXVSG,0.0237,Low,Mantenimiento - comunicacion periodica
9746-UGFAC,0.0237,Low,Mantenimiento - comunicacion periodica
7162-WPHPM,0.0237,Low,Mantenimiento - comunicacion periodica
8592-PLTMQ,0.0237,Low,Mantenimiento - comunicacion periodica
1568-LJSZU,0.0237,Low,Mantenimiento - comunicacion periodica
9227-UAQFT,0.0237,Low,Mantenimiento - comunicacion periodica
7634-HLQJR,0.0237,Low,Mantenimiento - comunicacion periodica
7242-EDTYC,0.0236,Low,Mantenimiento - comunicacion periodica
7131-ZQZNK,0.0236,Low,Mantenimiento - comunicacion periodica
6425-JWTDV,0.0236,Low,Mantenimiento - comunicacion periodica
8022-BECSI,0.0236,Low,Mantenimiento - comunicacion periodica
4718-WXBGI,0.0236,Low,Mantenimiento - comunicacion periodica
5917-RYRMG,0.0236,Low,Mantenimiento - comunicacion periodica
1599-EAHXY,0.0236,Low,Mantenimiento - comunicacion periodica
4277-BWBML,0.0235,Low,Mantenimiento - comunicacion periodica
9786-YWNHU,0.0235,Low,Mantenimiento - comunicacion periodica
9488-FVZCC,0.0235,Low,Mantenimiento - comunicacion periodica
4521-WFJAI,0.0235,Low,Mantenimiento - comunicacion periodica
3486-HOOGQ,0.0235,Low,Mantenimiento - comunicacion periodica
7639-OPLNG,0.0235,Low,Mantenimiento - comunicacion periodica
6963-EZQEE,0.0235,Low,Mantenimiento - comunicacion periodica
5406-KGRMX,0.0235,Low,Mantenimiento - comunicacion periodica
8884-MRNSU,0.0234,Low,Mantenimiento - comunicacion periodica
7446-SFAOA,0.0234,Low,Mantenimiento - comunicacion periodica
3978-YNKDD,0.0234,Low,Mantenimiento - comunicacion periodica
2848-YXSMW,0.0234,Low,Mantenimiento - comunicacion periodica
4203-QGNZA,0.0234,Low,Mantenimiento - comunicacion periodica
3720-DBRWL,0.0234,Low,Mantenimiento - comunicacion periodica
4102-HLENU,0.0234,Low,Mantenimiento - comunicacion periodica
9361-YNQWJ,0.0234,Low,Mantenimiento - comunicacion periodica
2428-HYUNX,0.0234,Low,Mantenimiento - comunicacion periodica
7297-DVYGA,0.0234,Low,Mantenimiento - comunicacion periodica
3452-FLHYD,0.0234,Low,Mantenimiento - comunicacion periodica
7552-KEYGT,0.0233,Low,Mantenimiento - comunicacion periodica
1760-CAZHT,0.0233,Low,Mantenimiento - comunicacion periodica
8779-YIQQA,0.0233,Low,Mantenimiento - comunicacion periodica
3768-VHXQO,0.0233,Low,Mantenimiento - comunicacion periodica
4817-KEQSP,0.0233,Low,Mantenimiento - comunicacion periodica
0357-NVCRI,0.0233,Low,Mantenimiento - comunicacion periodica
6164-HAQTX,0.0233,Low,Mantenimiento - comunicacion periodica
8413-YNHNV,0.0233,Low,Mantenimiento - comunicacion periodica
6518-KZXCB,0.0233,Low,Mantenimiento - comunicacion periodica
7010-ZMVBF,0.0233,Low,Mantenimiento - comunicacion periodica
8007-YYPWD,0.0233,Low,Mantenimiento - comunicacion periodica
6925-BAYGL,0.0233,Low,Mantenimiento - comunicacion periodica
7493-GVFIO,0.0233,Low,Mantenimiento - comunicacion periodica
0784-GTUUK,0.0233,Low,Mantenimiento - comunicacion periodica
9574-BOSMD,0.0233,Low,Mantenimiento - comunicacion periodica
1699-TLDLZ,0.0233,Low,Mantenimiento - comunicacion periodica
9847-HNVGP,0.0233,Low,Mantenimiento - comunicacion periodica
1047-RNXZV,0.0232,Low,Mantenimiento - comunicacion periodica
6848-HJTXY,0.0232,Low,Mantenimiento - comunicacion periodica
3227-WLKLI,0.0232,Low,Mantenimiento - comunicacion periodica
3451-VAWLI,0.0232,Low,Mantenimiento - comunicacion periodica
7427-AUFPY,0.0232,Low,Mantenimiento - comunicacion periodica
2569-WGERO,0.0232,Low,Mantenimiento - comunicacion periodica
9585-KKMFD,0.0232,Low,Mantenimiento - comunicacion periodica
8999-YPYBV,0.0232,Low,Mantenimiento - comunicacion periodica
0463-TXOAK,0.0232,Low,Mantenimiento - comunicacion periodica
1971-DTCZB,0.0232,Low,Mantenimiento - comunicacion periodica
6203-HBZPA,0.0231,Low,Mantenimiento - comunicacion periodica
5939-SXWHM,0.0231,Low,Mantenimiento - comunicacion periodica
7167-PCEYD,0.0231,Low,Mantenimiento - comunicacion periodica
6928-ONTRW,0.0231,Low,Mantenimiento - comunicacion periodica
1930-BZLHI,0.0231,Low,Mantenimiento - comunicacion periodica
2230-XTUWL,0.0231,Low,Mantenimiento - comunicacion periodica
7608-RGIRO,0.0231,Low,Mantenimiento - comunicacion periodica
3173-WSSUE,0.0231,Low,Mantenimiento - comunicacion periodica
3967-KXAPS,0.0231,Low,Mantenimiento - comunicacion periodica
8207-VVMYB,0.0231,Low,Mantenimiento - comunicacion periodica
7527-QNRUS,0.0231,Low,Mantenimiento - comunicacion periodica
5380-XPJNZ,0.0231,Low,Mantenimiento - comunicacion periodica
0804-YGEQV,0.0231,Low,Mantenimiento - comunicacion periodica
0847-HGRML,0.0231,Low,Mantenimiento - comunicacion periodica
0508-SQWPL,0.023,Low,Mantenimiento - comunicacion periodica
0932-YIXYU,0.023,Low,Mantenimiento - comunicacion periodica
5774-QPLTF,0.023,Low,Mantenimiento - comunicacion periodica
7996-BPXHY,0.023,Low,Mantenimiento - comunicacion periodica
8374-UULRV,0.023,Low,Mantenimiento - comunicacion periodica
9084-OAYKL,0.023,Low,Mantenimiento - comunicacion periodica
3569-JFODW,0.023,Low,Mantenimiento - comunicacion periodica
2821-WARNZ,0.023,Low,Mantenimiento - comunicacion periodica
2234-EOFPT,0.023,Low,Mantenimiento - comunicacion periodica
5356-KZCKT,0.023,Low,Mantenimiento - comunicacion periodica
3373-DIUUN,0.0229,Low,Mantenimiento - comunicacion periodica
0531-XBKMM,0.0229,Low,Mantenimiento - comunicacion periodica
6527-PZFPV,0.0229,Low,Mantenimiento - comunicacion periodica
3088-FVYWK,0.0229,Low,Mantenimiento - comunicacion periodica
7113-HIPFI,0.0229,Low,Mantenimiento - comunicacion periodica
6348-SNFUS,0.0229,Low,Mantenimiento - comunicacion periodica
8902-ZEOVF,0.0229,Low,Mantenimiento - comunicacion periodica
0744-BIKKF,0.0229,Low,Mantenimiento - comunicacion periodica
8966-OIQHG,0.0229,Low,Mantenimiento - comunicacion periodica
8873-TMKGR,0.0229,Low,Mantenimiento - comunicacion periodica
7137-NAXML,0.0229,Low,Mantenimiento - comunicacion periodica
9447-YPTBX,0.0229,Low,Mantenimiento - comunicacion periodica
3118-UHVVQ,0.0229,Low,Mantenimiento - comunicacion periodica
0784-ZQJZX,0.0229,Low,Mantenimiento - comunicacion periodica
3212-KXOCR,0.0229,Low,Mantenimiento - comunicacion periodica
5044-XDPYX,0.0228,Low,Mantenimiento - comunicacion periodica
7306-YDSOI,0.0228,Low,Mantenimiento - comunicacion periodica
6734-JDTTV,0.0228,Low,Mantenimiento - comunicacion periodica
4709-LKHYG,0.0228,Low,Mantenimiento - comunicacion periodica
1403-LKLIK,0.0228,Low,Mantenimiento - comunicacion periodica
6532-YLWSI,0.0228,Low,Mantenimiento - comunicacion periodica
9140-CZQZZ,0.0228,Low,Mantenimiento - comunicacion periodica
5804-JMYIO,0.0228,Low,Mantenimiento - comunicacion periodica
0885-HMGPY,0.0228,Low,Mantenimiento - comunicacion periodica
2812-REYAT,0.0228,Low,Mantenimiento - comunicacion periodica
3507-GASNP,0.0228,Low,Mantenimiento - comunicacion periodica
8028-PNXHQ,0.0228,Low,Mantenimiento - comunicacion periodica
3638-VBZTA,0.0227,Low,Mantenimiento - comunicacion periodica
6897-RWMUB,0.0227,Low,Mantenimiento - comunicacion periodica
0780-XNZFN,0.0227,Low,Mantenimiento - comunicacion periodica
8727-JQFHV,0.0227,Low,Mantenimiento - comunicacion periodica
0361-HJRDX,0.0227,Low,Mantenimiento - comunicacion periodica
1333-PBMXB,0.0227,Low,Mantenimiento - comunicacion periodica
6701-YVNQG,0.0227,Low,Mantenimiento - comunicacion periodica
9950-MTGYX,0.0227,Low,Mantenimiento - comunicacion periodica
2961-VNFKL,0.0227,Low,Mantenimiento - comunicacion periodica
5075-JSDKI,0.0227,Low,Mantenimiento - comunicacion periodica
9588-YRFHY,0.0226,Low,Mantenimiento - comunicacion periodica
4092-OFQZS,0.0226,Low,Mantenimiento - comunicacion periodica
4990-ALDGW,0.0226,Low,Mantenimiento - comunicacion periodica
4079-WWQQQ,0.0226,Low,Mantenimiento - comunicacion periodica
6916-HIJSE,0.0226,Low,Mantenimiento - comunicacion periodica
6855-VLGOS,0.0226,Low,Mantenimiento - comunicacion periodica
5480-XTFFL,0.0226,Low,Mantenimiento - comunicacion periodica
4980-URKXC,0.0226,Low,Mantenimiento - comunicacion periodica
4632-PAOYU,0.0226,Low,Mantenimiento - comunicacion periodica
8917-FAEMR,0.0226,Low,Mantenimiento - comunicacion periodica
1293-HHSHJ,0.0226,Low,Mantenimiento - comunicacion periodica
2525-GVKQU,0.0226,Low,Mantenimiento - comunicacion periodica
3865-ZFZIB,0.0226,Low,Mantenimiento - comunicacion periodica
2429-AYKKO,0.0226,Low,Mantenimiento - comunicacion periodica
3594-BDSOA,0.0225,Low,Mantenimiento - comunicacion periodica
1245-HARPS,0.0225,Low,Mantenimiento - comunicacion periodica
7408-OFWXJ,0.0225,Low,Mantenimiento - comunicacion periodica
5876-QMYLD,0.0225,Low,Mantenimiento - comunicacion periodica
5930-GBIWP,0.0225,Low,Mantenimiento - comunicacion periodica
2696-RZVZW,0.0225,Low,Mantenimiento - comunicacion periodica
3359-DSRKA,0.0225,Low,Mantenimiento - comunicacion periodica
7951-QKZPL,0.0225,Low,Mantenimiento - comunicacion periodica
6292-TOSSS,0.0225,Low,Mantenimiento - comunicacion periodica
8807-OPMBM,0.0225,Low,Mantenimiento - comunicacion periodica
1561-BWHIN,0.0225,Low,Mantenimiento - comunicacion periodica
1722-LDZJS,0.0225,Low,Mantenimiento - comunicacion periodica
6349-JDHQP,0.0224,Low,Mantenimiento - comunicacion periodica
7998-WNZEM,0.0224,Low,Mantenimiento - comunicacion periodica
7008-LZVOZ,0.0224,Low,Mantenimiento - comunicacion periodica
4795-UXVCJ,0.0224,Low,Mantenimiento - comunicacion periodica
5627-TVBPP,0.0224,Low,Mantenimiento - comunicacion periodica
2122-SZZZD,0.0224,Low,Mantenimiento - comunicacion periodica
6024-RUGGH,0.0224,Low,Mantenimiento - comunicacion periodica
5743-KHMNA,0.0224,Low,Mantenimiento - comunicacion periodica
3635-QQRQD,0.0224,Low,Mantenimiento - comunicacion periodica
0230-WEQUW,0.0224,Low,Mantenimiento - comunicacion periodica
1080-BWSYE,0.0224,Low,Mantenimiento - comunicacion periodica
6685-XSHHU,0.0224,Low,Mantenimiento - comunicacion periodica
8430-TWCBX,0.0224,Low,Mantenimiento - comunicacion periodica
4685-TFLLS,0.0223,Low,Mantenimiento - comunicacion periodica
0859-YGKFW,0.0223,Low,Mantenimiento - comunicacion periodica
2418-TPEUN,0.0223,Low,Mantenimiento - comunicacion periodica
9081-WWXKP,0.0223,Low,Mantenimiento - comunicacion periodica
1775-KWJKQ,0.0223,Low,Mantenimiento - comunicacion periodica
4518-FZBSX,0.0223,Low,Mantenimiento - comunicacion periodica
4538-WNTMJ,0.0223,Low,Mantenimiento - comunicacion periodica
9975-GPKZU,0.0223,Low,Mantenimiento - comunicacion periodica
0301-FIDRB,0.0223,Low,Mantenimiento - comunicacion periodica
3563-SVYLG,0.0222,Low,Mantenimiento - comunicacion periodica
9337-SRRNI,0.0222,Low,Mantenimiento - comunicacion periodica
5148-HKFIR,0.0222,Low,Mantenimiento - comunicacion periodica
5296-PSYVW,0.0222,Low,Mantenimiento - comunicacion periodica
2452-MRMZF,0.0222,Low,Mantenimiento - comunicacion periodica
9489-JMTTN,0.0222,Low,Mantenimiento - comunicacion periodica
8838-GPHZP,0.0222,Low,Mantenimiento - comunicacion periodica
0732-OCQOC,0.0222,Low,Mantenimiento - comunicacion periodica
0129-QMPDR,0.0222,Low,Mantenimiento - comunicacion periodica
5656-JAMLX,0.0222,Low,Mantenimiento - comunicacion periodica
8148-NLEGT,0.0221,Low,Mantenimiento - comunicacion periodica
7579-KKLOE,0.0221,Low,Mantenimiento - comunicacion periodica
0219-QAERP,0.0221,Low,Mantenimiento - comunicacion periodica
1657-DYMBM,0.0221,Low,Mantenimiento - comunicacion periodica
1843-TLSGD,0.0221,Low,Mantenimiento - comunicacion periodica
9385-EHGDO,0.0221,Low,Mantenimiento - comunicacion periodica
6199-IPCAO,0.0221,Low,Mantenimiento - comunicacion periodica
2819-GWENI,0.0221,Low,Mantenimiento - comunicacion periodica
0281-CNTZX,0.0221,Low,Mantenimiento - comunicacion periodica
1852-QSWCD,0.0221,Low,Mantenimiento - comunicacion periodica
4018-KJYUY,0.0221,Low,Mantenimiento - comunicacion periodica
4701-LKOZD,0.0221,Low,Mantenimiento - comunicacion periodica
6770-UAYGJ,0.022,Low,Mantenimiento - comunicacion periodica
2925-VDZHY,0.022,Low,Mantenimiento - comunicacion periodica
4335-BSMJS,0.022,Low,Mantenimiento - comunicacion periodica
3696-DFHHB,0.022,Low,Mantenimiento - comunicacion periodica
1897-RCFUM,0.022,Low,Mantenimiento - comunicacion periodica
8191-XWSZG,0.022,Low,Mantenimiento - comunicacion periodica
4674-HGNUA,0.022,Low,Mantenimiento - comunicacion periodica
3170-NMYVV,0.022,Low,Mantenimiento - comunicacion periodica
5117-ZSMHQ,0.022,Low,Mantenimiento - comunicacion periodica
7975-JMZNT,0.022,Low,Mantenimiento - comunicacion periodica
7398-HPYZQ,0.022,Low,Mantenimiento - comunicacion periodica
9548-LERKT,0.0219,Low,Mantenimiento - comunicacion periodica
5485-ITNPC,0.0219,Low,Mantenimiento - comunicacion periodica
2977-CEBSX,0.0219,Low,Mantenimiento - comunicacion periodica
5849-ASHZJ,0.0219,Low,Mantenimiento - comunicacion periodica
2332-TODQS,0.0219,Low,Mantenimiento - comunicacion periodica
9507-HSMMZ,0.0219,Low,Mantenimiento - comunicacion periodica
4213-HKBJO,0.0219,Low,Mantenimiento - comunicacion periodica
0969-RGKCU,0.0219,Low,Mantenimiento - comunicacion periodica
9242-TKFSV,0.0219,Low,Mantenimiento - comunicacion periodica
2560-QTSBS,0.0219,Low,Mantenimiento - comunicacion periodica
5322-ZSMZY,0.0219,Low,Mantenimiento - comunicacion periodica
8173-RXAYP,0.0219,Low,Mantenimiento - comunicacion periodica
8606-OEGQZ,0.0219,Low,Mantenimiento - comunicacion periodica
3778-FOAQW,0.0219,Low,Mantenimiento - comunicacion periodica
7850-THJMU,0.0219,Low,Mantenimiento - comunicacion periodica
7684-XSZIY,0.0219,Low,Mantenimiento - comunicacion periodica
3836-FZSDJ,0.0219,Low,Mantenimiento - comunicacion periodica
2181-TIDSV,0.0219,Low,Mantenimiento - comunicacion periodica
5275-PMFUT,0.0219,Low,Mantenimiento - comunicacion periodica
8896-RAZCR,0.0219,Low,Mantenimiento - comunicacion periodica
9778-OGKQZ,0.0218,Low,Mantenimiento - comunicacion periodica
9668-PUGNU,0.0218,Low,Mantenimiento - comunicacion periodica
6100-FJZDG,0.0218,Low,Mantenimiento - comunicacion periodica
5821-MMEIL,0.0218,Low,Mantenimiento - comunicacion periodica
9602-WCXPI,0.0218,Low,Mantenimiento - comunicacion periodica
0048-PIHNL,0.0218,Low,Mantenimiento - comunicacion periodica
0374-FIUCA,0.0218,Low,Mantenimiento - comunicacion periodica
3935-TBRZZ,0.0218,Low,Mantenimiento - comunicacion periodica
9953-ZMKSM,0.0218,Low,Mantenimiento - comunicacion periodica
7205-BAIAD,0.0218,Low,Mantenimiento - comunicacion periodica
7945-PRBVF,0.0218,Low,Mantenimiento - comunicacion periodica
7139-JZFVG,0.0218,Low,Mantenimiento - comunicacion periodica
5006-MXVRN,0.0218,Low,Mantenimiento - comunicacion periodica
9297-EONCV,0.0217,Low,Mantenimiento - comunicacion periodica
6258-PVZWJ,0.0217,Low,Mantenimiento - comunicacion periodica
8441-SHIPE,0.0217,Low,Mantenimiento - comunicacion periodica
2236-HILPA,0.0217,Low,Mantenimiento - comunicacion periodica
5567-GZKQY,0.0217,Low,Mantenimiento - comunicacion periodica
0562-HKHML,0.0217,Low,Mantenimiento - comunicacion periodica
9065-ZCPQX,0.0217,Low,Mantenimiento - comunicacion periodica
7018-FPXHH,0.0217,Low,Mantenimiento - comunicacion periodica
1834-WULEG,0.0217,Low,Mantenimiento - comunicacion periodica
5266-PFRQK,0.0217,Low,Mantenimiento - comunicacion periodica
3154-HMWUU,0.0217,Low,Mantenimiento - comunicacion periodica
2706-QZIHY,0.0217,Low,Mantenimiento - comunicacion periodica
9509-MPYOD,0.0217,Low,Mantenimiento - comunicacion periodica
2662-NNTDK,0.0217,Low,Mantenimiento - comunicacion periodica
7969-FFOWG,0.0217,Low,Mantenimiento - comunicacion periodica
3612-YVGSJ,0.0217,Low,Mantenimiento - comunicacion periodica
7114-AEOZE,0.0217,Low,Mantenimiento - comunicacion periodica
4121-AGSIN,0.0217,Low,Mantenimiento - comunicacion periodica
9372-TXXPS,0.0216,Low,Mantenimiento - comunicacion periodica
4785-FCIFB,0.0216,Low,Mantenimiento - comunicacion periodica
9824-QCJPK,0.0216,Low,Mantenimiento - comunicacion periodica
6563-VRERX,0.0216,Low,Mantenimiento - comunicacion periodica
6625-FLENO,0.0216,Low,Mantenimiento - comunicacion periodica
3472-QPRCH,0.0216,Low,Mantenimiento - comunicacion periodica
7977-HXJKU,0.0216,Low,Mantenimiento - comunicacion periodica
1764-VUUMT,0.0216,Low,Mantenimiento - comunicacion periodica
7781-HVGMK,0.0216,Low,Mantenimiento - comunicacion periodica
0839-JTCUD,0.0216,Low,Mantenimiento - comunicacion periodica
3785-KTYSH,0.0216,Low,Mantenimiento - comunicacion periodica
6365-HITVU,0.0216,Low,Mantenimiento - comunicacion periodica
7813-TKCVO,0.0216,Low,Mantenimiento - comunicacion periodica
2607-DHDAK,0.0215,Low,Mantenimiento - comunicacion periodica
2799-TSLAG,0.0215,Low,Mantenimiento - comunicacion periodica
8701-DGLVH,0.0215,Low,Mantenimiento - comunicacion periodica
4302-ZYFEL,0.0215,Low,Mantenimiento - comunicacion periodica
7560-QRBXH,0.0215,Low,Mantenimiento - comunicacion periodica
2595-KIWPV,0.0215,Low,Mantenimiento - comunicacion periodica
1187-WILMM,0.0215,Low,Mantenimiento - comunicacion periodica
3873-WOSBC,0.0215,Low,Mantenimiento - comunicacion periodica
2263-SFSQZ,0.0215,Low,Mantenimiento - comunicacion periodica
9795-SHUHB,0.0215,Low,Mantenimiento - comunicacion periodica
0269-XFESX,0.0215,Low,Mantenimiento - comunicacion periodica
3284-SVCRO,0.0215,Low,Mantenimiento - comunicacion periodica
1635-NZATJ,0.0215,Low,Mantenimiento - comunicacion periodica
6096-EGVTU,0.0214,Low,Mantenimiento - comunicacion periodica
2346-LOCWC,0.0214,Low,Mantenimiento - comunicacion periodica
9504-YAZWB,0.0214,Low,Mantenimiento - comunicacion periodica
2228-BZDEE,0.0214,Low,Mantenimiento - comunicacion periodica
0354-VXMJC,0.0214,Low,Mantenimiento - comunicacion periodica
0040-HALCW,0.0214,Low,Mantenimiento - comunicacion periodica
2808-CHTDM,0.0214,Low,Mantenimiento - comunicacion periodica
5296-BFCYD,0.0214,Low,Mantenimiento - comunicacion periodica
3973-SKMLN,0.0214,Low,Mantenimiento - comunicacion periodica
6407-GSJNL,0.0214,Low,Mantenimiento - comunicacion periodica
2796-NNUFI,0.0214,Low,Mantenimiento - comunicacion periodica
6080-LNESI,0.0214,Low,Mantenimiento - comunicacion periodica
0902-RFHOF,0.0214,Low,Mantenimiento - comunicacion periodica
6248-BSHKG,0.0214,Low,Mantenimiento - comunicacion periodica
4625-LAMOB,0.0213,Low,Mantenimiento - comunicacion periodica
1371-OJCEK,0.0213,Low,Mantenimiento - comunicacion periodica
6621-NRZAK,0.0213,Low,Mantenimiento - comunicacion periodica
8750-QWZAJ,0.0213,Low,Mantenimiento - comunicacion periodica
1574-DYCWE,0.0213,Low,Mantenimiento - comunicacion periodica
3810-PJUHR,0.0213,Low,Mantenimiento - comunicacion periodica
4361-FEBGN,0.0213,Low,Mantenimiento - comunicacion periodica
4883-KCPZJ,0.0213,Low,Mantenimiento - comunicacion periodica
7083-MIOPC,0.0213,Low,Mantenimiento - comunicacion periodica
0071-NDAFP,0.0213,Low,Mantenimiento - comunicacion periodica
7601-DHFWZ,0.0213,Low,Mantenimiento - comunicacion periodica
5146-YYFRZ,0.0212,Low,Mantenimiento - comunicacion periodica
1073-XXCZD,0.0212,Low,Mantenimiento - comunicacion periodica
0795-XCCTE,0.0212,Low,Mantenimiento - comunicacion periodica
8748-HFWBO,0.0212,Low,Mantenimiento - comunicacion periodica
8859-DZTGQ,0.0212,Low,Mantenimiento - comunicacion periodica
1970-KKFWL,0.0212,Low,Mantenimiento - comunicacion periodica
4526-EXKKN,0.0212,Low,Mantenimiento - comunicacion periodica
7328-OWMOM,0.0212,Low,Mantenimiento - comunicacion periodica
6696-YDAYZ,0.0212,Low,Mantenimiento - comunicacion periodica
1328-EUZHC,0.0212,Low,Mantenimiento - comunicacion periodica
5334-AFQJB,0.0212,Low,Mantenimiento - comunicacion periodica
4878-BUNFV,0.0212,Low,Mantenimiento - comunicacion periodica
7996-MHXLW,0.0212,Low,Mantenimiento - comunicacion periodica
2251-PYLPB,0.0211,Low,Mantenimiento - comunicacion periodica
1248-DYXUB,0.0211,Low,Mantenimiento - comunicacion periodica
5766-FTRTS,0.0211,Low,Mantenimiento - comunicacion periodica
3454-JFUBC,0.0211,Low,Mantenimiento - comunicacion periodica
2160-GPFXD,0.0211,Low,Mantenimiento - comunicacion periodica
0016-QLJIS,0.0211,Low,Mantenimiento - comunicacion periodica
1240-HCBOH,0.0211,Low,Mantenimiento - comunicacion periodica
2509-TFPJU,0.0211,Low,Mantenimiento - comunicacion periodica
5902-WBLSE,0.0211,Low,Mantenimiento - comunicacion periodica
3769-MHZNV,0.0211,Low,Mantenimiento - comunicacion periodica
8544-JNBOX,0.0211,Low,Mantenimiento - comunicacion periodica
8711-LOBKY,0.0211,Low,Mantenimiento - comunicacion periodica
8277-RVRSV,0.0211,Low,Mantenimiento - comunicacion periodica
1209-VFFOC,0.0211,Low,Mantenimiento - comunicacion periodica
9257-AZMTZ,0.0211,Low,Mantenimiento - comunicacion periodica
9430-NKQLY,0.0211,Low,Mantenimiento - comunicacion periodica
1401-FTHFQ,0.0211,Low,Mantenimiento - comunicacion periodica
8219-VYBVI,0.0211,Low,Mantenimiento - comunicacion periodica
1241-EZFMJ,0.0211,Low,Mantenimiento - comunicacion periodica
5201-CBWYG,0.0211,Low,Mantenimiento - comunicacion periodica
4625-XMOYM,0.0211,Low,Mantenimiento - comunicacion periodica
8999-EXMNO,0.0211,Low,Mantenimiento - comunicacion periodica
4973-MGTON,0.021,Low,Mantenimiento - comunicacion periodica
2749-CTKAJ,0.021,Low,Mantenimiento - comunicacion periodica
0625-AFOHS,0.021,Low,Mantenimiento - comunicacion periodica
1862-QRWPE,0.021,Low,Mantenimiento - comunicacion periodica
7898-PDWQE,0.021,Low,Mantenimiento - comunicacion periodica
0318-ZOPWS,0.021,Low,Mantenimiento - comunicacion periodica
0397-ZXWQF,0.021,Low,Mantenimiento - comunicacion periodica
8285-ABVLB,0.021,Low,Mantenimiento - comunicacion periodica
3889-VWBID,0.021,Low,Mantenimiento - comunicacion periodica
1269-FOYWN,0.021,Low,Mantenimiento - comunicacion periodica
4707-MAXGU,0.021,Low,Mantenimiento - comunicacion periodica
5231-FIQPA,0.021,Low,Mantenimiento - comunicacion periodica
8874-EJNSR,0.021,Low,Mantenimiento - comunicacion periodica
2097-YVPKN,0.021,Low,Mantenimiento - comunicacion periodica
5848-FHRFC,0.021,Low,Mantenimiento - comunicacion periodica
0831-JNISG,0.021,Low,Mantenimiento - comunicacion periodica
8690-ZVLCL,0.021,Low,Mantenimiento - comunicacion periodica
3996-ZNWYK,0.021,Low,Mantenimiento - comunicacion periodica
9178-JHUVJ,0.021,Low,Mantenimiento - comunicacion periodica
8532-UEFWH,0.021,Low,Mantenimiento - comunicacion periodica
5879-HMFFH,0.021,Low,Mantenimiento - comunicacion periodica
6885-PKOAM,0.021,Low,Mantenimiento - comunicacion periodica
0174-QRVVY,0.021,Low,Mantenimiento - comunicacion periodica
7647-GYYKX,0.021,Low,Mantenimiento - comunicacion periodica
0394-YONDK,0.021,Low,Mantenimiento - comunicacion periodica
7606-BPHHN,0.021,Low,Mantenimiento - comunicacion periodica
8946-BFWSG,0.0209,Low,Mantenimiento - comunicacion periodica
8129-GMVGI,0.0209,Low,Mantenimiento - comunicacion periodica
1591-XWLGB,0.0209,Low,Mantenimiento - comunicacion periodica
6408-WHTEF,0.0209,Low,Mantenimiento - comunicacion periodica
2072-ZVJJX,0.0209,Low,Mantenimiento - comunicacion periodica
6134-KWTBV,0.0209,Low,Mantenimiento - comunicacion periodica
5171-EPLKN,0.0209,Low,Mantenimiento - comunicacion periodica
6651-RLGGM,0.0209,Low,Mantenimiento - comunicacion periodica
9710-NJERN,0.0209,Low,Mantenimiento - comunicacion periodica
8590-OHDIW,0.0209,Low,Mantenimiento - comunicacion periodica
4955-VCWBI,0.0209,Low,Mantenimiento - comunicacion periodica
4012-YCFAI,0.0209,Low,Mantenimiento - comunicacion periodica
6961-MJKBO,0.0209,Low,Mantenimiento - comunicacion periodica
2143-LJULT,0.0209,Low,Mantenimiento - comunicacion periodica
4176-RELJR,0.0209,Low,Mantenimiento - comunicacion periodica
5176-LMJXE,0.0209,Low,Mantenimiento - comunicacion periodica
2804-ETQDK,0.0208,Low,Mantenimiento - comunicacion periodica
6609-MXJHJ,0.0208,Low,Mantenimiento - comunicacion periodica
1052-QJIBV,0.0208,Low,Mantenimiento - comunicacion periodica
3460-TJBWI,0.0208,Low,Mantenimiento - comunicacion periodica
8774-GSBUN,0.0208,Low,Mantenimiento - comunicacion periodica
6997-UVGOX,0.0208,Low,Mantenimiento - comunicacion periodica
1207-BLKSA,0.0208,Low,Mantenimiento - comunicacion periodica
0962-CQPWQ,0.0208,Low,Mantenimiento - comunicacion periodica
4703-MQYKT,0.0208,Low,Mantenimiento - comunicacion periodica
0505-SPOOW,0.0208,Low,Mantenimiento - comunicacion periodica
7033-CLAMM,0.0208,Low,Mantenimiento - comunicacion periodica
6479-VDGRK,0.0208,Low,Mantenimiento - comunicacion periodica
5469-NUJUR,0.0208,Low,Mantenimiento - comunicacion periodica
5968-HYJRZ,0.0208,Low,Mantenimiento - comunicacion periodica
5680-LQOGP,0.0208,Low,Mantenimiento - comunicacion periodica
7515-LODFU,0.0207,Low,Mantenimiento - comunicacion periodica
3457-PQBYH,0.0207,Low,Mantenimiento - comunicacion periodica
1897-OKVMW,0.0207,Low,Mantenimiento - comunicacion periodica
2194-IIQOF,0.0207,Low,Mantenimiento - comunicacion periodica
8859-AXJZP,0.0207,Low,Mantenimiento - comunicacion periodica
7876-DNYAP,0.0207,Low,Mantenimiento - comunicacion periodica
3642-BYHDO,0.0207,Low,Mantenimiento - comunicacion periodica
6619-RPLQZ,0.0207,Low,Mantenimiento - comunicacion periodica
4077-HWUYD,0.0207,Low,Mantenimiento - comunicacion periodica
7064-JHXCE,0.0207,Low,Mantenimiento - comunicacion periodica
0123-CRBRT,0.0207,Low,Mantenimiento - comunicacion periodica
4735-BJKOU,0.0207,Low,Mantenimiento - comunicacion periodica
5242-UOWHD,0.0207,Low,Mantenimiento - comunicacion periodica
0485-ZBSLN,0.0207,Low,Mantenimiento - comunicacion periodica
3913-RDSJZ,0.0207,Low,Mantenimiento - comunicacion periodica
8380-MQINP,0.0207,Low,Mantenimiento - comunicacion periodica
7480-SPLEF,0.0207,Low,Mantenimiento - comunicacion periodica
8450-LUGUK,0.0207,Low,Mantenimiento - comunicacion periodica
3070-FNFZQ,0.0207,Low,Mantenimiento - comunicacion periodica
6461-SZMCV,0.0207,Low,Mantenimiento - comunicacion periodica
5982-XMDEX,0.0207,Low,Mantenimiento - comunicacion periodica
1767-CJKBA,0.0207,Low,Mantenimiento - comunicacion periodica
2384-OVPSA,0.0207,Low,Mantenimiento - comunicacion periodica
1092-WPIVQ,0.0207,Low,Mantenimiento - comunicacion periodica
5598-IKHQQ,0.0207,Low,Mantenimiento - comunicacion periodica
1460-UZPRJ,0.0206,Low,Mantenimiento - comunicacion periodica
9648-BCHKM,0.0206,Low,Mantenimiento - comunicacion periodica
9537-JALFH,0.0206,Low,Mantenimiento - comunicacion periodica
3580-GICBM,0.0206,Low,Mantenimiento - comunicacion periodica
5871-DGTXZ,0.0206,Low,Mantenimiento - comunicacion periodica
6000-UKLWI,0.0206,Low,Mantenimiento - comunicacion periodica
0464-WJTKO,0.0206,Low,Mantenimiento - comunicacion periodica
5970-GHJAW,0.0206,Low,Mantenimiento - comunicacion periodica
2208-MPXIO,0.0206,Low,Mantenimiento - comunicacion periodica
8540-ZQGEA,0.0206,Low,Mantenimiento - comunicacion periodica
2805-AUFQN,0.0206,Low,Mantenimiento - comunicacion periodica
3097-FQTVJ,0.0206,Low,Mantenimiento - comunicacion periodica
9371-BITHB,0.0206,Low,Mantenimiento - comunicacion periodica
9916-AYHTC,0.0206,Low,Mantenimiento - comunicacion periodica
4962-CHQPW,0.0206,Low,Mantenimiento - comunicacion periodica
7268-WNTCP,0.0206,Low,Mantenimiento - comunicacion periodica
8908-SLFCJ,0.0206,Low,Mantenimiento - comunicacion periodica
6892-BOGQE,0.0206,Low,Mantenimiento - comunicacion periodica
2400-FEQME,0.0206,Low,Mantenimiento - comunicacion periodica
1395-WSWXR,0.0206,Low,Mantenimiento - comunicacion periodica
0704-VCUMB,0.0206,Low,Mantenimiento - comunicacion periodica
9365-CSLBQ,0.0206,Low,Mantenimiento - comunicacion periodica
4656-CAURT,0.0206,Low,Mantenimiento - comunicacion periodica
7225-IILWY,0.0206,Low,Mantenimiento - comunicacion periodica
7717-BICXI,0.0206,Low,Mantenimiento - comunicacion periodica
0988-AADSA,0.0205,Low,Mantenimiento - comunicacion periodica
1926-QUZNN,0.0205,Low,Mantenimiento - comunicacion periodica
3148-AOIQT,0.0205,Low,Mantenimiento - comunicacion periodica
3774-VBNXY,0.0205,Low,Mantenimiento - comunicacion periodica
4779-ZGICK,0.0205,Low,Mantenimiento - comunicacion periodica
7815-PDTHL,0.0205,Low,Mantenimiento - comunicacion periodica
7010-BRBUU,0.0205,Low,Mantenimiento - comunicacion periodica
6813-GZQCG,0.0205,Low,Mantenimiento - comunicacion periodica
2481-SBOYW,0.0205,Low,Mantenimiento - comunicacion periodica
9650-VBUOG,0.0205,Low,Mantenimiento - comunicacion periodica
2068-WWXQZ,0.0205,Low,Mantenimiento - comunicacion periodica
2729-VNVAP,0.0205,Low,Mantenimiento - comunicacion periodica
2169-RRLFW,0.0205,Low,Mantenimiento - comunicacion periodica
1705-GUHPV,0.0205,Low,Mantenimiento - comunicacion periodica
8434-VGEQQ,0.0205,Low,Mantenimiento - comunicacion periodica
9964-WBQDJ,0.0205,Low,Mantenimiento - comunicacion periodica
2995-YWTCD,0.0205,Low,Mantenimiento - comunicacion periodica
6923-AQONU,0.0205,Low,Mantenimiento - comunicacion periodica
9392-XBGTD,0.0205,Low,Mantenimiento - comunicacion periodica
6485-QXWWE,0.0205,Low,Mantenimiento - comunicacion periodica
6285-FTQBF,0.0204,Low,Mantenimiento - comunicacion periodica
1403-GYAFU,0.0204,Low,Mantenimiento - comunicacion periodica
3458-IDMFK,0.0204,Low,Mantenimiento - comunicacion periodica
9418-RUKPH,0.0204,Low,Mantenimiento - comunicacion periodica
1934-MKPXS,0.0204,Low,Mantenimiento - comunicacion periodica
6725-TPKJO,0.0204,Low,Mantenimiento - comunicacion periodica
7696-CFTAT,0.0204,Low,Mantenimiento - comunicacion periodica
4652-ODEVH,0.0204,Low,Mantenimiento - comunicacion periodica
4807-IZYOZ,0.0204,Low,Mantenimiento - comunicacion periodica
1820-DJFPH,0.0204,Low,Mantenimiento - comunicacion periodica
2545-LXYVJ,0.0204,Low,Mantenimiento - comunicacion periodica
5542-NKVRU,0.0204,Low,Mantenimiento - comunicacion periodica
9251-AWQGT,0.0204,Low,Mantenimiento - comunicacion periodica
2888-ADFAO,0.0204,Low,Mantenimiento - comunicacion periodica
0582-AVCLN,0.0204,Low,Mantenimiento - comunicacion periodica
3190-ITQXP,0.0204,Low,Mantenimiento - comunicacion periodica
3957-SQXML,0.0204,Low,Mantenimiento - comunicacion periodica
2300-RQGOI,0.0204,Low,Mantenimiento - comunicacion periodica
4534-WGCIR,0.0203,Low,Mantenimiento - comunicacion periodica
8361-LBRDI,0.0203,Low,Mantenimiento - comunicacion periodica
7096-ZNBZI,0.0203,Low,Mantenimiento - comunicacion periodica
9661-JALZV,0.0203,Low,Mantenimiento - comunicacion periodica
6976-BWGLQ,0.0203,Low,Mantenimiento - comunicacion periodica
5845-BZZIB,0.0203,Low,Mantenimiento - comunicacion periodica
2050-ONYDQ,0.0203,Low,Mantenimiento - comunicacion periodica
2346-CZYIL,0.0203,Low,Mantenimiento - comunicacion periodica
1306-RPWXZ,0.0203,Low,Mantenimiento - comunicacion periodica
3129-AAQOU,0.0203,Low,Mantenimiento - comunicacion periodica
9800-OUIGR,0.0203,Low,Mantenimiento - comunicacion periodica
4458-KVRBJ,0.0203,Low,Mantenimiento - comunicacion periodica
1215-EXRMO,0.0202,Low,Mantenimiento - comunicacion periodica
8957-THMOA,0.0202,Low,Mantenimiento - comunicacion periodica
8232-UTFOZ,0.0202,Low,Mantenimiento - comunicacion periodica
8966-KZXXA,0.0202,Low,Mantenimiento - comunicacion periodica
8174-LNWMW,0.0202,Low,Mantenimiento - comunicacion periodica
5793-YOLJN,0.0202,Low,Mantenimiento - comunicacion periodica
5666-MBJPT,0.0202,Low,Mantenimiento - comunicacion periodica
6370-ZVHDV,0.0202,Low,Mantenimiento - comunicacion periodica
4565-NLZBV,0.0202,Low,Mantenimiento - comunicacion periodica
8292-ITGYJ,0.0201,Low,Mantenimiento - comunicacion periodica
5980-BDHPY,0.0201,Low,Mantenimiento - comunicacion periodica
7558-IMLMT,0.0201,Low,Mantenimiento - comunicacion periodica
9453-PATOS,0.0201,Low,Mantenimiento - comunicacion periodica
1087-GRUYI,0.0201,Low,Mantenimiento - comunicacion periodica
9838-BFCQT,0.0201,Low,Mantenimiento - comunicacion periodica
0794-YVSGE,0.0201,Low,Mantenimiento - comunicacion periodica
8402-OOOHJ,0.0201,Low,Mantenimiento - comunicacion periodica
5699-BNCAS,0.0201,Low,Mantenimiento - comunicacion periodica
8626-XHBIE,0.0201,Low,Mantenimiento - comunicacion periodica
2632-TACXW,0.0201,Low,Mantenimiento - comunicacion periodica
1227-UDMZR,0.0201,Low,Mantenimiento - comunicacion periodica
0506-YLVKJ,0.0201,Low,Mantenimiento - comunicacion periodica
8215-NGSPE,0.0201,Low,Mantenimiento - comunicacion periodica
5124-EOGYE,0.0201,Low,Mantenimiento - comunicacion periodica
6265-FRMTQ,0.0201,Low,Mantenimiento - comunicacion periodica
6551-VLJMV,0.0201,Low,Mantenimiento - comunicacion periodica
1468-DEFNC,0.02,Low,Mantenimiento - comunicacion periodica
9593-CVZKR,0.02,Low,Mantenimiento - comunicacion periodica
2908-WGAXL,0.02,Low,Mantenimiento - comunicacion periodica
1293-BSEUN,0.02,Low,Mantenimiento - comunicacion periodica
6614-YWYSC,0.02,Low,Mantenimiento - comunicacion periodica
6060-QBMGV,0.02,Low,Mantenimiento - comunicacion periodica
1555-HAPSU,0.02,Low,Mantenimiento - comunicacion periodica
0264-CNITK,0.02,Low,Mantenimiento - comunicacion periodica
6980-IMXXE,0.02,Low,Mantenimiento - comunicacion periodica
6734-PSBAW,0.02,Low,Mantenimiento - comunicacion periodica
6181-AXXYF,0.02,Low,Mantenimiento - comunicacion periodica
9415-ZNBSX,0.02,Low,Mantenimiento - comunicacion periodica
4609-KNNWG,0.02,Low,Mantenimiento - comunicacion periodica
3261-CQXOL,0.0199,Low,Mantenimiento - comunicacion periodica
6369-MCAKO,0.0199,Low,Mantenimiento - comunicacion periodica
8100-PNJMH,0.0199,Low,Mantenimiento - comunicacion periodica
7673-BQGKU,0.0199,Low,Mantenimiento - comunicacion periodica
4884-LEVMQ,0.0199,Low,Mantenimiento - comunicacion periodica
3678-MNGZX,0.0199,Low,Mantenimiento - comunicacion periodica
0363-SVHYR,0.0199,Low,Mantenimiento - comunicacion periodica
3896-ZVNET,0.0199,Low,Mantenimiento - comunicacion periodica
9435-JMLSX,0.0199,Low,Mantenimiento - comunicacion periodica
8164-OCKUJ,0.0199,Low,Mantenimiento - comunicacion periodica
6169-PPETC,0.0199,Low,Mantenimiento - comunicacion periodica
7596-IIWYC,0.0199,Low,Mantenimiento - comunicacion periodica
5854-KSRBJ,0.0199,Low,Mantenimiento - comunicacion periodica
1635-HDGFT,0.0199,Low,Mantenimiento - comunicacion periodica
5549-ZGHFB,0.0199,Low,Mantenimiento - comunicacion periodica
2642-MAWLJ,0.0199,Low,Mantenimiento - comunicacion periodica
8067-NIOYM,0.0199,Low,Mantenimiento - comunicacion periodica
8749-TZYEC,0.0199,Low,Mantenimiento - comunicacion periodica
4804-NCPET,0.0199,Low,Mantenimiento - comunicacion periodica
9068-FHQHD,0.0199,Low,Mantenimiento - comunicacion periodica
0640-YJTPY,0.0199,Low,Mantenimiento - comunicacion periodica
2207-RYYRL,0.0199,Low,Mantenimiento - comunicacion periodica
8577-QSOCG,0.0198,Low,Mantenimiento - comunicacion periodica
7014-ZZXAW,0.0198,Low,Mantenimiento - comunicacion periodica
4979-HPRFL,0.0198,Low,Mantenimiento - comunicacion periodica
2208-NKVVH,0.0198,Low,Mantenimiento - comunicacion periodica
6345-FZOQH,0.0198,Low,Mantenimiento - comunicacion periodica
0936-NQLJU,0.0198,Low,Mantenimiento - comunicacion periodica
8224-KDLKN,0.0198,Low,Mantenimiento - comunicacion periodica
5605-XNWEN,0.0198,Low,Mantenimiento - comunicacion periodica
2511-ALLCS,0.0198,Low,Mantenimiento - comunicacion periodica
9087-EYCPR,0.0198,Low,Mantenimiento - comunicacion periodica
7321-KKSDU,0.0198,Low,Mantenimiento - comunicacion periodica
7101-HRBLJ,0.0197,Low,Mantenimiento - comunicacion periodica
8092-NLTGF,0.0197,Low,Mantenimiento - comunicacion periodica
6484-LATFU,0.0197,Low,Mantenimiento - comunicacion periodica
4291-TPNFG,0.0197,Low,Mantenimiento - comunicacion periodica
0902-XKXPN,0.0197,Low,Mantenimiento - comunicacion periodica
7503-EPSZW,0.0197,Low,Mantenimiento - comunicacion periodica
0301-KOBTQ,0.0197,Low,Mantenimiento - comunicacion periodica
8237-ULIXL,0.0197,Low,Mantenimiento - comunicacion periodica
9173-IVZVP,0.0197,Low,Mantenimiento - comunicacion periodica
8165-ZJRNM,0.0197,Low,Mantenimiento - comunicacion periodica
7161-DFHUF,0.0197,Low,Mantenimiento - comunicacion periodica
6963-KQYQB,0.0197,Low,Mantenimiento - comunicacion periodica
3027-YNWZU,0.0197,Low,Mantenimiento - comunicacion periodica
9397-TZSHA,0.0197,Low,Mantenimiento - comunicacion periodica
7695-PKLCZ,0.0197,Low,Mantenimiento - comunicacion periodica
5249-QYHEX,0.0196,Low,Mantenimiento - comunicacion periodica
5220-AGAAX,0.0196,Low,Mantenimiento - comunicacion periodica
4018-PPNDW,0.0196,Low,Mantenimiento - comunicacion periodica
6857-TKDJV,0.0196,Low,Mantenimiento - comunicacion periodica
1131-QQZEB,0.0196,Low,Mantenimiento - comunicacion periodica
6340-DACFT,0.0196,Low,Mantenimiento - comunicacion periodica
4957-SREEC,0.0196,Low,Mantenimiento - comunicacion periodica
7463-IFMQU,0.0196,Low,Mantenimiento - comunicacion periodica
7267-FRMJW,0.0196,Low,Mantenimiento - comunicacion periodica
1299-AURJA,0.0195,Low,Mantenimiento - comunicacion periodica
0626-QXNGV,0.0195,Low,Mantenimiento - comunicacion periodica
4193-IBKSW,0.0195,Low,Mantenimiento - comunicacion periodica
0603-TPMIB,0.0195,Low,Mantenimiento - comunicacion periodica
1987-AUELQ,0.0195,Low,Mantenimiento - comunicacion periodica
0402-OAMEN,0.0195,Low,Mantenimiento - comunicacion periodica
4443-EMBNA,0.0195,Low,Mantenimiento - comunicacion periodica
4231-LZUYM,0.0195,Low,Mantenimiento - comunicacion periodica
0971-QIFJK,0.0195,Low,Mantenimiento - comunicacion periodica
8780-IHCRN,0.0194,Low,Mantenimiento - comunicacion periodica
5884-FBCTL,0.0194,Low,Mantenimiento - comunicacion periodica
8229-BUJHX,0.0194,Low,Mantenimiento - comunicacion periodica
5846-ABOBJ,0.0194,Low,Mantenimiento - comunicacion periodica
7711-GQBZC,0.0193,Low,Mantenimiento - comunicacion periodica
7980-MHFLQ,0.0193,Low,Mantenimiento - comunicacion periodica
0480-KYJVA,0.0193,Low,Mantenimiento - comunicacion periodica
4195-PNGZS,0.0193,Low,Mantenimiento - comunicacion periodica
3967-VQOGC,0.0193,Low,Mantenimiento - comunicacion periodica
1223-UNPKS,0.0193,Low,Mantenimiento - comunicacion periodica
4589-IUAJB,0.0192,Low,Mantenimiento - comunicacion periodica
1927-QEWMY,0.0192,Low,Mantenimiento - comunicacion periodica
4836-WNFNO,0.0192,Low,Mantenimiento - comunicacion periodica
9153-BTBVV,0.0191,Low,Mantenimiento - comunicacion periodica
9135-MGVPY,0.0191,Low,Mantenimiento - comunicacion periodica
7115-IRDHS,0.0191,Low,Mantenimiento - comunicacion periodica
8735-SDUFN,0.019,Low,Mantenimiento - comunicacion periodica
