customer_id,tenure,event_observed,churn_prob_within_6m,churn_prob_within_12m,churn_prob_within_24m,survival_risk_tier
3750-CKVKH,2,1,0.3831,0.516,0.6797,High
7855-DIWPO,21,0,0.3827,0.5156,0.6793,High
9728-FTTVZ,1,1,0.3825,0.5154,0.679,High
7660-HDPJV,1,1,0.3825,0.5154,0.679,High
3716-BDVDB,1,1,0.3826,0.5154,0.6791,High
3453-RTHJQ,6,0,0.3826,0.5154,0.6791,High
3428-XZMAZ,1,1,0.3825,0.5153,0.6789,High
6457-GIRWB,1,1,0.3825,0.5153,0.6789,High
7254-IQWOZ,1,1,0.3824,0.5152,0.6788,High
4291-SHSBH,7,0,0.3824,0.5152,0.6789,High
7665-TOALD,1,1,0.3824,0.5152,0.6788,High
1820-TQVEV,1,1,0.3824,0.5152,0.6789,High
0488-GSLFR,1,1,0.3824,0.5152,0.6789,High
6502-MJQAE,1,1,0.3824,0.5152,0.6788,High
6047-YHPVI,5,1,0.3823,0.5151,0.6788,High
4510-HIMLV,1,1,0.3823,0.5151,0.6787,High
2058-DCJBE,5,1,0.3823,0.5151,0.6788,High
4482-EWFMI,2,0,0.3823,0.5151,0.6788,High
4603-JANFB,1,1,0.3823,0.5151,0.6787,High
8630-FJLIB,18,0,0.3823,0.5151,0.6787,High
9804-ICWBG,1,1,0.3823,0.5151,0.6787,High
7245-NIIWQ,3,0,0.3823,0.5151,0.6787,High
2897-DOVND,2,0,0.3823,0.5151,0.6787,High
5875-YPQFJ,1,1,0.3823,0.5151,0.6787,High
5542-TBBWB,1,0,0.3823,0.5151,0.6787,High
0328-GRPMV,1,1,0.3822,0.515,0.6786,High
3884-HCSWG,17,1,0.3822,0.515,0.6786,High
3494-JCHRQ,1,1,0.3822,0.515,0.6786,High
4702-IOQDC,1,1,0.3822,0.515,0.6786,High
2482-CZGBB,10,1,0.3822,0.515,0.6786,High
7394-LWLYN,2,0,0.3822,0.5149,0.6786,High
1640-PLFMP,1,0,0.3821,0.5149,0.6785,High
9633-XQABV,3,0,0.3821,0.5149,0.6785,High
6653-CBBOM,1,1,0.3821,0.5149,0.6785,High
2446-PLQVO,1,1,0.3821,0.5149,0.6785,High
7465-ZZRVX,1,0,0.3821,0.5149,0.6785,High
9408-SSNVZ,4,1,0.3822,0.5149,0.6786,High
9717-QEBGU,2,0,0.3821,0.5149,0.6785,High
3244-DCJWY,1,1,0.3821,0.5149,0.6785,High
2568-BRGYX,4,1,0.3821,0.5149,0.6786,High
6077-BDPXA,3,0,0.3822,0.5149,0.6786,High
9506-UXUSK,13,0,0.3822,0.5149,0.6786,High
8270-RKSAP,9,0,0.382,0.5148,0.6784,High
5376-DEQCP,1,1,0.382,0.5147,0.6784,High
9237-HQITU,2,1,0.382,0.5147,0.6783,High
9432-VOFYX,17,0,0.3819,0.5147,0.6783,High
1031-IIDEO,1,1,0.3819,0.5146,0.6783,High
3721-CNEYS,2,1,0.3819,0.5146,0.6782,High
1769-GRUIK,18,0,0.3818,0.5145,0.6781,High
2101-RANCD,55,0,0.3811,0.5137,0.6772,High
8541-QVFKM,8,0,0.3809,0.5135,0.6771,High
6339-YPSAH,9,0,0.3808,0.5134,0.6769,High
0491-KAPQG,21,0,0.3809,0.5134,0.677,High
1450-SKCVI,56,1,0.3808,0.5133,0.6769,High
0122-OAHPZ,7,1,0.3808,0.5133,0.6769,High
0004-TLHLJ,4,1,0.3808,0.5133,0.6769,High
7801-KICAO,18,0,0.3807,0.5132,0.6768,High
9306-CPCBC,3,1,0.3807,0.5132,0.6767,High
3002-WQZWT,29,0,0.3807,0.5132,0.6768,High
4274-OWWYO,1,1,0.3806,0.5131,0.6767,High
0404-SWRVG,3,1,0.3806,0.5131,0.6767,High
4415-IJZTP,1,1,0.3806,0.5131,0.6766,High
8083-YTZES,4,1,0.3806,0.5131,0.6767,High
4282-YMKNA,9,1,0.3805,0.513,0.6765,High
1428-GTBJJ,11,1,0.3806,0.513,0.6766,High
5399-ZIMKF,5,0,0.3805,0.513,0.6766,High
4770-UEZOX,2,0,0.3805,0.513,0.6765,High
3765-JXVKY,1,1,0.3805,0.513,0.6765,High
8065-YKXKD,10,1,0.3805,0.513,0.6765,High
6358-LYNGM,1,1,0.3804,0.5129,0.6764,High
1475-VWVDO,7,0,0.3804,0.5129,0.6764,High
4090-KPJIP,3,0,0.3804,0.5129,0.6764,High
4229-CZMLL,6,1,0.3804,0.5129,0.6764,High
6996-KNSML,1,1,0.3804,0.5129,0.6764,High
6711-FLDFB,7,1,0.3804,0.5129,0.6764,High
3858-VOBET,23,1,0.3804,0.5129,0.6764,High
3030-YDNRM,8,0,0.3805,0.5129,0.6765,High
1157-BQCUW,1,1,0.3804,0.5129,0.6764,High
3199-XGZCY,8,0,0.3803,0.5128,0.6763,High
8325-QRPZR,7,0,0.3803,0.5128,0.6763,High
1452-VOQCH,1,0,0.3804,0.5128,0.6764,High
8816-VXNZD,1,1,0.3804,0.5128,0.6764,High
0840-DFEZH,7,0,0.3803,0.5127,0.6763,High
9787-XVQIU,1,1,0.3803,0.5127,0.6763,High
1320-HTRDR,3,1,0.3802,0.5127,0.6762,High
5834-ASPWA,1,1,0.3802,0.5127,0.6762,High
7817-BOQPW,2,1,0.3802,0.5126,0.6762,High
5196-SGOAK,1,1,0.3802,0.5126,0.6761,High
4749-OJKQU,4,0,0.3802,0.5126,0.6761,High
5159-YFPKQ,2,1,0.3801,0.5125,0.6761,High
7354-OIJLX,9,0,0.3801,0.5125,0.676,High
1618-CFHME,2,1,0.3801,0.5125,0.676,High
4581-SSPWD,3,1,0.3801,0.5125,0.6761,High
8443-ZRDBZ,4,1,0.38,0.5124,0.676,High
8486-AYEQH,31,0,0.38,0.5124,0.676,High
5928-QLDHB,9,0,0.38,0.5123,0.6759,High
0637-KVDLV,2,1,0.3799,0.5122,0.6758,High
1092-GANHU,17,1,0.3798,0.5122,0.6757,High
7625-XCQRH,11,1,0.3799,0.5122,0.6758,High
5835-BEQEU,3,1,0.3797,0.5121,0.6756,High
1219-NNDDO,9,0,0.3798,0.5121,0.6756,High
2609-IAICY,1,1,0.3797,0.512,0.6755,High
0475-RIJEP,43,1,0.3794,0.5117,0.6752,High
4013-TLDHQ,19,1,0.3793,0.5115,0.675,High
9837-BMCLM,3,1,0.3792,0.5114,0.6749,High
8740-CRYFY,1,1,0.3791,0.5113,0.6747,High
6311-UEUME,29,1,0.3791,0.5113,0.6748,High
7638-QVMVY,7,1,0.379,0.5112,0.6747,High
4210-QFJMF,4,1,0.379,0.5112,0.6747,High
4816-LXZYW,23,1,0.379,0.5112,0.6747,High
5960-WPXQM,1,1,0.379,0.5112,0.6747,High
8752-STIVR,4,1,0.379,0.5112,0.6747,High
7493-TPUWZ,1,1,0.379,0.5112,0.6747,High
6298-QDFNH,22,1,0.3789,0.5111,0.6746,High
1678-FYZOW,3,1,0.3789,0.5111,0.6746,High
3422-GALYP,2,0,0.3789,0.5111,0.6745,High
2868-MZAGQ,1,1,0.379,0.5111,0.6746,High
1918-ZBFQJ,13,1,0.379,0.5111,0.6746,High
2026-TGDHM,7,1,0.3789,0.5111,0.6746,High
1761-AEZZR,1,1,0.3789,0.511,0.6745,High
6437-UKHMV,7,1,0.3788,0.511,0.6744,High
0872-NXJYS,9,1,0.3789,0.511,0.6745,High
2514-GINMM,1,1,0.3789,0.511,0.6745,High
8058-INTPH,1,1,0.3788,0.511,0.6745,High
0495-RVCBF,1,1,0.3788,0.511,0.6744,High
4234-XTNEA,2,0,0.3787,0.5109,0.6743,High
2154-KVJFF,15,1,0.3788,0.5109,0.6744,High
4806-KEXQR,4,1,0.3787,0.5109,0.6744,High
6941-PMGEP,5,1,0.3787,0.5109,0.6743,High
5364-EVNIB,13,1,0.3788,0.5109,0.6744,High
1981-INRFU,2,1,0.3788,0.5109,0.6744,High
9300-RENDD,1,1,0.3787,0.5109,0.6743,High
9689-PTNPG,2,1,0.3786,0.5108,0.6742,High
8086-OVPWV,2,1,0.3786,0.5108,0.6742,High
2359-KMGLI,24,1,0.3786,0.5108,0.6742,High
4529-CKBCL,2,1,0.3786,0.5108,0.6742,High
5494-HECPR,1,1,0.3786,0.5108,0.6742,High
8819-IMISP,31,0,0.3786,0.5107,0.6741,High
9921-ZVRHG,14,1,0.3786,0.5107,0.6741,High
6357-JJPQT,3,0,0.3785,0.5107,0.6741,High
2789-HQBOU,3,0,0.3786,0.5107,0.6742,High
0928-XUTSN,13,0,0.3785,0.5107,0.6741,High
8854-CCVSQ,18,1,0.3785,0.5106,0.674,High
7439-DKZTW,1,0,0.3785,0.5106,0.6741,High
6103-BOCOU,26,0,0.3785,0.5106,0.674,High
7760-OYPDY,2,1,0.3785,0.5106,0.674,High
7563-BIUPC,5,1,0.3785,0.5106,0.6741,High
3956-MGXOG,28,0,0.3785,0.5106,0.6741,High
2612-RRIDN,4,1,0.3784,0.5105,0.6739,High
7703-ZEKEF,23,1,0.3784,0.5105,0.6739,High
5228-EXCET,13,1,0.3784,0.5105,0.674,High
6000-APYLU,9,1,0.3784,0.5105,0.674,High
6457-USBER,1,1,0.3784,0.5105,0.674,High
9878-TNQGW,2,1,0.3784,0.5105,0.6739,High
5650-YLIBA,31,0,0.3783,0.5104,0.6738,High
9625-QSTYE,13,1,0.3783,0.5104,0.6738,High
4614-NUVZD,1,1,0.3783,0.5104,0.6739,High
5022-KVDQT,27,0,0.3783,0.5103,0.6738,High
1508-DFXCU,12,0,0.3782,0.5103,0.6737,High
6968-GMKPR,55,0,0.3782,0.5103,0.6737,High
2004-OCQXK,1,1,0.3781,0.5101,0.6735,High
7314-OXENN,2,1,0.3781,0.5101,0.6735,High
0742-NXBGR,1,1,0.378,0.51,0.6734,High
3744-ZRRDZ,21,1,0.3779,0.5099,0.6734,High
0689-NKYLF,13,1,0.3777,0.5096,0.673,High
3550-SAHFP,33,1,0.3776,0.5096,0.673,High
8931-GJJIQ,9,1,0.3776,0.5096,0.673,High
7346-MEDWM,59,0,0.3777,0.5096,0.673,High
3365-SAIGS,17,0,0.3776,0.5095,0.6729,High
3223-WZWJM,26,1,0.3774,0.5094,0.6727,High
5628-FCGYG,21,0,0.3774,0.5093,0.6727,High
8739-XNIKG,5,0,0.3774,0.5093,0.6727,High
7005-CCBKV,6,1,0.3773,0.5092,0.6726,High
7613-LLQFO,12,1,0.3773,0.5092,0.6725,High
4822-NGOCH,13,1,0.3773,0.5092,0.6725,High
3714-NTNFO,49,0,0.3773,0.5091,0.6725,High
4912-PIGUY,1,0,0.3772,0.5091,0.6725,High
7517-LDMPS,12,0,0.3772,0.5091,0.6725,High
2362-IBOOY,36,1,0.3772,0.5091,0.6724,High
5889-LFOLL,13,1,0.3772,0.5091,0.6725,High
0362-ZBZWJ,36,1,0.3771,0.509,0.6724,High
9282-IZGQK,1,1,0.3771,0.509,0.6723,High
1766-GKNMI,29,0,0.3771,0.509,0.6724,High
7586-ZATGZ,40,0,0.3771,0.509,0.6724,High
2379-ENZGV,6,1,0.3772,0.509,0.6724,High
2202-CUYXZ,1,1,0.3772,0.509,0.6724,High
4822-YCXMX,25,1,0.3772,0.509,0.6724,High
1628-BIZYP,1,0,0.3771,0.509,0.6723,High
2952-QAYZF,5,1,0.377,0.5089,0.6722,High
4548-SDBKE,5,1,0.377,0.5089,0.6723,High
8593-WHYHV,3,1,0.377,0.5089,0.6722,High
6331-EWIEB,20,1,0.377,0.5089,0.6722,High
7831-QGOXH,18,1,0.377,0.5089,0.6723,High
3138-BKYAV,6,1,0.377,0.5088,0.6722,High
2691-NZETQ,9,1,0.377,0.5088,0.6722,High
2215-ZAFGX,9,0,0.377,0.5088,0.6721,High
4143-HHPMK,52,1,0.377,0.5088,0.6722,High
5597-GLBUC,1,1,0.377,0.5088,0.6722,High
0697-ZMSWS,4,1,0.3769,0.5087,0.6721,High
0259-GBZSH,2,1,0.3769,0.5087,0.6721,High
1143-NMNQJ,2,1,0.3769,0.5087,0.6721,High
5226-NOZFC,26,0,0.3769,0.5087,0.6721,High
0220-EBGCE,2,1,0.3768,0.5087,0.672,High
7488-MXJIV,4,1,0.3769,0.5087,0.6721,High
6474-FVJLC,2,1,0.3768,0.5086,0.672,High
2876-GZYZC,13,0,0.3768,0.5086,0.672,High
5989-PGKJB,16,0,0.3767,0.5085,0.6719,High
8337-MSSXB,14,1,0.3767,0.5085,0.6718,High
8603-IJWDN,1,1,0.3766,0.5084,0.6717,High
7858-GTZSP,12,0,0.3766,0.5084,0.6717,High
6352-TWCAU,35,1,0.3767,0.5084,0.6718,High
5229-PRWKT,8,1,0.3766,0.5084,0.6717,High
9451-LPGOO,7,1,0.3766,0.5083,0.6717,High
6979-ZNSFF,8,1,0.3765,0.5082,0.6716,High
3722-WPXTK,1,1,0.3761,0.5078,0.6711,High
6087-MVHJH,16,1,0.3761,0.5077,0.671,High
7228-OMTPN,4,1,0.3761,0.5077,0.671,High
4951-UKAAQ,4,1,0.3759,0.5076,0.6709,High
5366-IJEQJ,20,1,0.376,0.5076,0.671,High
1455-ESIQH,1,1,0.3759,0.5075,0.6708,High
5429-LWCMV,12,0,0.3759,0.5075,0.6708,High
1173-XZPYF,11,0,0.3758,0.5075,0.6708,High
9053-EJUNL,41,0,0.3758,0.5075,0.6708,High
2990-HWIML,6,1,0.3758,0.5074,0.6707,High
4112-LUEIZ,10,1,0.3758,0.5074,0.6707,High
7577-SWIFR,1,0,0.3758,0.5074,0.6707,High
9611-CTWIH,3,1,0.3758,0.5074,0.6707,High
0970-ETWGE,1,1,0.3757,0.5073,0.6706,High
5348-CAGXB,12,0,0.3757,0.5073,0.6706,High
3462-BJQQA,6,0,0.3757,0.5073,0.6706,High
1307-ATKGB,24,0,0.3757,0.5073,0.6706,High
4183-MYFRB,21,0,0.3756,0.5072,0.6705,High
8780-IXSTS,6,1,0.3756,0.5072,0.6704,High
8182-BJDSI,28,1,0.3756,0.5072,0.6705,High
3027-ZTDHO,1,1,0.3756,0.5072,0.6705,High
4228-ZGYUW,4,1,0.3756,0.5072,0.6705,High
3640-PHQXK,31,1,0.3756,0.5072,0.6705,High
6032-KRXXO,30,1,0.3755,0.5071,0.6704,High
4873-ILOLJ,24,1,0.3755,0.5071,0.6703,High
2034-GDRCN,2,1,0.3755,0.5071,0.6703,High
7274-RTAPZ,1,1,0.3755,0.507,0.6703,High
1579-KLYDT,7,1,0.3755,0.507,0.6703,High
7330-WZLNC,5,1,0.3754,0.5069,0.6702,High
1195-OIYEJ,13,1,0.3753,0.5068,0.6701,High
2672-HUYVI,6,1,0.3753,0.5068,0.6701,High
9546-CQJSU,2,1,0.3752,0.5067,0.67,High
5712-AHQNN,43,0,0.3751,0.5066,0.6699,High
3318-NMQXL,3,0,0.375,0.5065,0.6698,High
2462-XIIJB,5,1,0.3749,0.5063,0.6696,High
6986-IXNDM,14,0,0.3748,0.5062,0.6694,High
0236-HFWSV,15,1,0.3747,0.5061,0.6693,High
2985-FMWYF,23,0,0.3746,0.506,0.6692,High
8149-RSOUN,1,1,0.3745,0.5059,0.6691,High
4626-GYCZP,7,1,0.3745,0.5059,0.6691,High
8161-QYMTT,7,0,0.3744,0.5058,0.669,High
8087-LGYHQ,9,0,0.3745,0.5058,0.669,High
1567-DSCIC,8,1,0.3745,0.5058,0.6691,High
9360-OMDZZ,24,0,0.3744,0.5058,0.669,High
2645-QTLMB,7,1,0.3744,0.5058,0.669,High
5519-NPHVG,12,1,0.3744,0.5058,0.669,High
5899-OUVKV,31,0,0.3743,0.5057,0.6689,High
3045-XETSH,10,1,0.3742,0.5056,0.6688,High
7943-RQCHR,9,1,0.3743,0.5056,0.6688,High
0325-XBFAC,8,1,0.3743,0.5056,0.6688,High
4910-GMJOT,1,1,0.3743,0.5056,0.6689,High
7851-WZEKY,2,1,0.3742,0.5055,0.6687,High
7209-JCUDS,10,1,0.3742,0.5055,0.6687,High
5382-SOYZL,22,0,0.3742,0.5055,0.6687,High
9944-HKVVB,3,1,0.3742,0.5055,0.6687,High
1960-UYCNN,10,0,0.3741,0.5054,0.6686,High
8357-EQXFO,7,1,0.3741,0.5054,0.6686,High
0295-PPHDO,1,1,0.3741,0.5054,0.6686,High
0564-JJHGS,9,1,0.3741,0.5053,0.6685,High
6212-ATMLK,50,0,0.374,0.5053,0.6685,High
0754-UKWQP,2,1,0.374,0.5052,0.6684,High
2180-DXNEG,12,1,0.3739,0.5052,0.6684,High
3158-MOERK,2,1,0.3739,0.5052,0.6684,High
7526-BEZQB,12,1,0.3739,0.5052,0.6684,High
7548-SEPYI,5,1,0.3739,0.5051,0.6683,High
9057-SIHCH,3,1,0.3738,0.505,0.6682,High
1264-BYWMS,55,1,0.3737,0.5049,0.6681,High
7969-AULMZ,21,1,0.3736,0.5048,0.6679,High
4735-ASGMA,26,1,0.3733,0.5044,0.6676,High
7079-QRCBC,24,1,0.3732,0.5043,0.6674,High
5649-RXQTV,51,0,0.3731,0.5042,0.6674,High
6907-NZZIJ,36,1,0.3731,0.5042,0.6673,High
4009-ALQFH,25,1,0.373,0.5041,0.6672,High
9305-CDSKC,8,1,0.3729,0.504,0.6672,High
3811-VBYBZ,7,1,0.3729,0.504,0.6671,High
9094-AZPHK,15,0,0.3728,0.5039,0.667,High
4817-VYYWS,30,1,0.3728,0.5039,0.667,High
5883-GTGVD,19,1,0.3729,0.5039,0.6671,High
8709-KRDVL,33,0,0.3729,0.5039,0.667,High
1666-JXLKU,37,0,0.3728,0.5039,0.667,High
9681-OXGVC,5,1,0.3727,0.5038,0.6669,High
3393-FMZPV,25,1,0.3728,0.5038,0.667,High
0939-YAPAF,35,1,0.3728,0.5038,0.667,High
4078-SAYYN,11,1,0.3727,0.5037,0.6668,High
6615-NGGZJ,14,1,0.3727,0.5037,0.6669,High
2968-SSGAA,10,1,0.3727,0.5037,0.6668,High
7392-YYPYJ,22,0,0.3727,0.5037,0.6668,High
6023-YEBUP,3,1,0.3726,0.5036,0.6667,High
2809-ZMYOQ,32,0,0.3725,0.5035,0.6666,High
3663-MITLP,15,1,0.3725,0.5035,0.6666,High
2603-HVKCG,31,0,0.3725,0.5035,0.6666,High
5419-JPRRN,1,1,0.3725,0.5035,0.6666,High
9600-NAXZN,43,1,0.3725,0.5035,0.6666,High
1723-HKXJQ,42,1,0.3724,0.5034,0.6665,High
4062-HBMOS,52,0,0.3721,0.503,0.6661,High
9801-GDWGV,39,1,0.372,0.5029,0.6659,High
8313-NDOIA,24,0,0.3718,0.5027,0.6657,High
9851-QXEEQ,41,1,0.3717,0.5025,0.6655,High
8868-WOZGU,28,1,0.3714,0.5022,0.6652,High
7752-XUSCI,60,1,0.3714,0.5021,0.6652,High
0337-CNPZE,41,1,0.3713,0.502,0.665,High
8938-UMKPI,47,1,0.3712,0.502,0.665,High
5630-IXDXV,47,0,0.3712,0.502,0.665,High
5380-WJKOV,34,1,0.3712,0.502,0.665,High
2027-FECZV,12,1,0.3712,0.5019,0.6649,High
4550-EVXNY,1,1,0.3529,0.48,0.6415,Medium
1077-HUUJM,7,0,0.3524,0.4794,0.6408,Medium
8380-PEFPE,1,1,0.3522,0.4791,0.6406,Medium
7206-GZCDC,1,1,0.352,0.4789,0.6403,Medium
5539-TMZLF,1,1,0.3518,0.4787,0.6401,Medium
3999-QGRJH,8,1,0.3518,0.4787,0.6401,Medium
8062-YBDOE,1,1,0.3518,0.4787,0.6401,Medium
1016-DJTSV,8,0,0.3518,0.4787,0.6401,Medium
4871-JTKJF,1,1,0.3518,0.4787,0.6401,Medium
5276-KQWHG,2,1,0.3518,0.4787,0.6401,Medium
2636-ALXXZ,1,1,0.3518,0.4787,0.6401,Medium
8375-DKEBR,1,1,0.3518,0.4787,0.6401,Medium
5550-VFRLC,1,1,0.3517,0.4786,0.64,Medium
8000-REIQB,1,1,0.3517,0.4786,0.64,Medium
1846-XWOQN,1,1,0.3516,0.4785,0.6399,Medium
9603-OAIHC,1,0,0.3517,0.4785,0.6399,Medium
9605-WGJVW,1,0,0.3516,0.4785,0.6399,Medium
2055-PDADH,3,1,0.3516,0.4784,0.6398,Medium
5804-LEPIM,2,1,0.3516,0.4784,0.6398,Medium
6168-WFVVF,3,1,0.3516,0.4784,0.6398,Medium
8051-HJRLT,1,1,0.3515,0.4783,0.6397,Medium
0644-OQMDK,4,0,0.3515,0.4783,0.6396,Medium
4342-HENTK,2,1,0.3515,0.4783,0.6396,Medium
9488-HGMJH,1,1,0.3513,0.4781,0.6394,Medium
3878-AVSOQ,1,0,0.3513,0.478,0.6394,Medium
8372-JUXUI,1,1,0.3512,0.478,0.6394,Medium
8644-XLFBW,1,1,0.3511,0.4779,0.6392,Medium
0021-IKXGC,1,0,0.351,0.4777,0.639,Medium
5054-IEXZT,1,1,0.3509,0.4776,0.6389,Medium
1907-UBQFC,10,1,0.3507,0.4774,0.6386,Medium
1977-STDKI,1,1,0.3506,0.4773,0.6386,Medium
1689-YQBYY,12,0,0.3505,0.4771,0.6384,Medium
0650-BWOZN,18,0,0.3505,0.4771,0.6383,Medium
8473-VUVJN,1,1,0.3504,0.477,0.6383,Medium
2091-RFFBA,31,1,0.3503,0.4769,0.6382,Medium
6860-YRJZP,9,0,0.3503,0.4769,0.6381,Medium
1833-VGRUM,1,1,0.3502,0.4768,0.638,Medium
4441-NIHPT,13,1,0.3502,0.4768,0.638,Medium
2272-QAGFO,14,1,0.3502,0.4768,0.638,Medium
9947-OTFQU,15,1,0.3502,0.4767,0.638,Medium
3488-PGMQJ,8,1,0.3501,0.4767,0.6379,Medium
1197-BVMVG,4,0,0.3502,0.4767,0.6379,Medium
3551-HUAZH,1,1,0.3502,0.4767,0.638,Medium
0709-TVGUR,9,1,0.3501,0.4767,0.6379,Medium
6022-UGGSO,32,1,0.3502,0.4767,0.638,Medium
0439-IFYUN,18,0,0.3501,0.4766,0.6378,Medium
5240-IJOQT,1,1,0.3501,0.4766,0.6378,Medium
2761-OCIAX,2,1,0.3501,0.4766,0.6378,Medium
0722-TROQR,4,1,0.35,0.4765,0.6377,Medium
9685-WKZGT,14,1,0.35,0.4765,0.6377,Medium
4988-IQIGL,1,1,0.3499,0.4763,0.6375,Medium
7130-VTEWQ,8,1,0.3497,0.4762,0.6374,Medium
6894-LFHLY,1,1,0.3497,0.4762,0.6374,Medium
7576-OYWBN,3,1,0.3496,0.4761,0.6372,Medium
7594-RQHXR,1,1,0.3495,0.476,0.6371,Medium
8696-JKZNU,37,1,0.3496,0.476,0.6372,Medium
7534-BFESC,24,1,0.3496,0.476,0.6372,Medium
5919-TMRGD,1,1,0.3496,0.476,0.6372,Medium
9248-OJYKK,1,1,0.3495,0.4759,0.6371,Medium
8258-GSTJK,3,1,0.3493,0.4757,0.6368,Medium
9560-ARGQJ,16,1,0.3491,0.4754,0.6366,Medium
4412-YLTKF,27,1,0.349,0.4753,0.6364,Medium
1304-NECVQ,2,1,0.3488,0.4751,0.6362,Medium
5288-AHOUP,11,0,0.3488,0.4751,0.6362,Medium
9355-NPPFS,26,0,0.3487,0.475,0.6361,Medium
9231-ZJYAM,4,1,0.3487,0.475,0.6361,Medium
1226-IENZN,16,0,0.3488,0.475,0.6361,Medium
8580-AECUZ,1,1,0.3487,0.4749,0.636,Medium
1965-AKTSX,14,1,0.3487,0.4749,0.636,Medium
6567-HOOPW,1,1,0.3486,0.4748,0.6359,Medium
4631-OACRM,15,1,0.3486,0.4748,0.6358,Medium
8225-BTJAU,10,1,0.3486,0.4748,0.6359,Medium
7074-IEVOJ,3,1,0.3486,0.4748,0.6358,Medium
4713-LZDRV,2,1,0.3485,0.4747,0.6357,Medium
1730-ZMAME,32,0,0.3485,0.4747,0.6358,Medium
6987-XQSJT,54,1,0.3485,0.4747,0.6358,Medium
2688-BHGOG,9,0,0.3485,0.4747,0.6358,Medium
6229-LSCKB,6,0,0.3485,0.4746,0.6357,Medium
6161-UUUTA,3,1,0.3484,0.4746,0.6356,Medium
4283-FUTGF,19,1,0.3484,0.4746,0.6356,Medium
8010-EZLOU,15,1,0.3483,0.4745,0.6355,Medium
7278-CKDNC,24,0,0.3482,0.4743,0.6354,Medium
8800-JOOCF,12,0,0.3482,0.4743,0.6353,Medium
1704-NRWYE,9,1,0.3481,0.4742,0.6352,Medium
8808-ELEHO,8,1,0.348,0.4741,0.6351,Medium
5934-RMPOV,22,0,0.348,0.4741,0.6351,Medium
0334-GDDSO,3,1,0.348,0.474,0.635,Medium
0818-OCPZO,27,1,0.3479,0.474,0.635,Medium
4612-SSVHJ,20,0,0.3479,0.474,0.635,Medium
1564-NTYXF,13,1,0.3478,0.4738,0.6348,Medium
9965-YOKZB,9,1,0.3472,0.4731,0.634,Medium
2545-EBUPK,2,0,0.3471,0.473,0.634,Medium
8058-JMEQO,9,1,0.347,0.4729,0.6338,Medium
8875-AKBYH,20,0,0.3471,0.4729,0.6338,Medium
4750-ZRXIU,4,1,0.347,0.4729,0.6338,Medium
2123-AGEEN,7,0,0.3471,0.4729,0.6338,Medium
8242-SOQUO,5,0,0.347,0.4728,0.6337,Medium
2205-YMZZJ,7,1,0.3469,0.4728,0.6337,Medium
4514-GFCFI,16,1,0.3469,0.4728,0.6337,Medium
9490-DFPMD,42,1,0.347,0.4728,0.6337,Medium
5019-GQVCR,43,0,0.3469,0.4728,0.6337,Medium
2642-DTVCO,9,1,0.3469,0.4727,0.6336,Medium
1069-XAIEM,1,1,0.3469,0.4727,0.6336,Medium
6230-BSUXY,1,1,0.3469,0.4727,0.6336,Medium
9208-OLGAQ,18,0,0.3469,0.4727,0.6336,Medium
8063-GBATB,27,1,0.3468,0.4726,0.6335,Medium
4395-PZMSN,5,0,0.3467,0.4725,0.6334,Medium
5277-ZLOOR,2,1,0.3467,0.4725,0.6334,Medium
1902-XBTFB,22,1,0.3467,0.4725,0.6333,Medium
4273-MBHYA,1,0,0.3467,0.4725,0.6333,Medium
5192-EBGOV,1,1,0.3467,0.4725,0.6333,Medium
4844-JJWUY,1,1,0.3466,0.4724,0.6332,Medium
3372-KWFBM,16,1,0.3464,0.4722,0.633,Medium
4140-MUHUG,3,1,0.3463,0.4721,0.6329,Medium
9725-SCPZG,1,1,0.3463,0.472,0.6328,Medium
4884-ZTHVF,8,0,0.3463,0.472,0.6328,Medium
1379-FRVEB,15,0,0.3462,0.4719,0.6327,Medium
3254-YRILK,19,1,0.346,0.4716,0.6324,Medium
4695-WJZUE,2,1,0.3459,0.4715,0.6323,Medium
3068-OMWZA,1,1,0.3458,0.4714,0.6322,Medium
1273-MTETI,4,1,0.3458,0.4714,0.6321,Medium
1792-UXAFY,17,1,0.3457,0.4713,0.632,Medium
4115-NZRKS,7,0,0.3457,0.4713,0.632,Medium
6595-YGXIT,25,1,0.3457,0.4713,0.6321,Medium
6005-OBZPH,26,1,0.3457,0.4713,0.632,Medium
2865-TCHJW,4,1,0.3457,0.4713,0.632,Medium
8739-WWKDU,25,1,0.3456,0.4712,0.6319,Medium
1415-YFWLT,1,1,0.3456,0.4712,0.632,Medium
1724-BQUHA,5,1,0.3456,0.4712,0.6319,Medium
6521-YYTYI,1,1,0.3456,0.4712,0.6319,Medium
4847-TAJYI,6,0,0.3456,0.4712,0.632,Medium
1624-NALOJ,5,1,0.3455,0.4711,0.6318,Medium
8922-LIEGH,25,1,0.3455,0.4711,0.6318,Medium
6969-MVBAI,9,0,0.3454,0.471,0.6317,Medium
8058-DMYRU,54,0,0.3454,0.471,0.6317,Medium
8012-SOUDQ,43,0,0.3454,0.4709,0.6316,Medium
5692-ICXLW,31,0,0.3453,0.4708,0.6315,Medium
7156-MHUGY,13,1,0.3453,0.4708,0.6315,Medium
1472-TNCWL,36,0,0.3452,0.4707,0.6314,Medium
3398-FSHON,12,1,0.3451,0.4706,0.6313,Medium
3988-RQIXO,1,1,0.3451,0.4706,0.6313,Medium
6712-OAWRH,26,1,0.3451,0.4706,0.6313,Medium
0093-EXYQL,40,0,0.345,0.4705,0.6312,Medium
8414-MYSHR,5,1,0.3451,0.4705,0.6312,Medium
9402-ORRAH,15,0,0.345,0.4705,0.6312,Medium
8393-DLHGA,25,1,0.3449,0.4704,0.631,Medium
4145-UQXUQ,8,1,0.3449,0.4703,0.631,Medium
9497-QCMMS,1,1,0.3445,0.4698,0.6305,Medium
7402-EYFXX,26,0,0.3445,0.4698,0.6304,Medium
5609-CEBID,20,1,0.3444,0.4697,0.6303,Medium
2720-WGKHP,2,1,0.3444,0.4697,0.6303,Medium
7024-OHCCK,2,1,0.3444,0.4697,0.6304,Medium
9300-AGZNL,1,1,0.3444,0.4697,0.6303,Medium
4424-TKOPW,2,1,0.3444,0.4697,0.6304,Medium
4094-NSEDU,21,1,0.3443,0.4696,0.6302,Medium
5935-FCCNB,17,0,0.3443,0.4696,0.6302,Medium
1374-DMZUI,4,1,0.3443,0.4696,0.6302,Medium
8017-LXHFA,23,1,0.3442,0.4695,0.63,Medium
6350-XFYGW,4,0,0.3442,0.4695,0.63,Medium
0094-OIFMO,11,1,0.3441,0.4694,0.63,Medium
3793-MMFUH,13,1,0.3441,0.4694,0.6299,Medium
5150-ITWWB,3,0,0.3442,0.4694,0.63,Medium
2660-EMUBI,10,1,0.344,0.4693,0.6298,Medium
8631-WUXGY,46,0,0.3439,0.4692,0.6297,Medium
0107-YHINA,1,1,0.344,0.4692,0.6297,Medium
3320-VEOYC,14,0,0.344,0.4692,0.6297,Medium
7480-QNVZJ,50,1,0.3439,0.4692,0.6297,Medium
8098-LLAZX,4,1,0.344,0.4692,0.6298,Medium
1658-BYGOY,18,1,0.344,0.4692,0.6298,Medium
3318-OSATS,35,1,0.344,0.4692,0.6298,Medium
4989-LIXVT,68,0,0.3439,0.4691,0.6296,Medium
5565-FILXA,16,1,0.3438,0.469,0.6296,Medium
5655-JSMZM,49,1,0.3438,0.469,0.6295,Medium
6899-PPEEA,37,1,0.3437,0.4689,0.6294,Medium
8245-UMPYT,16,1,0.3438,0.4689,0.6295,Medium
9809-IMGCQ,22,1,0.3437,0.4688,0.6294,Medium
9290-SHCMB,13,0,0.3436,0.4688,0.6293,Medium
0702-PGIBZ,4,1,0.3435,0.4686,0.6291,Medium
8276-MQBYC,51,1,0.3434,0.4685,0.629,Medium
2446-BEGGB,6,1,0.3433,0.4684,0.6288,Medium
6683-VLCTZ,20,1,0.3432,0.4683,0.6287,Medium
1866-RZZQS,41,1,0.3433,0.4683,0.6288,Medium
7028-DVOIQ,35,1,0.3431,0.4681,0.6286,Medium
7450-NWRTR,12,1,0.343,0.468,0.6285,Medium
6543-XRMYR,30,1,0.3429,0.4679,0.6284,Medium
0420-HLGXF,39,0,0.3429,0.4679,0.6284,Medium
1254-IZEYF,31,1,0.3429,0.4679,0.6283,Medium
0781-LKXBR,9,1,0.3427,0.4677,0.6281,Medium
4822-RVYBB,8,1,0.3427,0.4677,0.6281,Medium
4597-NUCQV,24,1,0.3425,0.4675,0.6279,Medium
7145-FEJWU,12,0,0.3426,0.4675,0.628,Medium
6029-WTIPC,37,1,0.3426,0.4675,0.6279,Medium
7901-TBKJX,56,0,0.3426,0.4675,0.6279,Medium
4958-XCBDQ,35,1,0.3425,0.4674,0.6278,Medium
3629-ZNKXA,17,0,0.3424,0.4673,0.6277,Medium
5956-YHHRX,21,0,0.3418,0.4666,0.6269,Medium
2107-FBPTK,30,0,0.3419,0.4666,0.627,Medium
8818-DOPVL,46,0,0.3418,0.4665,0.6268,Medium
2080-CAZNM,41,0,0.3418,0.4665,0.6269,Medium
6496-SLWHQ,3,1,0.3417,0.4664,0.6267,Medium
9221-OTIVJ,14,1,0.3417,0.4664,0.6267,Medium
3389-YGYAI,8,1,0.3415,0.4662,0.6265,Medium
3957-LXOLK,28,1,0.3414,0.466,0.6263,Medium
8118-LSUEL,23,1,0.3413,0.466,0.6262,Medium
3606-TWKGI,13,1,0.3412,0.4658,0.6261,Medium
7112-OPOTK,33,1,0.339,0.4631,0.6231,Medium
2856-HYAPG,1,1,0.3388,0.4629,0.6229,Medium
8990-ZXLSU,9,0,0.3387,0.4628,0.6227,Medium
6993-OHLXR,2,1,0.3387,0.4628,0.6228,Medium
7504-UWHNB,25,0,0.3385,0.4625,0.6224,Medium
7538-GWHML,2,1,0.3385,0.4625,0.6224,Medium
7153-OANIO,1,1,0.3384,0.4624,0.6223,Medium
2501-XWWTZ,11,0,0.3383,0.4623,0.6222,Medium
2262-SLNVK,1,0,0.3383,0.4623,0.6222,Medium
4763-PGDPO,4,1,0.3382,0.4622,0.6221,Medium
1915-IOFGU,1,1,0.3382,0.4622,0.622,Medium
4759-TRPLW,1,1,0.3382,0.4622,0.6221,Medium
5442-BHQNG,2,0,0.3382,0.4622,0.6221,Medium
3627-FCRDW,9,1,0.338,0.4619,0.6218,Medium
3177-LASXD,1,1,0.3379,0.4618,0.6216,Medium
4547-LYTDD,16,1,0.3375,0.4613,0.621,Medium
1391-UBDAR,11,0,0.3374,0.4612,0.6209,Medium
1196-AMORA,7,1,0.3371,0.4609,0.6206,Medium
9840-EFJQB,1,0,0.3369,0.4606,0.6203,Medium
7823-JSOAG,3,0,0.3369,0.4605,0.6202,Medium
9494-MRNYX,10,0,0.3367,0.4603,0.62,Medium
2080-GKCWQ,2,0,0.3367,0.4603,0.62,Medium
4503-BDXBD,11,1,0.3367,0.4603,0.62,Medium
8519-QJGJD,14,1,0.3366,0.4602,0.6199,Medium
0925-VYDLG,3,1,0.3366,0.4602,0.6199,Medium
1602-IJQQE,4,1,0.3366,0.4602,0.6199,Medium
5879-SESNB,11,0,0.3366,0.4602,0.6199,Medium
9940-RHLFB,1,1,0.3366,0.4602,0.6199,Medium
3208-YPIOE,39,1,0.3366,0.4602,0.6199,Medium
6198-ZFIOJ,5,0,0.3365,0.4601,0.6197,Medium
9250-WYPLL,5,1,0.3365,0.4601,0.6198,Medium
5043-TRZWM,1,0,0.3365,0.4601,0.6198,Medium
8584-KMVXD,8,0,0.3365,0.4601,0.6197,Medium
7595-EUIVN,1,1,0.3364,0.46,0.6197,Medium
6960-HVYXR,1,1,0.3364,0.4599,0.6196,Medium
3370-HXOPH,3,0,0.3363,0.4599,0.6195,Medium
6910-HADCM,1,1,0.3363,0.4598,0.6194,Medium
7901-HXJVA,14,0,0.3362,0.4598,0.6194,Medium
6376-GAHQE,4,1,0.3358,0.4592,0.6188,Medium
4465-VDKIQ,18,0,0.3358,0.4592,0.6188,Medium
2777-PHDEI,1,1,0.3357,0.4591,0.6187,Medium
3249-ZPQRG,4,1,0.3356,0.459,0.6185,Medium
3955-JBZZM,20,0,0.3355,0.4589,0.6184,Medium
7198-GLXTC,2,1,0.3354,0.4588,0.6183,Medium
6110-OHIHY,3,1,0.3354,0.4587,0.6182,Medium
9019-QVLZD,1,1,0.3353,0.4586,0.6181,Medium
5393-RXQSZ,1,1,0.3353,0.4586,0.6181,Medium
3420-YJLQT,2,0,0.3353,0.4586,0.6181,Medium
1285-OKIPP,1,1,0.3352,0.4585,0.6179,Medium
9003-CPATH,42,0,0.3352,0.4585,0.6179,Medium
9773-PEQBZ,10,0,0.3352,0.4585,0.618,Medium
6918-UMQCG,5,0,0.3351,0.4583,0.6178,Medium
2737-YNGYW,2,1,0.335,0.4582,0.6177,Medium
2867-UIMSS,1,1,0.335,0.4582,0.6177,Medium
0570-BFQHT,9,0,0.335,0.4582,0.6177,Medium
8183-ONMXC,2,1,0.3349,0.4581,0.6176,Medium
0921-OHLVP,22,0,0.3342,0.4573,0.6167,Medium
9450-TRJUU,35,0,0.3342,0.4573,0.6166,Medium
0923-PNFUB,3,1,0.334,0.4571,0.6164,Medium
3908-BLSYF,6,1,0.334,0.457,0.6163,Medium
2013-SGDXK,1,1,0.3339,0.4569,0.6162,Medium
0225-ZORZP,3,0,0.3339,0.4569,0.6162,Medium
7120-RFMVS,1,1,0.3338,0.4568,0.6161,Medium
0315-LVCRK,11,0,0.3337,0.4567,0.616,Medium
6719-OXYBR,15,0,0.3336,0.4565,0.6158,Medium
5153-RTHKF,34,0,0.3336,0.4565,0.6158,Medium
2038-OEQZH,4,0,0.3334,0.4563,0.6155,Medium
8861-HGGKB,10,1,0.3333,0.4561,0.6154,Medium
0345-HKJVM,6,1,0.3325,0.4552,0.6143,Medium
1894-IGFSG,22,1,0.3325,0.4552,0.6143,Medium
9526-JAWYF,26,1,0.3323,0.455,0.6141,Medium
7294-TMAOP,1,1,0.3321,0.4548,0.6138,Medium
0258-NOKBL,3,0,0.3322,0.4548,0.6139,Medium
5797-APWZC,1,1,0.3321,0.4547,0.6138,Medium
5222-IMUKT,32,0,0.332,0.4546,0.6137,Medium
5698-BQJOH,9,1,0.3311,0.4535,0.6125,Medium
9223-UCPVT,1,1,0.3311,0.4535,0.6125,Medium
3338-CVVEH,12,0,0.3311,0.4535,0.6124,Medium
5349-IECLD,2,1,0.331,0.4534,0.6123,Medium
2984-AFWNC,3,0,0.3309,0.4532,0.6121,Medium
8413-VONUO,2,1,0.3308,0.4531,0.612,Medium
4060-LDNLU,7,0,0.3307,0.453,0.6119,Medium
4566-NECEV,5,0,0.3306,0.4529,0.6117,Medium
2208-UGTGR,56,0,0.3301,0.4523,0.6111,Medium
6988-CJEYV,49,0,0.3301,0.4522,0.611,Medium
2003-CKLOR,66,1,0.3299,0.452,0.6108,Medium
4998-IKFSE,30,0,0.3297,0.4517,0.6104,Medium
6326-MTTXK,8,1,0.3296,0.4516,0.6103,Medium
6734-GMPVK,5,0,0.3285,0.4503,0.6089,Medium
0114-PEGZZ,33,0,0.328,0.4497,0.6082,Medium
7409-KIUTL,1,1,0.3236,0.4442,0.6021,Medium
0098-BOWSO,27,0,0.3125,0.4305,0.5866,Medium
5624-RYAMH,9,0,0.3124,0.4304,0.5864,Medium
3845-FXCYS,2,0,0.3122,0.4302,0.5862,Medium
0107-WESLM,1,1,0.312,0.4299,0.5858,Medium
4396-KLSEH,4,0,0.312,0.4299,0.5858,Medium
8317-BVKSO,14,0,0.3118,0.4296,0.5855,Medium
3345-JHUEO,4,0,0.3116,0.4294,0.5853,Medium
0142-GVYSN,26,0,0.3115,0.4293,0.5851,Medium
3195-TQDZX,3,0,0.3116,0.4293,0.5852,Medium
4919-MOAVT,3,1,0.3115,0.4292,0.5851,Medium
4486-EFAEB,13,0,0.3114,0.4291,0.585,Medium
2792-VPPET,3,0,0.3113,0.429,0.5848,Medium
3871-IKPYH,1,1,0.3107,0.4283,0.584,Medium
3223-DWFIO,4,0,0.3106,0.4282,0.5839,Medium
8003-EWNDZ,10,0,0.3106,0.4281,0.5838,Medium
6557-BZXLQ,16,0,0.3105,0.428,0.5837,Medium
9112-WSNPU,35,0,0.3102,0.4277,0.5833,Medium
0685-MLYYM,2,1,0.3102,0.4276,0.5832,Medium
0581-BXBUB,4,0,0.3095,0.4268,0.5823,Medium
4854-CIDCF,3,0,0.3092,0.4264,0.5818,Medium
6896-SRVYQ,44,0,0.3092,0.4264,0.5818,Medium
4505-EXZHB,6,1,0.309,0.4262,0.5816,Medium
8945-GRKHX,1,1,0.3087,0.4258,0.5812,Medium
0529-ONKER,15,1,0.3087,0.4257,0.5811,Medium
6834-NXDCA,13,1,0.3079,0.4248,0.58,Medium
9885-CSMWE,1,1,0.3078,0.4247,0.5799,Medium
2740-JFBOK,10,0,0.3078,0.4247,0.5799,Medium
6689-TCZHQ,5,1,0.3077,0.4245,0.5797,Medium
1334-FJSVR,1,1,0.3076,0.4244,0.5795,Medium
7365-BVCJH,1,0,0.3075,0.4242,0.5794,Medium
5261-QSHQM,4,1,0.3074,0.4241,0.5793,Medium
1335-NTIUC,9,0,0.307,0.4236,0.5787,Medium
0746-JTRFU,2,1,0.3069,0.4235,0.5785,Medium
2672-DZUOY,1,1,0.3068,0.4234,0.5784,Medium
3797-FKOGQ,11,0,0.3067,0.4232,0.5782,Medium
4163-KIUHY,35,0,0.3064,0.4229,0.5778,Medium
2712-SYWAY,1,0,0.3063,0.4228,0.5777,Medium
1200-TUZHR,8,0,0.306,0.4223,0.5772,Medium
7610-TVOPG,15,0,0.3058,0.4221,0.5769,Medium
5442-UTCVD,3,1,0.3052,0.4214,0.5761,Medium
5644-PDMZC,2,1,0.3049,0.4209,0.5756,Medium
1112-CUNAO,15,1,0.3048,0.4208,0.5755,Medium
1302-UHBDD,20,0,0.3047,0.4208,0.5754,Medium
9281-OFDMF,39,0,0.3046,0.4206,0.5752,Medium
1389-CXMLU,3,1,0.3045,0.4205,0.5751,Medium
8189-XRIKE,32,0,0.3045,0.4205,0.5751,Medium
2754-VDLTR,10,1,0.3044,0.4204,0.575,Medium
5144-TVGLP,38,0,0.3036,0.4193,0.5738,Medium
3538-WZPHD,3,1,0.3032,0.4189,0.5733,Medium
8650-RHRKE,4,1,0.3032,0.4188,0.5732,Medium
1432-FPAXX,29,1,0.3025,0.418,0.5722,Medium
8718-PTMEZ,13,1,0.3022,0.4176,0.5717,Medium
7234-FECYN,8,1,0.3021,0.4174,0.5716,Medium
6339-DKLMK,13,0,0.3018,0.4171,0.5711,Medium
4840-ORQXB,56,0,0.3013,0.4165,0.5705,Medium
0822-GAVAP,2,1,0.2997,0.4145,0.5682,Medium
0375-HVGXO,1,1,0.2997,0.4145,0.5682,Medium
8066-POXGX,13,1,0.2995,0.4142,0.5678,Medium
3091-FYHKI,1,1,0.2993,0.4139,0.5675,Medium
0841-NULXI,1,1,0.2992,0.4139,0.5674,Medium
5378-IKEEG,1,1,0.2991,0.4137,0.5673,Medium
4628-CTTLA,57,1,0.297,0.4111,0.5643,Medium
5204-QZXPU,19,1,0.2968,0.4109,0.564,Medium
3665-JATSN,19,0,0.2968,0.4108,0.5639,Medium
8807-ARQET,41,0,0.2965,0.4104,0.5634,Medium
6959-UWKHF,1,1,0.2951,0.4087,0.5615,Medium
7587-RZNME,3,1,0.2949,0.4085,0.5612,Medium
4570-QHXHL,9,0,0.2947,0.4082,0.5608,Medium
4855-SNKMY,1,1,0.2945,0.408,0.5606,Medium
3808-HFKDE,20,0,0.2944,0.4078,0.5604,Medium
2495-INZWQ,4,1,0.2943,0.4077,0.5603,Medium
4373-VVHQL,1,0,0.2942,0.4076,0.5601,Medium
8705-WZCYL,1,0,0.2942,0.4075,0.5601,Medium
5392-AKEMH,12,0,0.2941,0.4074,0.5599,Medium
6243-OZGFH,23,0,0.2941,0.4074,0.56,Medium
2962-XPMCQ,2,1,0.294,0.4073,0.5598,Medium
2737-WFVYW,2,1,0.294,0.4073,0.5598,Medium
7511-YMXVQ,9,1,0.2939,0.4072,0.5597,Medium
1589-AGTLK,3,1,0.2939,0.4072,0.5597,Medium
5077-DXTCG,1,1,0.2939,0.4072,0.5597,Medium
6519-CFDBX,2,0,0.2939,0.4072,0.5597,Medium
0621-TWIEM,10,1,0.2938,0.4071,0.5596,Medium
2135-RXIHG,1,1,0.2938,0.407,0.5595,Medium
6128-CZOMY,1,1,0.2938,0.407,0.5595,Medium
2082-CEFLT,1,1,0.2938,0.407,0.5595,Medium
2831-EBWRN,4,0,0.2937,0.4069,0.5593,Medium
9239-ZBZZV,6,1,0.2927,0.4057,0.5579,Medium
7895-VONWT,25,0,0.2926,0.4055,0.5577,Medium
9752-ZNQUT,1,0,0.2924,0.4053,0.5575,Medium
0430-IHCDJ,15,0,0.2922,0.4051,0.5572,Medium
8878-HMWBV,3,1,0.2922,0.405,0.5571,Medium
8614-VGMMV,15,1,0.2922,0.405,0.5572,Medium
6789-HJBWG,12,0,0.2921,0.4049,0.557,Medium
9734-UYXQI,2,1,0.2921,0.4049,0.557,Medium
8348-HFYIV,2,1,0.2921,0.4049,0.5571,Medium
3570-YUEKJ,42,0,0.292,0.4048,0.5569,Medium
8148-BPLZQ,34,0,0.2919,0.4046,0.5567,Medium
0248-IPDFW,1,0,0.2918,0.4045,0.5565,Medium
1310-QRITU,18,0,0.2917,0.4044,0.5564,Medium
2740-TVLFN,1,0,0.2917,0.4044,0.5565,Medium
6608-QQLVK,1,1,0.2916,0.4043,0.5563,Medium
0212-ISBBF,22,0,0.2917,0.4043,0.5564,Medium
7767-UXAGJ,1,1,0.2916,0.4043,0.5563,Medium
3329-WDIOK,3,1,0.2915,0.4042,0.5562,Medium
2582-FFFZR,22,0,0.2915,0.4042,0.5562,Medium
5073-WXOYN,60,1,0.2915,0.4041,0.5561,Medium
8008-HAWED,14,1,0.2915,0.4041,0.5561,Medium
4317-VTEOA,1,1,0.2915,0.4041,0.5561,Medium
5057-LCOUI,39,1,0.2915,0.4041,0.5561,Medium
5404-GGUKR,5,0,0.2912,0.4038,0.5557,Medium
5423-BHIXO,32,0,0.2901,0.4023,0.554,Medium
0988-JRWWP,3,0,0.2901,0.4023,0.554,Medium
0674-EYYZV,1,0,0.2899,0.4021,0.5538,Medium
6599-SFQVE,6,0,0.2898,0.4019,0.5536,Medium
3583-EKAPL,1,1,0.2898,0.4019,0.5536,Medium
4484-CGXFK,3,1,0.2896,0.4018,0.5534,Medium
5501-TVMGM,1,0,0.2897,0.4018,0.5534,Medium
9822-OAOVB,1,0,0.2896,0.4017,0.5533,Medium
3063-QFSZL,1,1,0.2896,0.4017,0.5533,Medium
6994-KERXL,4,0,0.2894,0.4015,0.553,Medium
8096-LOIST,19,0,0.2893,0.4013,0.5529,Medium
5543-QDCRY,4,0,0.2892,0.4013,0.5528,Medium
5909-ECHUI,1,1,0.2893,0.4013,0.5528,Medium
6778-YSNIH,2,0,0.2882,0.4,0.5513,Medium
7318-EIVKO,8,0,0.2882,0.3999,0.5512,Medium
9474-PHLYD,15,1,0.2881,0.3998,0.5511,Medium
8878-RYUKI,52,0,0.2881,0.3998,0.5511,Medium
3877-JRJIP,1,1,0.2879,0.3996,0.5509,Medium
5673-FSSMF,1,1,0.2878,0.3995,0.5507,Medium
0411-EZJZE,3,0,0.2878,0.3995,0.5506,Medium
5616-PRTNT,20,1,0.2871,0.3986,0.5497,Medium
8980-WQFWL,35,0,0.2871,0.3986,0.5497,Medium
7854-EKTJL,2,1,0.2869,0.3984,0.5494,Medium
2041-JIJCI,5,0,0.2865,0.3978,0.5487,Medium
3011-WQKSZ,19,0,0.2865,0.3978,0.5487,Medium
3521-SYVOR,37,1,0.2863,0.3975,0.5484,Medium
6652-YFFJO,11,0,0.2862,0.3974,0.5483,Medium
9174-FKWZE,1,1,0.2862,0.3974,0.5482,Medium
8963-MQVYN,22,0,0.2859,0.3971,0.5479,Medium
2373-NTKOD,8,0,0.2858,0.3969,0.5476,Medium
8160-HOWOX,7,0,0.2856,0.3966,0.5473,Medium
1399-UBQIU,11,0,0.2848,0.3956,0.5462,Medium
6715-OFDBP,5,1,0.2846,0.3954,0.5458,Medium
2862-PFNIK,1,0,0.2822,0.3923,0.5422,Medium
9578-FOMUK,15,0,0.2821,0.3922,0.5421,Medium
7242-QZLXF,1,1,0.2817,0.3917,0.5415,Medium
0023-HGHWL,1,1,0.2809,0.3907,0.5404,Medium
1768-ZAIFU,1,1,0.2808,0.3906,0.5402,Medium
5233-GEEAX,8,1,0.2777,0.3866,0.5355,Medium
3677-IYRBF,2,1,0.277,0.3857,0.5344,Medium
8992-CEUEN,1,0,0.2754,0.3837,0.532,Medium
2023-VQFDL,18,0,0.2753,0.3835,0.5318,Medium
6240-EURKS,18,1,0.275,0.3832,0.5314,Medium
4541-RMRLG,7,1,0.275,0.3832,0.5314,Medium
4232-JGKIY,1,0,0.275,0.3832,0.5315,Medium
0761-AETCS,1,1,0.2749,0.3831,0.5313,Medium
7617-EYGLW,1,0,0.2748,0.3829,0.5311,Medium
4693-VWVBO,3,0,0.2747,0.3828,0.5309,Medium
0268-QKIWO,3,1,0.2745,0.3825,0.5306,Medium
1156-ZFYDO,1,0,0.2745,0.3825,0.5306,Medium
5143-WMWOG,1,1,0.2743,0.3823,0.5303,Medium
2832-SCUCO,2,0,0.2743,0.3823,0.5304,Medium
2408-WITXK,10,1,0.2743,0.3823,0.5303,Medium
4860-YZGZM,10,0,0.2742,0.3822,0.5302,Medium
3744-ZBHON,3,0,0.274,0.3819,0.5299,Medium
5546-BYZSM,41,0,0.2738,0.3816,0.5295,Medium
7893-IXHRQ,1,1,0.2737,0.3815,0.5294,Medium
5088-QZLRL,1,0,0.2736,0.3814,0.5292,Medium
8620-RJPZN,1,0,0.2735,0.3813,0.5292,Medium
2958-NHPPS,23,0,0.2734,0.3811,0.5289,Medium
3776-EKTKM,1,1,0.2733,0.381,0.5288,Medium
8779-QRDMV,1,1,0.2716,0.3788,0.5262,Medium
8450-UYIBU,35,0,0.2715,0.3787,0.526,Medium
9667-EQRXU,30,1,0.2713,0.3784,0.5257,Medium
7273-TEFQD,3,1,0.2708,0.3778,0.525,Medium
2346-DJQTB,35,0,0.2705,0.3774,0.5245,Medium
4236-UJPWO,2,0,0.2702,0.377,0.524,Medium
4361-JEIVL,1,1,0.2702,0.377,0.524,Medium
9227-LUNBG,1,1,0.2701,0.3769,0.5239,Medium
4459-BBGHE,30,0,0.2701,0.3769,0.5239,Medium
2696-NARTR,11,1,0.2701,0.3769,0.5239,Medium
3945-GFWQL,12,1,0.2701,0.3769,0.5239,Medium
2592-SEIFQ,3,1,0.27,0.3768,0.5237,Medium
8728-SKJLR,41,0,0.27,0.3767,0.5237,Medium
9817-APLHW,12,0,0.2698,0.3765,0.5234,Medium
6702-OHFWR,1,1,0.2698,0.3765,0.5234,Medium
9743-DQKQW,3,0,0.2697,0.3764,0.5233,Medium
1984-GPTEH,29,0,0.2697,0.3763,0.5232,Medium
8993-PHFWD,3,1,0.2696,0.3762,0.5231,Medium
0231-LXVAP,1,1,0.2695,0.3762,0.523,Medium
4195-NZGTA,1,0,0.2696,0.3762,0.5231,Medium
3754-DXMRT,2,1,0.2694,0.376,0.5228,Medium
0224-RLWWD,2,0,0.2693,0.3759,0.5227,Medium
2235-DWLJU,6,0,0.2693,0.3759,0.5227,Medium
4816-JBHOV,2,1,0.2692,0.3757,0.5224,Medium
4690-LLKUA,17,1,0.269,0.3755,0.5222,Medium
4183-WCSEP,31,1,0.2689,0.3753,0.522,Medium
5712-PTIWW,2,1,0.2685,0.3748,0.5214,Medium
8648-PFRMP,14,0,0.2684,0.3748,0.5213,Medium
5998-VVEJY,26,1,0.2683,0.3746,0.5212,Medium
8064-RAVOH,1,0,0.2678,0.374,0.5204,Medium
1406-PUQVY,1,0,0.2678,0.3739,0.5203,Medium
8445-DNBAE,1,0,0.2677,0.3739,0.5203,Medium
6435-SRWBJ,5,0,0.2678,0.3739,0.5203,Medium
8344-WFMFH,9,0,0.2677,0.3738,0.5202,Medium
0823-HSCDJ,52,1,0.2673,0.3732,0.5195,Medium
2960-NKRSO,24,0,0.267,0.3729,0.5191,Medium
1442-BQPVU,13,0,0.2667,0.3726,0.5187,Medium
5973-EJGDP,51,0,0.2667,0.3725,0.5186,Medium
6439-GTPCA,45,1,0.2667,0.3725,0.5186,Medium
6711-VTNRE,36,1,0.2666,0.3724,0.5185,Medium
9415-DPEWS,18,1,0.2664,0.3722,0.5182,Medium
1818-ESQMW,27,0,0.2662,0.3719,0.5179,Medium
8481-YYXWG,5,1,0.2662,0.3719,0.5179,Medium
8035-PWSEV,6,0,0.2662,0.3719,0.5179,Medium
1513-XNPPH,12,1,0.2662,0.3719,0.5179,Medium
5666-CYCYZ,24,0,0.2662,0.3718,0.5178,Medium
9524-EGPJC,18,1,0.266,0.3717,0.5176,Medium
9436-ZBZCT,14,1,0.2661,0.3717,0.5177,Medium
7270-BDIOA,22,1,0.2661,0.3717,0.5177,Medium
8266-VBFQL,4,0,0.266,0.3716,0.5175,Medium
0376-YMCJC,23,1,0.2659,0.3715,0.5175,Medium
8903-XEBGX,2,0,0.2657,0.3713,0.5171,Medium
1731-TVIUK,4,1,0.2653,0.3707,0.5165,Medium
6313-GIDIT,53,1,0.2652,0.3706,0.5163,Medium
9093-FPDLG,11,0,0.2651,0.3705,0.5162,Medium
0082-OQIQY,29,0,0.2651,0.3705,0.5162,Medium
3143-ILDAL,56,1,0.2651,0.3705,0.5161,Medium
4522-AKYLR,13,0,0.2651,0.3704,0.5161,Medium
7733-UDMTP,57,0,0.265,0.3703,0.516,Medium
2386-OWURY,58,0,0.2649,0.3702,0.5159,Medium
1393-IMKZG,1,0,0.2648,0.3701,0.5157,Medium
0963-ZBDRN,32,1,0.2647,0.37,0.5156,Medium
6365-MTGZX,24,1,0.2648,0.37,0.5156,Medium
0306-JAELE,5,1,0.2647,0.37,0.5156,Medium
9522-BNTHX,34,0,0.2645,0.3698,0.5153,Medium
0329-GTIAJ,3,1,0.2644,0.3695,0.515,Medium
1450-GALXR,10,1,0.2642,0.3694,0.5148,Medium
6559-PDZLR,26,0,0.2642,0.3693,0.5148,Medium
7938-OUHIO,3,1,0.2642,0.3693,0.5148,Medium
5515-AKOAJ,54,1,0.2639,0.369,0.5143,Medium
2800-QQUSO,42,0,0.2639,0.3689,0.5143,Medium
0722-SVSFK,7,0,0.2639,0.3689,0.5142,Medium
0125-LZQXK,15,1,0.2637,0.3686,0.5139,Medium
2931-FSOHN,13,0,0.2633,0.3681,0.5133,Medium
2038-LLMLM,48,0,0.2632,0.368,0.5132,Medium
2832-KJCRD,38,0,0.2632,0.368,0.5132,Medium
2874-YXVVA,34,0,0.2629,0.3677,0.5128,Medium
2697-NQBPF,34,0,0.2629,0.3676,0.5127,Medium
7854-FOKSF,1,1,0.2626,0.3673,0.5123,Medium
2081-VEYEH,3,0,0.2624,0.367,0.512,Medium
3571-RFHAR,65,1,0.2622,0.3667,0.5116,Medium
6168-YBYNP,59,0,0.2618,0.3662,0.511,Medium
7351-KYHQH,7,0,0.2617,0.3661,0.5108,Medium
5669-SRAIP,5,1,0.2607,0.3649,0.5094,Medium
9026-LHEVG,9,0,0.2601,0.3641,0.5084,Medium
1478-VPOAD,1,0,0.2587,0.3622,0.5062,Medium
1942-OQFRW,1,0,0.2586,0.3621,0.5061,Medium
2372-HWUHI,2,1,0.2585,0.3619,0.5058,Medium
1728-BQDMA,2,0,0.2584,0.3619,0.5058,Medium
0374-IOEGQ,3,0,0.2584,0.3618,0.5057,Medium
5027-XWQHA,6,1,0.2583,0.3617,0.5055,Medium
6410-LEFEN,9,1,0.2581,0.3615,0.5053,Medium
1612-EOHDH,1,1,0.2581,0.3615,0.5053,Medium
0322-CHQRU,2,1,0.258,0.3614,0.5051,Medium
1963-SVUCV,1,1,0.2581,0.3614,0.5052,Medium
5552-ZNFSJ,1,1,0.2581,0.3614,0.5052,Medium
7109-MFBYV,26,0,0.258,0.3613,0.5051,Medium
4537-DKTAL,2,0,0.258,0.3613,0.505,Medium
7825-GKXMW,1,1,0.2578,0.3611,0.5048,Medium
7359-PTSXY,1,1,0.2579,0.3611,0.5049,Medium
0224-HJAPT,5,1,0.2573,0.3604,0.5039,Medium
9163-GHAYE,15,0,0.2566,0.3595,0.5029,Medium
1025-FALIX,26,0,0.2565,0.3594,0.5028,Medium
2079-FBMZK,6,1,0.2565,0.3594,0.5027,Medium
8725-JEDFD,27,0,0.2565,0.3594,0.5028,Medium
4950-BDEUX,35,0,0.2565,0.3593,0.5026,Medium
9767-FFLEM,38,0,0.2564,0.3593,0.5026,Medium
9576-ANLXO,3,1,0.2564,0.3593,0.5026,Medium
4581-LNWUM,13,0,0.2565,0.3593,0.5027,Medium
4065-JJAVA,1,0,0.2563,0.3592,0.5025,Medium
4983-CCWMC,3,0,0.2564,0.3592,0.5025,Medium
5832-XKAES,2,1,0.2563,0.3592,0.5025,Medium
2178-PMGCJ,22,0,0.2564,0.3592,0.5025,Medium
0958-YHXGP,7,0,0.2563,0.3591,0.5024,Medium
6692-YQHXC,16,0,0.2563,0.3591,0.5024,Medium
3066-RRJIO,1,1,0.2563,0.3591,0.5024,Medium
6641-XRPSU,34,1,0.2563,0.3591,0.5024,Medium
9540-JYROE,8,1,0.2563,0.3591,0.5023,Medium
2608-BHKFN,4,1,0.2563,0.3591,0.5023,Medium
5605-IYGFG,7,0,0.2563,0.3591,0.5024,Medium
4029-HPFVY,3,0,0.2562,0.359,0.5022,Medium
7562-UXTPG,13,0,0.2562,0.359,0.5023,Medium
2619-WFQWU,1,1,0.2562,0.359,0.5023,Medium
7147-AYBAA,37,0,0.2562,0.359,0.5022,Medium
9985-MWVIX,1,1,0.2562,0.359,0.5023,Medium
1471-GIQKQ,1,0,0.2562,0.3589,0.5022,Medium
4067-HLYQI,33,0,0.2562,0.3589,0.5022,Medium
9617-INGJY,1,0,0.2561,0.3589,0.5021,Medium
3376-BMGFE,4,1,0.256,0.3588,0.502,Medium
5032-MIYKT,1,0,0.2561,0.3588,0.5021,Medium
0968-GSIKN,1,1,0.2561,0.3588,0.502,Medium
3677-TNKIO,14,1,0.256,0.3587,0.5019,Medium
8967-SZQAS,14,0,0.256,0.3587,0.5019,Medium
7339-POGZN,4,0,0.2559,0.3586,0.5017,Medium
8042-JVNFH,1,1,0.2559,0.3586,0.5018,Medium
6689-KXGBO,1,1,0.2559,0.3586,0.5018,Medium
4450-DLLMH,2,0,0.2559,0.3586,0.5018,Medium
6140-QNRQQ,1,1,0.2559,0.3585,0.5017,Medium
2207-NHRJK,1,1,0.2558,0.3585,0.5017,Medium
1596-OQSPS,11,0,0.2557,0.3584,0.5015,Medium
8229-MYEJZ,10,0,0.2557,0.3583,0.5014,Medium
8111-RKSPX,4,1,0.2557,0.3583,0.5014,Medium
2969-QWUBZ,2,0,0.2556,0.3582,0.5013,Medium
3426-NIYYL,15,1,0.2555,0.3581,0.5012,Medium
8149-AIQCG,39,0,0.2554,0.358,0.501,Medium
6221-AVQYL,2,1,0.2554,0.3579,0.501,Medium
8617-ENBDS,3,0,0.2553,0.3578,0.5008,Medium
8496-EJAUI,19,1,0.2552,0.3577,0.5007,Medium
8873-GLDMH,6,0,0.2552,0.3577,0.5007,Medium
6599-CEBNN,34,1,0.2552,0.3577,0.5007,Medium
3707-GNWHM,1,1,0.2551,0.3576,0.5006,Medium
6347-DCUIK,10,1,0.2552,0.3576,0.5006,Medium
9894-EZEWG,1,1,0.2551,0.3576,0.5005,Medium
5405-ZMYXQ,8,0,0.255,0.3575,0.5004,Medium
2024-BASKD,1,1,0.255,0.3575,0.5004,Medium
3452-SRFEG,49,0,0.255,0.3575,0.5004,Medium
3943-KDREE,26,1,0.2549,0.3574,0.5003,Medium
6856-RAURS,2,0,0.255,0.3574,0.5003,Medium
6572-ADKRS,46,0,0.255,0.3574,0.5003,Medium
4546-FOKWR,16,0,0.255,0.3574,0.5003,Medium
2800-VEQXM,3,0,0.255,0.3574,0.5003,Medium
2984-MIIZL,4,1,0.255,0.3574,0.5003,Medium
2276-YDAVZ,3,1,0.2549,0.3573,0.5002,Medium
0196-JTUQI,9,0,0.2549,0.3573,0.5002,Medium
3276-HDUEG,1,1,0.2549,0.3573,0.5002,Medium
5899-MQZZL,13,1,0.2549,0.3573,0.5002,Medium
7912-SYRQT,7,1,0.2549,0.3573,0.5002,Medium
2842-BCQGE,43,0,0.2548,0.3572,0.5001,Medium
9530-EHPOH,11,1,0.2547,0.3571,0.4999,Medium
5652-MSDEY,10,0,0.2547,0.3571,0.4999,Medium
4360-PNRQB,18,0,0.2548,0.3571,0.5,Medium
5035-BVCXS,11,0,0.2547,0.357,0.4999,Medium
3074-GQWYX,5,1,0.2547,0.357,0.4999,Medium
2476-YGEFM,29,0,0.2547,0.357,0.4998,Medium
3315-TOTBP,15,1,0.2547,0.357,0.4998,Medium
1260-TTRXI,4,1,0.2545,0.3568,0.4996,Medium
4349-GFQHK,1,1,0.2545,0.3568,0.4996,Medium
6907-FLBER,1,0,0.2545,0.3568,0.4996,Medium
2919-HBCJO,4,1,0.2545,0.3568,0.4996,Medium
2754-XBHTB,9,1,0.2543,0.3565,0.4992,Medium
5402-HTOTQ,16,0,0.2542,0.3564,0.4991,Medium
4059-IIEBK,7,0,0.254,0.3562,0.4988,Medium
8456-QDAVC,19,0,0.254,0.3561,0.4988,Medium
5175-WLYXL,22,0,0.254,0.3561,0.4987,Medium
6538-POCHL,33,0,0.2539,0.356,0.4986,Medium
2254-DLXRI,1,0,0.2539,0.356,0.4986,Medium
6618-RYATB,1,1,0.2538,0.3559,0.4984,Medium
8943-URTMR,2,1,0.2538,0.3558,0.4984,Medium
7567-ECMCM,24,0,0.2537,0.3558,0.4983,Medium
5243-SAOTC,54,0,0.2537,0.3558,0.4983,Medium
0137-OCGAB,1,1,0.2536,0.3557,0.4982,Medium
6496-JDSSB,8,0,0.2537,0.3557,0.4983,Medium
2187-PKZAY,12,0,0.2537,0.3557,0.4983,Medium
4277-PVRAN,8,1,0.2537,0.3557,0.4982,Medium
4547-KQRTM,10,1,0.2537,0.3557,0.4982,Medium
9696-RMYBA,5,0,0.2537,0.3557,0.4982,Medium
2674-MIAHT,4,0,0.2536,0.3556,0.4981,Medium
4572-DVCGN,10,1,0.2536,0.3556,0.4982,Medium
0947-IDHRQ,7,1,0.2536,0.3556,0.4981,Medium
9840-DVNDC,6,1,0.2536,0.3556,0.4981,Medium
5301-GAUUY,32,1,0.2536,0.3556,0.4981,Medium
1384-RCUXW,16,0,0.2535,0.3555,0.498,Medium
0940-OUQEC,10,1,0.2535,0.3555,0.498,Medium
5275-SQEIZ,1,1,0.2535,0.3555,0.4979,Medium
9095-HFAFX,5,1,0.2534,0.3554,0.4979,Medium
7404-JLKQG,3,0,0.2534,0.3554,0.4978,Medium
4817-QRJSX,10,1,0.2534,0.3554,0.4979,Medium
0620-DLSLK,13,0,0.2532,0.3551,0.4975,Medium
8714-CTZJW,4,0,0.253,0.3548,0.4972,Medium
9274-UARKJ,15,0,0.2529,0.3547,0.497,Medium
6218-KNUBD,6,0,0.2528,0.3546,0.4968,Medium
8705-DWKTI,52,0,0.2528,0.3545,0.4968,Medium
5572-ZDXHY,22,1,0.2527,0.3544,0.4966,Medium
9167-APMXZ,22,0,0.2527,0.3544,0.4967,Medium
7503-ZGUZJ,1,1,0.2526,0.3543,0.4965,Medium
4720-VSTSI,44,1,0.2525,0.3543,0.4965,Medium
3196-NVXLZ,25,0,0.2526,0.3543,0.4965,Medium
3737-XBQDD,24,0,0.2525,0.3542,0.4964,Medium
3834-XUIFC,7,1,0.2525,0.3541,0.4963,Medium
2135-DQWAQ,5,0,0.2524,0.3541,0.4963,Medium
2959-FENLU,9,0,0.2524,0.3541,0.4963,Medium
9124-LHCJQ,1,1,0.2524,0.3541,0.4962,Medium
0235-KGSLC,1,1,0.2524,0.354,0.4962,Medium
3995-WFCSM,2,0,0.2523,0.354,0.4961,Medium
9944-AEXBM,32,0,0.2524,0.354,0.4962,Medium
9866-QEVEE,19,1,0.2523,0.3539,0.496,Medium
8132-YPVBX,6,0,0.2523,0.3539,0.496,Medium
1342-JPNKI,10,1,0.2523,0.3539,0.496,Medium
6275-YDUVO,2,1,0.2522,0.3538,0.496,Medium
5318-IXUZF,2,1,0.252,0.3536,0.4956,Medium
9688-YGXVR,44,0,0.2518,0.3533,0.4953,Medium
4633-MKHYU,9,0,0.2517,0.3532,0.4952,Medium
0581-MDMPW,24,0,0.2516,0.3531,0.495,Medium
0311-UNPFF,26,1,0.2517,0.3531,0.495,Medium
6233-HXJMX,45,0,0.2515,0.353,0.4949,Medium
2869-ADAWR,45,1,0.2515,0.353,0.4949,Medium
7479-NITWS,7,1,0.2515,0.3529,0.4949,Medium
1215-FIGMP,60,0,0.2514,0.3528,0.4947,Medium
9492-TOKRI,18,1,0.2514,0.3528,0.4946,Medium
8565-CLBZW,24,1,0.2514,0.3528,0.4947,Medium
0135-NMXAP,12,1,0.2515,0.3528,0.4947,Medium
2114-MGINA,14,1,0.2514,0.3528,0.4947,Medium
9050-QLROH,18,1,0.2512,0.3526,0.4944,Medium
8782-LKFPK,44,0,0.2513,0.3526,0.4945,Medium
3771-PZOBW,20,0,0.2512,0.3526,0.4944,Medium
9137-NOQKA,2,0,0.2513,0.3526,0.4945,Medium
7979-CORPM,24,1,0.2513,0.3526,0.4944,Medium
5167-ZFFMM,1,1,0.2512,0.3525,0.4943,Medium
9846-GKXAS,9,1,0.2512,0.3525,0.4944,Medium
8563-OYMQY,17,0,0.2512,0.3525,0.4943,Medium
4160-AMJTL,8,1,0.2509,0.3521,0.4938,Medium
5482-VXSXJ,22,0,0.2507,0.3519,0.4936,Medium
7562-GSUHK,16,1,0.2507,0.3519,0.4936,Medium
1685-BQULA,40,0,0.2507,0.3518,0.4935,Medium
9025-AOMKI,6,1,0.2507,0.3518,0.4934,Medium
5380-AFSSK,5,1,0.2506,0.3517,0.4933,Medium
6833-JMZYP,15,0,0.2506,0.3517,0.4933,Medium
4971-PUYQO,27,1,0.2504,0.3515,0.4931,Medium
7982-VCELR,36,0,0.2504,0.3515,0.493,Medium
0148-DCDOS,25,1,0.2504,0.3515,0.4931,Medium
4124-MMETB,22,1,0.2504,0.3515,0.4931,Medium
6075-SLNIL,38,0,0.2503,0.3514,0.4929,Medium
3387-VATUS,5,1,0.2504,0.3514,0.493,Medium
0637-YLETY,16,1,0.2502,0.3512,0.4928,Medium
3597-MVHJT,27,0,0.2502,0.3512,0.4928,Medium
6862-CQUMB,37,0,0.2501,0.3511,0.4926,Medium
8168-UQWWF,11,1,0.2498,0.3507,0.4921,Medium
0655-RBDUG,7,1,0.2497,0.3506,0.492,Medium
8949-JTMAY,29,1,0.2496,0.3505,0.4918,Medium
9133-AYJZG,23,0,0.2496,0.3504,0.4918,Medium
4445-ZJNMU,9,0,0.2495,0.3503,0.4916,Medium
0447-RXSGD,24,0,0.2494,0.3502,0.4915,Medium
4686-UXDML,21,0,0.2494,0.3502,0.4914,Medium
3178-FESZO,1,1,0.2493,0.3501,0.4913,Medium
2612-RANWT,12,1,0.2493,0.3501,0.4914,Medium
7714-YXSMB,26,0,0.2493,0.35,0.4912,Medium
7881-INRLC,45,1,0.2492,0.3499,0.4911,Medium
5299-SJCZT,3,1,0.2491,0.3497,0.4909,Medium
0402-CQAJN,37,1,0.249,0.3496,0.4908,Medium
3352-ALMCK,40,0,0.2489,0.3495,0.4906,Medium
0280-XJGEX,49,1,0.2487,0.3492,0.4903,Medium
0093-XWZFY,40,1,0.2485,0.349,0.49,Medium
5052-PNLOS,3,1,0.2484,0.3488,0.4898,Medium
6394-MFYNG,48,1,0.248,0.3483,0.4892,Medium
4729-XKASR,1,1,0.2474,0.3476,0.4883,Medium
0804-XBFBV,11,0,0.2471,0.3471,0.4877,Medium
5482-PLVPE,2,1,0.2469,0.3469,0.4875,Medium
5480-HPRRX,3,1,0.2462,0.346,0.4863,Medium
0612-RTZZA,1,1,0.2462,0.346,0.4864,Medium
2640-PMGFL,27,1,0.2461,0.3459,0.4862,Medium
6235-VDHOM,5,1,0.244,0.3432,0.4828,Medium
5914-DVBWJ,18,1,0.2439,0.3431,0.4827,Medium
0811-GSDTP,13,0,0.2438,0.3428,0.4824,Medium
6818-DJXAA,10,0,0.2435,0.3425,0.482,Medium
4385-GZQXV,16,1,0.2421,0.3406,0.4797,Medium
1095-JUDTC,47,1,0.2419,0.3404,0.4795,Medium
9508-ILZDG,34,0,0.2417,0.3401,0.4791,Medium
4803-AXVYP,38,1,0.2411,0.3393,0.4781,Medium
2357-COQEK,28,1,0.2404,0.3384,0.4769,Medium
2786-GCDPI,50,0,0.2401,0.338,0.4765,Medium
4360-QRAVE,37,0,0.2394,0.3371,0.4753,Medium
3336-JORSO,33,1,0.2391,0.3368,0.4749,Medium
1320-REHCS,52,0,0.2391,0.3367,0.4748,Medium
3292-PBZEJ,11,0,0.239,0.3366,0.4747,Medium
5522-JBWMO,1,0,0.2368,0.3338,0.4712,Medium
5108-ADXWO,11,1,0.2367,0.3336,0.471,Medium
8687-BAFGU,1,0,0.2366,0.3334,0.4707,Medium
2325-NBPZG,3,0,0.2365,0.3333,0.4706,Medium
8778-LMWTJ,9,0,0.2364,0.3332,0.4705,Medium
7730-IUTDZ,43,1,0.2363,0.3331,0.4703,Medium
2122-YWVYA,18,0,0.2363,0.333,0.4702,Medium
8433-WXGNA,2,1,0.2362,0.3329,0.4701,Medium
3798-EPWRR,2,0,0.2361,0.3328,0.4699,Medium
8720-RQSBJ,1,0,0.2361,0.3327,0.4699,Medium
8080-DDEMJ,1,1,0.2356,0.3322,0.4692,Medium
7675-OZCZG,3,1,0.2357,0.3322,0.4692,Medium
4706-DGAHW,1,0,0.2356,0.3321,0.4691,Medium
8637-XJIVR,12,1,0.2354,0.3319,0.4689,Medium
5760-FXFVO,6,0,0.2354,0.3319,0.4689,Medium
6400-BWQKW,6,1,0.2354,0.3319,0.4688,Medium
4587-NUKOX,3,1,0.2354,0.3319,0.4688,Medium
3317-HRTNN,5,1,0.2354,0.3318,0.4688,Medium
8104-OSKWT,12,0,0.2352,0.3317,0.4686,Medium
0793-TWELN,4,0,0.2352,0.3316,0.4684,Medium
3904-UKFRE,4,0,0.2352,0.3316,0.4684,Medium
6185-TASNN,1,0,0.2352,0.3315,0.4684,Medium
6923-JHPMP,2,0,0.2351,0.3315,0.4683,Medium
4299-SIMNS,9,0,0.2349,0.3313,0.468,Medium
6876-ADESB,1,1,0.2349,0.3312,0.468,Medium
6772-KSATR,1,1,0.2348,0.3311,0.4678,Medium
0515-YPMCW,1,1,0.2345,0.3307,0.4674,Medium
8485-GJCDN,5,1,0.2341,0.3302,0.4667,Medium
2916-BQZLN,19,0,0.2341,0.3302,0.4668,Medium
5186-SAMNZ,1,1,0.234,0.3301,0.4666,Medium
7927-AUXBZ,30,1,0.234,0.33,0.4665,Medium
9796-BPKIW,8,0,0.2339,0.3299,0.4664,Medium
0378-TOVMS,3,1,0.2339,0.3299,0.4663,Medium
0880-FVFWF,56,0,0.2338,0.3298,0.4662,Medium
2815-CPTUL,5,1,0.2338,0.3298,0.4662,Medium
2260-USTRB,2,1,0.2338,0.3298,0.4663,Medium
7603-USHJS,12,1,0.2337,0.3297,0.466,Medium
3914-FDRHP,9,0,0.2338,0.3297,0.4662,Medium
8309-IEYJD,1,0,0.2337,0.3297,0.4661,Medium
9026-RNUJS,5,1,0.2336,0.3296,0.4659,Medium
3420-ZDBMA,5,0,0.2335,0.3294,0.4657,Medium
3295-YVUSR,2,0,0.2332,0.329,0.4653,Medium
7693-QPEFS,52,0,0.2331,0.3289,0.4651,Medium
3374-LXDEV,13,1,0.2331,0.3289,0.4651,Medium
8224-DWCKX,12,0,0.2331,0.3288,0.465,Medium
7321-PKUYW,11,1,0.233,0.3287,0.4648,Medium
2495-KZNFB,33,0,0.2329,0.3286,0.4647,Medium
4480-QQRHC,8,0,0.2329,0.3286,0.4647,Medium
3055-OYMSE,53,0,0.2329,0.3286,0.4648,Medium
5908-QMGOE,15,1,0.2328,0.3285,0.4646,Medium
9576-SYUHJ,37,0,0.2328,0.3285,0.4646,Medium
5213-TWWJU,28,0,0.2328,0.3285,0.4646,Medium
5091-HFAZW,2,0,0.2328,0.3285,0.4646,Medium
3703-KBKZP,16,0,0.2328,0.3284,0.4645,Medium
2982-IHMFT,1,1,0.2328,0.3284,0.4645,Medium
8685-WHQPW,22,1,0.2328,0.3284,0.4645,Medium
2656-FMOKZ,15,1,0.2328,0.3284,0.4645,Medium
4948-WBBKL,36,0,0.2327,0.3283,0.4643,Medium
8981-FJGLA,11,0,0.2327,0.3283,0.4644,Medium
1750-CSKKM,9,1,0.2327,0.3283,0.4644,Medium
7235-NXZCP,2,1,0.2327,0.3283,0.4643,Medium
3186-BAXNB,1,1,0.2327,0.3283,0.4643,Medium
1980-KXVPM,3,1,0.2326,0.3282,0.4643,Medium
7018-WBJNK,13,0,0.2326,0.3282,0.4643,Medium
5564-NEMQO,1,1,0.2326,0.3282,0.4642,Medium
8020-BWHYL,15,1,0.2326,0.3282,0.4642,Medium
2516-VQRRV,2,1,0.2325,0.3281,0.4641,Medium
0506-LVNGN,5,1,0.2325,0.3281,0.4641,Medium
9943-VSZUV,67,0,0.2325,0.328,0.464,Medium
0018-NYROU,5,0,0.2324,0.3279,0.4638,Medium
4806-HIPDW,1,1,0.2324,0.3279,0.4638,Medium
1447-GIQMR,1,1,0.2323,0.3278,0.4637,Medium
8178-EYZUO,46,1,0.2323,0.3278,0.4638,Medium
4704-ERYFC,22,1,0.2323,0.3278,0.4637,Medium
8063-RJYNF,16,1,0.2322,0.3277,0.4636,Medium
5027-QPKTE,7,1,0.2322,0.3277,0.4636,Medium
9658-WYUFB,17,1,0.2322,0.3276,0.4635,Medium
2911-WDXMV,18,0,0.2321,0.3276,0.4634,Medium
9058-MJLZC,24,0,0.2322,0.3276,0.4635,Medium
6379-RXJRQ,10,1,0.2321,0.3275,0.4633,Medium
4659-NZRUF,19,1,0.232,0.3275,0.4633,Medium
7872-RDDLZ,67,0,0.2321,0.3275,0.4634,Medium
7321-VGNKU,2,0,0.232,0.3274,0.4632,Medium
7379-POKDZ,3,1,0.232,0.3274,0.4632,Medium
2884-GBPFB,35,1,0.232,0.3274,0.4632,Medium
5976-JCJRH,10,1,0.232,0.3274,0.4632,Medium
2507-QZPQS,15,0,0.2319,0.3273,0.4631,Medium
6356-ELRKD,1,1,0.232,0.3273,0.4632,Medium
8835-VSDSE,2,1,0.2319,0.3273,0.4631,Medium
5302-BDJNT,35,0,0.2319,0.3273,0.4631,Medium
9692-TUSXH,18,1,0.2319,0.3272,0.463,Medium
8495-PRWFH,42,0,0.2318,0.3272,0.463,Medium
2240-HSJQD,38,0,0.2318,0.3272,0.4629,Medium
6821-BUXUX,13,1,0.2318,0.3271,0.4628,Medium
5271-DBYSJ,11,0,0.2317,0.327,0.4627,Medium
2070-XYMFH,23,0,0.2316,0.3269,0.4626,Medium
1307-TVUFB,42,0,0.2316,0.3269,0.4626,Medium
9317-WZPGV,2,1,0.2315,0.3268,0.4625,Medium
3891-PUQOD,1,1,0.2315,0.3267,0.4624,Medium
5599-HVLTW,14,0,0.2314,0.3266,0.4622,Medium
8490-BXHEO,18,0,0.2314,0.3266,0.4622,Medium
8444-WRIDW,66,1,0.2314,0.3266,0.4622,Medium
9172-ANCRX,10,1,0.2314,0.3266,0.4622,Medium
9903-LYSAB,18,0,0.2313,0.3265,0.462,Medium
6259-WJQLC,32,0,0.2312,0.3264,0.462,Medium
6215-NQCPY,15,0,0.2312,0.3263,0.4619,Medium
9330-IJWIO,13,1,0.2311,0.3262,0.4617,Medium
5590-BYNII,22,1,0.231,0.3261,0.4616,Medium
8761-NSOBC,44,1,0.231,0.3261,0.4616,Medium
2189-WWOEW,15,1,0.231,0.326,0.4615,Medium
7978-DKUQH,25,0,0.2309,0.326,0.4615,Medium
7341-LXCAF,4,1,0.2309,0.326,0.4614,Medium
7315-WYOAW,13,0,0.231,0.326,0.4615,Medium
2739-CACDQ,17,0,0.2309,0.3259,0.4614,Medium
1024-VRZHF,11,1,0.2309,0.3259,0.4613,Medium
4911-BANWH,31,1,0.2308,0.3259,0.4613,Medium
5233-AOZUF,29,0,0.2309,0.3259,0.4613,Medium
6015-VVHHE,5,1,0.2308,0.3258,0.4612,Medium
9821-POOTN,35,1,0.2308,0.3258,0.4612,Medium
4301-VVZKA,16,0,0.2307,0.3257,0.4612,Medium
8185-UPYBR,6,1,0.2307,0.3257,0.4611,Medium
6407-UTSLV,2,0,0.2307,0.3256,0.461,Medium
3519-ZKXGG,3,1,0.2306,0.3256,0.461,Medium
5813-UECBU,33,1,0.2306,0.3256,0.461,Medium
2523-EWWZL,27,0,0.2306,0.3255,0.4609,Medium
5357-TZHPP,9,1,0.2305,0.3254,0.4608,Medium
0875-CABNR,10,1,0.2305,0.3254,0.4607,Medium
6060-DRTNL,5,1,0.2304,0.3253,0.4606,Medium
4706-AXVKM,11,1,0.2304,0.3253,0.4606,Medium
9626-VFRGG,41,0,0.2304,0.3253,0.4606,Medium
5923-GXUOC,10,1,0.2304,0.3253,0.4605,Medium
7248-VZQLC,47,1,0.2304,0.3252,0.4605,Medium
1452-KIOVK,22,0,0.2303,0.3252,0.4604,Medium
9661-ACXBS,42,1,0.2302,0.3251,0.4603,Medium
2860-RANUS,20,1,0.2302,0.3251,0.4603,Medium
4191-XOVOM,63,0,0.2302,0.325,0.4602,Medium
5536-SLHPM,55,1,0.2302,0.325,0.4602,Medium
3452-ABWRL,47,0,0.2302,0.325,0.4602,Medium
3317-VLGQT,14,0,0.2301,0.3249,0.4601,Medium
0141-YEAYS,27,0,0.2301,0.3249,0.4601,Medium
8535-SFUTN,61,0,0.23,0.3248,0.46,Medium
7048-GXDAY,39,0,0.23,0.3248,0.46,Medium
9465-RWMXL,32,1,0.2299,0.3247,0.4598,Medium
1569-TTNYJ,5,1,0.23,0.3247,0.4599,Medium
1184-PJVDB,10,1,0.2297,0.3244,0.4594,Medium
0727-IWKVK,9,1,0.2297,0.3244,0.4594,Medium
7363-QTBIW,9,0,0.2297,0.3244,0.4595,Medium
3481-JHUZH,41,0,0.2296,0.3243,0.4593,Medium
0585-EGDDA,40,0,0.2297,0.3243,0.4594,Medium
2959-MJHIC,4,1,0.2296,0.3242,0.4593,Medium
0318-QUUOB,1,1,0.2296,0.3242,0.4592,Medium
2856-NNASM,43,1,0.2295,0.3241,0.459,Medium
4143-OOBWZ,5,1,0.2294,0.324,0.4589,Medium
0929-PECLO,63,0,0.2295,0.324,0.459,Medium
5445-UTODQ,7,1,0.2294,0.324,0.459,Medium
3006-XIMLN,2,1,0.2293,0.3239,0.4588,Medium
9079-YEXQJ,54,1,0.2292,0.3237,0.4586,Medium
7481-ATQQS,49,1,0.2292,0.3237,0.4586,Medium
2587-EKXTS,44,0,0.2292,0.3237,0.4586,Medium
4559-UWIHT,14,0,0.2291,0.3236,0.4584,Medium
3727-RJMEO,6,1,0.2291,0.3235,0.4584,Medium
3489-HHPFY,2,0,0.2288,0.3232,0.4579,Medium
7861-UVUFT,15,1,0.2287,0.3231,0.4579,Medium
6127-ISGTU,16,1,0.2286,0.3229,0.4576,Medium
8382-SHQEH,8,1,0.2286,0.3229,0.4576,Medium
9992-RRAMN,22,1,0.2286,0.3229,0.4576,Medium
9185-TQCVP,14,1,0.2286,0.3229,0.4576,Medium
1608-GMEWB,45,0,0.2286,0.3229,0.4576,Medium
0524-IAVZO,30,1,0.2286,0.3229,0.4576,Medium
2195-ZRVAX,47,1,0.2285,0.3228,0.4575,Medium
3217-FZDMN,8,1,0.2285,0.3228,0.4575,Medium
0195-IESCP,10,1,0.2285,0.3228,0.4575,Medium
7249-WBIYX,10,1,0.2285,0.3228,0.4574,Medium
9885-AIBVB,29,0,0.2284,0.3227,0.4573,Medium
9279-CJEOJ,21,0,0.2283,0.3226,0.4572,Medium
7508-MYBOG,14,1,0.2284,0.3226,0.4572,Medium
2519-FAKOD,38,1,0.2284,0.3226,0.4572,Medium
6328-ZPBGN,11,1,0.2284,0.3226,0.4572,Medium
4285-GYRQC,7,1,0.2283,0.3226,0.4572,Medium
1925-TIBLE,7,1,0.2283,0.3225,0.4571,Medium
9776-OJUZI,65,0,0.2283,0.3225,0.4571,Medium
2057-ZBLPD,21,1,0.2283,0.3225,0.4571,Medium
3269-ATYWD,39,1,0.2283,0.3225,0.4571,Medium
0168-XZKBB,19,0,0.2282,0.3224,0.457,Medium
5959-BELXA,32,1,0.2282,0.3224,0.4569,Medium
9190-MFJLN,19,1,0.2282,0.3224,0.457,Medium
9961-JBNMK,21,1,0.2281,0.3222,0.4567,Medium
3427-GGZZI,19,0,0.2278,0.3218,0.4562,Medium
8065-BVEPF,65,0,0.2277,0.3217,0.456,Medium
6210-KBBPI,9,1,0.2276,0.3216,0.4559,Medium
5419-CONWX,4,1,0.2275,0.3215,0.4558,Medium
2674-MLXMN,71,0,0.2276,0.3215,0.4559,Medium
2725-KXXWT,1,1,0.2274,0.3214,0.4557,Medium
6908-VVYHM,65,0,0.2275,0.3214,0.4557,Medium
8622-ZLFKO,6,0,0.2274,0.3214,0.4557,Medium
2472-OVKUP,6,1,0.2274,0.3213,0.4556,Medium
4927-WWOOZ,2,0,0.2273,0.3212,0.4554,Medium
2692-BUCFV,29,0,0.2272,0.3211,0.4553,Medium
2452-KDRRH,67,0,0.2272,0.3211,0.4554,Medium
6892-EZDTG,4,1,0.2273,0.3211,0.4554,Medium
2371-JQHZZ,24,0,0.227,0.3208,0.455,Medium
2034-CGRHZ,24,1,0.227,0.3208,0.4549,Medium
7422-WNBTY,33,0,0.2269,0.3207,0.4548,Medium
2982-VPSGI,11,1,0.2268,0.3206,0.4546,Medium
9919-KNPOO,21,0,0.2268,0.3205,0.4545,Medium
3096-GKWEB,18,0,0.2267,0.3204,0.4544,Medium
5364-XYIRR,51,1,0.2267,0.3204,0.4544,Medium
0129-KPTWJ,72,0,0.2267,0.3204,0.4544,Medium
4192-GORJT,5,1,0.2267,0.3204,0.4545,Medium
5955-ERIHD,18,1,0.2267,0.3204,0.4544,Medium
6661-HBGWL,42,1,0.2267,0.3204,0.4544,Medium
3049-SOLAY,3,1,0.2266,0.3203,0.4543,Medium
0396-YCHWO,36,0,0.2266,0.3202,0.4542,Medium
0407-BDJKB,60,1,0.2265,0.3201,0.4541,Medium
5980-NOPLP,44,1,0.2264,0.32,0.454,Medium
0480-BIXDE,19,0,0.2263,0.3199,0.4538,Medium
6393-WRYZE,34,1,0.2261,0.3197,0.4535,Medium
1455-UGQVH,10,1,0.226,0.3195,0.4533,Medium
8785-CJSHH,60,0,0.2258,0.3192,0.4529,Medium
2568-OIADY,37,1,0.2258,0.3192,0.453,Medium
0897-FEGMU,11,1,0.2258,0.3192,0.453,Medium
2656-TABEH,4,1,0.2257,0.3191,0.4528,Medium
8397-MVTAZ,34,1,0.2257,0.3191,0.4528,Medium
3473-XIIIT,16,1,0.2257,0.3191,0.4528,Medium
0434-CSFON,47,0,0.2256,0.319,0.4527,Medium
6116-RFVHN,34,0,0.2256,0.319,0.4527,Medium
2430-USGXP,24,1,0.2255,0.3189,0.4525,Medium
0680-DFNNY,15,1,0.2255,0.3189,0.4525,Medium
4289-DTDKW,40,1,0.2255,0.3188,0.4524,Medium
4553-DVPZG,62,0,0.2255,0.3188,0.4524,Medium
6688-UZPWD,11,1,0.2254,0.3186,0.4522,Medium
7233-DRTRF,63,0,0.2253,0.3186,0.4521,Medium
0365-BZUWY,17,0,0.2253,0.3185,0.4521,Medium
1343-EHPYB,63,1,0.2251,0.3183,0.4518,Medium
3384-CTMSF,47,0,0.225,0.3182,0.4516,Medium
8625-AZYZY,24,1,0.2249,0.3181,0.4515,Medium
0895-DQHEW,54,1,0.225,0.3181,0.4516,Medium
5219-YIPTK,33,1,0.225,0.3181,0.4515,Medium
4484-GLZOU,52,1,0.2248,0.318,0.4514,Medium
4446-BZKHU,61,1,0.2248,0.3179,0.4512,Medium
4587-VVTOX,6,1,0.2248,0.3179,0.4513,Medium
1469-LBJQJ,66,0,0.2248,0.3179,0.4513,Medium
6377-WHAOX,60,0,0.2247,0.3177,0.4511,Medium
9142-KZXOP,44,0,0.2245,0.3176,0.4509,Medium
8993-IZEUX,7,0,0.2245,0.3175,0.4507,Medium
5884-GCYMI,1,1,0.2244,0.3174,0.4506,Medium
4501-EQDRN,1,1,0.2243,0.3173,0.4505,Medium
4110-PFEUZ,1,1,0.2244,0.3173,0.4506,Medium
6166-ILMNY,2,1,0.2243,0.3173,0.4505,Medium
4512-ZUIYL,2,1,0.2243,0.3172,0.4504,Medium
5895-QSXOD,9,0,0.2242,0.3172,0.4504,Medium
9272-LSVYH,10,0,0.2242,0.3171,0.4503,Medium
1041-RXHRA,41,1,0.2242,0.3171,0.4503,Medium
9584-EXCDZ,17,0,0.2241,0.317,0.4502,Medium
1047-NNCBF,20,0,0.2241,0.317,0.4501,Medium
9620-ENEJV,6,0,0.2241,0.317,0.4501,Medium
5940-AHUHD,1,1,0.2241,0.317,0.4501,Medium
0151-ONTOV,1,1,0.224,0.3169,0.45,Medium
5028-GZLDO,2,1,0.2241,0.3169,0.4501,Medium
7967-HYCDE,8,0,0.2241,0.3169,0.4501,Medium
3717-OEAUQ,2,0,0.2241,0.3169,0.4501,Medium
0519-XUZJU,1,1,0.2241,0.3169,0.4501,Medium
2115-BFTIW,25,1,0.224,0.3169,0.45,Medium
0511-JTEOY,1,1,0.224,0.3168,0.4499,Medium
8040-MNRTF,1,0,0.224,0.3168,0.4499,Medium
7128-GGCNO,46,0,0.2236,0.3163,0.4492,Medium
9747-DDZOS,1,1,0.2234,0.316,0.4489,Medium
6680-WKXRZ,3,1,0.2232,0.3158,0.4486,Medium
9398-MMQTO,3,0,0.2232,0.3158,0.4486,Medium
3094-JOJAI,18,0,0.2232,0.3158,0.4487,Medium
0927-LCSMG,7,1,0.2231,0.3157,0.4485,Medium
8676-TRMJS,3,1,0.223,0.3156,0.4484,Medium
7571-YXDAD,2,1,0.2231,0.3156,0.4484,Medium
4826-TZEVA,40,0,0.2231,0.3156,0.4484,Medium
5146-CBVOE,16,0,0.223,0.3155,0.4483,Medium
1596-BBVTG,35,1,0.223,0.3155,0.4482,Medium
1228-ZLNBX,21,0,0.223,0.3155,0.4482,Medium
6825-UYPFK,23,1,0.2229,0.3154,0.4481,Medium
7410-YTJIK,7,1,0.2229,0.3154,0.4482,Medium
7786-WBJYI,4,1,0.2224,0.3147,0.4472,Medium
3096-IZETN,12,1,0.2223,0.3146,0.4472,Medium
6175-IRFIT,5,0,0.2222,0.3145,0.4469,Medium
7129-CAKJW,17,0,0.2219,0.3141,0.4465,Medium
6086-ESGRL,1,1,0.2219,0.3141,0.4464,Medium
1591-NFNLQ,51,1,0.2219,0.3141,0.4465,Medium
2868-SNELZ,2,1,0.2218,0.3139,0.4463,Medium
4138-NAXED,51,0,0.2217,0.3138,0.4461,Medium
5076-YVXCM,51,0,0.2212,0.3131,0.4453,Medium
9812-GHVRI,40,0,0.2211,0.313,0.4451,Medium
5950-AAAGJ,18,0,0.221,0.3129,0.445,Medium
9367-WXLCH,8,1,0.221,0.3128,0.4449,Medium
0843-WTBXE,53,1,0.2208,0.3126,0.4446,Medium
3049-NDXFL,1,1,0.2207,0.3125,0.4444,Medium
3916-NRPAP,3,0,0.2207,0.3125,0.4445,Medium
7748-UMTRK,30,0,0.2202,0.3119,0.4437,Medium
7251-XFOIL,61,0,0.22,0.3116,0.4433,Medium
5136-GFPMB,54,0,0.22,0.3115,0.4432,Medium
0130-SXOUN,66,0,0.22,0.3115,0.4432,Medium
0432-CAJZV,3,0,0.2198,0.3112,0.4428,Medium
3874-EQOEP,7,1,0.219,0.3102,0.4415,Medium
9793-WECQC,23,0,0.2189,0.3101,0.4414,Medium
6857-VWJDT,1,1,0.2188,0.31,0.4413,Medium
3585-ISXZP,8,1,0.2188,0.31,0.4413,Medium
4829-AUOAX,46,1,0.2188,0.3099,0.4412,Medium
1010-DIAUQ,5,1,0.2187,0.3098,0.441,Medium
5312-UXESG,41,0,0.2184,0.3094,0.4406,Medium
9734-YWGEX,9,1,0.2184,0.3094,0.4405,Medium
6481-ESCNL,29,0,0.218,0.3089,0.4398,Medium
6693-FRIRW,18,0,0.2179,0.3087,0.4396,Medium
2369-UAPKZ,5,1,0.2174,0.3081,0.4388,Medium
5760-IFJOZ,3,0,0.2168,0.3072,0.4378,Medium
1658-TJVOA,6,0,0.2157,0.3058,0.4359,Medium
2424-WVHPL,1,0,0.2155,0.3056,0.4356,Medium
6178-KFNHS,12,1,0.2155,0.3055,0.4356,Medium
4818-QIUFN,20,1,0.2146,0.3043,0.4341,Medium
1251-STYSZ,4,0,0.2143,0.304,0.4337,Medium
5371-VYLSX,50,0,0.2137,0.3031,0.4326,Medium
1580-BMCMR,19,0,0.2129,0.3021,0.4312,Medium
6416-TVAIH,1,1,0.2126,0.3017,0.4307,Medium
9824-BEMCV,17,1,0.2124,0.3015,0.4304,Medium
6917-YACBP,59,0,0.2124,0.3015,0.4305,Medium
2575-GFSOE,7,1,0.2124,0.3015,0.4304,Medium
4325-NFSKC,19,1,0.2123,0.3013,0.4302,Medium
0455-XFASS,3,0,0.2123,0.3013,0.4302,Medium
1853-UDXBW,1,1,0.2122,0.3012,0.43,Medium
7326-RIGQZ,6,0,0.2123,0.3012,0.4301,Medium
5281-BUZGT,36,1,0.2122,0.3012,0.4301,Medium
5134-IKDAY,1,1,0.2123,0.3012,0.4301,Medium
6017-PPLPX,20,1,0.2121,0.301,0.4299,Medium
3422-LYEPQ,1,1,0.212,0.3009,0.4296,Medium
9722-UJOJR,29,1,0.212,0.3009,0.4297,Medium
0508-OOLTO,2,0,0.2118,0.3007,0.4294,Medium
9799-CAYJJ,2,0,0.2117,0.3005,0.4291,Medium
3398-ZOUAA,21,1,0.2117,0.3005,0.4292,Medium
7924-GJZFI,25,0,0.2117,0.3005,0.4291,Medium
2506-TNFCO,1,1,0.2116,0.3004,0.429,Medium
2799-ARNLO,5,0,0.2117,0.3004,0.4291,Medium
1597-LHYNC,26,1,0.2115,0.3002,0.4288,Medium
7044-YAACC,4,0,0.2115,0.3002,0.4288,Medium
2398-YPMUR,13,1,0.2115,0.3002,0.4288,Medium
7206-PQBBZ,11,0,0.2115,0.3002,0.4288,Medium
1363-TXLSL,1,1,0.2114,0.3001,0.4287,Medium
9365-SRSZE,27,0,0.2114,0.3001,0.4286,Medium
4585-HETAI,4,1,0.2113,0.3,0.4286,Medium
8647-SDTWQ,57,0,0.2112,0.2999,0.4283,Medium
3923-CSIHK,50,1,0.2113,0.2999,0.4284,Medium
5960-MVTUK,3,0,0.2112,0.2998,0.4282,Medium
1867-BDVFH,11,1,0.2112,0.2998,0.4283,Medium
7758-XKCBS,15,1,0.2112,0.2998,0.4283,Medium
4007-NHVHI,56,0,0.2112,0.2998,0.4283,Medium
7180-PISOG,1,1,0.2112,0.2998,0.4283,Medium
9399-APLBT,1,1,0.2111,0.2997,0.4282,Medium
1216-JWVUX,25,0,0.2109,0.2995,0.4279,Medium
3005-NFMTA,55,1,0.2108,0.2994,0.4277,Medium
3588-WSTTJ,35,0,0.2108,0.2993,0.4276,Medium
4902-OHLSK,29,1,0.2108,0.2993,0.4277,Medium
0947-MUGVO,20,1,0.2107,0.2991,0.4274,Medium
6513-EECDB,1,1,0.2107,0.2991,0.4274,Medium
4030-VPZBD,2,1,0.2105,0.299,0.4272,Medium
0531-ZZJWQ,55,0,0.2106,0.299,0.4273,Medium
8510-AWCXC,13,1,0.2105,0.2989,0.4271,Medium
4102-OQUPX,1,1,0.2105,0.2989,0.4271,Medium
2880-FPNAE,2,0,0.2105,0.2989,0.4272,Medium
0723-DRCLG,1,1,0.2105,0.2989,0.4271,Medium
5956-VKDTT,5,1,0.2105,0.2989,0.4271,Medium
9334-GWGOW,7,0,0.2104,0.2988,0.4269,Medium
3689-MOZGR,29,0,0.2104,0.2987,0.4269,Medium
0265-EDXBD,32,1,0.2104,0.2987,0.4269,Medium
8107-KNCIM,14,0,0.2103,0.2987,0.4268,Medium
1989-PRJHP,27,1,0.2102,0.2986,0.4267,Medium
2077-MPJQO,7,0,0.2103,0.2986,0.4267,Medium
8695-ARGXZ,34,0,0.2102,0.2986,0.4267,Medium
4846-WHAFZ,37,1,0.21,0.2983,0.4263,Medium
2528-HFYZX,17,1,0.21,0.2983,0.4263,Medium
9779-DPNEJ,22,0,0.21,0.2982,0.4262,Medium
7693-LCKZL,5,1,0.21,0.2982,0.4262,Medium
9897-KXHCM,3,1,0.2099,0.2981,0.4261,Medium
3191-CSNMG,3,0,0.2098,0.298,0.426,Medium
6786-OBWQR,5,0,0.2098,0.298,0.4259,Medium
2018-QKYGT,1,0,0.2098,0.2979,0.4259,Medium
6080-TCMYC,40,0,0.2097,0.2979,0.4258,Medium
0256-LTHVJ,28,1,0.2098,0.2979,0.4259,Medium
5949-XIKAE,8,1,0.2093,0.2973,0.425,Medium
0027-KWYKW,23,0,0.2092,0.2972,0.4249,Medium
4086-YQSNZ,3,1,0.2092,0.2972,0.4249,Medium
9391-EOYLI,12,1,0.2092,0.2972,0.4249,Medium
5685-IIXLY,5,1,0.2093,0.2972,0.425,Medium
8436-BJUMM,26,1,0.2092,0.2972,0.4249,Medium
6961-VCPMC,46,1,0.2092,0.2972,0.4249,Medium
5940-NFXKV,19,1,0.2092,0.2972,0.425,Medium
9957-YODKZ,6,0,0.2091,0.2971,0.4248,Medium
5520-FVEWJ,12,1,0.2091,0.297,0.4247,Medium
4795-KTRTH,5,1,0.2091,0.297,0.4247,Medium
9314-IJWSQ,14,0,0.209,0.2969,0.4246,Medium
9102-IAYHT,17,1,0.2089,0.2968,0.4244,Medium
4238-HFHSN,61,0,0.2088,0.2967,0.4243,Medium
4952-YSOGZ,4,1,0.2088,0.2966,0.4242,Medium
5651-YLPRD,32,0,0.2088,0.2966,0.4242,Medium
6630-UJZMY,4,0,0.2086,0.2964,0.4239,Medium
7279-BUYWN,41,1,0.2086,0.2963,0.4238,Medium
2845-HSJCY,14,1,0.2086,0.2963,0.4238,Medium
5868-YWPDW,6,1,0.2084,0.2962,0.4236,Medium
3672-YITQD,36,1,0.2085,0.2962,0.4236,Medium
5383-MMTWC,8,1,0.2085,0.2962,0.4237,Medium
6133-OZILE,18,0,0.2084,0.2961,0.4236,Medium
0196-VULGZ,6,1,0.2084,0.2961,0.4236,Medium
5117-IFGPS,29,0,0.2084,0.2961,0.4236,Medium
8972-HJWNV,7,1,0.2084,0.2961,0.4235,Medium
5216-WASFJ,31,0,0.2083,0.296,0.4234,Medium
9606-PBKBQ,32,1,0.2083,0.296,0.4233,Medium
2672-TGEFF,37,0,0.2083,0.2959,0.4233,Medium
8158-WPEZG,11,0,0.2082,0.2959,0.4232,Medium
9054-FOWNV,22,0,0.2083,0.2959,0.4233,Medium
2657-VPXTA,10,0,0.2083,0.2959,0.4233,Medium
2685-SREOM,25,1,0.2082,0.2958,0.4232,Medium
7137-RYLPP,37,1,0.2082,0.2958,0.4231,Medium
0533-BNWKF,55,1,0.2082,0.2958,0.4232,Medium
2082-OJVTK,29,1,0.2082,0.2958,0.4232,Medium
7460-ITWWP,45,0,0.2081,0.2957,0.423,Medium
7682-AZNDK,34,0,0.2081,0.2957,0.423,Medium
4826-XTSOH,1,1,0.2081,0.2957,0.423,Medium
6319-IEJWJ,20,1,0.208,0.2956,0.4228,Medium
1941-HOSAM,1,0,0.208,0.2956,0.4229,Medium
7779-LGOVN,10,1,0.208,0.2955,0.4228,Medium
9172-JITSM,26,1,0.2079,0.2954,0.4227,Medium
8714-EUHJO,31,1,0.2078,0.2953,0.4226,Medium
4001-TSBTV,58,0,0.2078,0.2952,0.4224,Medium
6583-QGCSI,50,1,0.2077,0.2952,0.4223,Medium
4879-GZLFH,42,0,0.2077,0.2951,0.4222,Medium
6100-QQHEB,17,1,0.2076,0.295,0.4221,Medium
0187-QSXOE,7,0,0.2075,0.2949,0.422,Medium
1930-WNXSB,58,0,0.2075,0.2949,0.422,Medium
5857-TYBCJ,44,0,0.2075,0.2949,0.422,Medium
7483-IQWIB,37,0,0.2075,0.2949,0.422,Medium
9134-CEQMF,7,1,0.2074,0.2948,0.4219,Medium
7529-ZDFXI,57,0,0.2074,0.2947,0.4218,Medium
6267-DCFFZ,30,0,0.2073,0.2947,0.4217,Medium
1891-FZYSA,69,1,0.2074,0.2947,0.4217,Medium
8337-UPOAQ,10,1,0.2074,0.2947,0.4218,Medium
6507-ZJSUR,23,0,0.2073,0.2946,0.4216,Medium
8708-XPXHZ,42,1,0.2073,0.2946,0.4216,Medium
2929-ERCFZ,8,1,0.2073,0.2946,0.4216,Medium
5168-MSWXT,8,0,0.2072,0.2945,0.4215,Medium
2037-SGXHH,38,1,0.2072,0.2945,0.4215,Medium
8775-LHDJH,1,1,0.2072,0.2945,0.4215,Medium
5982-FPVQN,37,0,0.2071,0.2944,0.4213,Medium
8059-UDZFY,33,0,0.2071,0.2944,0.4213,Medium
2824-MYYBN,37,0,0.2071,0.2944,0.4213,Medium
8610-WFCJF,49,1,0.207,0.2943,0.4212,Medium
3990-QYKBE,37,1,0.2069,0.2941,0.4209,Medium
7668-XCFYV,17,0,0.2069,0.2941,0.4209,Medium
0674-DGMAQ,32,0,0.2067,0.2939,0.4206,Medium
8290-YWKHZ,32,1,0.2068,0.2939,0.4207,Medium
2840-XANRC,24,1,0.2068,0.2939,0.4207,Medium
9189-JWSHV,24,1,0.2067,0.2938,0.4206,Medium
9912-GVSEQ,26,1,0.2067,0.2938,0.4205,Medium
6108-OQZDQ,4,1,0.2066,0.2938,0.4205,Medium
1728-CXQBE,64,0,0.2066,0.2937,0.4204,Medium
8621-MNIHH,34,1,0.2066,0.2937,0.4204,Medium
3545-CNWRG,49,0,0.2066,0.2937,0.4204,Medium
9253-QXKBE,29,1,0.2066,0.2936,0.4204,Medium
1626-ERCMM,20,1,0.2065,0.2936,0.4203,Medium
6583-KQJLK,15,0,0.2065,0.2936,0.4203,Medium
7225-CBZPL,17,0,0.2065,0.2936,0.4203,Medium
5439-WIKXB,41,0,0.2065,0.2936,0.4203,Medium
5244-IRFIH,33,1,0.2065,0.2936,0.4203,Medium
5567-WSELE,3,1,0.2065,0.2936,0.4203,Medium
6088-BXMRG,32,0,0.2065,0.2936,0.4203,Medium
3452-GWUIN,19,0,0.2065,0.2935,0.4202,Medium
9061-TIHDA,13,1,0.2064,0.2935,0.4201,Medium
6467-CHFZW,47,1,0.2064,0.2935,0.4201,Medium
0310-MVLET,61,1,0.2065,0.2935,0.4202,Medium
5178-LMXOP,1,1,0.2064,0.2935,0.4202,Medium
5889-JTMUL,50,1,0.2065,0.2935,0.4202,Medium
3951-NJCVI,42,0,0.2065,0.2935,0.4202,Medium
3987-KQDDU,9,0,0.2064,0.2934,0.42,Medium
4690-PKDQG,42,0,0.2064,0.2934,0.42,Medium
0576-WNXXC,27,1,0.2064,0.2934,0.42,Medium
6651-AZVTJ,49,1,0.2063,0.2934,0.42,Medium
3319-DWOEP,6,1,0.2063,0.2933,0.42,Medium
1771-OADNZ,29,1,0.2063,0.2933,0.4199,Medium
3748-FVMZZ,4,0,0.2063,0.2933,0.42,Medium
0596-BQCEQ,62,1,0.2063,0.2933,0.4199,Medium
9647-ERGBE,30,1,0.2063,0.2933,0.4199,Medium
4039-HEUNW,36,1,0.2062,0.2932,0.4198,Medium
8384-FZBJK,57,0,0.2062,0.2932,0.4198,Medium
9318-NKNFC,1,1,0.2062,0.2932,0.4198,Medium
1386-ZIKUV,7,0,0.2061,0.2931,0.4196,Medium
9025-ZRPVR,9,1,0.2061,0.2931,0.4196,Medium
3969-GYXEL,11,0,0.2062,0.2931,0.4197,Medium
5025-GOOKI,20,0,0.2062,0.2931,0.4197,Medium
7074-STDCN,39,0,0.2061,0.293,0.4196,Medium
9039-ZVJDC,3,0,0.206,0.2929,0.4194,Medium
6121-VZNQB,1,1,0.206,0.2929,0.4194,Medium
2454-RPBRZ,12,1,0.2059,0.2928,0.4193,Medium
0011-IGKFF,13,1,0.206,0.2928,0.4193,Medium
8780-RSYYU,25,0,0.2059,0.2928,0.4193,Medium
4021-RQSNY,29,1,0.2059,0.2927,0.4192,Medium
6112-KTHFQ,13,0,0.2058,0.2927,0.4191,Medium
0946-CLJTI,58,1,0.2058,0.2927,0.4191,Medium
1098-TDVUQ,1,0,0.2059,0.2927,0.4192,Medium
4667-OHGKG,1,1,0.2058,0.2927,0.4191,Medium
1075-BGWOH,16,1,0.2058,0.2927,0.4191,Medium
4598-XLKNJ,25,1,0.2059,0.2927,0.4192,Medium
0303-WMMRN,5,0,0.2059,0.2927,0.4192,Medium
8295-FHIVV,7,0,0.2058,0.2926,0.419,Medium
1751-NCDLI,46,0,0.2058,0.2926,0.4191,Medium
6861-XWTWQ,7,1,0.2057,0.2926,0.419,Medium
7956-XQWGU,27,0,0.2058,0.2926,0.419,Medium
2675-DHUTR,58,0,0.2058,0.2926,0.4191,Medium
7298-IZWLY,1,0,0.2058,0.2926,0.419,Medium
9391-TTOYH,23,0,0.2057,0.2925,0.4189,Medium
5502-RLUYV,69,1,0.2057,0.2925,0.4188,Medium
2012-NWRPA,11,1,0.2057,0.2925,0.4189,Medium
5906-BFOZT,1,0,0.2057,0.2925,0.4189,Medium
8566-YPRGL,1,0,0.2057,0.2925,0.4189,Medium
3318-ISQFQ,20,0,0.2057,0.2925,0.4189,Medium
2845-AFFTX,41,1,0.2057,0.2924,0.4188,Medium
1087-UDSIH,3,1,0.2056,0.2924,0.4187,Medium
4588-YBNIB,1,1,0.2056,0.2924,0.4187,Medium
1622-HSHSF,1,0,0.2056,0.2924,0.4188,Medium
1237-WIYYZ,18,0,0.2056,0.2924,0.4188,Medium
8457-XIGKN,20,0,0.2056,0.2924,0.4187,Medium
8634-MPHTR,47,1,0.2056,0.2924,0.4187,Medium
7989-CHGTL,1,1,0.2056,0.2924,0.4187,Medium
0690-SRQID,4,0,0.2056,0.2923,0.4186,Medium
2332-EFBJY,16,1,0.2055,0.2923,0.4186,Medium
7526-IVLYU,3,0,0.2056,0.2923,0.4186,Medium
7291-CDTMJ,1,0,0.2056,0.2923,0.4186,Medium
3981-QSVQI,8,0,0.2055,0.2923,0.4186,Medium
0324-BRPCJ,68,1,0.2056,0.2923,0.4187,Medium
3621-CEOVK,14,1,0.2056,0.2923,0.4187,Medium
3694-GLTJM,5,0,0.2056,0.2923,0.4186,Medium
2640-LYMOV,2,0,0.2056,0.2923,0.4186,Medium
8374-XGEJJ,43,1,0.2055,0.2922,0.4185,Medium
2465-BLLEU,1,0,0.2055,0.2922,0.4185,Medium
1013-QCWAM,66,0,0.2055,0.2922,0.4185,Medium
7853-WNZSY,1,0,0.2055,0.2922,0.4185,Medium
7216-EWTRS,1,1,0.2055,0.2922,0.4185,Medium
4433-JCGCG,46,1,0.2055,0.2922,0.4185,Medium
6851-WEFYX,35,0,0.2055,0.2922,0.4185,Medium
1449-XQEMT,3,1,0.2054,0.2921,0.4184,Medium
9364-YKUVW,15,0,0.2054,0.2921,0.4184,Medium
7207-RMRDB,65,1,0.2054,0.2921,0.4184,Medium
3902-FOIGH,12,1,0.2054,0.2921,0.4184,Medium
3675-YDUPJ,10,0,0.2054,0.2921,0.4184,Medium
7636-XUHWW,2,0,0.2054,0.292,0.4183,Medium
4936-YPJNK,10,0,0.2054,0.292,0.4183,Medium
2369-FEVNO,1,0,0.2054,0.292,0.4183,Medium
9788-YTFGE,7,0,0.2053,0.292,0.4182,Medium
5144-PQCDZ,4,0,0.2053,0.292,0.4182,Medium
8884-ADFVN,7,1,0.2053,0.292,0.4182,Medium
4800-VHZKI,1,1,0.2054,0.292,0.4183,Medium
7056-IMHCC,53,1,0.2053,0.292,0.4182,Medium
3623-FQBOX,21,0,0.2053,0.292,0.4182,Medium
2393-DIVAI,3,0,0.2053,0.2919,0.4182,Medium
4986-MXSFP,2,0,0.2053,0.2919,0.4182,Medium
0871-OPBXW,2,0,0.2052,0.2919,0.4181,Medium
8439-LTUGF,10,0,0.2053,0.2919,0.4182,Medium
4661-NJEUX,1,0,0.2052,0.2919,0.4181,Medium
9867-NNXLC,22,0,0.2052,0.2919,0.4181,Medium
1240-KNSEZ,1,1,0.2052,0.2918,0.418,Medium
2120-SMPEX,25,0,0.2052,0.2918,0.418,Medium
2439-LYPMQ,38,0,0.2052,0.2918,0.418,Medium
4550-VBOFE,70,1,0.2051,0.2918,0.4179,Medium
4897-QSUYC,1,1,0.2052,0.2918,0.418,Medium
6227-HWPWX,15,1,0.2052,0.2918,0.418,Medium
5712-VBOXD,4,0,0.2052,0.2918,0.418,Medium
1000-AJSLD,1,1,0.2052,0.2918,0.418,Medium
7839-QRKXN,1,1,0.2051,0.2917,0.4179,Medium
5356-RHIPP,1,1,0.2051,0.2917,0.4179,Medium
2081-KJSQF,1,0,0.2051,0.2917,0.4178,Medium
1493-AMTIE,1,1,0.2051,0.2917,0.4179,Medium
8305-VHZBZ,1,1,0.2051,0.2917,0.4179,Medium
0670-KDOMA,1,0,0.2051,0.2917,0.4178,Medium
2955-PSXOE,1,1,0.2051,0.2917,0.4179,Medium
7142-HVGBG,43,1,0.2051,0.2917,0.4179,Medium
2876-VBBBL,1,1,0.2051,0.2917,0.4178,Medium
1084-UQCHV,1,1,0.205,0.2916,0.4177,Medium
1035-IPQPU,63,0,0.2051,0.2916,0.4178,Medium
4634-JLRJT,1,0,0.205,0.2916,0.4177,Medium
8204-TIFGJ,23,0,0.2051,0.2916,0.4178,Medium
6131-JLWZM,13,0,0.2051,0.2916,0.4178,Medium
8073-IJDCM,1,1,0.2051,0.2916,0.4178,Medium
6646-VRFOL,53,1,0.205,0.2916,0.4177,Medium
7706-DZNKK,11,0,0.2049,0.2915,0.4176,Medium
6892-XPFPU,24,1,0.2049,0.2915,0.4176,Medium
7140-ADSMJ,8,0,0.2049,0.2915,0.4176,Medium
3594-IVHJZ,2,0,0.2049,0.2915,0.4176,Medium
8262-COGGB,1,0,0.2049,0.2915,0.4176,Medium
1385-TQOZW,9,0,0.2049,0.2915,0.4176,Medium
2378-VTKDH,65,0,0.2049,0.2915,0.4176,Medium
5996-DAOQL,1,0,0.2049,0.2915,0.4176,Medium
1784-BXEFA,10,0,0.2049,0.2914,0.4174,Medium
6942-LBFDP,2,0,0.2049,0.2914,0.4174,Medium
2732-ISEZX,5,0,0.2049,0.2914,0.4175,Medium
5995-SNNEW,23,0,0.2049,0.2914,0.4175,Medium
0787-LHDYT,16,0,0.2048,0.2913,0.4174,Medium
9090-SGQXL,68,1,0.2048,0.2913,0.4173,Medium
8111-SLLHI,39,1,0.2047,0.2912,0.4172,Medium
1614-JBEBI,8,0,0.2047,0.2912,0.4172,Medium
3007-FDPEA,2,0,0.2047,0.2912,0.4172,Medium
0463-WZZKO,3,0,0.2047,0.2912,0.4172,Medium
7976-CICYS,4,0,0.2047,0.2912,0.4172,Medium
1400-MMYXY,3,1,0.2047,0.2911,0.4171,Medium
5647-FXOTP,60,0,0.2047,0.2911,0.4171,Medium
3847-BAERP,10,0,0.2046,0.291,0.417,Medium
5955-EPOAZ,6,0,0.2046,0.291,0.4169,Medium
7594-LZNWR,34,0,0.2045,0.2908,0.4168,Medium
8837-VVWLQ,8,1,0.2045,0.2908,0.4167,Medium
3509-GWQGF,24,0,0.2043,0.2906,0.4164,Medium
3540-RZJYU,15,1,0.2042,0.2905,0.4163,Medium
6927-WTFIV,20,1,0.204,0.2902,0.4159,Medium
0617-FHSGK,49,1,0.2038,0.2899,0.4156,Medium
3070-DVEYC,7,1,0.2034,0.2895,0.415,Medium
5339-PXDVH,4,0,0.2034,0.2894,0.4149,Medium
8189-HBVRW,53,0,0.2034,0.2894,0.4149,Medium
3966-HRMZA,3,0,0.2031,0.2891,0.4145,Medium
6633-MPWBS,5,1,0.203,0.2889,0.4143,Medium
7020-OZKXZ,9,0,0.2031,0.2889,0.4143,Medium
3716-UVSPD,1,0,0.203,0.2889,0.4142,Medium
2719-BDAQO,17,1,0.2028,0.2887,0.414,Medium
1536-HBSWP,1,0,0.2028,0.2886,0.4139,Medium
5583-SXDAG,1,1,0.2027,0.2884,0.4136,Medium
0330-IVZHA,5,1,0.2027,0.2884,0.4136,Medium
3496-LFSZU,4,0,0.2025,0.2883,0.4134,Medium
9637-EIHEQ,1,1,0.2025,0.2882,0.4134,Medium
2565-JSLRY,1,1,0.2024,0.2881,0.4132,Medium
9115-YQHGA,40,0,0.2024,0.2881,0.4132,Medium
5650-VDUDS,4,1,0.2023,0.2879,0.413,Medium
9501-UKKNL,59,0,0.2022,0.2879,0.4129,Medium
9136-ALYBR,1,1,0.2021,0.2877,0.4127,Medium
5018-HEKFO,10,0,0.2021,0.2877,0.4127,Medium
4678-DVQEO,1,1,0.2021,0.2877,0.4126,Medium
3055-MJDSB,9,0,0.202,0.2876,0.4126,Medium
5138-WVKYJ,10,1,0.2021,0.2876,0.4126,Medium
6729-GDNGC,20,0,0.202,0.2875,0.4125,Medium
1565-RHDJD,4,1,0.202,0.2875,0.4125,Medium
9092-GDZKO,22,0,0.2019,0.2874,0.4123,Medium
9050-IKDZA,2,0,0.2018,0.2873,0.4122,Medium
7379-FNIUJ,2,0,0.2018,0.2873,0.4121,Medium
8896-BQTTI,1,0,0.2018,0.2873,0.4121,Medium
4367-NHWMM,1,0,0.2019,0.2873,0.4122,Medium
9638-JIQYA,2,0,0.2019,0.2873,0.4122,Medium
6032-IGALN,1,1,0.2017,0.2872,0.412,Medium
7016-BPGEU,29,1,0.2017,0.2872,0.412,Medium
6345-HOVES,34,0,0.2018,0.2872,0.4121,Medium
9027-YFHQJ,7,0,0.2018,0.2872,0.4121,Medium
3058-WQDRE,13,0,0.2017,0.2871,0.412,Medium
1559-DTODC,19,0,0.2017,0.2871,0.412,Medium
6464-KEXXH,8,0,0.2016,0.2871,0.4119,Medium
0484-JPBRU,41,0,0.2016,0.2871,0.4119,Medium
7537-RBWEA,1,0,0.2017,0.2871,0.412,Medium
7083-YNSKY,15,1,0.2016,0.2869,0.4117,Medium
1803-BGNBD,12,0,0.2015,0.2868,0.4115,Medium
6029-CSMJE,17,0,0.2014,0.2867,0.4114,Medium
2692-PFYTJ,1,0,0.2013,0.2866,0.4113,Medium
9444-JTXHZ,1,1,0.2013,0.2866,0.4113,Medium
8645-KWHJO,14,0,0.2013,0.2865,0.4112,Medium
7598-UAASY,2,1,0.2013,0.2865,0.4112,Medium
1550-EENBN,31,0,0.2011,0.2864,0.411,Medium
4701-MLJPN,31,1,0.2012,0.2864,0.4111,Medium
9565-DJPIB,4,1,0.201,0.2862,0.4107,Medium
6372-RFVNS,1,1,0.2008,0.2859,0.4103,Medium
0504-HHAPI,27,1,0.2005,0.2856,0.41,Medium
7508-SMHXL,15,0,0.2004,0.2854,0.4097,Medium
3503-TYDAY,43,0,0.2004,0.2854,0.4098,Medium
1910-FMXJM,36,0,0.2004,0.2854,0.4098,Medium
8999-BOHSE,11,1,0.2003,0.2852,0.4095,Medium
1236-WFCDV,14,1,0.2002,0.2851,0.4093,Medium
6101-IMRMM,6,1,0.2001,0.285,0.4092,Medium
5016-IBERQ,23,0,0.1997,0.2844,0.4085,Medium
1353-LJWEM,11,0,0.1996,0.2844,0.4084,Medium
8313-KTIHG,4,0,0.1995,0.2842,0.4082,Medium
7421-ZLUPA,8,0,0.1994,0.284,0.4079,Medium
8799-OXZMD,28,0,0.1991,0.2836,0.4074,Medium
3753-TSEMP,15,1,0.199,0.2835,0.4072,Medium
4398-HSCJH,3,1,0.199,0.2834,0.4072,Medium
5533-RJFTJ,49,0,0.1989,0.2833,0.407,Medium
7394-FKDNK,9,1,0.1987,0.2832,0.4068,Medium
2606-RMDHZ,6,1,0.1987,0.2831,0.4068,Medium
3863-QSTYI,59,0,0.1987,0.2831,0.4067,Medium
5568-DMXZS,8,0,0.1985,0.2828,0.4064,Medium
8849-AYPTR,33,0,0.1984,0.2827,0.4063,Medium
8069-YQQAJ,14,0,0.1984,0.2827,0.4062,Medium
4226-KKDON,8,0,0.1982,0.2825,0.4059,Medium
6198-RTPMF,17,0,0.1982,0.2824,0.4059,Medium
8914-RBTSB,31,1,0.198,0.2822,0.4055,Medium
0023-XUOPT,13,1,0.1979,0.2821,0.4054,Medium
7398-SKNQZ,3,0,0.1978,0.2819,0.4052,Medium
5130-IEKQT,25,1,0.1977,0.2817,0.4049,Medium
9048-JVYVF,3,1,0.1976,0.2816,0.4048,Medium
7798-JVXYM,14,0,0.1975,0.2815,0.4047,Medium
2011-TRQYE,18,1,0.1973,0.2812,0.4042,Medium
5136-RGMZO,31,0,0.1972,0.2811,0.4041,Medium
9732-EQMWY,49,0,0.1971,0.2809,0.4039,Medium
2309-OSFEU,10,1,0.1971,0.2809,0.4039,Medium
0302-JOIVN,8,1,0.1968,0.2806,0.4034,Medium
4523-WXCEF,59,1,0.1968,0.2806,0.4035,Medium
0899-LIIBW,34,0,0.1969,0.2806,0.4035,Medium
3050-GBUSH,3,0,0.1967,0.2804,0.4032,Medium
0778-NELLA,9,1,0.1967,0.2804,0.4033,Medium
4013-UBXWQ,7,1,0.1964,0.2801,0.4028,Medium
8640-SDGKB,4,1,0.1965,0.2801,0.4029,Medium
1740-CSDJP,1,1,0.1965,0.2801,0.4028,Medium
5122-CYFXA,3,0,0.1963,0.2799,0.4026,Medium
4718-DHSMV,11,0,0.1962,0.2798,0.4024,Medium
0817-HSUSE,1,0,0.1963,0.2798,0.4025,Medium
3893-JRNFS,68,0,0.1946,0.2775,0.3995,Medium
6338-AVWCY,3,1,0.1945,0.2774,0.3993,Medium
2187-LZGPL,7,1,0.1945,0.2774,0.3994,Medium
7041-TXQJH,37,0,0.1945,0.2774,0.3993,Medium
0679-IDSTG,1,1,0.1933,0.2759,0.3973,Medium
6650-VJONK,1,0,0.1931,0.2756,0.397,Medium
3961-SXAXY,1,0,0.1931,0.2755,0.3969,Medium
9214-EKVXR,1,0,0.1931,0.2755,0.3969,Medium
7663-RGWBC,1,1,0.193,0.2755,0.3968,Medium
1635-FJFCC,5,0,0.1931,0.2755,0.3969,Medium
0082-LDZUE,1,0,0.193,0.2754,0.3967,Medium
8775-CEBBJ,9,1,0.193,0.2754,0.3968,Medium
3589-PPVKW,9,0,0.1929,0.2753,0.3966,Medium
8180-AKMJV,1,0,0.1929,0.2753,0.3965,Medium
6595-COKXZ,1,1,0.1929,0.2753,0.3966,Medium
9873-MNDKV,11,0,0.1929,0.2752,0.3965,Medium
8242-JSVBO,7,0,0.1929,0.2752,0.3965,Medium
9348-YVOMK,4,0,0.1928,0.2752,0.3964,Medium
2828-SLQPF,19,0,0.1927,0.2751,0.3963,Medium
8950-MTZNV,1,0,0.1928,0.2751,0.3963,Medium
4671-LXRDQ,2,1,0.1927,0.2751,0.3963,Medium
6128-DAFVY,56,0,0.1928,0.2751,0.3964,Medium
3580-REOAC,10,1,0.1928,0.2751,0.3964,Medium
4847-QNOKA,1,1,0.1928,0.2751,0.3963,Medium
1600-DILPE,12,0,0.1927,0.2751,0.3963,Medium
8710-YGLWG,1,0,0.1928,0.2751,0.3963,Medium
2219-MVUSO,8,1,0.1927,0.275,0.3962,Medium
3450-WXOAT,46,0,0.1927,0.275,0.3962,Medium
3278-FSIXX,2,0,0.1926,0.275,0.3961,Medium
5696-QURRL,1,1,0.1927,0.275,0.3962,Medium
3926-CUQZX,1,1,0.1927,0.275,0.3962,Medium
5692-FPTAH,1,1,0.1926,0.2749,0.396,Medium
2275-RBYQS,1,0,0.1926,0.2749,0.396,Medium
2957-LOLHO,12,1,0.1926,0.2749,0.396,Medium
8229-TNIQA,4,1,0.1926,0.2749,0.3961,Medium
7065-YUNRY,1,1,0.1926,0.2749,0.3961,Medium
7568-PODML,1,1,0.1926,0.2749,0.3961,Medium
3566-HJGPK,1,0,0.1925,0.2748,0.396,Medium
9117-SHLZX,1,1,0.1925,0.2748,0.3959,Medium
0887-HJGAR,1,1,0.1925,0.2748,0.3959,Medium
6143-JQKEA,10,0,0.1925,0.2747,0.3958,Medium
5365-LLFYV,2,0,0.1924,0.2747,0.3958,Medium
4237-RLAQD,1,1,0.1924,0.2747,0.3958,Medium
5133-POWUA,1,0,0.1925,0.2747,0.3958,Medium
5175-AOBHI,4,1,0.1924,0.2746,0.3957,Medium
7841-TZDMQ,2,1,0.1924,0.2746,0.3957,Medium
5143-EGQFK,10,1,0.1922,0.2744,0.3954,Medium
5968-VXZLG,2,0,0.1922,0.2744,0.3953,Medium
7876-BEUTG,15,0,0.1915,0.2734,0.3941,Medium
8791-GFXLZ,12,0,0.1914,0.2733,0.394,Medium
2027-OAQQC,43,1,0.1914,0.2733,0.394,Medium
3097-NNSPB,2,1,0.1914,0.2733,0.394,Medium
2229-VWQJH,24,0,0.1913,0.2732,0.3938,Medium
1226-UDFZR,2,1,0.1913,0.2731,0.3937,Medium
1660-HSOOQ,1,1,0.1912,0.2731,0.3936,Medium
2843-CQMEG,24,0,0.1912,0.273,0.3936,Medium
3521-MNKLV,24,0,0.1912,0.273,0.3936,Medium
7442-YGZFK,1,0,0.1912,0.273,0.3936,Medium
4749-VFKVB,1,1,0.1911,0.2729,0.3934,Medium
5843-TTHGI,18,0,0.1911,0.2729,0.3935,Medium
6304-IJFSQ,3,1,0.1912,0.2729,0.3935,Medium
3334-CTHOL,1,1,0.1911,0.2729,0.3935,Medium
9992-UJOEL,2,0,0.191,0.2728,0.3933,Medium
1853-ARAAQ,26,0,0.191,0.2728,0.3933,Medium
1845-ZLLIG,1,0,0.1911,0.2728,0.3934,Medium
0440-QEXBZ,44,0,0.1911,0.2728,0.3934,Medium
8280-MQRQN,1,1,0.191,0.2727,0.3932,Medium
8601-QACRS,5,1,0.191,0.2727,0.3931,Medium
4450-YOOHP,39,0,0.1909,0.2726,0.3931,Medium
8364-TRMMK,3,1,0.1909,0.2726,0.3931,Medium
7284-BUYEC,5,0,0.1908,0.2725,0.3929,Medium
3669-LVWZB,5,1,0.1908,0.2725,0.3929,Medium
4827-USJHP,20,0,0.1906,0.2722,0.3925,Medium
8623-TMRBY,51,1,0.1903,0.2718,0.392,Medium
4098-NAUKP,68,0,0.1903,0.2717,0.3919,Medium
2386-LAHRK,1,1,0.1901,0.2715,0.3916,Medium
4929-BSTRX,1,1,0.1901,0.2715,0.3916,Medium
6038-GCYEC,24,1,0.1899,0.2713,0.3913,Medium
1251-KRREG,2,1,0.1899,0.2712,0.3912,Medium
4074-SJFFA,1,1,0.1898,0.2711,0.391,Medium
5515-RUGKN,8,0,0.1898,0.2711,0.391,Medium
6261-LHRTG,26,0,0.1898,0.2711,0.391,Medium
9342-VNIMQ,33,0,0.1898,0.2711,0.3911,Medium
4351-QLCSU,1,1,0.1897,0.271,0.3909,Medium
6402-EJMWF,4,0,0.1896,0.2709,0.3908,Medium
3873-NFTGI,14,0,0.1896,0.2708,0.3907,Medium
6629-CZTTH,1,1,0.1895,0.2707,0.3906,Medium
3413-CSSTH,41,0,0.1895,0.2707,0.3906,Medium
5939-XAIXZ,19,0,0.1894,0.2706,0.3904,Medium
0463-ZSDNT,10,0,0.1892,0.2703,0.3901,Medium
2782-LFZVW,11,0,0.1886,0.2695,0.3891,Medium
5424-RLQLC,10,0,0.1885,0.2693,0.3887,Medium
4945-RVMTE,28,0,0.1885,0.2693,0.3888,Medium
0916-QOFDP,14,0,0.1884,0.2692,0.3886,Medium
3308-MHOOC,1,0,0.188,0.2687,0.3879,Medium
1724-IQWNM,1,0,0.1879,0.2686,0.3878,Medium
0221-WMXNQ,4,0,0.1878,0.2684,0.3876,Medium
1725-MIMXW,1,1,0.1878,0.2684,0.3876,Medium
6260-ONULR,1,0,0.1877,0.2683,0.3874,Medium
3688-FTHLT,16,0,0.1876,0.2682,0.3873,Medium
1641-RQDAY,32,0,0.1877,0.2682,0.3873,Medium
7964-VEXDG,21,0,0.1875,0.268,0.387,Medium
7874-ECPQJ,4,0,0.1874,0.2678,0.3868,Medium
3407-QGWLG,3,0,0.1874,0.2678,0.3868,Medium
1641-BYBTK,6,0,0.1873,0.2677,0.3866,Medium
5868-YTYKS,1,0,0.1872,0.2676,0.3865,Medium
3001-UNBTL,29,0,0.1871,0.2675,0.3864,Medium
9578-VRMNM,16,1,0.1871,0.2675,0.3864,Medium
6646-JPPHA,14,0,0.1871,0.2675,0.3864,Medium
5951-AOFIH,33,0,0.1869,0.2671,0.3859,Medium
6458-CYIDZ,5,0,0.1868,0.267,0.3857,Medium
8267-KFGYD,1,0,0.1867,0.2669,0.3855,Medium
4824-GUCBY,22,0,0.1866,0.2668,0.3854,Medium
0516-QREYC,24,0,0.1866,0.2667,0.3854,Medium
1271-SJBGZ,12,1,0.1865,0.2666,0.3852,Medium
6211-WHMYA,64,0,0.1864,0.2665,0.3851,Medium
2141-RRYGO,4,1,0.1864,0.2665,0.385,Medium
5533-NHFRF,7,0,0.1862,0.2663,0.3847,Medium
6769-DYBQN,46,1,0.186,0.266,0.3844,Medium
0106-GHRQR,16,0,0.1858,0.2657,0.384,Medium
6331-LWDTQ,10,1,0.1856,0.2655,0.3837,Medium
7296-PIXQY,14,0,0.1849,0.2645,0.3825,Medium
4629-NRXKX,2,1,0.1849,0.2645,0.3824,Medium
4830-FAXFM,19,0,0.1847,0.2642,0.3821,Medium
5119-NZPTV,2,0,0.1843,0.2637,0.3814,Medium
0523-VNGTF,52,0,0.1843,0.2637,0.3814,Medium
6705-LXORM,5,0,0.1844,0.2637,0.3814,Medium
4430-YHXGG,4,0,0.1839,0.2632,0.3807,Medium
9862-KJTYK,19,0,0.184,0.2632,0.3808,Medium
8263-JQAIK,2,1,0.1839,0.2631,0.3806,Medium
4625-EWPTF,8,1,0.1838,0.2629,0.3803,Medium
8167-GJLRN,3,0,0.1837,0.2629,0.3803,Medium
8676-OOQEJ,4,0,0.1837,0.2628,0.3802,Medium
8775-ERLNB,1,0,0.1835,0.2626,0.3798,Medium
5167-GBFRE,4,1,0.1835,0.2625,0.3798,Medium
9274-CNFMO,4,1,0.1834,0.2624,0.3796,Medium
1689-MRZQR,34,1,0.1833,0.2623,0.3796,Medium
0661-XEYAN,1,1,0.1831,0.2621,0.3792,Medium
1496-GGSUK,1,1,0.1832,0.2621,0.3793,Medium
2519-ERQOJ,33,0,0.1832,0.2621,0.3793,Medium
3797-VTIDR,1,1,0.183,0.2619,0.379,Medium
1448-PWKYE,1,1,0.183,0.2619,0.379,Medium
5729-KLZAR,4,1,0.1829,0.2617,0.3787,Medium
2955-BJZHG,17,1,0.1829,0.2617,0.3787,Medium
6877-LGWXO,18,1,0.1827,0.2614,0.3784,Medium
5561-NWEVX,2,1,0.1825,0.2613,0.3782,Medium
5590-YRFJT,20,1,0.1824,0.2611,0.3779,Medium
0578-SKVMF,22,1,0.1824,0.2611,0.3779,Medium
3806-DXQOM,4,1,0.1823,0.261,0.3777,Medium
6172-FECYY,49,1,0.1822,0.2608,0.3776,Medium
1024-GUALD,1,1,0.1822,0.2608,0.3776,Medium
7802-EFKNY,5,1,0.1821,0.2607,0.3774,Medium
3370-GQEAL,30,0,0.1821,0.2606,0.3773,Medium
7892-QVYKW,23,0,0.182,0.2606,0.3772,Medium
4815-GBTCD,4,0,0.182,0.2606,0.3772,Medium
1785-BPHTP,28,0,0.1821,0.2606,0.3773,Medium
8734-DKSTZ,10,0,0.182,0.2605,0.3771,Medium
6907-CQGPN,29,0,0.182,0.2605,0.3772,Medium
0178-SZBHO,47,0,0.1818,0.2602,0.3767,Medium
5498-TXHLF,34,1,0.1817,0.2601,0.3767,Medium
4310-KEDTB,26,0,0.1817,0.2601,0.3766,Medium
0378-NHQXU,17,1,0.1816,0.26,0.3764,Medium
2657-ALMWY,26,1,0.1815,0.2599,0.3763,Medium
3143-JQEGI,13,1,0.1816,0.2599,0.3764,Medium
3536-IQCTX,32,1,0.1815,0.2598,0.3762,Medium
3247-ZVOUO,10,1,0.1814,0.2597,0.3761,Medium
4501-VCPFK,26,0,0.1814,0.2597,0.3761,Medium
4307-KWMXE,10,0,0.1814,0.2597,0.3761,Medium
7636-OWBPG,12,0,0.1813,0.2596,0.3759,Medium
2504-DSHIH,23,0,0.1812,0.2595,0.3758,Medium
4439-YRNVD,10,0,0.1812,0.2595,0.3758,Medium
7928-VJYAB,11,0,0.1812,0.2594,0.3757,Medium
5868-CZJDR,1,1,0.181,0.2591,0.3753,Medium
0924-BJCRC,60,0,0.1808,0.2589,0.375,Medium
1891-UAWWU,20,1,0.1805,0.2586,0.3746,Medium
8623-ULFNQ,26,0,0.1804,0.2584,0.3743,Medium
6537-QLGEX,16,0,0.1802,0.2581,0.374,Medium
3644-QXEHN,13,0,0.1802,0.2581,0.374,Medium
9426-SXNHE,2,0,0.1797,0.2575,0.3731,Medium
5863-OOKCL,10,0,0.1797,0.2574,0.373,Medium
3806-YAZOV,3,0,0.1797,0.2574,0.3731,Medium
9975-SKRNR,1,0,0.1796,0.2573,0.3729,Medium
7590-VHVEG,1,0,0.1796,0.2573,0.3728,Medium
0880-TKATG,4,1,0.1796,0.2573,0.3729,Medium
7968-QUXNS,6,0,0.1796,0.2573,0.3729,Medium
1015-OWJKI,1,0,0.1795,0.2572,0.3727,Medium
7234-KMNRQ,4,0,0.1796,0.2572,0.3728,Medium
5222-JCXZT,4,0,0.1796,0.2572,0.3728,Medium
9467-ROOLM,25,0,0.1795,0.2572,0.3727,Medium
1991-VOPLL,9,0,0.1795,0.2572,0.3727,Medium
9441-QHEVC,1,0,0.1795,0.2571,0.3727,Medium
7302-ZHMHP,1,0,0.1795,0.2571,0.3726,Medium
6569-KTMDU,1,0,0.1795,0.2571,0.3727,Medium
6979-TNDEU,8,0,0.1794,0.257,0.3725,Medium
6082-GLJIX,18,0,0.1794,0.257,0.3725,Medium
5186-PEIZU,35,0,0.1794,0.257,0.3725,Medium
1663-MHLHE,1,0,0.1794,0.257,0.3725,Medium
2320-YKQBO,7,0,0.1793,0.2569,0.3724,Medium
7926-IJOOU,1,0,0.1793,0.2569,0.3724,Medium
0366-NQSHS,2,0,0.1793,0.2569,0.3723,Medium
0396-HUJBP,2,0,0.1793,0.2569,0.3724,Medium
9142-XMYJH,29,0,0.1793,0.2569,0.3723,Medium
2220-IAHLS,1,0,0.1793,0.2568,0.3723,Medium
2882-DDZPG,12,0,0.1792,0.2568,0.3722,Medium
8410-BGQXN,4,0,0.1793,0.2568,0.3723,Medium
4770-QAZXN,13,0,0.1792,0.2568,0.3722,Medium
5766-ZJYBB,1,1,0.1793,0.2568,0.3723,Medium
2308-STERM,2,0,0.1793,0.2568,0.3723,Medium
8393-JMVMB,1,0,0.1792,0.2568,0.3722,Medium
3750-RNQKR,12,0,0.1792,0.2568,0.3722,Medium
2243-FNMMI,20,0,0.1793,0.2568,0.3723,Medium
2223-KAGMX,15,1,0.1793,0.2568,0.3723,Medium
9101-NTIXF,2,0,0.1793,0.2568,0.3723,Medium
1905-OEILC,1,0,0.1792,0.2567,0.3722,Medium
8605-ITULD,1,0,0.1792,0.2567,0.3721,Medium
1051-GEJLJ,2,0,0.1792,0.2567,0.3722,Medium
0883-EIBTI,2,1,0.1792,0.2567,0.3722,Medium
4128-ETESU,47,0,0.1792,0.2567,0.3721,Medium
2576-HXMPA,1,0,0.1792,0.2567,0.3721,Medium
7601-WFVZV,1,0,0.1792,0.2567,0.3721,Medium
1029-QFBEN,1,1,0.1792,0.2567,0.3721,Medium
7727-SHVZV,9,0,0.1792,0.2567,0.3722,Medium
2866-IKBTM,1,0,0.1792,0.2567,0.3721,Medium
7551-JOHTI,1,1,0.1792,0.2567,0.3722,Medium
3785-NRHYR,1,0,0.1791,0.2566,0.372,Medium
4881-GQJTW,14,0,0.1791,0.2566,0.372,Medium
0970-QXPXW,1,0,0.1791,0.2566,0.372,Medium
6040-CGACY,15,0,0.1791,0.2566,0.372,Medium
0654-HMSHN,21,1,0.1791,0.2566,0.372,Medium
1057-FOGLZ,18,0,0.1791,0.2566,0.372,Medium
8329-IBCTI,1,1,0.1791,0.2566,0.372,Medium
1194-SPVSP,1,0,0.1791,0.2566,0.372,Medium
7721-DVEKZ,1,0,0.1791,0.2566,0.372,Medium
6141-OOXUQ,1,1,0.1791,0.2566,0.372,Medium
8573-CGOCC,16,0,0.179,0.2565,0.3718,Medium
3930-ZGWVE,1,0,0.179,0.2565,0.3718,Medium
6615-ZGEDR,1,1,0.1791,0.2565,0.3719,Medium
8138-EALND,15,0,0.179,0.2565,0.3718,Medium
3936-QQFLL,2,0,0.179,0.2565,0.3718,Medium
5396-IZEPB,9,0,0.1791,0.2565,0.3719,Medium
9970-QBCDA,6,0,0.1791,0.2565,0.3719,Medium
2428-ZMCTB,10,0,0.179,0.2565,0.3718,Medium
6124-ACRHJ,1,0,0.179,0.2565,0.3718,Medium
5577-OTWWW,15,1,0.179,0.2565,0.3718,Medium
7239-HZZCX,1,1,0.179,0.2565,0.3718,Medium
3768-NLUBH,57,1,0.1791,0.2565,0.3719,Medium
3717-OFRTN,1,0,0.179,0.2565,0.3718,Medium
4558-CGYCZ,4,0,0.179,0.2565,0.3718,Medium
3824-RHKVR,17,0,0.1791,0.2565,0.3719,Medium
1563-IWQEX,12,0,0.1791,0.2565,0.3719,Medium
3374-PZLXD,34,0,0.1791,0.2565,0.3719,Medium
8562-GHPPI,1,0,0.179,0.2564,0.3718,Medium
8150-QUDFX,2,0,0.179,0.2564,0.3717,Medium
0030-FNXPP,3,0,0.179,0.2564,0.3717,Medium
7878-RTCZG,1,0,0.1789,0.2564,0.3716,Medium
6776-TLWOI,3,1,0.179,0.2564,0.3717,Medium
2654-VBVPB,1,0,0.1789,0.2564,0.3716,Medium
1135-LMECX,1,0,0.179,0.2564,0.3717,Medium
7881-EVUAD,2,1,0.1789,0.2564,0.3717,Medium
9967-ATRFS,19,0,0.1789,0.2564,0.3716,Medium
0137-UDEUO,3,1,0.179,0.2564,0.3717,Medium
0347-UBKUZ,15,0,0.1789,0.2564,0.3716,Medium
4140-WJAWW,5,1,0.179,0.2564,0.3717,Medium
4892-VLANZ,1,1,0.179,0.2564,0.3718,Medium
1261-FWTTE,23,0,0.1789,0.2564,0.3716,Medium
6654-QGBZZ,1,0,0.1789,0.2564,0.3716,Medium
3043-SUDUA,32,0,0.1789,0.2564,0.3716,Medium
3061-BCKYI,14,0,0.1789,0.2564,0.3716,Medium
3900-AQPHZ,1,1,0.1789,0.2564,0.3716,Medium
0310-VQXAM,9,0,0.179,0.2564,0.3717,Medium
7698-YFGEZ,1,0,0.1789,0.2563,0.3715,Medium
7047-YXDMZ,21,0,0.1789,0.2563,0.3715,Medium
1009-IRMNA,7,1,0.1789,0.2563,0.3715,Medium
0178-CIIKR,3,0,0.1789,0.2563,0.3716,Medium
6286-SUUWT,1,0,0.1789,0.2563,0.3716,Medium
1796-JANOW,2,0,0.1789,0.2563,0.3716,Medium
6377-KSLXC,5,0,0.1789,0.2563,0.3716,Medium
9700-ZCLOT,2,0,0.1789,0.2563,0.3715,Medium
3363-EWLGO,5,0,0.1789,0.2563,0.3716,Medium
6734-CKRSM,3,0,0.1789,0.2563,0.3715,Medium
0380-ZCSBI,10,0,0.1789,0.2563,0.3715,Medium
6972-SNKKW,6,0,0.1789,0.2563,0.3715,Medium
4079-ULGFR,16,0,0.1789,0.2563,0.3715,Medium
2542-HYGIQ,1,0,0.1789,0.2563,0.3716,Medium
4877-EVATK,1,1,0.1789,0.2563,0.3715,Medium
1383-EZRWL,7,1,0.1788,0.2562,0.3715,Medium
1349-WXNGG,1,1,0.1788,0.2562,0.3715,Medium
5919-VCZYM,2,0,0.1788,0.2562,0.3715,Medium
9367-TCUYN,12,0,0.1788,0.2562,0.3714,Medium
0188-GWFLE,2,0,0.1788,0.2562,0.3715,Medium
8006-PYCSW,2,0,0.1788,0.2562,0.3714,Medium
3148-BLQJT,1,1,0.1788,0.2562,0.3714,Medium
1336-EZFZY,4,0,0.1788,0.2562,0.3715,Medium
8749-CLJXC,1,0,0.1788,0.2562,0.3715,Medium
2159-TURXX,5,0,0.1788,0.2562,0.3715,Medium
3030-ZKIWL,1,0,0.1788,0.2562,0.3715,Medium
7542-CYDDM,18,0,0.1788,0.2562,0.3715,Medium
7531-GQHME,12,0,0.1788,0.2562,0.3715,Medium
7096-UCLNH,1,0,0.1788,0.2562,0.3715,Medium
1066-JKSGK,1,1,0.1787,0.2561,0.3713,Medium
1934-SJVJK,1,1,0.1787,0.2561,0.3713,Medium
3247-MHJKM,1,0,0.1787,0.2561,0.3713,Medium
3977-QCRSL,5,0,0.1787,0.2561,0.3713,Medium
5850-BDWCY,6,0,0.1787,0.2561,0.3713,Medium
8974-OVACP,1,0,0.1787,0.2561,0.3713,Medium
2791-SFVEW,9,0,0.1787,0.2561,0.3713,Medium
7787-BNTZM,6,0,0.1787,0.2561,0.3713,Medium
7310-EGVHZ,1,0,0.1787,0.2561,0.3713,Medium
4397-FRLTA,4,0,0.1787,0.2561,0.3713,Medium
8048-DSDFQ,1,0,0.1787,0.2561,0.3713,Medium
4786-UKSNZ,1,1,0.1787,0.2561,0.3713,Medium
6380-ARCEH,1,0,0.1787,0.2561,0.3713,Medium
5067-DGXLL,2,0,0.1787,0.256,0.3712,Medium
2439-QKJUL,5,0,0.1787,0.256,0.3712,Medium
2371-JUNGC,11,0,0.1787,0.256,0.3712,Medium
6838-HVLXG,12,0,0.1786,0.256,0.3711,Medium
4083-EUGRJ,9,1,0.1787,0.256,0.3712,Medium
9122-UMROB,1,0,0.1786,0.256,0.3711,Medium
3090-QFUVD,1,0,0.1786,0.256,0.3711,Medium
9256-JTBNZ,11,0,0.1786,0.256,0.3711,Medium
6278-FEPBZ,9,0,0.1787,0.256,0.3712,Medium
2342-CKIAO,2,0,0.1786,0.256,0.3711,Medium
4488-PSYCG,16,1,0.1787,0.256,0.3712,Medium
8203-XJZRC,1,0,0.1787,0.256,0.3712,Medium
4211-MMAZN,1,1,0.1787,0.256,0.3712,Medium
2676-ISHSF,1,0,0.1786,0.256,0.3711,Medium
3590-TCXTB,1,0,0.1786,0.2559,0.3711,Medium
3727-JEZTU,1,0,0.1786,0.2559,0.371,Medium
4568-TTZRT,9,0,0.1786,0.2559,0.371,Medium
4195-SMMNX,2,1,0.1786,0.2559,0.3711,Medium
9818-XQCUV,2,0,0.1786,0.2559,0.3711,Medium
5687-DKDTV,4,1,0.1786,0.2559,0.3711,Medium
6671-NGWON,7,0,0.1786,0.2559,0.3711,Medium
1539-LNKHM,12,0,0.1786,0.2559,0.371,Medium
6621-YOBKI,5,0,0.1786,0.2559,0.3711,Medium
9860-LISIZ,34,0,0.1786,0.2559,0.3711,Medium
1963-VAUKV,1,1,0.1786,0.2559,0.371,Medium
9932-WBWIK,11,0,0.1786,0.2559,0.3711,Medium
2592-YKDIF,1,0,0.1786,0.2559,0.3711,Medium
9770-LXDBK,3,0,0.1786,0.2559,0.371,Medium
6579-JPICP,1,0,0.1786,0.2559,0.371,Medium
5562-YJQGT,2,0,0.1786,0.2559,0.3711,Medium
4745-LSPLO,1,1,0.1785,0.2558,0.3709,Medium
8942-DBMHZ,12,0,0.1785,0.2558,0.371,Medium
1866-ZSLJM,21,0,0.1785,0.2558,0.3709,Medium
0673-IGUQO,1,0,0.1785,0.2558,0.371,Medium
2668-TZSPS,1,0,0.1785,0.2558,0.371,Medium
2002-MZHWP,1,1,0.1785,0.2558,0.3709,Medium
9753-OYLBX,1,0,0.1785,0.2558,0.3709,Medium
9618-LFJRU,4,0,0.1785,0.2558,0.371,Medium
3976-NLDEZ,1,0,0.1784,0.2557,0.3708,Medium
5049-GLYVG,1,1,0.1784,0.2557,0.3708,Medium
3530-CRZSB,7,0,0.1784,0.2557,0.3707,Medium
2839-RFSQE,2,1,0.1784,0.2557,0.3707,Medium
3675-EQOZA,5,0,0.1784,0.2557,0.3707,Medium
7407-SUJIZ,25,0,0.1784,0.2557,0.3708,Medium
6490-FGZAT,6,0,0.1784,0.2557,0.3707,Medium
1925-GMVBW,5,0,0.1785,0.2557,0.3708,Medium
9708-KFDBY,1,0,0.1785,0.2557,0.3708,Medium
6394-HHHZM,3,0,0.1784,0.2556,0.3707,Medium
2928-HLDBA,6,0,0.1784,0.2556,0.3707,Medium
9367-OIUXP,4,0,0.1784,0.2556,0.3707,Medium
9046-DQMTP,35,0,0.1783,0.2556,0.3706,Medium
0750-EKNGL,7,0,0.1783,0.2556,0.3706,Medium
2700-LUEVA,1,0,0.1783,0.2556,0.3706,Medium
0816-TSPHQ,2,0,0.1783,0.2556,0.3706,Medium
4013-GUXND,1,0,0.1783,0.2555,0.3705,Medium
7243-LCGGZ,1,0,0.1782,0.2554,0.3704,Medium
5624-BQSSA,1,1,0.1782,0.2554,0.3704,Medium
9986-BONCE,4,1,0.1782,0.2554,0.3704,Medium
9313-QOLTZ,26,0,0.1782,0.2554,0.3704,Medium
6137-MFAJN,48,0,0.1782,0.2554,0.3704,Medium
0426-TIRNE,1,1,0.1782,0.2554,0.3704,Medium
7434-SHXLS,1,1,0.1782,0.2554,0.3704,Medium
6728-WYQBC,1,0,0.1782,0.2554,0.3704,Medium
0278-YXOOG,5,1,0.1781,0.2553,0.3702,Medium
8756-RDDLT,68,0,0.1781,0.2553,0.3702,Medium
2111-DWYHN,1,0,0.1781,0.2552,0.3702,Medium
8246-SHFGA,17,0,0.1781,0.2552,0.3702,Medium
7377-DMMRI,2,1,0.1773,0.2541,0.3687,Medium
2485-ITVKB,2,1,0.1773,0.2541,0.3687,Medium
7384-GHBPI,3,1,0.1773,0.2541,0.3687,Medium
0786-VSSUD,16,1,0.1772,0.2541,0.3686,Medium
8785-EPNCG,11,1,0.1768,0.2535,0.3679,Medium
0311-QYWSS,6,0,0.1768,0.2535,0.3678,Medium
5780-INQIK,8,0,0.1768,0.2535,0.3678,Medium
5445-GLVOT,22,0,0.1767,0.2534,0.3677,Medium
0587-DMGBH,8,1,0.1767,0.2533,0.3676,Medium
6258-NGCNG,7,0,0.1766,0.2532,0.3675,Medium
2810-FTLEM,16,1,0.1766,0.2532,0.3675,Medium
9828-QHFBK,24,0,0.1763,0.2528,0.367,Medium
6180-YBIQI,5,0,0.1762,0.2526,0.3666,Medium
1777-JYQPJ,2,0,0.1762,0.2526,0.3666,Medium
3439-GVUSX,1,0,0.1761,0.2525,0.3665,Medium
9895-VFOXH,1,0,0.1761,0.2525,0.3665,Medium
9277-JOOMO,3,0,0.176,0.2524,0.3663,Medium
9546-KDTRB,19,0,0.1759,0.2523,0.3662,Medium
2468-SJFLM,1,0,0.1759,0.2522,0.3662,Medium
1140-UKVZG,17,0,0.1759,0.2522,0.3661,Medium
8713-IGZSO,2,0,0.1758,0.2522,0.3661,Medium
6366-ZGQGL,1,1,0.1759,0.2522,0.3661,Medium
5839-SUYVZ,16,0,0.1758,0.2522,0.3661,Medium
5087-SUURX,18,1,0.1758,0.2521,0.366,Medium
6344-SFJVH,20,0,0.1758,0.2521,0.366,Medium
4987-GQWPO,17,0,0.1757,0.252,0.3658,Medium
1329-VHWNP,7,0,0.1757,0.252,0.3659,Medium
4819-HJPIW,18,0,0.1757,0.2519,0.3658,Medium
3255-GRXMG,18,0,0.1756,0.2519,0.3657,Medium
6135-OZQVA,7,0,0.1757,0.2519,0.3658,Medium
8746-OQQRW,4,0,0.1756,0.2519,0.3657,Medium
6034-YMTOB,5,0,0.1756,0.2519,0.3657,Medium
7129-ACFOG,5,0,0.1756,0.2519,0.3657,Medium
2209-XADXF,1,0,0.1756,0.2519,0.3657,Medium
3164-YAXFY,57,0,0.1756,0.2519,0.3657,Medium
8260-NGFNY,1,1,0.1757,0.2519,0.3657,Medium
3583-KRKMD,18,0,0.1756,0.2518,0.3656,Medium
6158-HDPXZ,1,0,0.1756,0.2518,0.3656,Medium
1814-DKOLC,5,0,0.1755,0.2517,0.3655,Medium
3604-WLABM,10,0,0.1755,0.2517,0.3654,Medium
2433-KMEAS,22,1,0.1755,0.2516,0.3654,Medium
3658-KIBGF,1,1,0.1753,0.2515,0.3652,Medium
6288-LBEAR,23,0,0.175,0.251,0.3645,Medium
4482-FTFFX,5,0,0.175,0.251,0.3645,Medium
6127-IYJOZ,1,0,0.175,0.251,0.3645,Medium
2694-CIUMO,12,0,0.1749,0.2509,0.3644,Medium
3814-MLAXC,31,1,0.1749,0.2508,0.3643,Medium
8544-GOQSH,14,0,0.1748,0.2508,0.3642,Medium
5206-XZZQI,53,0,0.1747,0.2506,0.3641,Medium
3920-HIHMQ,26,0,0.1745,0.2503,0.3636,Medium
6131-FOYAS,35,0,0.1742,0.2499,0.3631,Low
0228-MAUWC,19,0,0.1742,0.2499,0.363,Low
9281-PKKZE,46,0,0.1742,0.2499,0.363,Low
4939-KYYPY,27,0,0.1742,0.2499,0.3631,Low
7530-HDYDS,38,1,0.1741,0.2498,0.3629,Low
1849-RJYIG,8,0,0.1741,0.2498,0.3629,Low
4993-JCRGJ,26,0,0.1741,0.2498,0.3629,Low
4566-QVRRW,11,1,0.1741,0.2498,0.363,Low
2478-EEWWM,59,0,0.174,0.2497,0.3628,Low
0876-WDUUZ,5,1,0.1739,0.2495,0.3626,Low
9588-OZDMQ,2,0,0.1738,0.2494,0.3624,Low
5651-WYIPH,18,0,0.1738,0.2494,0.3624,Low
8356-WUAOJ,1,0,0.1738,0.2494,0.3624,Low
0975-VOOVL,3,0,0.1736,0.2491,0.3621,Low
9741-YLNTD,6,0,0.1735,0.249,0.3618,Low
1636-NTNCO,4,0,0.1735,0.249,0.3618,Low
6704-UTUKK,29,0,0.1735,0.249,0.3619,Low
0772-GYEQQ,3,1,0.1734,0.2489,0.3617,Low
5016-ETTFF,10,1,0.1735,0.2489,0.3618,Low
5816-SCGFC,7,0,0.1734,0.2488,0.3617,Low
6317-YPKDH,1,1,0.1733,0.2487,0.3614,Low
1965-DDBWU,16,1,0.1733,0.2487,0.3615,Low
4811-JBUVU,30,0,0.1732,0.2486,0.3613,Low
7952-OBOYL,3,0,0.1732,0.2486,0.3613,Low
1322-AGOQM,46,1,0.1731,0.2484,0.3611,Low
9269-CQOOL,3,1,0.1731,0.2484,0.3611,Low
5356-CSVSQ,3,0,0.173,0.2483,0.361,Low
1114-CENIM,54,1,0.173,0.2483,0.361,Low
2636-OHFMN,4,1,0.1728,0.248,0.3605,Low
3301-LSLWQ,29,0,0.1727,0.2479,0.3604,Low
7240-ETPTR,9,1,0.1727,0.2479,0.3604,Low
1907-YLNYW,8,0,0.1726,0.2478,0.3602,Low
2625-TRCZQ,51,0,0.1725,0.2475,0.3599,Low
4391-LNRXK,22,0,0.1724,0.2475,0.3599,Low
5183-SNMJQ,10,0,0.1724,0.2475,0.3598,Low
2823-LKABH,18,0,0.1724,0.2475,0.3599,Low
3853-LYGAM,17,0,0.1723,0.2474,0.3597,Low
8992-JQYUN,1,1,0.1723,0.2473,0.3596,Low
7426-RHZGU,9,0,0.1723,0.2473,0.3596,Low
3982-XWFZQ,42,1,0.1723,0.2473,0.3596,Low
3323-CPBWR,23,0,0.1721,0.2471,0.3594,Low
1101-SSWAG,15,0,0.1721,0.247,0.3592,Low
6048-QBXKL,2,0,0.1721,0.247,0.3592,Low
6625-UTXEW,12,0,0.172,0.2469,0.3591,Low
3211-AAPKX,20,0,0.1719,0.2468,0.3589,Low
2227-JRSJX,21,0,0.1718,0.2467,0.3588,Low
9481-SFCQY,14,0,0.1719,0.2467,0.3589,Low
0468-YRPXN,29,0,0.1719,0.2467,0.3589,Low
3234-VKACU,2,0,0.1719,0.2467,0.3588,Low
2025-JKFWI,13,1,0.1719,0.2467,0.3588,Low
3866-MDTUB,2,1,0.1718,0.2466,0.3587,Low
3440-JPSCL,6,1,0.1717,0.2465,0.3586,Low
8784-CGILN,18,1,0.1717,0.2465,0.3586,Low
1571-SAVHK,12,1,0.1717,0.2465,0.3586,Low
4132-KALRO,4,0,0.1716,0.2464,0.3583,Low
4931-TRZWN,13,0,0.1716,0.2463,0.3583,Low
7950-XWOVN,11,0,0.1713,0.2459,0.3577,Low
8399-YNDCH,21,1,0.1712,0.2459,0.3577,Low
4391-RESHN,23,1,0.1712,0.2458,0.3576,Low
9919-YLNNG,42,0,0.1712,0.2458,0.3576,Low
3932-IJWDZ,45,0,0.1712,0.2458,0.3577,Low
3751-KTZEL,1,1,0.1711,0.2457,0.3575,Low
5759-RCVCB,3,1,0.1711,0.2456,0.3574,Low
1518-VOWAV,9,1,0.1711,0.2456,0.3574,Low
8677-HDZEE,56,0,0.171,0.2455,0.3572,Low
7000-WCEVQ,20,1,0.1709,0.2454,0.357,Low
6959-GQEGV,45,0,0.1708,0.2453,0.3569,Low
8773-HHUOZ,17,1,0.1708,0.2452,0.3569,Low
1597-FZREH,2,1,0.1707,0.2451,0.3567,Low
8543-MSDMF,3,0,0.1706,0.2449,0.3565,Low
3992-YWPKO,6,1,0.1704,0.2447,0.3562,Low
1656-DRSMG,63,0,0.1704,0.2447,0.3562,Low
2971-SGAFL,13,0,0.1703,0.2446,0.356,Low
1583-IHQZE,12,1,0.17,0.2442,0.3555,Low
9837-FWLCH,12,0,0.1695,0.2435,0.3545,Low
2320-JRSDE,1,1,0.169,0.2429,0.3537,Low
5688-KZTSN,15,1,0.169,0.2428,0.3536,Low
3097-PYWXL,4,0,0.169,0.2428,0.3536,Low
7266-GSSJX,11,0,0.1687,0.2424,0.353,Low
1488-SYSFC,31,0,0.1686,0.2422,0.3528,Low
6770-XUAGN,1,1,0.1683,0.2419,0.3524,Low
8044-BGWPI,12,0,0.1682,0.2418,0.3522,Low
9327-QSDED,8,0,0.1682,0.2417,0.3521,Low
2604-XVDAM,12,0,0.1681,0.2416,0.352,Low
1895-QTKDO,1,0,0.1681,0.2415,0.3519,Low
4452-QIIEB,7,0,0.1681,0.2415,0.3519,Low
3085-QUOZK,1,1,0.1681,0.2415,0.3519,Low
6145-NNPNO,1,0,0.168,0.2414,0.3518,Low
8455-HIRAQ,8,0,0.1679,0.2413,0.3516,Low
7878-JGDKK,4,0,0.1679,0.2413,0.3515,Low
5858-EAFCZ,1,0,0.1679,0.2413,0.3516,Low
4146-SVFUD,1,0,0.1679,0.2413,0.3515,Low
0415-MOSGF,1,1,0.1679,0.2413,0.3516,Low
6982-SSHFK,1,1,0.1679,0.2413,0.3516,Low
8660-BUETV,3,0,0.1678,0.2412,0.3514,Low
4432-ADRLB,2,1,0.1678,0.2412,0.3515,Low
2672-OJQZP,1,0,0.1678,0.2412,0.3514,Low
3030-YZADT,9,1,0.1678,0.2411,0.3513,Low
4257-GAESD,6,0,0.1677,0.2411,0.3513,Low
2833-SLKDQ,1,1,0.1677,0.2411,0.3513,Low
0842-IWYCP,46,0,0.1678,0.2411,0.3513,Low
6817-WTYHE,2,0,0.1678,0.2411,0.3513,Low
6582-OIVSP,1,0,0.1677,0.241,0.3511,Low
8095-WANWK,10,0,0.1677,0.241,0.3512,Low
7252-NTGSS,1,0,0.1677,0.241,0.3512,Low
1685-VAYJF,11,0,0.1677,0.241,0.3512,Low
7754-IXRMC,1,0,0.1676,0.2409,0.3511,Low
4061-UKJWL,3,0,0.1676,0.2409,0.351,Low
9244-ZVAPM,1,0,0.1676,0.2408,0.351,Low
3859-CVCET,4,1,0.1675,0.2408,0.3509,Low
5651-CPDND,10,0,0.1674,0.2407,0.3508,Low
2842-JTCCU,2,1,0.1674,0.2407,0.3507,Low
1501-SGHBW,2,1,0.1675,0.2407,0.3508,Low
7054-LGEQW,1,1,0.1675,0.2407,0.3508,Low
7593-XFKDI,1,1,0.1674,0.2406,0.3506,Low
3669-OYSJI,1,1,0.1674,0.2406,0.3506,Low
1089-HDMKP,11,0,0.167,0.2401,0.35,Low
9396-ZSFLL,15,0,0.1666,0.2396,0.3493,Low
0655-YDGFJ,29,0,0.1666,0.2395,0.3492,Low
1666-JZPZT,27,0,0.1666,0.2395,0.3492,Low
5948-UJZLF,2,0,0.1665,0.2394,0.3491,Low
8805-JNRAZ,2,0,0.1665,0.2394,0.3491,Low
1456-TWCGB,4,0,0.1665,0.2394,0.3491,Low
7811-JIVPF,23,0,0.1664,0.2393,0.3488,Low
9631-XEYKE,3,0,0.1662,0.239,0.3485,Low
9462-MJUAW,4,1,0.1662,0.239,0.3485,Low
5215-LNLDJ,7,0,0.1662,0.239,0.3484,Low
4130-MZLCC,5,0,0.1662,0.2389,0.3484,Low
6905-NIQIN,1,1,0.1662,0.2389,0.3484,Low
2103-ZRXFN,1,0,0.1661,0.2389,0.3483,Low
2108-YKQTY,4,1,0.1661,0.2389,0.3483,Low
3946-MHCZW,1,1,0.1661,0.2388,0.3483,Low
8404-VLQFB,15,0,0.1659,0.2386,0.3479,Low
6923-EFPNL,4,1,0.1659,0.2385,0.3478,Low
7107-UBYKY,35,0,0.1656,0.2382,0.3474,Low
4282-ACRXS,38,0,0.1655,0.2381,0.3473,Low
7932-WPTDS,1,1,0.1656,0.2381,0.3473,Low
3787-TRIAL,21,0,0.1655,0.238,0.3472,Low
2129-ALKBS,40,0,0.1654,0.2379,0.347,Low
4918-QLLIW,3,1,0.1654,0.2379,0.3471,Low
8654-DHAOW,2,0,0.1653,0.2377,0.3467,Low
4320-QMLLA,7,0,0.1651,0.2375,0.3464,Low
9261-WDCAF,3,0,0.1651,0.2375,0.3465,Low
9863-JZAIC,35,1,0.1651,0.2374,0.3463,Low
8806-EAGWC,3,1,0.165,0.2374,0.3463,Low
4727-MCYZG,1,0,0.1649,0.2372,0.3461,Low
3446-QDSZF,4,0,0.1649,0.2372,0.3461,Low
7634-WSWDB,8,0,0.1645,0.2366,0.3452,Low
0003-MKNFE,9,0,0.1639,0.2358,0.3442,Low
9839-ETQOE,43,0,0.1638,0.2357,0.344,Low
6543-CPZMK,9,1,0.1637,0.2355,0.3438,Low
0856-NAOES,6,0,0.1637,0.2355,0.3438,Low
9046-JBFWA,27,0,0.1636,0.2354,0.3437,Low
8992-OBVDG,21,0,0.1635,0.2353,0.3435,Low
3156-QLHBO,2,0,0.1635,0.2353,0.3435,Low
5510-BOIUJ,1,1,0.1635,0.2353,0.3435,Low
4662-EKDPQ,2,1,0.1635,0.2352,0.3434,Low
6637-KYRCV,5,0,0.1634,0.2352,0.3434,Low
4801-KFYKL,8,0,0.1634,0.2351,0.3433,Low
0927-CNGRH,1,0,0.1633,0.235,0.3432,Low
4719-UMSIY,6,0,0.1633,0.235,0.343,Low
1345-GKDZZ,6,0,0.1633,0.235,0.3432,Low
6849-WLEYG,1,1,0.1632,0.2349,0.3429,Low
6319-QSUSR,11,0,0.1632,0.2349,0.343,Low
7623-HKYRK,6,0,0.1632,0.2349,0.343,Low
3167-SNQPL,38,0,0.1632,0.2348,0.3429,Low
0928-JMXNP,4,0,0.1631,0.2348,0.3428,Low
4291-HPAXL,1,0,0.1631,0.2348,0.3428,Low
7521-YXVZY,3,0,0.1631,0.2347,0.3427,Low
3190-FZATL,14,0,0.1631,0.2347,0.3427,Low
4694-PHWFW,8,0,0.1631,0.2347,0.3427,Low
2717-HVIZY,8,0,0.163,0.2346,0.3426,Low
6861-OKBCE,11,1,0.163,0.2346,0.3425,Low
2812-SFXMJ,1,0,0.163,0.2346,0.3426,Low
0357-NVCRI,25,0,0.163,0.2346,0.3426,Low
9294-TDIPC,5,0,0.1629,0.2345,0.3424,Low
4018-KJYUY,22,0,0.1629,0.2345,0.3425,Low
8919-FYFQZ,44,1,0.1629,0.2345,0.3424,Low
3039-MJSLN,3,0,0.1629,0.2345,0.3424,Low
4203-QGNZA,28,0,0.1629,0.2344,0.3423,Low
1850-AKQEP,8,0,0.1628,0.2343,0.3422,Low
9929-PLVPA,4,0,0.1628,0.2343,0.3422,Low
8735-NBLWT,9,0,0.1628,0.2343,0.3422,Low
6806-YDEUL,6,0,0.1628,0.2343,0.3422,Low
2739-CCZMB,5,0,0.1628,0.2343,0.3422,Low
2410-CIYFZ,2,0,0.1628,0.2343,0.3422,Low
1078-TDCRN,3,0,0.1628,0.2343,0.3421,Low
0623-IIHUG,21,1,0.1628,0.2343,0.3421,Low
1760-CAZHT,25,0,0.1625,0.234,0.3417,Low
6900-PXRMS,26,1,0.1626,0.234,0.3418,Low
5372-FBKBN,21,0,0.1626,0.234,0.3418,Low
3645-DEYGF,1,0,0.1626,0.234,0.3418,Low
7764-BDPEE,3,0,0.1625,0.2339,0.3416,Low
5028-HTLJB,1,1,0.1625,0.2338,0.3415,Low
4785-NKHCX,5,0,0.1625,0.2338,0.3415,Low
1855-CFULU,4,0,0.1625,0.2338,0.3415,Low
0547-HURJB,12,0,0.1624,0.2337,0.3414,Low
6429-SHBCB,19,0,0.1619,0.2331,0.3406,Low
9591-YVTEB,55,0,0.1619,0.2331,0.3405,Low
5468-BPMMO,46,0,0.1614,0.2324,0.3396,Low
5295-PCJOO,4,1,0.1612,0.2321,0.3392,Low
6469-QJKZW,4,0,0.1611,0.2319,0.339,Low
0015-UOCOJ,7,0,0.161,0.2318,0.3387,Low
9169-BSVIN,12,0,0.161,0.2318,0.3388,Low
3569-EDBPQ,24,0,0.1608,0.2315,0.3384,Low
5701-SVCWR,1,0,0.1607,0.2314,0.3383,Low
0067-DKWBL,2,1,0.1607,0.2314,0.3382,Low
5351-QESIO,1,0,0.1606,0.2313,0.3381,Low
0133-BMFZO,2,1,0.1605,0.2311,0.3379,Low
3486-KHMLI,21,0,0.1604,0.2309,0.3376,Low
2538-OIMXF,1,0,0.1604,0.2309,0.3376,Low
5555-RNPGT,10,0,0.1603,0.2309,0.3375,Low
6447-GORXK,31,0,0.1602,0.2307,0.3374,Low
7277-OZCGZ,22,0,0.1601,0.2306,0.3371,Low
2080-SRCDE,1,0,0.16,0.2305,0.337,Low
0696-UKTOX,23,0,0.16,0.2304,0.3369,Low
0420-BWTPW,8,1,0.1599,0.2304,0.3369,Low
9308-ANMVE,47,0,0.1597,0.2301,0.3365,Low
1862-SKORY,40,1,0.1596,0.2299,0.3362,Low
9907-SWKKF,1,1,0.1596,0.2299,0.3363,Low
8992-VONJD,13,0,0.1596,0.2298,0.3362,Low
0999-QXNSA,7,0,0.1595,0.2298,0.3361,Low
1222-LRYKO,6,0,0.1595,0.2298,0.3361,Low
3351-NGXYI,16,0,0.1595,0.2297,0.336,Low
4724-WXVWF,48,0,0.1592,0.2293,0.3354,Low
4201-JMNGR,1,1,0.1591,0.2292,0.3352,Low
2460-FPSYH,40,1,0.1591,0.2292,0.3352,Low
4680-KUTAJ,11,0,0.1591,0.2292,0.3353,Low
7729-JTEEC,2,0,0.1586,0.2285,0.3343,Low
3572-UOLYZ,46,0,0.1586,0.2285,0.3344,Low
3639-XJHKQ,19,0,0.1585,0.2284,0.3343,Low
1744-JHKYS,34,0,0.1585,0.2284,0.3342,Low
4012-ZTHBR,21,0,0.1584,0.2283,0.3341,Low
5047-LHVLY,1,1,0.1583,0.2281,0.3339,Low
1767-TGTKO,8,0,0.1583,0.2281,0.3338,Low
9828-AOQLM,1,1,0.1582,0.228,0.3337,Low
9430-FRQOC,4,1,0.1582,0.228,0.3337,Low
8802-UNOJF,12,1,0.1582,0.228,0.3336,Low
8679-JOEVF,16,1,0.1582,0.228,0.3337,Low
1171-TYKUR,47,0,0.1582,0.2279,0.3335,Low
5156-UMKOW,3,0,0.158,0.2278,0.3333,Low
3132-TVFDZ,57,1,0.1579,0.2276,0.3331,Low
5129-JLPIS,25,0,0.1579,0.2275,0.333,Low
5202-IVJNU,39,1,0.1578,0.2275,0.333,Low
8100-HZZLJ,43,0,0.1578,0.2275,0.333,Low
3445-HXXGF,58,1,0.1578,0.2274,0.3329,Low
9822-WMWVG,41,0,0.1577,0.2274,0.3328,Low
7825-ECJRF,19,1,0.1577,0.2273,0.3328,Low
2074-GUHPQ,17,0,0.1574,0.2269,0.3322,Low
9851-KIELU,10,1,0.1573,0.2268,0.332,Low
1208-NBVFH,20,0,0.1572,0.2266,0.3317,Low
6284-AHOOQ,22,1,0.1572,0.2266,0.3318,Low
3999-WRNGR,60,0,0.1571,0.2265,0.3316,Low
5896-NPFWW,3,1,0.157,0.2264,0.3314,Low
3346-BRMIS,18,1,0.157,0.2263,0.3313,Low
0980-PVMRC,40,0,0.1569,0.2261,0.3311,Low
7743-EXURX,8,1,0.1568,0.2261,0.331,Low
3466-WAESX,16,0,0.1569,0.2261,0.3311,Low
4471-KXAUH,42,1,0.1568,0.2261,0.3311,Low
2626-URJFX,4,1,0.1568,0.2261,0.3311,Low
6877-TJMBR,1,1,0.1568,0.226,0.3309,Low
6432-TWQLB,5,1,0.1567,0.2259,0.3308,Low
9659-QEQSY,45,0,0.1567,0.2259,0.3308,Low
7295-JOMMD,4,1,0.1567,0.2259,0.3309,Low
5649-ANRML,2,1,0.1566,0.2257,0.3306,Low
0682-USIXD,21,0,0.1566,0.2257,0.3306,Low
9974-JFBHQ,64,0,0.1566,0.2257,0.3306,Low
2770-NSVDG,24,0,0.1564,0.2256,0.3304,Low
9693-XMUOB,59,0,0.1565,0.2256,0.3304,Low
7813-ZGGAW,31,0,0.1564,0.2255,0.3302,Low
4521-YEEHE,18,0,0.1562,0.2252,0.3298,Low
4109-CYRBD,29,0,0.1561,0.2251,0.3298,Low
9469-WEJBT,37,0,0.156,0.2249,0.3294,Low
4813-HQMGZ,8,0,0.156,0.2249,0.3295,Low
0277-BKSQP,8,0,0.156,0.2249,0.3295,Low
2754-SDJRD,8,0,0.1559,0.2248,0.3294,Low
2586-CWXVV,54,0,0.1559,0.2248,0.3293,Low
6128-AQBMT,41,0,0.1556,0.2243,0.3287,Low
9129-UXERG,18,0,0.1555,0.2242,0.3285,Low
7218-HKQFK,2,1,0.1554,0.2241,0.3284,Low
3003-CMDUU,25,0,0.1553,0.224,0.3282,Low
0191-ZHSKZ,30,0,0.1553,0.224,0.3282,Low
2883-ILGWO,57,0,0.1553,0.224,0.3283,Low
1427-VERSM,56,0,0.1548,0.2233,0.3273,Low
8019-ENHXU,42,1,0.1547,0.2232,0.3271,Low
8443-WVPSS,10,1,0.1547,0.2231,0.327,Low
4298-OYIFC,15,0,0.1542,0.2225,0.3262,Low
4468-KAZHE,20,0,0.1542,0.2225,0.3262,Low
3841-CONLJ,1,0,0.1541,0.2224,0.326,Low
1875-QIVME,2,1,0.1541,0.2223,0.326,Low
7892-POOKP,28,1,0.1541,0.2223,0.3259,Low
8286-AFUYI,1,0,0.1541,0.2223,0.3259,Low
6518-LGAOV,38,1,0.154,0.2222,0.3258,Low
1309-BXVOQ,21,1,0.1539,0.2221,0.3256,Low
4220-TINQT,61,0,0.1539,0.222,0.3255,Low
0991-BRRFB,18,1,0.1537,0.2218,0.3252,Low
2027-WKXMW,63,0,0.1536,0.2216,0.325,Low
7312-XSBAT,1,0,0.1536,0.2216,0.325,Low
0374-AACSZ,1,0,0.1535,0.2215,0.3249,Low
6599-RCLCJ,47,1,0.1535,0.2215,0.3248,Low
2067-QYTCF,64,0,0.1533,0.2213,0.3245,Low
0115-TFERT,21,1,0.1533,0.2212,0.3245,Low
8082-GHXOP,13,0,0.1531,0.2209,0.3241,Low
6710-HSJRD,61,0,0.153,0.2208,0.3239,Low
4860-IJUDE,13,0,0.153,0.2208,0.3239,Low
4116-TZAQJ,9,1,0.1529,0.2207,0.3237,Low
7850-VWJUU,23,0,0.1528,0.2205,0.3235,Low
2887-JPYLU,41,0,0.1528,0.2205,0.3234,Low
2181-UAESM,2,0,0.1527,0.2204,0.3234,Low
3470-BTGQO,21,0,0.1526,0.2203,0.3232,Low
1125-SNVCK,49,0,0.1526,0.2203,0.3232,Low
9013-AQORL,48,0,0.1527,0.2203,0.3233,Low
5103-MHMHY,1,1,0.1526,0.2202,0.3231,Low
1809-DMJHQ,5,1,0.1526,0.2202,0.323,Low
9099-FTUHS,23,0,0.1525,0.2201,0.3229,Low
3258-SANFR,6,0,0.1524,0.2199,0.3227,Low
1575-KRZZE,4,0,0.1523,0.2199,0.3226,Low
4208-UFFGW,2,1,0.1523,0.2198,0.3226,Low
3656-TKRVZ,3,1,0.1523,0.2198,0.3225,Low
4193-ORFCL,1,1,0.1523,0.2198,0.3225,Low
3413-BMNZE,1,0,0.1522,0.2197,0.3224,Low
3088-LHEFH,11,0,0.1521,0.2196,0.3223,Low
5353-WILCI,28,0,0.1521,0.2196,0.3223,Low
8128-YVJRG,7,1,0.152,0.2195,0.3221,Low
4250-FDVOU,6,1,0.1521,0.2195,0.3222,Low
6416-YJTTB,11,0,0.1521,0.2195,0.3221,Low
2985-JUUBZ,40,0,0.152,0.2195,0.3221,Low
1867-TJHTS,58,0,0.152,0.2194,0.322,Low
7133-VBDCG,25,1,0.152,0.2194,0.322,Low
1346-UFHAX,13,0,0.152,0.2194,0.322,Low
7410-OIEDU,10,0,0.152,0.2194,0.322,Low
8388-FYNPZ,4,0,0.152,0.2194,0.322,Low
9500-LTVBP,35,0,0.1519,0.2193,0.3219,Low
6204-IEUXJ,3,1,0.1519,0.2193,0.3219,Low
7824-PANSQ,58,0,0.1518,0.2192,0.3217,Low
2669-QVCRG,41,0,0.1518,0.2191,0.3216,Low
6633-SYEUS,23,0,0.1515,0.2187,0.321,Low
4422-QVIJA,35,0,0.1515,0.2187,0.321,Low
7854-EDSSA,22,1,0.1515,0.2187,0.3211,Low
1193-RTSLK,38,1,0.1514,0.2186,0.3208,Low
0215-BQKGS,30,0,0.1513,0.2185,0.3207,Low
2277-VWCNI,4,0,0.1513,0.2185,0.3207,Low
5609-IMCGG,15,0,0.1513,0.2185,0.3207,Low
1624-WOIWJ,10,1,0.1513,0.2184,0.3206,Low
2455-USLMV,31,0,0.1513,0.2184,0.3206,Low
8937-RDTHP,1,1,0.1513,0.2184,0.3206,Low
0289-IVARM,35,0,0.1512,0.2183,0.3205,Low
7615-ESMYF,2,1,0.1512,0.2183,0.3204,Low
7501-VTYLJ,2,0,0.1511,0.2182,0.3204,Low
3842-IYKUE,35,1,0.1511,0.2182,0.3204,Low
1928-BXYIV,1,0,0.1511,0.2181,0.3202,Low
1212-GLHMD,3,0,0.1511,0.2181,0.3202,Low
4223-WOZCM,2,0,0.151,0.2181,0.3201,Low
0567-GGCAC,7,0,0.151,0.218,0.3201,Low
8404-FYDIB,26,0,0.151,0.218,0.3201,Low
9058-CBREO,1,1,0.1509,0.2178,0.3199,Low
9529-OFXHY,15,0,0.1508,0.2178,0.3198,Low
0601-WZHJF,14,1,0.1507,0.2176,0.3195,Low
5575-TPIZQ,46,0,0.1506,0.2175,0.3194,Low
0829-XXPLX,20,0,0.1506,0.2175,0.3194,Low
5626-MGTUK,20,0,0.1506,0.2175,0.3194,Low
0634-SZPQA,23,1,0.1505,0.2174,0.3192,Low
6897-UUBNU,29,0,0.1505,0.2174,0.3192,Low
2139-FQHLM,19,0,0.1505,0.2173,0.3192,Low
3466-RITXD,26,0,0.1502,0.2169,0.3186,Low
7718-RXDGG,15,0,0.1501,0.2168,0.3184,Low
6578-KRMAW,32,0,0.1501,0.2167,0.3183,Low
7908-QCBCA,1,1,0.15,0.2166,0.3181,Low
0730-KOAVE,30,0,0.1499,0.2166,0.3181,Low
5044-LRQAQ,7,0,0.15,0.2166,0.3182,Low
1481-ZUWZA,28,1,0.1499,0.2165,0.3181,Low
0599-XNYDO,20,0,0.1499,0.2165,0.318,Low
3723-BFBGR,24,0,0.1499,0.2165,0.318,Low
1958-RNRKS,30,0,0.1498,0.2164,0.3178,Low
6873-UDNLD,40,0,0.1499,0.2164,0.3179,Low
2905-KFQUV,2,0,0.1498,0.2163,0.3178,Low
3211-ILJTT,17,1,0.1498,0.2163,0.3178,Low
0096-BXERS,6,0,0.1497,0.2162,0.3176,Low
6956-SMUCM,3,1,0.1493,0.2157,0.317,Low
6627-CFOSN,59,0,0.1493,0.2157,0.3169,Low
5394-SVGJV,37,1,0.1493,0.2157,0.317,Low
9420-LOJKX,15,1,0.1493,0.2157,0.317,Low
7783-YKGDV,12,1,0.1493,0.2156,0.3168,Low
9850-OWRHQ,3,1,0.1492,0.2155,0.3166,Low
1482-OXZSY,30,0,0.1492,0.2155,0.3167,Low
5816-QVHRX,37,0,0.1492,0.2155,0.3166,Low
4652-NNHNY,16,1,0.1492,0.2155,0.3167,Low
3746-EUBYR,1,1,0.1491,0.2154,0.3165,Low
6424-ELEYH,3,1,0.149,0.2153,0.3164,Low
8429-XIBUM,22,1,0.1491,0.2153,0.3164,Low
8155-IBNHG,24,1,0.1489,0.2152,0.3162,Low
5570-PTWEH,3,1,0.149,0.2152,0.3163,Low
3014-WJKSM,29,0,0.149,0.2152,0.3163,Low
9191-MYQKX,7,1,0.149,0.2152,0.3163,Low
1262-OPMFY,9,1,0.1489,0.2151,0.3161,Low
0639-TSIQW,67,1,0.1489,0.2151,0.3161,Low
9881-VCZEP,25,0,0.1488,0.215,0.316,Low
3537-HPKQT,55,0,0.1486,0.2147,0.3155,Low
9412-GHEEC,40,1,0.1486,0.2147,0.3156,Low
4010-YLMVT,56,0,0.1484,0.2145,0.3153,Low
7627-JKIAZ,37,1,0.1484,0.2144,0.3152,Low
9507-EXLTT,1,1,0.1483,0.2143,0.315,Low
2203-GHNWN,24,0,0.1483,0.2143,0.315,Low
8212-CRQXP,22,0,0.1482,0.2142,0.3149,Low
4818-DRBQT,29,1,0.1482,0.2142,0.3148,Low
5453-AXEPF,17,0,0.1481,0.2141,0.3147,Low
6330-JKLPC,11,1,0.1481,0.2141,0.3147,Low
6507-DTJZV,13,0,0.1481,0.214,0.3145,Low
3331-HQDTW,34,1,0.1481,0.214,0.3146,Low
0621-HJWXJ,63,0,0.148,0.2139,0.3144,Low
6067-NGCEU,65,0,0.1479,0.2138,0.3143,Low
6173-ITPWD,47,1,0.1477,0.2135,0.3139,Low
0410-IPFTY,31,0,0.1477,0.2134,0.3138,Low
4536-PLEQY,12,0,0.1475,0.2132,0.3135,Low
0419-YAAPX,49,0,0.1474,0.2131,0.3134,Low
1170-SASML,69,0,0.1474,0.2131,0.3134,Low
3106-ULWFW,8,1,0.1475,0.2131,0.3134,Low
5018-GWURO,56,0,0.1474,0.213,0.3133,Low
7994-UYIVZ,8,0,0.1474,0.213,0.3133,Low
0428-IKYCP,22,0,0.1472,0.2128,0.3129,Low
9374-YOLBJ,1,0,0.1472,0.2128,0.313,Low
5917-HBSDW,37,0,0.1472,0.2127,0.3128,Low
3679-XASPY,1,0,0.1471,0.2126,0.3127,Low
9313-CDOGY,38,0,0.147,0.2125,0.3126,Low
3181-MIZBN,16,0,0.1469,0.2124,0.3124,Low
0611-DFXKO,20,1,0.1469,0.2124,0.3124,Low
9103-CXVOK,1,0,0.1469,0.2124,0.3124,Low
3807-XHCJH,1,0,0.1468,0.2122,0.3121,Low
4712-UYOOI,20,0,0.1468,0.2122,0.3121,Low
6648-INWPS,16,0,0.1467,0.2121,0.312,Low
9614-RMGHA,65,1,0.1465,0.2119,0.3117,Low
1159-WFSGR,16,0,0.1465,0.2119,0.3117,Low
5095-AESKG,3,1,0.1466,0.2119,0.3118,Low
8404-GFGCZ,4,0,0.1465,0.2118,0.3116,Low
5697-GOMBF,28,0,0.1464,0.2117,0.3114,Low
3144-KMTWZ,71,0,0.1464,0.2116,0.3113,Low
9600-UDOPK,30,1,0.1463,0.2115,0.3111,Low
7271-AJDTL,55,0,0.1462,0.2114,0.311,Low
3647-GMGDH,22,1,0.1462,0.2114,0.311,Low
0848-ZGQIJ,16,0,0.1462,0.2114,0.311,Low
5119-KEPFY,36,0,0.1461,0.2113,0.3109,Low
7547-EKNFS,42,1,0.1461,0.2113,0.3109,Low
4647-MUZON,18,0,0.146,0.2111,0.3107,Low
5981-ITEMU,40,1,0.1459,0.2109,0.3104,Low
1323-OOEPC,53,1,0.1457,0.2107,0.3101,Low
5536-RTPWK,49,1,0.1456,0.2106,0.31,Low
5480-TBGPH,24,1,0.1456,0.2106,0.3099,Low
3312-UUMZW,32,0,0.1457,0.2106,0.31,Low
0871-URUWO,13,1,0.1453,0.2101,0.3092,Low
3005-TYFRD,55,0,0.1451,0.2099,0.3089,Low
6771-XWBDM,57,1,0.145,0.2097,0.3087,Low
3838-OZURD,66,1,0.1449,0.2096,0.3086,Low
1833-TCXKK,45,0,0.1446,0.2092,0.308,Low
3898-GUYTS,45,0,0.1442,0.2087,0.3073,Low
5022-JNQEQ,9,0,0.144,0.2084,0.3069,Low
0616-ATFGB,1,1,0.1437,0.2079,0.3062,Low
9643-AVVWI,3,0,0.1434,0.2075,0.3057,Low
3404-JNXAX,51,0,0.1433,0.2074,0.3055,Low
4636-QRJKY,6,1,0.1433,0.2074,0.3056,Low
3312-ZWLGF,29,0,0.143,0.207,0.305,Low
2873-ZLIWT,40,1,0.1427,0.2066,0.3044,Low
4439-JMPMT,5,1,0.1426,0.2064,0.3042,Low
2027-CWDNU,18,0,0.1426,0.2064,0.3042,Low
5701-YVSVF,11,0,0.1425,0.2062,0.304,Low
2774-LVQUS,15,1,0.1425,0.2062,0.3039,Low
8016-NCFVO,55,0,0.1421,0.2057,0.3032,Low
1522-VVDMG,7,1,0.1421,0.2056,0.3031,Low
8665-UTDHZ,1,1,0.142,0.2056,0.303,Low
6692-UDPJC,14,1,0.1418,0.2053,0.3027,Low
3162-ZJZFU,53,0,0.1417,0.2051,0.3024,Low
4583-PARNH,16,0,0.1413,0.2046,0.3017,Low
5461-QKNTN,43,0,0.141,0.2042,0.3011,Low
8118-TJAFG,9,0,0.1406,0.2036,0.3004,Low
4658-HCOHW,21,1,0.1405,0.2034,0.3001,Low
2277-DJJDL,60,0,0.1404,0.2034,0.3,Low
4077-CROMM,31,1,0.1403,0.2032,0.2998,Low
0147-ESWWR,39,0,0.1402,0.203,0.2995,Low
1028-FFNJK,30,0,0.1401,0.203,0.2994,Low
2391-SOORI,4,1,0.1399,0.2027,0.299,Low
8800-ZKRFW,30,0,0.14,0.2027,0.2991,Low
3001-CBHLQ,32,1,0.1398,0.2024,0.2987,Low
3174-RKMOW,35,0,0.1397,0.2024,0.2986,Low
1104-TNLZA,28,0,0.1397,0.2023,0.2985,Low
6390-DSAZX,1,1,0.1393,0.2018,0.2978,Low
4673-KKSLS,31,0,0.1391,0.2016,0.2975,Low
0618-XWMSS,28,1,0.1391,0.2015,0.2974,Low
6030-REHUX,28,0,0.1391,0.2015,0.2975,Low
2436-QBZFP,22,0,0.139,0.2014,0.2973,Low
6360-SVNWV,31,0,0.1388,0.2011,0.2969,Low
3956-CJUST,23,0,0.1385,0.2007,0.2964,Low
5707-ORNDZ,9,1,0.1383,0.2004,0.2959,Low
9514-JDSKI,1,1,0.1383,0.2004,0.2959,Low
2951-QOQTK,4,1,0.1382,0.2003,0.2957,Low
7957-RYHQD,40,1,0.138,0.1999,0.2953,Low
7517-SAWMO,19,1,0.1377,0.1996,0.2948,Low
1919-RTPQD,7,0,0.1376,0.1994,0.2945,Low
2903-YYTBW,1,0,0.1376,0.1994,0.2946,Low
3235-ETOOB,8,1,0.1375,0.1993,0.2944,Low
2480-SQIOB,4,0,0.1375,0.1993,0.2944,Low
0388-EOPEX,2,1,0.1375,0.1993,0.2944,Low
4369-HTUIF,6,1,0.1371,0.1988,0.2937,Low
0799-DDIHE,15,0,0.1372,0.1988,0.2937,Low
0118-JPNOY,26,0,0.1371,0.1987,0.2935,Low
0207-MDKNV,15,1,0.1371,0.1987,0.2935,Low
0749-IRGQE,13,0,0.1369,0.1985,0.2933,Low
0365-GXEZS,18,0,0.1369,0.1985,0.2933,Low
2937-FTHUR,18,0,0.1368,0.1984,0.2931,Low
1976-CFOCS,1,1,0.1368,0.1983,0.2929,Low
9948-YPTDG,38,1,0.1368,0.1983,0.293,Low
4958-GZWIY,7,1,0.1366,0.198,0.2926,Low
1355-KUSBG,7,0,0.1366,0.198,0.2926,Low
1086-LXKFY,1,1,0.1365,0.1979,0.2925,Low
8120-JDCAM,4,0,0.1365,0.1978,0.2924,Low
4883-QICIH,32,1,0.1364,0.1978,0.2923,Low
6741-EGCBI,30,0,0.1365,0.1978,0.2924,Low
8329-GWVPJ,50,0,0.1364,0.1978,0.2923,Low
1062-LHZOD,1,1,0.1364,0.1978,0.2922,Low
2920-RNCEZ,1,0,0.1364,0.1977,0.2922,Low
3799-ISUZQ,7,1,0.1364,0.1977,0.2922,Low
9921-EZKBY,33,0,0.1364,0.1977,0.2921,Low
1122-JWTJW,1,1,0.1363,0.1976,0.292,Low
2683-BPJSO,29,1,0.1361,0.1973,0.2917,Low
1319-YLZJG,12,0,0.1361,0.1973,0.2916,Low
7268-IGMFD,18,0,0.136,0.1972,0.2915,Low
2983-ZANRP,2,1,0.1358,0.197,0.2911,Low
0390-DCFDQ,1,1,0.1358,0.197,0.2912,Low
5931-FLJJF,7,1,0.1359,0.197,0.2913,Low
1996-DBMUS,48,0,0.1358,0.1969,0.2911,Low
1396-QWFBJ,21,1,0.1358,0.1968,0.291,Low
9283-LZQOH,13,1,0.1357,0.1968,0.2909,Low
6906-ANDWJ,15,1,0.1356,0.1967,0.2908,Low
3755-JBMNH,16,1,0.1356,0.1967,0.2908,Low
4123-DVHPH,9,0,0.1356,0.1967,0.2908,Low
9819-FBNSV,37,0,0.1356,0.1966,0.2906,Low
5934-TSSAU,23,0,0.1356,0.1966,0.2906,Low
7622-NXQZR,28,0,0.1356,0.1966,0.2906,Low
9800-ONTFE,22,0,0.1355,0.1965,0.2905,Low
0064-YIJGF,27,0,0.1355,0.1965,0.2905,Low
4853-OITSN,5,0,0.1355,0.1965,0.2905,Low
3209-ZPKFI,47,0,0.1354,0.1963,0.2903,Low
9332-GYWLO,6,0,0.1353,0.1962,0.2901,Low
1020-JPQOW,56,0,0.1353,0.1962,0.2901,Low
7503-QQRVF,16,1,0.1352,0.1961,0.29,Low
8361-LTMKD,4,1,0.1352,0.1961,0.29,Low
2133-TSRRM,34,0,0.1352,0.1961,0.29,Low
3411-WLRSQ,3,0,0.1352,0.1961,0.2899,Low
8699-ASUFO,7,1,0.1352,0.1961,0.29,Low
9286-DOJGF,38,1,0.1352,0.196,0.2898,Low
8387-MOJJT,42,1,0.1352,0.196,0.2899,Low
4640-UHDOS,13,1,0.1351,0.1959,0.2896,Low
3855-ONCAR,4,0,0.135,0.1959,0.2896,Low
9415-TPKRV,8,0,0.1351,0.1959,0.2897,Low
6402-ZFPPI,25,1,0.135,0.1958,0.2896,Low
4910-AQFFX,9,1,0.135,0.1958,0.2895,Low
4580-TMHJU,43,1,0.135,0.1958,0.2896,Low
7426-GSWPO,64,0,0.135,0.1957,0.2894,Low
5442-XSDCW,11,1,0.135,0.1957,0.2895,Low
0376-OIWME,36,0,0.135,0.1957,0.2894,Low
4828-FAZPK,16,0,0.1349,0.1957,0.2893,Low
6300-BWMJX,59,0,0.135,0.1957,0.2894,Low
3296-SILRA,1,1,0.1349,0.1957,0.2894,Low
7356-IWLFW,46,0,0.1349,0.1956,0.2893,Low
4760-THGOT,43,0,0.1349,0.1956,0.2893,Low
8821-XNHVZ,1,1,0.1349,0.1956,0.2893,Low
2347-WKKAE,42,0,0.1349,0.1956,0.2893,Low
2796-UUZZO,63,0,0.1349,0.1956,0.2892,Low
0060-FUALY,59,0,0.1348,0.1955,0.2892,Low
0684-AOSIH,1,1,0.1348,0.1955,0.2891,Low
6551-GNYDG,14,0,0.1348,0.1955,0.2891,Low
4695-VADHF,18,1,0.1348,0.1955,0.2891,Low
9710-ZUSHQ,37,1,0.1346,0.1952,0.2888,Low
0486-HECZI,55,1,0.1346,0.1952,0.2887,Low
4248-HCETZ,30,1,0.1345,0.1951,0.2885,Low
0495-ZBNGW,5,1,0.1344,0.195,0.2884,Low
8417-FMLZI,6,1,0.1344,0.195,0.2884,Low
5389-FFVKB,32,1,0.1344,0.1949,0.2883,Low
7495-OOKFY,8,1,0.1343,0.1949,0.2882,Low
3192-LNKRK,34,0,0.1343,0.1949,0.2883,Low
7537-CBQUZ,63,0,0.1343,0.1949,0.2882,Low
2946-KIQSP,35,0,0.1344,0.1949,0.2884,Low
9369-XFEHK,33,1,0.1343,0.1949,0.2883,Low
6952-OMNWB,68,0,0.1344,0.1949,0.2883,Low
6845-RGTYS,47,1,0.1344,0.1949,0.2883,Low
3934-HXCFZ,23,1,0.1343,0.1948,0.2882,Low
8468-EHYJA,57,0,0.1343,0.1948,0.2881,Low
7780-OTDSO,18,1,0.1343,0.1948,0.2881,Low
3194-ORPIK,50,1,0.1343,0.1948,0.2882,Low
3198-VELRD,3,1,0.1343,0.1947,0.2881,Low
0219-YTZUE,4,1,0.1342,0.1947,0.2881,Low
8201-AAXCB,25,0,0.1342,0.1947,0.288,Low
5569-KGJHX,9,1,0.1342,0.1946,0.2879,Low
6986-IJDHX,39,1,0.1341,0.1945,0.2877,Low
2908-ZTPNF,36,0,0.134,0.1943,0.2875,Low
5294-DMSFH,29,0,0.1339,0.1942,0.2873,Low
5519-YLDGW,21,1,0.1338,0.1941,0.2872,Low
2360-RDGRO,65,0,0.1338,0.1941,0.2871,Low
1268-ASBGA,16,1,0.1337,0.194,0.287,Low
5373-SFODM,36,1,0.1337,0.194,0.287,Low
0666-UXTJO,34,0,0.1337,0.194,0.2871,Low
5419-KLXBN,25,1,0.1337,0.194,0.287,Low
9121-PHQSR,16,0,0.1337,0.194,0.2871,Low
9470-XCCEM,35,0,0.1336,0.1939,0.2869,Low
2074-GKOWZ,2,1,0.1336,0.1939,0.2869,Low
2311-QYMUQ,16,1,0.1337,0.1939,0.2869,Low
7746-AWNQW,28,0,0.1337,0.1939,0.287,Low
5307-DZCVC,32,1,0.1336,0.1939,0.2869,Low
5055-MGMGF,65,0,0.1337,0.1939,0.287,Low
0869-PAPRP,26,0,0.1337,0.1939,0.2869,Low
8519-IMDHU,15,1,0.1337,0.1939,0.287,Low
9350-VLHMB,67,0,0.1336,0.1939,0.2869,Low
1548-FEHVL,61,0,0.1336,0.1938,0.2867,Low
3161-GETRM,34,0,0.1336,0.1938,0.2868,Low
2782-JEEBU,21,0,0.1336,0.1938,0.2868,Low
0112-QAWRZ,16,0,0.1335,0.1937,0.2866,Low
3097-NQYSN,2,1,0.1335,0.1937,0.2866,Low
5131-PONJI,49,0,0.1335,0.1937,0.2867,Low
1104-FEJAM,28,0,0.1335,0.1937,0.2866,Low
7449-HVPIV,55,0,0.1335,0.1937,0.2867,Low
4373-MAVJG,14,1,0.1335,0.1937,0.2866,Low
7739-LAXOG,32,1,0.1335,0.1936,0.2865,Low
4430-UZIPO,3,1,0.1333,0.1935,0.2863,Low
5977-CKHON,43,0,0.1333,0.1934,0.2862,Low
0943-ZQPXH,44,0,0.1332,0.1933,0.2861,Low
1754-GKYPY,22,0,0.1332,0.1932,0.2859,Low
6818-WOBHJ,68,1,0.1332,0.1932,0.286,Low
4462-CYWMH,62,0,0.1331,0.1932,0.2859,Low
6137-NICCO,6,0,0.1331,0.1931,0.2858,Low
2573-GYRUU,48,0,0.133,0.193,0.2856,Low
2359-KLTEK,41,0,0.133,0.193,0.2857,Low
0701-RFGFI,49,0,0.1329,0.1929,0.2855,Low
9495-SKLKD,45,0,0.1329,0.1928,0.2854,Low
4657-FWVFY,40,0,0.1328,0.1928,0.2853,Low
2974-GGUXS,36,0,0.1329,0.1928,0.2854,Low
8844-TONUD,13,1,0.1328,0.1927,0.2853,Low
9445-SZLCH,36,1,0.1327,0.1926,0.2851,Low
5201-FRKKS,25,0,0.1326,0.1925,0.285,Low
4947-DSMXK,34,0,0.1327,0.1925,0.285,Low
0397-GZBBC,59,1,0.1327,0.1925,0.285,Low
4343-EJVQB,7,0,0.1326,0.1925,0.2849,Low
6173-GOLSU,67,0,0.1326,0.1924,0.2848,Low
3524-WQDSG,43,0,0.1325,0.1923,0.2847,Low
3627-FHKBK,1,1,0.1325,0.1923,0.2847,Low
2452-SNHFZ,47,0,0.1325,0.1923,0.2846,Low
8755-IWJHN,69,0,0.1325,0.1923,0.2846,Low
0979-PHULV,69,1,0.1325,0.1923,0.2846,Low
3207-OYBWH,57,1,0.1325,0.1923,0.2847,Low
4929-XIHVW,2,0,0.1325,0.1922,0.2846,Low
3643-AHCFP,7,1,0.1325,0.1922,0.2846,Low
5673-TIYIB,2,1,0.1323,0.1921,0.2844,Low
8378-LKJAF,38,0,0.1323,0.192,0.2843,Low
1465-VINDH,10,1,0.1322,0.1919,0.2841,Low
2665-NPTGL,26,0,0.1322,0.1918,0.284,Low
9547-ITEFG,9,0,0.1321,0.1918,0.284,Low
5331-RGMTT,54,0,0.1321,0.1917,0.2838,Low
3565-UNOCC,29,1,0.1321,0.1917,0.2838,Low
3804-RVTGV,50,1,0.132,0.1916,0.2837,Low
1932-UEDCX,33,0,0.1319,0.1915,0.2835,Low
7029-RPUAV,17,1,0.1319,0.1915,0.2835,Low
5947-SGKCL,15,0,0.1319,0.1914,0.2834,Low
3791-LGQCY,56,1,0.1319,0.1914,0.2835,Low
2249-YPRNG,20,1,0.1318,0.1913,0.2833,Low
3018-TFTSU,12,1,0.1316,0.191,0.2829,Low
2320-SLKMB,26,0,0.1313,0.1906,0.2824,Low
7851-FLGGQ,1,1,0.1313,0.1906,0.2823,Low
0239-OXEXL,46,0,0.1313,0.1906,0.2823,Low
3761-FLYZI,65,0,0.131,0.1903,0.2818,Low
4402-FTBXC,54,0,0.1306,0.1896,0.2809,Low
0365-TRTPY,37,0,0.1304,0.1894,0.2806,Low
4137-BTIKL,2,0,0.1305,0.1894,0.2807,Low
6794-HKIAJ,62,0,0.1305,0.1894,0.2807,Low
5600-PDUJF,6,0,0.1302,0.189,0.2801,Low
1213-NGCUN,6,1,0.1301,0.189,0.2801,Low
3890-RTCMS,16,0,0.1302,0.189,0.2801,Low
9701-CDXHR,51,0,0.1301,0.1889,0.28,Low
4026-SKKHW,3,0,0.13,0.1888,0.2798,Low
6844-DZKRF,2,0,0.13,0.1888,0.2798,Low
1763-WQFUK,3,0,0.1299,0.1887,0.2797,Low
5701-ZIKJE,13,0,0.1299,0.1887,0.2797,Low
3683-QKIUE,6,1,0.1299,0.1886,0.2796,Low
6257-RJOHI,4,0,0.1299,0.1886,0.2796,Low
3221-CJMSG,24,0,0.1298,0.1885,0.2795,Low
0952-KMEEH,13,1,0.1296,0.1883,0.2791,Low
3896-RCYYE,67,0,0.1293,0.1879,0.2785,Low
6898-MDLZW,12,0,0.1293,0.1878,0.2784,Low
1120-BMWUB,16,1,0.1292,0.1877,0.2783,Low
3733-LSYCE,15,0,0.1292,0.1876,0.2782,Low
1746-TGTWV,1,0,0.1292,0.1876,0.2782,Low
9667-TKTVZ,2,0,0.1292,0.1876,0.2782,Low
2155-AMQRX,28,0,0.1291,0.1875,0.278,Low
8292-TYSPY,19,1,0.129,0.1874,0.2779,Low
5208-HFSBT,2,1,0.129,0.1874,0.2779,Low
7181-OQCUT,21,0,0.129,0.1874,0.2779,Low
2851-MMUTZ,27,0,0.1288,0.1871,0.2775,Low
6985-HAYWX,26,0,0.1286,0.1869,0.2771,Low
8642-GVWRF,2,1,0.1286,0.1868,0.277,Low
1110-KYLGQ,63,0,0.1286,0.1868,0.277,Low
4925-LMHOK,15,1,0.1284,0.1865,0.2766,Low
2826-UWHIS,45,0,0.1284,0.1865,0.2766,Low
1205-WNWPJ,7,1,0.1282,0.1863,0.2763,Low
5778-BVOFB,9,0,0.1282,0.1863,0.2763,Low
1550-LOAHA,32,1,0.128,0.186,0.2759,Low
7766-CLTIC,10,0,0.1279,0.1859,0.2758,Low
4003-FUSHP,19,0,0.1278,0.1858,0.2756,Low
0354-WYROK,31,1,0.1278,0.1857,0.2754,Low
4636-JGAAI,34,0,0.1274,0.1852,0.2748,Low
0295-QVKPB,5,0,0.1274,0.1852,0.2748,Low
9777-WJJPR,31,0,0.1274,0.1852,0.2748,Low
1564-HJUVY,4,0,0.1275,0.1852,0.2749,Low
3137-LUPIX,4,0,0.1274,0.1851,0.2746,Low
8751-EDEKA,28,0,0.1273,0.185,0.2745,Low
1935-IMVBB,56,0,0.1273,0.185,0.2746,Low
1173-NOEYG,27,0,0.1273,0.185,0.2745,Low
5922-ABDVO,19,1,0.1273,0.185,0.2746,Low
9921-QFQUL,23,0,0.1273,0.185,0.2745,Low
1230-QAJDW,3,0,0.1272,0.1849,0.2744,Low
4923-ADWXJ,25,0,0.1271,0.1848,0.2742,Low
9761-XUJWD,5,0,0.1272,0.1848,0.2743,Low
4070-OKWVH,52,0,0.1268,0.1843,0.2735,Low
1194-HVAIF,27,0,0.1267,0.1842,0.2734,Low
9971-ZWPBF,34,0,0.1267,0.1842,0.2734,Low
8263-OKETD,20,0,0.1266,0.1841,0.2733,Low
1703-MGIAB,17,0,0.1266,0.1841,0.2732,Low
6635-CPNUN,28,0,0.1265,0.1839,0.273,Low
9210-IAHGH,7,1,0.1264,0.1837,0.2727,Low
3865-QBWSJ,38,0,0.1253,0.1823,0.2707,Low
2363-BJLSL,62,0,0.125,0.1818,0.2701,Low
2718-GAXQD,4,1,0.1244,0.1809,0.2688,Low
7148-XZPHA,55,0,0.1244,0.1809,0.2688,Low
9776-CLUJA,51,1,0.1242,0.1807,0.2685,Low
2956-GGUCQ,24,1,0.1241,0.1805,0.2682,Low
7903-CMPEY,1,1,0.1239,0.1802,0.2678,Low
0461-CVKMU,23,1,0.1238,0.1802,0.2677,Low
4919-IKATY,5,1,0.1238,0.1801,0.2676,Low
3541-ZNUHK,55,0,0.1237,0.18,0.2675,Low
5522-NYKPB,25,0,0.1236,0.1798,0.2672,Low
2921-XWDJH,38,0,0.1235,0.1796,0.267,Low
6413-XKKPU,17,1,0.1232,0.1793,0.2665,Low
0595-ITUDF,64,0,0.1229,0.1789,0.2659,Low
2460-NGXBJ,11,0,0.1229,0.1788,0.2658,Low
9681-KYGYB,49,0,0.1229,0.1788,0.2659,Low
5828-DWPIL,62,0,0.1228,0.1787,0.2657,Low
2322-VCZHZ,23,0,0.1227,0.1786,0.2655,Low
3062-ICYZQ,51,0,0.1227,0.1786,0.2655,Low
2207-QPJED,37,0,0.1227,0.1785,0.2654,Low
9574-RKJIF,30,1,0.1226,0.1785,0.2654,Low
4918-FYJNT,55,0,0.1226,0.1784,0.2653,Low
2988-GBIVW,70,0,0.1226,0.1784,0.2653,Low
7072-MBHEV,11,0,0.1225,0.1783,0.2651,Low
8988-ECPJR,34,1,0.1223,0.178,0.2647,Low
9699-UBQFS,43,0,0.1222,0.1779,0.2645,Low
6242-MBHPK,23,0,0.1221,0.1778,0.2644,Low
6522-YRBXD,35,0,0.1222,0.1778,0.2645,Low
2397-BRLOM,8,1,0.1222,0.1778,0.2645,Low
5937-EORGB,15,0,0.122,0.1776,0.2641,Low
7549-MYGPK,63,1,0.122,0.1776,0.2641,Low
5299-RULOA,10,1,0.122,0.1776,0.2642,Low
9572-WUKSB,3,0,0.1219,0.1774,0.2639,Low
7181-BQYBV,1,1,0.1218,0.1773,0.2637,Low
2018-PZKMU,9,0,0.1217,0.1772,0.2636,Low
2265-CYWIV,4,1,0.1217,0.1771,0.2635,Low
5449-FIBXJ,19,1,0.1217,0.1771,0.2635,Low
1842-EZJMK,50,1,0.1217,0.1771,0.2634,Low
9874-QLCLH,17,1,0.1216,0.1771,0.2634,Low
9408-HRXRK,45,0,0.1215,0.1769,0.2632,Low
0886-QGENL,27,1,0.1215,0.1769,0.2631,Low
5339-TJFEK,62,0,0.1215,0.1769,0.2631,Low
5804-HYIEZ,70,0,0.1215,0.1768,0.263,Low
2811-POVEX,23,0,0.1212,0.1765,0.2626,Low
5385-SUIRI,52,1,0.1212,0.1765,0.2626,Low
9168-INPSZ,44,0,0.1212,0.1764,0.2625,Low
1658-XUHBX,59,0,0.1212,0.1764,0.2625,Low
9904-EHEVJ,32,0,0.1209,0.176,0.2619,Low
4716-HHKQH,20,0,0.1209,0.176,0.262,Low
2615-YVMYX,71,0,0.1209,0.176,0.2619,Low
9278-VZKCD,52,0,0.1207,0.1758,0.2616,Low
0111-KLBQG,32,0,0.1206,0.1756,0.2614,Low
9898-KZQDZ,40,1,0.1206,0.1755,0.2612,Low
9544-PYPSJ,62,0,0.1204,0.1753,0.2609,Low
1587-FKLZB,66,1,0.12,0.1748,0.2602,Low
2070-FNEXE,7,1,0.1199,0.1746,0.26,Low
3130-ICDUP,2,0,0.1198,0.1745,0.2598,Low
9732-KPKBW,1,1,0.1191,0.1735,0.2584,Low
7993-PYKOF,8,1,0.1191,0.1735,0.2584,Low
7401-RUBNK,18,0,0.1191,0.1735,0.2584,Low
6686-YPGHK,47,1,0.1188,0.173,0.2578,Low
7126-RBHSD,17,0,0.1186,0.1728,0.2574,Low
8944-AILEF,15,0,0.1186,0.1728,0.2574,Low
4365-MSDYN,8,0,0.1186,0.1728,0.2573,Low
6184-DYUOB,3,0,0.1186,0.1727,0.2573,Low
4468-YDOVK,5,0,0.1185,0.1726,0.2572,Low
5066-GFJMM,3,0,0.1184,0.1725,0.257,Low
0114-RSRRW,10,0,0.1184,0.1725,0.257,Low
7623-TRNQN,1,1,0.1183,0.1723,0.2567,Low
9389-ACWBI,5,0,0.1182,0.1722,0.2565,Low
0867-MKZVY,20,1,0.1182,0.1722,0.2565,Low
7814-LEEVE,1,0,0.1182,0.1722,0.2566,Low
5600-KTXFM,2,0,0.1182,0.1722,0.2565,Low
2378-HTWFW,35,0,0.1182,0.1722,0.2565,Low
2684-EIWEO,30,1,0.1181,0.1721,0.2564,Low
9512-PHSMG,10,0,0.1181,0.1721,0.2564,Low
4390-KYULV,3,1,0.1181,0.1721,0.2564,Low
4623-ZKHLY,22,0,0.1182,0.1721,0.2565,Low
2480-JZOSN,1,0,0.1181,0.172,0.2563,Low
4256-ZWTZI,5,0,0.118,0.172,0.2563,Low
2834-SPCJV,52,1,0.118,0.1719,0.2561,Low
3285-UCQVC,37,1,0.1179,0.1718,0.256,Low
1816-FLZDK,1,0,0.1177,0.1716,0.2557,Low
9626-WEQRM,4,0,0.1178,0.1716,0.2557,Low
7916-VCCPB,16,0,0.1177,0.1715,0.2556,Low
6078-VESFR,13,0,0.1177,0.1715,0.2556,Low
0812-WUPTB,1,1,0.1176,0.1714,0.2554,Low
8910-LEDAG,34,0,0.1175,0.1713,0.2553,Low
4450-MDZFX,60,0,0.1176,0.1713,0.2553,Low
1866-OBPNR,1,0,0.1175,0.1713,0.2553,Low
1142-WACZW,2,1,0.1175,0.1712,0.2552,Low
7905-TVXTA,5,0,0.1174,0.171,0.2549,Low
0139-IVFJG,2,0,0.1173,0.1709,0.2547,Low
0396-UKGAI,23,0,0.1173,0.1709,0.2547,Low
6656-JWRQX,1,0,0.1173,0.1709,0.2548,Low
5188-HGMLP,54,0,0.1172,0.1708,0.2546,Low
0577-WHMEV,16,0,0.1172,0.1708,0.2546,Low
6549-NNDYT,13,0,0.1172,0.1708,0.2546,Low
5628-RKIFK,49,0,0.1171,0.1706,0.2544,Low
3144-AUDBS,6,1,0.117,0.1705,0.2542,Low
4672-FOTSD,12,0,0.1169,0.1704,0.2541,Low
4307-KTUMW,53,1,0.1169,0.1703,0.254,Low
6581-NQCBA,16,1,0.1169,0.1703,0.2539,Low
7343-EOBEU,3,0,0.1168,0.1702,0.2538,Low
7799-DSEWS,18,0,0.1168,0.1702,0.2538,Low
5419-JKZNQ,30,0,0.1167,0.1701,0.2536,Low
4767-HZZHQ,30,0,0.1166,0.17,0.2534,Low
2853-CWQFQ,1,0,0.1165,0.1699,0.2533,Low
9029-FEGVJ,32,0,0.1165,0.1699,0.2533,Low
3657-COGMW,52,0,0.1165,0.1698,0.2532,Low
4177-JPDFU,12,0,0.1163,0.1695,0.2527,Low
7395-IGJOS,17,1,0.1163,0.1695,0.2527,Low
0913-XWSCN,55,0,0.1162,0.1694,0.2526,Low
6743-HHQPF,42,0,0.1162,0.1694,0.2526,Low
3023-GFLBR,33,1,0.1161,0.1693,0.2525,Low
1134-YWTYF,27,0,0.1161,0.1693,0.2525,Low
8903-WMRNW,15,0,0.1161,0.1692,0.2524,Low
8582-KRHPJ,50,0,0.116,0.1691,0.2522,Low
2108-XWMPY,3,1,0.1159,0.169,0.252,Low
3801-HMYNL,1,1,0.1158,0.1688,0.2518,Low
7658-UYUQS,21,0,0.1157,0.1687,0.2516,Low
2049-BAFNW,1,0,0.1157,0.1687,0.2517,Low
4526-ZJJTM,25,0,0.1155,0.1684,0.2512,Low
2272-UOINI,7,0,0.1154,0.1683,0.2511,Low
4176-FXYBO,54,0,0.1154,0.1682,0.251,Low
4554-YGZIH,49,1,0.1153,0.1681,0.2508,Low
9512-UIBFX,18,1,0.1152,0.1679,0.2505,Low
0013-MHZWF,9,0,0.1151,0.1678,0.2503,Low
2267-WTPYD,57,0,0.1149,0.1675,0.25,Low
0260-ZDLGK,9,1,0.1146,0.1671,0.2494,Low
7740-KKCXF,51,0,0.1145,0.167,0.2492,Low
8350-NYMVI,39,0,0.1145,0.1669,0.2491,Low
4238-JSSWH,35,0,0.1141,0.1664,0.2484,Low
4524-QCSSM,26,0,0.1137,0.1659,0.2476,Low
3757-NJYBX,32,1,0.1137,0.1659,0.2476,Low
3160-TYXLT,53,0,0.1134,0.1654,0.2469,Low
2894-QOJRX,25,1,0.1134,0.1654,0.2469,Low
5949-HGVJL,26,0,0.1132,0.1652,0.2466,Low
7077-XJMET,12,0,0.1131,0.165,0.2463,Low
0623-GDISB,1,0,0.1129,0.1648,0.2461,Low
0322-YINQP,1,1,0.1129,0.1647,0.246,Low
1376-HHBDV,30,0,0.1129,0.1647,0.2459,Low
1794-HBQTJ,1,1,0.1129,0.1647,0.246,Low
1049-FYSYG,17,0,0.1129,0.1647,0.246,Low
7639-SUPCW,22,1,0.1129,0.1647,0.2459,Low
2273-QCKXA,1,0,0.1128,0.1646,0.2458,Low
2607-FBDFF,1,0,0.1128,0.1646,0.2458,Low
4429-WYGFR,26,0,0.1128,0.1645,0.2458,Low
3948-XHGNA,24,1,0.1127,0.1645,0.2457,Low
8757-TFHHJ,1,0,0.1127,0.1644,0.2456,Low
6075-QMNRR,52,0,0.1127,0.1644,0.2456,Low
0537-QYZZN,24,0,0.1126,0.1644,0.2455,Low
9375-MHRRS,6,0,0.1126,0.1643,0.2454,Low
8182-PNAGI,12,1,0.1126,0.1643,0.2453,Low
0929-HYQEW,3,0,0.1126,0.1643,0.2454,Low
6705-LNMDD,20,0,0.1126,0.1643,0.2454,Low
6888-SBYAI,1,0,0.1125,0.1642,0.2452,Low
7426-WEIJX,60,0,0.1125,0.1642,0.2452,Low
7009-LGECI,4,0,0.1125,0.1642,0.2453,Low
2338-BQEZT,55,0,0.1125,0.1642,0.2453,Low
7794-JASDG,1,0,0.1125,0.1642,0.2452,Low
5382-TEMLV,45,0,0.1125,0.1641,0.2451,Low
2207-OBZNX,7,1,0.1125,0.1641,0.2451,Low
9564-KCLHR,1,1,0.1124,0.164,0.245,Low
1585-MQSSU,17,1,0.1123,0.1639,0.2449,Low
2709-UQGNP,10,0,0.1123,0.1639,0.2449,Low
3668-QPYBK,2,1,0.1119,0.1634,0.2441,Low
3982-DQLUS,65,0,0.112,0.1634,0.2441,Low
7966-YOTQW,10,0,0.1118,0.1632,0.2439,Low
9972-NKTFD,28,0,0.1118,0.1631,0.2438,Low
5493-SDRDQ,2,1,0.1117,0.1631,0.2437,Low
5206-HPJKM,17,0,0.1117,0.163,0.2435,Low
3577-AMVUX,1,0,0.1117,0.163,0.2436,Low
7382-DFJTU,18,0,0.1117,0.163,0.2436,Low
6865-JZNKO,30,0,0.1117,0.163,0.2436,Low
0733-VUNUW,24,1,0.1116,0.1629,0.2435,Low
9103-TCIHJ,15,1,0.1116,0.1629,0.2435,Low
2676-OXPPQ,6,0,0.1116,0.1629,0.2435,Low
3113-IWHLC,5,0,0.1116,0.1629,0.2434,Low
7721-JXEAW,59,1,0.1116,0.1629,0.2434,Low
8224-IVVPA,27,0,0.1115,0.1627,0.2431,Low
4250-WAROZ,60,0,0.1112,0.1623,0.2426,Low
9780-FKVVF,6,0,0.1111,0.1621,0.2423,Low
8624-GIOUT,49,1,0.111,0.162,0.2422,Low
1582-RAFML,1,1,0.1109,0.1619,0.242,Low
6954-OOYZZ,18,0,0.1109,0.1619,0.242,Low
8887-IPQNC,7,0,0.1109,0.1619,0.242,Low
1518-OMDIK,33,0,0.1109,0.1618,0.2419,Low
6620-JDYNW,18,0,0.1108,0.1618,0.2419,Low
5478-JJVZK,33,0,0.1108,0.1618,0.2418,Low
4959-JOSRX,2,1,0.1108,0.1618,0.2419,Low
3043-TYBNO,3,0,0.1108,0.1618,0.2418,Low
1541-ETJZO,1,1,0.1106,0.1615,0.2414,Low
0356-ERHVT,11,0,0.1106,0.1614,0.2413,Low
2637-FKFSY,3,0,0.1105,0.1614,0.2413,Low
5309-TAIKL,7,0,0.1105,0.1613,0.2412,Low
7641-EUYET,46,1,0.1105,0.1613,0.2411,Low
3629-WEAAM,8,0,0.1103,0.1611,0.2408,Low
0096-FCPUF,30,0,0.1103,0.161,0.2407,Low
7319-VENRZ,7,0,0.1103,0.161,0.2407,Low
7459-RRWQZ,15,1,0.1103,0.161,0.2407,Low
0708-SJDIS,34,0,0.1102,0.1609,0.2405,Low
6854-EXGSF,8,0,0.1101,0.1608,0.2404,Low
5172-MIGPM,4,0,0.1101,0.1608,0.2404,Low
7470-MCQTK,13,1,0.11,0.1607,0.2402,Low
3038-PQIUY,38,0,0.11,0.1607,0.2403,Low
5174-RNGBH,9,1,0.11,0.1606,0.2402,Low
7176-WIONM,12,0,0.1098,0.1604,0.2398,Low
7410-KTVFV,18,1,0.1099,0.1604,0.2399,Low
1100-DDVRV,17,0,0.1098,0.1604,0.2398,Low
3345-PBBFH,8,0,0.1099,0.1604,0.2399,Low
6368-NWMCE,38,0,0.1097,0.1603,0.2397,Low
3391-JSQEW,40,0,0.1098,0.1603,0.2397,Low
7605-SNLQG,45,0,0.1097,0.1603,0.2397,Low
3794-NFNCH,30,0,0.1098,0.1603,0.2398,Low
5766-XQXMQ,29,1,0.1097,0.1602,0.2395,Low
8663-UPDGF,26,0,0.1096,0.16,0.2393,Low
3126-WQMGH,49,0,0.1094,0.1598,0.239,Low
5527-ACHSO,11,0,0.1094,0.1598,0.239,Low
0550-DCXLH,13,0,0.1091,0.1593,0.2383,Low
2087-QAREY,22,0,0.109,0.1592,0.2381,Low
4280-DLSHD,8,0,0.109,0.1592,0.2381,Low
6859-RKMZJ,11,0,0.1089,0.1591,0.238,Low
0867-LDTTC,5,0,0.1088,0.159,0.2379,Low
3518-PZXZQ,1,0,0.1089,0.159,0.2379,Low
9633-DENPU,47,0,0.1084,0.1583,0.2369,Low
7869-ZYDST,31,0,0.1083,0.1582,0.2367,Low
5438-QMDDL,19,0,0.1082,0.158,0.2365,Low
1423-BMPBQ,1,0,0.108,0.1578,0.2362,Low
0487-VVUVK,25,0,0.1079,0.1577,0.236,Low
1735-XMJVH,8,0,0.1078,0.1576,0.2358,Low
4946-EDSEW,11,1,0.1079,0.1576,0.2359,Low
9629-NHXFW,1,0,0.1078,0.1575,0.2358,Low
9518-XXBXE,10,0,0.1078,0.1575,0.2357,Low
2171-UDMFD,32,0,0.1078,0.1575,0.2357,Low
9063-ZGTUY,61,1,0.1078,0.1575,0.2358,Low
6506-EYCNH,28,0,0.1078,0.1574,0.2356,Low
2484-DGXPZ,31,1,0.1078,0.1574,0.2356,Low
4182-BGSIQ,10,0,0.1076,0.1573,0.2354,Low
0594-UFTUL,13,0,0.1076,0.1572,0.2354,Low
7094-MSZAO,10,0,0.1075,0.1571,0.2352,Low
2250-IVBWA,64,0,0.1075,0.1571,0.2352,Low
4781-ZXYGU,1,0,0.1075,0.1571,0.2351,Low
7777-UNYHB,12,0,0.1075,0.1571,0.2352,Low
7853-GVUDZ,1,1,0.1075,0.1571,0.2351,Low
5260-UMPWX,26,0,0.1074,0.157,0.235,Low
4054-CUMIA,18,0,0.1074,0.157,0.235,Low
4797-MIWUM,7,0,0.1074,0.157,0.235,Low
2208-NQBCT,26,0,0.1074,0.157,0.235,Low
3752-CQSJI,13,0,0.1074,0.1569,0.2349,Low
1222-KJNZD,40,0,0.1074,0.1569,0.2349,Low
8681-ICONS,29,0,0.1073,0.1568,0.2347,Low
6231-WFGFH,4,0,0.1073,0.1568,0.2348,Low
4255-DDUOU,1,1,0.1073,0.1568,0.2348,Low
0643-OKLRP,47,1,0.1072,0.1567,0.2346,Low
4797-AXPXK,1,1,0.1073,0.1567,0.2347,Low
0637-UBJRP,13,1,0.1072,0.1566,0.2345,Low
5337-IIWKZ,34,0,0.1071,0.1565,0.2344,Low
1436-ZMJAN,10,0,0.107,0.1564,0.2342,Low
1732-VHUBQ,47,1,0.1069,0.1562,0.234,Low
9643-YBLUR,9,0,0.1069,0.1562,0.2339,Low
7502-BNYGS,46,0,0.1069,0.1562,0.2339,Low
6982-UQZLY,1,1,0.1068,0.1561,0.2337,Low
6614-VBEGU,24,0,0.1068,0.1561,0.2338,Low
1304-BCCFO,9,0,0.1067,0.156,0.2336,Low
6549-YMFAW,9,0,0.1066,0.1559,0.2334,Low
3071-VBYPO,3,0,0.1066,0.1558,0.2333,Low
4821-SJHJV,32,0,0.1066,0.1558,0.2333,Low
3154-CFSZG,47,0,0.1066,0.1558,0.2333,Low
2675-OTVVJ,31,0,0.1063,0.1553,0.2326,Low
2979-SXESE,17,1,0.1061,0.1552,0.2324,Low
6217-TOWGS,17,0,0.1061,0.1551,0.2323,Low
3733-ZEECP,22,0,0.106,0.1549,0.232,Low
6645-MXQJT,2,0,0.1059,0.1548,0.2319,Low
2233-FAGXV,5,0,0.1059,0.1547,0.2318,Low
2933-FILNV,2,1,0.1058,0.1547,0.2318,Low
3682-YEUWS,10,0,0.1058,0.1547,0.2318,Low
9058-HRZSV,65,0,0.1058,0.1546,0.2316,Low
7853-OETYL,4,0,0.1058,0.1546,0.2316,Low
9373-WSLOY,33,0,0.1058,0.1546,0.2317,Low
6917-IAYHD,1,0,0.1057,0.1546,0.2316,Low
7909-FIOIY,19,0,0.1057,0.1545,0.2314,Low
8815-LMFLX,25,0,0.1055,0.1542,0.2311,Low
1768-HNVGJ,45,0,0.1055,0.1542,0.2311,Low
5730-RIITO,43,0,0.1054,0.1541,0.2309,Low
6286-ZHAOK,20,0,0.1054,0.1541,0.2309,Low
0568-ONFPC,5,1,0.1053,0.154,0.2307,Low
8904-OPDCK,54,0,0.1053,0.1539,0.2306,Low
1845-CSBRZ,22,0,0.1052,0.1538,0.2305,Low
2474-BRUCM,40,1,0.1051,0.1537,0.2303,Low
6839-ITVZJ,26,1,0.1045,0.1529,0.2292,Low
7389-KBFIT,2,0,0.104,0.1521,0.228,Low
3256-EZDBI,51,0,0.1038,0.1519,0.2277,Low
9700-ISPUP,10,0,0.1038,0.1518,0.2276,Low
1373-ORVIZ,11,1,0.1037,0.1516,0.2274,Low
3780-YVMFA,8,0,0.1034,0.1512,0.2268,Low
0516-WJVXC,5,1,0.103,0.1507,0.226,Low
4132-POCZS,52,0,0.103,0.1507,0.2261,Low
5924-IFQTT,13,0,0.1029,0.1505,0.2257,Low
2801-NISEI,24,0,0.1029,0.1505,0.2258,Low
5537-UXXVS,20,0,0.1027,0.1503,0.2255,Low
9708-HPXWZ,5,0,0.1028,0.1503,0.2255,Low
4903-UYAVB,5,1,0.1027,0.1502,0.2254,Low
6878-GGDWG,32,0,0.1027,0.1502,0.2253,Low
3845-JHAMY,16,0,0.1026,0.1501,0.2252,Low
8053-WWDRO,6,1,0.1026,0.1501,0.2252,Low
2061-VVFST,37,0,0.1026,0.1501,0.2252,Low
6036-TTFYU,16,0,0.1026,0.1501,0.2252,Low
5702-SKUOB,4,0,0.1026,0.1501,0.2252,Low
1577-HKTFG,30,1,0.1026,0.15,0.2251,Low
0997-YTLNY,19,0,0.1025,0.15,0.225,Low
4976-LNFVV,19,0,0.1025,0.15,0.2251,Low
1498-DQNRX,29,0,0.1025,0.1499,0.2249,Low
2303-PJYHN,2,0,0.1025,0.1499,0.2249,Low
7017-VFULY,2,0,0.1024,0.1498,0.2247,Low
7808-DVWEP,3,0,0.1024,0.1498,0.2248,Low
4237-CLSMM,2,0,0.1024,0.1498,0.2248,Low
6147-CBCRA,33,0,0.1024,0.1498,0.2248,Low
0641-EVBOJ,3,0,0.1024,0.1498,0.2247,Low
5345-BMKWB,8,0,0.1023,0.1497,0.2246,Low
0851-DFJKB,15,0,0.1023,0.1497,0.2246,Low
7845-URHJN,8,1,0.1023,0.1497,0.2247,Low
4316-XCSLJ,17,0,0.1023,0.1496,0.2245,Low
2792-LSHWX,1,0,0.1023,0.1496,0.2245,Low
7998-ZLXWN,15,0,0.1022,0.1496,0.2244,Low
8739-QOTTN,2,0,0.1023,0.1496,0.2245,Low
1552-TKMXS,42,0,0.1023,0.1496,0.2245,Low
2085-JVGAD,37,0,0.1023,0.1496,0.2245,Low
0536-BGFMZ,28,0,0.1022,0.1495,0.2244,Low
0222-CNVPT,52,0,0.1022,0.1495,0.2243,Low
0423-UDIJQ,9,0,0.1021,0.1494,0.2241,Low
7890-VYYWG,3,1,0.102,0.1493,0.224,Low
2621-UDNLU,3,0,0.1021,0.1493,0.2241,Low
5639-NTUPK,13,0,0.102,0.1492,0.2239,Low
5240-CAOYT,57,0,0.1018,0.149,0.2236,Low
6624-JDRDS,6,0,0.1018,0.149,0.2236,Low
5133-VRSAB,8,0,0.1018,0.149,0.2236,Low
0939-EREMR,13,0,0.1017,0.1489,0.2234,Low
9526-BIHHD,1,1,0.1017,0.1489,0.2234,Low
5999-LCXAO,1,0,0.1017,0.1488,0.2233,Low
6713-OKOMC,10,0,0.1017,0.1488,0.2234,Low
6682-QJDGB,40,1,0.1015,0.1485,0.2229,Low
0292-WEGCH,54,0,0.1014,0.1484,0.2228,Low
3316-UWXUY,50,0,0.1013,0.1482,0.2225,Low
9763-PDTKK,4,1,0.1012,0.1481,0.2223,Low
9842-EFSYY,4,0,0.1012,0.1481,0.2223,Low
6035-BXTTY,32,0,0.1012,0.1481,0.2223,Low
2475-MROZF,30,0,0.1011,0.148,0.2222,Low
1324-NLTJE,15,1,0.1011,0.148,0.2222,Low
9381-NDKME,24,1,0.1011,0.148,0.2221,Low
9714-EDSUC,4,0,0.1011,0.148,0.2222,Low
8547-NSBBO,35,0,0.101,0.1478,0.2219,Low
2506-CLAKW,6,1,0.1009,0.1476,0.2217,Low
4510-PYUSH,38,1,0.1008,0.1476,0.2216,Low
7459-IMVYU,38,0,0.1008,0.1476,0.2216,Low
4315-MURBD,12,1,0.1008,0.1475,0.2215,Low
6142-VSJQO,1,1,0.1007,0.1474,0.2214,Low
7593-JNWRU,6,1,0.1007,0.1474,0.2213,Low
4080-OGPJL,8,1,0.1007,0.1474,0.2213,Low
4712-AUQZO,18,0,0.1007,0.1474,0.2213,Low
1791-PQHBB,2,0,0.1006,0.1473,0.2211,Low
1986-PHGZF,18,0,0.1006,0.1473,0.2212,Low
2186-QZEYA,29,0,0.1006,0.1473,0.2212,Low
6542-LWGXJ,3,0,0.1006,0.1472,0.221,Low
2761-XECQW,8,0,0.1006,0.1472,0.221,Low
2045-BMBTJ,33,0,0.1005,0.1471,0.2209,Low
3086-RUCRN,66,0,0.1004,0.147,0.2208,Low
7089-IVVAZ,8,1,0.1004,0.147,0.2208,Low
3165-HDOEW,1,1,0.1004,0.147,0.2208,Low
6475-VHUIZ,23,0,0.1004,0.147,0.2207,Low
7075-BNDVQ,4,0,0.1004,0.1469,0.2206,Low
0899-WZRSD,56,0,0.1003,0.1468,0.2204,Low
3170-GWYKC,60,0,0.1003,0.1468,0.2205,Low
6591-QGOYB,17,0,0.1002,0.1466,0.2202,Low
2190-BCXEC,40,0,0.1001,0.1466,0.2202,Low
0363-QJVFX,32,1,0.1,0.1465,0.22,Low
4290-BSXUX,3,1,0.1,0.1465,0.22,Low
9853-JFZDU,35,0,0.1,0.1464,0.2199,Low
1216-BGTSP,45,0,0.1,0.1464,0.2199,Low
4329-YPDDQ,20,0,0.1,0.1464,0.22,Low
3671-SHRSP,4,1,0.0999,0.1463,0.2198,Low
2720-FVBQP,6,0,0.0999,0.1463,0.2197,Low
7929-DMBCV,20,0,0.0999,0.1463,0.2197,Low
7361-YPXFS,28,0,0.0998,0.1461,0.2195,Low
4456-RHSNB,19,0,0.0998,0.1461,0.2195,Low
4361-BKAXE,41,1,0.0996,0.1458,0.219,Low
0603-OLQDC,12,0,0.0995,0.1457,0.2189,Low
7621-VPNET,42,0,0.0994,0.1456,0.2187,Low
0734-OXWBT,3,0,0.0994,0.1455,0.2186,Low
7776-QWNFX,30,1,0.0993,0.1454,0.2185,Low
4726-DLWQN,50,0,0.0991,0.1451,0.218,Low
8111-BKVDS,10,0,0.0991,0.1451,0.2181,Low
3082-VQXNH,3,0,0.0991,0.1451,0.2181,Low
3528-HFRIQ,71,0,0.099,0.145,0.2178,Low
8548-AWOFC,66,0,0.099,0.145,0.2179,Low
5886-VLQVU,35,0,0.099,0.145,0.2179,Low
7551-DACSP,6,1,0.0989,0.1448,0.2176,Low
3173-NVMPX,9,0,0.0989,0.1448,0.2176,Low
4324-BZCKL,10,0,0.0988,0.1448,0.2175,Low
6745-JEFZB,35,0,0.0989,0.1448,0.2176,Low
0708-LGSMF,13,0,0.0988,0.1447,0.2174,Low
8824-RWFXJ,3,1,0.0988,0.1446,0.2174,Low
7669-LCRSD,12,0,0.0987,0.1446,0.2173,Low
3976-BWUCK,30,1,0.0986,0.1445,0.2171,Low
2344-JMOGN,9,1,0.0986,0.1444,0.217,Low
2105-PHWON,33,0,0.0986,0.1444,0.217,Low
8659-HDIYE,64,0,0.0986,0.1444,0.217,Low
7011-CVEUC,25,0,0.0985,0.1443,0.2168,Low
2279-AXJJK,52,0,0.0985,0.1443,0.2169,Low
9089-UOWJG,12,0,0.0984,0.1442,0.2167,Low
0319-QZTCO,3,0,0.0984,0.1441,0.2166,Low
1357-MVDOZ,11,0,0.0983,0.1439,0.2163,Low
8033-ATFAS,39,0,0.0982,0.1439,0.2163,Low
3016-KSVCP,29,0,0.0981,0.1437,0.216,Low
2669-OIDSD,48,0,0.0981,0.1437,0.2161,Low
0348-SDKOL,58,1,0.098,0.1435,0.2157,Low
4983-CLMLV,52,0,0.0979,0.1434,0.2156,Low
5118-MUEYH,48,0,0.0977,0.1432,0.2152,Low
9601-BRXPO,25,1,0.0977,0.1432,0.2153,Low
9820-RMCQV,11,1,0.0977,0.1431,0.2151,Low
7599-FKVXZ,42,1,0.0976,0.143,0.2151,Low
8885-QSQBX,1,0,0.0975,0.1428,0.2148,Low
1629-DQQVB,14,0,0.0974,0.1427,0.2146,Low
4011-ARPHK,27,0,0.0974,0.1426,0.2145,Low
1697-BCSHV,58,0,0.0973,0.1426,0.2144,Low
6629-LADHQ,2,0,0.0973,0.1425,0.2143,Low
8695-WDYEA,1,0,0.0972,0.1424,0.2142,Low
7159-FVYPK,3,0,0.097,0.1422,0.2138,Low
2294-DMMUS,62,0,0.0969,0.142,0.2135,Low
1097-FSPVW,42,0,0.0967,0.1417,0.2131,Low
9577-WJVCQ,68,0,0.0967,0.1417,0.2132,Low
0314-TKOSI,6,0,0.0966,0.1416,0.213,Low
4324-AHJKS,5,0,0.0965,0.1414,0.2128,Low
4929-ROART,18,0,0.0965,0.1413,0.2126,Low
5236-XMZJY,42,0,0.096,0.1407,0.2117,Low
4801-JZAZL,11,0,0.0959,0.1405,0.2115,Low
7883-ROJOC,19,0,0.0958,0.1404,0.2113,Low
9448-REEVD,1,1,0.0958,0.1404,0.2113,Low
7554-AKDQF,6,0,0.0957,0.1402,0.211,Low
3566-VVORZ,12,0,0.0956,0.1401,0.2109,Low
2458-EOMRE,11,0,0.0954,0.1398,0.2105,Low
0384-RVBPI,20,0,0.0954,0.1398,0.2104,Low
1852-XEMDW,22,0,0.0953,0.1397,0.2102,Low
4795-WRNVT,40,0,0.0953,0.1397,0.2102,Low
3703-TTEPD,21,0,0.0952,0.1396,0.2101,Low
0872-JCPIB,17,0,0.0952,0.1395,0.21,Low
8735-IJJEG,14,0,0.0949,0.1391,0.2094,Low
7054-ENNGU,9,0,0.0948,0.139,0.2092,Low
5882-CMAZQ,5,0,0.0947,0.1389,0.2091,Low
6890-PFRQX,18,0,0.0947,0.1389,0.2091,Low
7078-NVFAM,32,0,0.0945,0.1386,0.2087,Low
4338-EYCER,21,0,0.0942,0.1382,0.2081,Low
2232-DMLXU,1,1,0.0941,0.138,0.2079,Low
2108-GLPQB,25,0,0.0941,0.138,0.2078,Low
8017-UVSZU,40,0,0.0939,0.1378,0.2075,Low
2446-ZKVAF,18,0,0.0939,0.1377,0.2074,Low
7989-AWGEH,49,0,0.0937,0.1374,0.2069,Low
7246-ZGQDF,1,0,0.0935,0.1371,0.2065,Low
7734-DBOAI,1,1,0.0935,0.1371,0.2065,Low
3387-PLKUI,13,0,0.0934,0.137,0.2064,Low
0620-XEFWH,4,0,0.0934,0.137,0.2064,Low
1431-CYWMH,22,0,0.0933,0.1369,0.2062,Low
1218-VKFPE,12,1,0.0934,0.1369,0.2063,Low
7785-RDVIG,3,0,0.0932,0.1368,0.206,Low
3373-YZZYM,1,0,0.0933,0.1368,0.2061,Low
7168-HDQHG,36,0,0.0933,0.1368,0.2061,Low
2096-XOTMO,16,0,0.0932,0.1367,0.206,Low
0208-BPQEJ,12,0,0.0932,0.1367,0.206,Low
4760-XOHVN,1,1,0.0932,0.1367,0.2059,Low
1257-SXUXQ,5,0,0.0932,0.1367,0.2059,Low
1051-EQPZR,44,0,0.0931,0.1366,0.2058,Low
2466-NEJOJ,8,0,0.0931,0.1366,0.2058,Low
3724-UCSHY,6,0,0.0931,0.1366,0.2058,Low
1465-WCZVT,3,0,0.0931,0.1366,0.2058,Low
4020-KIUDI,6,0,0.093,0.1365,0.2056,Low
0247-SLUJI,1,0,0.0931,0.1365,0.2057,Low
5384-ZTTWP,15,0,0.0931,0.1365,0.2056,Low
3077-RSNTJ,6,0,0.0931,0.1365,0.2057,Low
4881-JVQOD,10,0,0.093,0.1365,0.2056,Low
6164-HXUGH,6,0,0.093,0.1365,0.2056,Low
1552-CZCLL,55,0,0.093,0.1364,0.2055,Low
3530-VWVGU,22,0,0.093,0.1364,0.2056,Low
3506-LCJDC,1,1,0.093,0.1364,0.2055,Low
5515-IDEJJ,1,1,0.093,0.1364,0.2056,Low
9962-BFPDU,1,0,0.093,0.1363,0.2054,Low
2164-SOQXL,20,0,0.093,0.1363,0.2054,Low
6131-IUNXN,19,0,0.0929,0.1363,0.2053,Low
8387-UGUSU,15,0,0.093,0.1363,0.2054,Low
4732-RRJZC,7,0,0.0929,0.1362,0.2053,Low
0519-DRGTI,20,0,0.0928,0.1362,0.2052,Low
0031-PVLZI,4,1,0.0928,0.1362,0.2052,Low
1755-RMCXH,2,0,0.0929,0.1362,0.2052,Low
6773-LQTVT,29,0,0.0928,0.1361,0.2051,Low
9184-GALIL,38,0,0.0928,0.1361,0.2051,Low
6476-EPYZR,12,0,0.0928,0.1361,0.2051,Low
5774-XZTQC,7,0,0.0928,0.1361,0.2051,Low
3803-KMQFW,1,1,0.0928,0.1361,0.205,Low
1038-RQOST,19,0,0.0928,0.1361,0.205,Low
7010-ZMVBF,18,0,0.0928,0.1361,0.2051,Low
3780-DDGSE,35,0,0.0927,0.136,0.2049,Low
4803-LBYPN,34,0,0.0927,0.136,0.2049,Low
3012-VFFMN,7,0,0.0927,0.136,0.205,Low
6016-LVTJQ,34,0,0.0927,0.136,0.205,Low
7219-TLZHO,4,0,0.0927,0.1359,0.2048,Low
4063-EIKNQ,11,0,0.0926,0.1359,0.2047,Low
4895-TMWIR,11,1,0.0927,0.1359,0.2048,Low
1045-LTCYT,8,0,0.0926,0.1358,0.2047,Low
5433-KYGHE,14,0,0.0926,0.1358,0.2047,Low
5916-QEWPT,2,0,0.0924,0.1355,0.2043,Low
5046-NUHWD,29,0,0.0923,0.1354,0.204,Low
0909-SDHNU,7,0,0.0923,0.1354,0.2041,Low
6563-VNPMN,45,0,0.0923,0.1354,0.2041,Low
4741-WWJQZ,2,0,0.092,0.135,0.2035,Low
9644-UMGQA,6,0,0.0919,0.1349,0.2033,Low
8205-MQUGY,12,0,0.0919,0.1348,0.2033,Low
7812-FZHPE,17,1,0.0916,0.1344,0.2026,Low
0668-OGMHD,21,0,0.0916,0.1343,0.2025,Low
5442-BXVND,33,0,0.0915,0.1343,0.2025,Low
2722-JMONI,1,1,0.0915,0.1343,0.2025,Low
3500-RMZLT,15,1,0.0914,0.1341,0.2022,Low
5349-AZPEW,5,0,0.0913,0.1339,0.202,Low
7030-NJVDP,24,0,0.0912,0.1338,0.2018,Low
6791-YBNAK,18,0,0.0911,0.1337,0.2016,Low
9146-JRIOX,14,0,0.0911,0.1337,0.2016,Low
6214-EDAKZ,22,1,0.091,0.1336,0.2014,Low
6509-TSGWN,37,0,0.0909,0.1334,0.2011,Low
5539-HIVAK,28,0,0.0908,0.1332,0.2009,Low
8023-QHAIO,56,0,0.0908,0.1332,0.2009,Low
3197-ARFOY,19,0,0.0907,0.1331,0.2008,Low
2604-IJPDU,20,0,0.0906,0.133,0.2005,Low
7776-QGYJC,39,0,0.0906,0.133,0.2006,Low
5060-TQUQN,30,0,0.0904,0.1328,0.2002,Low
6179-GJPSO,43,1,0.0905,0.1328,0.2003,Low
8495-LJDFO,64,0,0.0904,0.1327,0.2002,Low
9445-ZUEQE,27,0,0.0903,0.1325,0.1999,Low
0013-EXCHZ,3,1,0.0901,0.1323,0.1995,Low
1395-OFUWC,43,0,0.0901,0.1323,0.1995,Low
8901-HJXTF,12,1,0.0901,0.1323,0.1996,Low
4188-FRABG,57,0,0.0901,0.1322,0.1995,Low
9927-DSWDF,22,0,0.09,0.1321,0.1993,Low
1670-SVOWZ,14,1,0.0899,0.132,0.1991,Low
9572-MTILT,59,1,0.0898,0.1319,0.1989,Low
7821-DPRQE,68,0,0.0897,0.1318,0.1988,Low
7683-CBDKJ,14,1,0.0897,0.1317,0.1987,Low
1485-YDHMM,52,0,0.0896,0.1316,0.1985,Low
4154-AQUGT,13,1,0.0896,0.1316,0.1986,Low
0564-MUUQK,20,0,0.0894,0.1313,0.1981,Low
5747-PMBSQ,10,1,0.0893,0.1312,0.198,Low
4194-WHFCB,59,0,0.0893,0.1312,0.1979,Low
5827-MWCZK,56,0,0.0893,0.1311,0.1979,Low
4236-XPXAV,5,1,0.0891,0.1309,0.1975,Low
0089-IIQKO,39,0,0.0891,0.1308,0.1974,Low
3413-DHLPB,60,0,0.0888,0.1304,0.1968,Low
6847-KJLTS,58,0,0.0887,0.1303,0.1967,Low
2632-UCGVD,66,1,0.0888,0.1303,0.1967,Low
5569-OUICF,28,1,0.0887,0.1302,0.1965,Low
4566-GOLUK,47,1,0.0885,0.13,0.1963,Low
1074-AMIOH,53,0,0.0885,0.1299,0.1962,Low
5293-WXJAK,11,1,0.0885,0.1299,0.1961,Low
1453-RZFON,1,0,0.0884,0.1299,0.1961,Low
2947-DOMLJ,1,1,0.0883,0.1297,0.1958,Low
9537-VHDTA,1,0,0.0882,0.1296,0.1957,Low
5649-TJHOV,27,1,0.0881,0.1295,0.1955,Low
8671-KKKOS,46,0,0.088,0.1293,0.1952,Low
7241-AJHFS,32,0,0.088,0.1292,0.1951,Low
9505-SQFSW,3,0,0.0877,0.1289,0.1946,Low
8963-JLGJT,3,0,0.0876,0.1287,0.1943,Low
0822-QGCXA,27,0,0.0875,0.1286,0.1942,Low
7580-UGXNC,2,1,0.0874,0.1284,0.1939,Low
4495-LHSSK,18,0,0.0874,0.1283,0.1938,Low
7963-GQRMY,3,1,0.087,0.1279,0.1932,Low
5921-NGYRH,64,0,0.087,0.1279,0.1932,Low
4608-LCIMN,8,0,0.087,0.1278,0.193,Low
9552-TGUZV,8,0,0.0869,0.1277,0.1929,Low
5619-PTMIK,46,0,0.0869,0.1277,0.1929,Low
9079-LWTFD,47,0,0.0869,0.1277,0.193,Low
3090-LETTY,2,0,0.0869,0.1277,0.193,Low
7521-AFHAB,5,0,0.087,0.1277,0.193,Low
3640-JQGJG,13,0,0.087,0.1277,0.193,Low
7396-VJUZB,4,0,0.0869,0.1276,0.1928,Low
3522-CDKHF,32,0,0.0868,0.1276,0.1928,Low
4647-XXZAM,6,0,0.0868,0.1276,0.1927,Low
7446-YPODE,11,0,0.0867,0.1274,0.1925,Low
2305-MRGLV,28,0,0.0867,0.1274,0.1925,Low
5606-AMZBO,10,0,0.0866,0.1272,0.1922,Low
1552-AAGRX,30,0,0.0865,0.1272,0.1921,Low
2911-UREFD,39,1,0.0865,0.1271,0.1921,Low
4353-HYOJD,27,0,0.0862,0.1266,0.1914,Low
5155-AZQPB,28,0,0.0862,0.1266,0.1913,Low
3097-IDVPU,19,0,0.0861,0.1266,0.1913,Low
1247-QBVSH,43,0,0.0861,0.1266,0.1913,Low
7250-EQKIY,1,1,0.0861,0.1265,0.1912,Low
7595-EHCDL,32,0,0.0861,0.1265,0.1911,Low
7398-LXGYX,44,0,0.086,0.1264,0.191,Low
8868-GAGIO,45,0,0.086,0.1264,0.191,Low
5485-WUYWF,2,1,0.086,0.1264,0.191,Low
2235-ZGKPT,4,1,0.086,0.1264,0.1911,Low
2716-GFZOR,43,0,0.0859,0.1262,0.1907,Low
5201-USSQZ,26,0,0.0859,0.1262,0.1907,Low
7579-OOPEC,2,1,0.0858,0.1261,0.1906,Low
5842-POCOP,5,1,0.0856,0.1259,0.1903,Low
2055-SIFSS,55,0,0.0856,0.1258,0.1902,Low
0058-EVZWM,55,0,0.0856,0.1258,0.1901,Low
3348-CFRNX,28,1,0.0854,0.1255,0.1897,Low
8930-XOTDP,18,0,0.0853,0.1254,0.1896,Low
5002-GCQFH,49,0,0.0853,0.1253,0.1894,Low
5334-JLAXU,60,0,0.0852,0.1253,0.1894,Low
1346-PJWTK,61,0,0.0852,0.1252,0.1893,Low
2267-FPIMA,50,0,0.0852,0.1252,0.1893,Low
6397-JNZZG,43,1,0.0851,0.1251,0.1891,Low
8734-FNWVH,31,0,0.0849,0.1248,0.1886,Low
8049-WJCLQ,10,0,0.0848,0.1247,0.1885,Low
2040-VZIKE,49,0,0.0847,0.1246,0.1883,Low
0257-KXZGU,32,0,0.0845,0.1243,0.188,Low
4423-YLHDV,21,1,0.0845,0.1242,0.1878,Low
3415-TAILE,2,1,0.0842,0.1238,0.1872,Low
7130-YXBRO,48,0,0.084,0.1235,0.1868,Low
1394-SUIUH,44,0,0.0828,0.1217,0.1843,Low
3347-YJZZE,29,0,0.0828,0.1217,0.1843,Low
0320-JDNQG,23,1,0.082,0.1206,0.1825,Low
9137-UIYPG,35,0,0.0815,0.1199,0.1815,Low
0771-WLCLA,16,0,0.0811,0.1193,0.1807,Low
8421-WZOOW,57,0,0.0809,0.119,0.1802,Low
5099-BAILX,43,1,0.0798,0.1175,0.1781,Low
5141-ZUVBH,9,0,0.0794,0.1169,0.1772,Low
5071-FBJFS,4,0,0.0792,0.1166,0.1767,Low
8108-UXRQN,11,0,0.0792,0.1165,0.1767,Low
7619-ODSGN,24,1,0.0786,0.1158,0.1755,Low
3714-JTVOV,42,1,0.0786,0.1158,0.1755,Low
9555-SAHUZ,38,0,0.0787,0.1158,0.1756,Low
9889-TMAHG,8,1,0.0786,0.1158,0.1755,Low
8400-WZICQ,55,0,0.0785,0.1156,0.1753,Low
0257-ZESQC,27,1,0.0785,0.1156,0.1753,Low
3128-YOVTD,51,0,0.0785,0.1155,0.1752,Low
7839-NUIAA,61,0,0.078,0.1149,0.1743,Low
0689-DSXGL,52,0,0.0779,0.1147,0.174,Low
2479-BRAMR,41,1,0.0778,0.1146,0.1738,Low
3865-ZYKAD,69,0,0.0777,0.1145,0.1736,Low
4660-IRIBM,18,0,0.0778,0.1145,0.1737,Low
4248-QPAVC,17,1,0.0777,0.1144,0.1735,Low
5846-QFDFI,33,0,0.0777,0.1144,0.1736,Low
8212-DJRCH,5,0,0.0776,0.1143,0.1733,Low
3703-VAVCL,2,1,0.0776,0.1143,0.1733,Low
5708-EVONK,58,1,0.0774,0.1139,0.1729,Low
5274-XHAKY,41,0,0.0773,0.1139,0.1727,Low
9909-IDLEK,20,0,0.0771,0.1136,0.1723,Low
8749-JMNKX,51,1,0.0771,0.1135,0.1722,Low
5740-YHGTW,70,0,0.0771,0.1135,0.1723,Low
6502-HCJTI,7,1,0.077,0.1134,0.1721,Low
8818-XYFCQ,32,1,0.0769,0.1133,0.172,Low
8123-QBNAZ,36,0,0.0766,0.1129,0.1713,Low
7240-FQLHE,18,1,0.0766,0.1129,0.1713,Low
6353-BRMMA,54,0,0.0766,0.1129,0.1713,Low
6891-JPYFF,48,0,0.0766,0.1128,0.1712,Low
8740-XLHDR,5,1,0.0764,0.1126,0.1709,Low
8706-HRADD,21,0,0.0764,0.1125,0.1708,Low
4139-JPIAM,51,0,0.0762,0.1123,0.1705,Low
2817-NTQDO,13,1,0.0761,0.1121,0.1702,Low
9052-VKDUW,65,0,0.076,0.112,0.1701,Low
9039-RBEEE,39,1,0.0756,0.1114,0.1692,Low
5311-IHLEI,12,0,0.0754,0.1111,0.1686,Low
3620-MWJNE,2,0,0.0749,0.1105,0.1677,Low
7395-XWZOY,20,0,0.0749,0.1104,0.1676,Low
8217-QYOHV,5,0,0.0748,0.1102,0.1674,Low
3842-QTGDL,16,0,0.0745,0.1098,0.1669,Low
2978-XXSOG,22,0,0.0744,0.1097,0.1666,Low
5482-NUPNA,4,1,0.0743,0.1095,0.1663,Low
7707-PYBBH,40,0,0.0741,0.1093,0.166,Low
0719-SYFRB,12,1,0.0742,0.1093,0.1661,Low
4957-TREIR,3,0,0.0739,0.1089,0.1655,Low
8552-OBVRU,48,0,0.0738,0.1088,0.1653,Low
9170-CCKOU,17,1,0.0738,0.1088,0.1654,Low
3717-LNXKW,38,0,0.0737,0.1087,0.1651,Low
9940-HPQPG,9,1,0.0737,0.1087,0.1651,Low
4926-UMJZD,31,0,0.0736,0.1086,0.165,Low
0701-TJSEF,9,0,0.0735,0.1084,0.1647,Low
5366-OBVMR,18,0,0.0735,0.1084,0.1647,Low
7576-JMYWV,46,0,0.0734,0.1083,0.1645,Low
8097-VBQTZ,54,0,0.0734,0.1082,0.1644,Low
5186-EJEGL,9,0,0.0734,0.1082,0.1645,Low
9518-IMLHK,31,0,0.0731,0.1078,0.1639,Low
8591-NXRCV,41,0,0.073,0.1076,0.1635,Low
4701-AHWMW,55,1,0.073,0.1076,0.1636,Low
7055-HNEOJ,3,0,0.0729,0.1074,0.1633,Low
7175-NTIXE,25,0,0.0728,0.1074,0.1632,Low
0584-BJQGZ,25,0,0.0727,0.1071,0.1629,Low
3714-XPXBW,37,0,0.0726,0.1071,0.1628,Low
4747-LCAQL,25,0,0.0726,0.1071,0.1628,Low
6092-QZVPP,36,0,0.0726,0.107,0.1627,Low
8847-GEOOQ,60,0,0.0724,0.1068,0.1623,Low
5173-WXOQV,2,0,0.072,0.1062,0.1615,Low
2257-BOVXD,14,0,0.0718,0.1059,0.161,Low
7036-ZZKBD,31,0,0.0718,0.1059,0.161,Low
5898-IGSLP,31,0,0.0714,0.1053,0.1602,Low
4558-FANTW,17,1,0.0712,0.1051,0.1598,Low
2474-LCNUE,23,0,0.0712,0.105,0.1597,Low
7587-AOVVU,27,0,0.0707,0.1042,0.1586,Low
6661-EIPZC,48,0,0.0697,0.1029,0.1566,Low
1360-RCYRT,23,0,0.0695,0.1026,0.1563,Low
3237-AJGEH,3,1,0.0694,0.1025,0.156,Low
2302-ANTDP,48,1,0.0695,0.1025,0.1561,Low
5287-QWLKY,71,1,0.0692,0.1021,0.1555,Low
0076-LVEPS,29,0,0.0691,0.1019,0.1552,Low
0187-WZNAB,27,0,0.068,0.1005,0.153,Low
7611-YKYTC,22,0,0.068,0.1004,0.1529,Low
7993-NQLJE,15,0,0.068,0.1004,0.1529,Low
0807-ZABDG,3,1,0.0679,0.1002,0.1527,Low
3815-SLMEF,3,1,0.0672,0.0993,0.1513,Low
0156-FVPTA,22,1,0.0671,0.0992,0.1511,Low
9206-GVPEQ,13,1,0.0671,0.0991,0.151,Low
4833-QTJNO,67,0,0.0671,0.0991,0.151,Low
9362-MWODR,40,0,0.067,0.099,0.1508,Low
5630-AHZIL,3,0,0.067,0.0989,0.1507,Low
7742-MYPGI,6,0,0.0668,0.0987,0.1504,Low
4831-EOBFE,29,1,0.0666,0.0984,0.15,Low
2585-KTFRE,1,0,0.0665,0.0982,0.1496,Low
7852-LECYP,13,0,0.0665,0.0982,0.1496,Low
4472-VESGY,52,0,0.0664,0.0981,0.1496,Low
8722-NGNBH,5,1,0.0663,0.098,0.1494,Low
5760-WRAHC,22,0,0.0663,0.0979,0.1492,Low
0265-PSUAE,16,0,0.0663,0.0979,0.1493,Low
4385-ZKVNW,44,0,0.0661,0.0977,0.1489,Low
6351-SCJKT,3,0,0.0662,0.0977,0.149,Low
5448-VWNAM,19,0,0.066,0.0976,0.1487,Low
6921-OZMFH,5,0,0.0661,0.0976,0.1488,Low
7880-XSOJX,4,0,0.066,0.0975,0.1487,Low
1228-FZFRV,50,1,0.066,0.0975,0.1487,Low
1548-ARAGG,4,0,0.0658,0.0972,0.1482,Low
3419-SNJJD,65,1,0.0658,0.0972,0.1482,Low
1794-SWWKL,15,0,0.0657,0.097,0.1479,Low
2144-BFDSO,50,0,0.0656,0.0969,0.1478,Low
2408-PSJVE,44,0,0.0655,0.0967,0.1475,Low
1215-VFYVK,4,0,0.0653,0.0965,0.1471,Low
4080-IIARD,13,0,0.0652,0.0964,0.147,Low
1465-LNTLJ,8,0,0.065,0.0961,0.1465,Low
0820-FNRNX,17,0,0.065,0.0961,0.1466,Low
2189-UXTKY,22,1,0.065,0.096,0.1465,Low
7351-MHQVU,6,0,0.065,0.096,0.1465,Low
1684-FLBGS,23,0,0.0648,0.0958,0.1461,Low
3466-BYAVD,15,0,0.0648,0.0958,0.1461,Low
0870-VEMYL,5,1,0.0647,0.0956,0.1458,Low
5447-VYTKW,27,0,0.0647,0.0956,0.1459,Low
8644-XYTSV,42,0,0.0646,0.0955,0.1457,Low
8467-WYNSR,22,0,0.0646,0.0954,0.1456,Low
0836-SEYLU,9,1,0.0645,0.0954,0.1455,Low
5092-STPKP,24,0,0.0644,0.0952,0.1453,Low
5995-OIGLP,12,1,0.0644,0.0952,0.1452,Low
5154-VEKBL,9,1,0.0642,0.0949,0.1448,Low
9504-DSHWM,20,0,0.0642,0.0948,0.1447,Low
6620-HVDUJ,24,0,0.064,0.0947,0.1445,Low
0447-BEMNG,48,1,0.064,0.0945,0.1443,Low
7143-BQIBA,10,0,0.0639,0.0944,0.1441,Low
4283-IVYCI,9,0,0.0637,0.0941,0.1436,Low
2930-UOTMB,31,1,0.0636,0.0941,0.1436,Low
7797-EJMDP,8,0,0.0636,0.094,0.1434,Low
9097-ZUBYC,14,0,0.0635,0.0939,0.1434,Low
8474-UMLNT,13,0,0.0634,0.0938,0.1431,Low
9774-NRNAU,27,0,0.0635,0.0938,0.1432,Low
2038-YSEZE,29,0,0.0634,0.0938,0.1432,Low
0742-MOABM,4,1,0.0634,0.0937,0.1431,Low
1730-VFMWO,34,0,0.0634,0.0937,0.143,Low
1848-LBZHY,7,0,0.0634,0.0937,0.143,Low
4323-SADQS,7,1,0.0632,0.0935,0.1427,Low
9108-EJFJP,1,0,0.0631,0.0932,0.1423,Low
0282-NVSJS,12,0,0.063,0.0931,0.1422,Low
8498-XXGWA,65,0,0.0629,0.093,0.142,Low
5151-HQRDG,37,0,0.0629,0.093,0.142,Low
1356-MKYSK,6,0,0.0626,0.0926,0.1414,Low
0699-NDKJM,57,0,0.0626,0.0925,0.1412,Low
9069-LGEUL,23,0,0.0624,0.0923,0.141,Low
4002-BQWPQ,25,0,0.0624,0.0923,0.1409,Low
0541-FITGH,2,0,0.0623,0.0921,0.1406,Low
1702-CCFNJ,52,0,0.0623,0.0921,0.1407,Low
9938-EKRGF,15,0,0.0622,0.092,0.1405,Low
3969-JQABI,58,0,0.062,0.0917,0.14,Low
8257-RZAHR,14,1,0.062,0.0917,0.1401,Low
2100-BDNSN,5,1,0.0618,0.0913,0.1395,Low
2616-UUTFK,33,0,0.0614,0.0908,0.1388,Low
8731-WBBMB,26,0,0.0608,0.0899,0.1374,Low
9661-MHUMO,1,1,0.0603,0.0892,0.1363,Low
6022-KOUQO,2,0,0.0602,0.089,0.1361,Low
2533-TIBIX,15,0,0.06,0.0888,0.1357,Low
0128-MKWSG,26,0,0.0594,0.0879,0.1345,Low
3472-OAOOR,19,0,0.0592,0.0877,0.1341,Low
0953-LGOVU,12,0,0.0592,0.0875,0.1339,Low
4431-EDMIQ,7,0,0.0591,0.0875,0.1338,Low
8070-AAWZP,24,0,0.0591,0.0875,0.1338,Low
9074-KGVOX,50,0,0.0586,0.0868,0.1328,Low
8250-ZNGGW,5,0,0.0579,0.0857,0.1311,Low
7672-VFMXZ,57,0,0.0577,0.0855,0.1308,Low
5307-UVGNB,53,0,0.0576,0.0853,0.1305,Low
5207-PLSTK,1,0,0.0576,0.0853,0.1305,Low
2075-RMJIK,5,0,0.0575,0.0852,0.1303,Low
9763-GRSKD,13,0,0.0575,0.0851,0.1302,Low
2959-EEXWB,45,0,0.0574,0.085,0.13,Low
2091-MJTFX,30,1,0.0573,0.0849,0.1299,Low
6483-OATDN,8,0,0.0573,0.0849,0.1299,Low
1169-WCVAK,19,0,0.0571,0.0846,0.1294,Low
9259-PACGQ,34,1,0.0571,0.0846,0.1295,Low
5012-YSPJJ,31,0,0.057,0.0845,0.1293,Low
9554-DFKIC,30,0,0.057,0.0845,0.1293,Low
4190-MFLUW,10,1,0.057,0.0844,0.1291,Low
0285-INHLN,27,0,0.057,0.0844,0.1292,Low
5325-UWTWJ,31,0,0.057,0.0844,0.1292,Low
3948-FVVRP,9,0,0.057,0.0844,0.1292,Low
8976-OQHGT,4,1,0.0569,0.0842,0.1289,Low
7130-CTCUS,16,0,0.0568,0.0842,0.1288,Low
3272-VUHPV,8,0,0.0569,0.0842,0.1289,Low
2270-CHBFN,44,0,0.0568,0.0841,0.1287,Low
3737-GCSPV,11,1,0.0567,0.084,0.1286,Low
6207-WIOLX,25,1,0.0567,0.0839,0.1285,Low
5832-EXGTT,29,0,0.0566,0.0838,0.1282,Low
4504-YOULA,35,0,0.0566,0.0838,0.1284,Low
5949-EBSQK,4,1,0.0564,0.0836,0.128,Low
2195-VVRJF,18,0,0.0564,0.0836,0.128,Low
3307-TLCUD,17,0,0.0564,0.0836,0.1279,Low
1976-AZZPJ,7,0,0.0564,0.0836,0.128,Low
4418-LZMSV,13,0,0.0564,0.0836,0.1279,Low
6366-XIVKZ,13,0,0.0563,0.0834,0.1277,Low
7691-KGKGP,53,0,0.0562,0.0832,0.1274,Low
0774-IFUVM,11,0,0.0562,0.0832,0.1274,Low
2522-AHJXR,60,0,0.0561,0.0831,0.1272,Low
0237-YFUTL,50,0,0.0561,0.0831,0.1272,Low
3179-GBRWV,21,0,0.056,0.0829,0.127,Low
7520-HQWJU,66,0,0.056,0.0829,0.127,Low
9158-VCTQB,41,1,0.0559,0.0828,0.1268,Low
3537-RYBHH,47,0,0.0558,0.0827,0.1266,Low
8401-EMUWF,42,0,0.0559,0.0827,0.1267,Low
1352-VHKAJ,27,0,0.0557,0.0825,0.1264,Low
1530-ZTDOZ,49,0,0.0556,0.0824,0.1262,Low
1163-ONYEY,41,0,0.0555,0.0822,0.126,Low
6476-YHMGA,15,0,0.0554,0.082,0.1257,Low
8198-RKSZG,14,0,0.0551,0.0817,0.1252,Low
5542-DHSXL,4,0,0.0542,0.0803,0.1231,Low
9931-KGHOA,46,0,0.0542,0.0803,0.1231,Low
2043-WVTQJ,1,0,0.0541,0.0802,0.1229,Low
8221-EQDGL,35,0,0.0537,0.0796,0.122,Low
7964-YESJC,24,0,0.0533,0.079,0.1212,Low
3099-OONVS,25,0,0.0524,0.0777,0.1192,Low
9143-CANJF,24,0,0.0523,0.0776,0.119,Low
7803-XOCCZ,52,0,0.052,0.0771,0.1182,Low
0744-GKNGE,64,0,0.0518,0.0769,0.1179,Low
4592-IWTJI,3,1,0.0517,0.0767,0.1177,Low
0032-PGELS,1,1,0.0516,0.0766,0.1174,Low
2826-DXLQO,7,0,0.0515,0.0764,0.1173,Low
7905-NJMXS,7,0,0.0515,0.0763,0.1171,Low
1810-MVMAI,30,0,0.0514,0.0763,0.117,Low
9057-MSWCO,27,1,0.0514,0.0762,0.117,Low
7789-CRUVC,61,0,0.0513,0.076,0.1167,Low
2683-JXWQQ,61,0,0.0512,0.0759,0.1165,Low
9822-BIIGN,53,0,0.0512,0.0759,0.1164,Low
4489-SNOJF,35,1,0.0511,0.0758,0.1164,Low
8741-LQOBK,46,0,0.051,0.0757,0.1161,Low
8840-DQLGN,35,1,0.051,0.0756,0.1161,Low
3096-JRDSO,27,1,0.0508,0.0754,0.1157,Low
1061-PNTHC,56,0,0.0508,0.0753,0.1156,Low
1421-HCERK,30,0,0.0508,0.0753,0.1156,Low
2931-SVLTV,40,0,0.0508,0.0753,0.1156,Low
3694-DELSO,4,0,0.0506,0.0751,0.1152,Low
0177-PXBAT,33,0,0.0506,0.0751,0.1152,Low
9481-IEBZY,72,0,0.0505,0.0749,0.1149,Low
7989-VCQOH,18,0,0.0505,0.0749,0.115,Low
6473-ULUHT,16,0,0.0504,0.0748,0.1148,Low
0117-LFRMW,37,1,0.0504,0.0748,0.1148,Low
1492-QGCLU,53,0,0.0504,0.0747,0.1147,Low
2778-OCLGR,24,1,0.0504,0.0747,0.1147,Low
4685-ERGHK,57,0,0.05,0.0742,0.1139,Low
3428-MMGUB,60,0,0.0499,0.074,0.1136,Low
1370-GGAWX,46,0,0.0497,0.0737,0.1131,Low
1871-MOWRM,12,1,0.0496,0.0736,0.113,Low
1447-PJGGA,57,1,0.0496,0.0736,0.113,Low
7188-CBBBA,65,0,0.0496,0.0736,0.113,Low
3009-JWMPU,62,1,0.0495,0.0735,0.1129,Low
4072-IPYLT,36,0,0.0494,0.0733,0.1126,Low
3070-BDOQC,60,0,0.0494,0.0733,0.1126,Low
6497-TILVL,7,0,0.0494,0.0733,0.1126,Low
1452-XRSJV,39,0,0.0494,0.0733,0.1126,Low
9496-IVVRP,11,0,0.0494,0.0733,0.1126,Low
2014-MKGMH,46,0,0.0494,0.0732,0.1125,Low
4488-KQFDT,61,0,0.0492,0.0731,0.1122,Low
6749-UTDVX,72,0,0.0493,0.0731,0.1122,Low
7774-OJSXI,31,1,0.0493,0.0731,0.1123,Low
7975-TZMLR,47,0,0.0493,0.0731,0.1123,Low
6680-NENYN,43,1,0.0492,0.073,0.1121,Low
7203-OYKCT,72,0,0.0492,0.073,0.1121,Low
6752-APNJL,42,0,0.0491,0.0729,0.1119,Low
5035-PGZXH,56,0,0.0491,0.0729,0.1119,Low
5590-ZSKRV,8,0,0.0491,0.0729,0.1119,Low
5876-HZVZM,6,1,0.049,0.0727,0.1117,Low
8450-JOVAH,2,1,0.049,0.0726,0.1116,Low
6234-PFPXL,22,0,0.0489,0.0725,0.1114,Low
0274-JKUJR,7,0,0.0488,0.0724,0.1112,Low
0487-RPVUM,61,0,0.0487,0.0723,0.111,Low
2150-UWTFY,22,1,0.0486,0.0722,0.1109,Low
9489-UTFKA,8,0,0.0485,0.0719,0.1105,Low
3701-SFMUH,7,0,0.0481,0.0714,0.1097,Low
3059-NGMXB,14,0,0.0481,0.0714,0.1097,Low
1697-NVVGY,19,0,0.0481,0.0714,0.1097,Low
7088-FBAWU,17,0,0.0478,0.071,0.1091,Low
4184-TJFAN,3,1,0.0467,0.0693,0.1066,Low
5180-UCIIQ,22,1,0.0455,0.0676,0.104,Low
4628-WQCQQ,35,1,0.0454,0.0674,0.1037,Low
2382-BCKQJ,62,1,0.0447,0.0664,0.1022,Low
7299-GNVPL,23,0,0.0447,0.0664,0.1023,Low
7064-FRRSW,48,0,0.0446,0.0663,0.102,Low
0380-NEAVX,34,0,0.0446,0.0662,0.1019,Low
3349-ANQNH,59,0,0.0446,0.0662,0.1019,Low
0727-BMPLR,55,1,0.0446,0.0662,0.1019,Low
3162-KKZXO,55,0,0.0446,0.0662,0.1019,Low
2172-EJXVF,71,0,0.0443,0.0659,0.1014,Low
5176-LDKUH,48,0,0.0436,0.0648,0.0997,Low
2402-TAIRZ,37,0,0.0434,0.0644,0.0992,Low
3707-LRWZD,32,1,0.0432,0.0642,0.0988,Low
9128-CPXKI,59,0,0.0427,0.0634,0.0977,Low
8272-ONJLV,12,0,0.0427,0.0634,0.0977,Low
9402-CXWPL,70,0,0.0426,0.0633,0.0974,Low
7272-QDCKA,28,0,0.0425,0.0632,0.0973,Low
2001-EWBQU,60,0,0.0424,0.063,0.097,Low
0678-RLHVP,53,0,0.0423,0.0629,0.0969,Low
3621-CHYVB,57,0,0.0421,0.0626,0.0965,Low
8735-DCXNF,10,0,0.0418,0.0621,0.0957,Low
2202-OUTMO,34,0,0.0414,0.0616,0.0949,Low
9351-LZYGF,42,0,0.0411,0.0611,0.0942,Low
6439-LAJXL,9,0,0.041,0.0609,0.0939,Low
8851-RAGOV,25,0,0.0409,0.0608,0.0936,Low
9522-ZSINC,13,0,0.0398,0.0592,0.0913,Low
6202-JVYEU,9,0,0.0398,0.0592,0.0913,Low
5995-WWKKG,37,0,0.0398,0.0592,0.0913,Low
3705-PSNGL,45,1,0.0397,0.0591,0.0911,Low
9798-OPFEM,46,0,0.0396,0.0589,0.0908,Low
8461-EFQYM,38,0,0.0391,0.0582,0.0898,Low
2957-JIRMN,62,0,0.0389,0.0579,0.0893,Low
5084-OOVCJ,17,0,0.0378,0.0562,0.0868,Low
0377-JBKKT,22,0,0.0376,0.056,0.0865,Low
1153-GNOLC,33,0,0.0376,0.0559,0.0863,Low
7233-IOQNP,43,0,0.0375,0.0557,0.0861,Low
4905-JEFDW,11,1,0.0374,0.0556,0.0858,Low
3594-KADLU,3,0,0.0374,0.0556,0.0858,Low
3402-XRIUO,22,0,0.0372,0.0554,0.0855,Low
7217-JYHOQ,24,0,0.037,0.0551,0.0851,Low
7136-IHZJA,40,0,0.037,0.055,0.0849,Low
1410-RSCMR,7,0,0.037,0.055,0.0849,Low
6575-SUVOI,25,0,0.0369,0.0549,0.0848,Low
6281-FKEWS,44,0,0.0368,0.0548,0.0847,Low
3606-SBKRY,31,0,0.0368,0.0547,0.0845,Low
8190-ZTQFB,41,0,0.0367,0.0546,0.0843,Low
1036-GUDCL,60,0,0.0366,0.0545,0.0842,Low
6303-KFWSL,29,0,0.0365,0.0543,0.0838,Low
3397-AVTKU,43,0,0.0362,0.0539,0.0832,Low
7470-DYNOE,53,0,0.0361,0.0538,0.0831,Low
9314-QDMDW,11,0,0.0361,0.0538,0.0831,Low
4104-PVRPS,24,0,0.036,0.0536,0.0828,Low
1202-KKGFU,12,0,0.036,0.0536,0.0827,Low
2988-PLAHS,3,0,0.0357,0.0532,0.0822,Low
4134-BSXLX,28,0,0.0356,0.053,0.0819,Low
6171-ZTVYB,43,0,0.0354,0.0526,0.0813,Low
0057-QBUQH,43,0,0.0353,0.0526,0.0812,Low
2200-DSAAL,68,0,0.0353,0.0525,0.0812,Low
0440-MOGPM,41,0,0.0353,0.0525,0.0812,Low
4646-QZXTF,7,0,0.0347,0.0517,0.0799,Low
4163-HFTUK,51,0,0.0343,0.0511,0.0791,Low
7311-MQJCH,5,0,0.0343,0.0511,0.0789,Low
0956-SYCWG,13,0,0.0343,0.051,0.0789,Low
5310-NOOVA,46,0,0.0342,0.051,0.0788,Low
5777-ZPQNC,12,0,0.0342,0.0509,0.0787,Low
0052-YNYOT,67,0,0.0341,0.0508,0.0786,Low
8259-NFJTV,7,0,0.0338,0.0504,0.0779,Low
4139-SUGLD,31,1,0.0338,0.0503,0.0778,Low
7356-AYNJP,4,0,0.0337,0.0502,0.0776,Low
5789-LDFXO,24,0,0.0336,0.0501,0.0774,Low
5075-JSDKI,59,0,0.0336,0.0501,0.0775,Low
5406-KGRMX,71,0,0.0336,0.0501,0.0774,Low
1839-UMACK,42,0,0.0336,0.05,0.0773,Low
4597-ELFTS,56,1,0.0336,0.05,0.0774,Low
6674-KVJHG,11,0,0.0335,0.05,0.0773,Low
9754-CLVZW,26,0,0.0335,0.0499,0.0772,Low
7136-RVDTZ,70,1,0.0334,0.0498,0.077,Low
7666-WKRON,39,1,0.0334,0.0497,0.0769,Low
3709-OIJEA,26,0,0.0332,0.0495,0.0765,Low
7025-IWFHT,41,0,0.033,0.0492,0.0762,Low
6008-NAIXK,54,0,0.0329,0.049,0.0757,Low
0080-OROZO,35,0,0.0328,0.0488,0.0755,Low
7486-KSRVI,43,1,0.0327,0.0488,0.0754,Low
9821-BESNZ,66,0,0.0326,0.0486,0.0752,Low
3685-YLCMQ,58,1,0.0326,0.0486,0.0751,Low
3932-CMDTD,4,1,0.0326,0.0485,0.0751,Low
6804-GDMOI,61,1,0.0325,0.0485,0.075,Low
6103-QCKFX,44,0,0.0325,0.0484,0.0748,Low
7245-JMTTQ,51,0,0.0324,0.0483,0.0747,Low
0835-JKADZ,71,0,0.0324,0.0483,0.0748,Low
6502-KUGLL,14,0,0.0323,0.0481,0.0745,Low
6322-HRPFA,49,0,0.0323,0.0481,0.0744,Low
5061-PBXFW,32,0,0.0322,0.048,0.0743,Low
9782-LGXMC,49,0,0.0322,0.048,0.0742,Low
4765-OXPPD,9,1,0.032,0.0478,0.0739,Low
4710-NKCAW,5,0,0.0321,0.0478,0.074,Low
5018-LXQQG,30,0,0.032,0.0477,0.0738,Low
4981-FLTMF,57,0,0.032,0.0477,0.0739,Low
5393-HJZSM,32,0,0.0316,0.0471,0.0729,Low
9565-JSNFM,38,1,0.0316,0.0471,0.0729,Low
6537-OTKMY,15,0,0.0316,0.0471,0.0729,Low
6599-GZWCM,13,0,0.0315,0.0469,0.0726,Low
4277-UDIEF,24,0,0.0314,0.0469,0.0725,Low
9170-GYZJC,41,1,0.0315,0.0469,0.0726,Low
6202-DYYFX,22,0,0.0314,0.0468,0.0725,Low
7925-PNRGI,45,0,0.0314,0.0468,0.0725,Low
0233-FTHAV,60,0,0.0313,0.0467,0.0722,Low
8231-BSWXX,71,0,0.0313,0.0467,0.0722,Low
6784-XYJAE,36,0,0.0313,0.0467,0.0723,Low
5343-SGUBI,52,0,0.0313,0.0466,0.0721,Low
6296-DDOOR,19,0,0.0312,0.0465,0.072,Low
4274-DRSQT,66,0,0.031,0.0462,0.0715,Low
2432-TFSMK,18,0,0.031,0.0462,0.0715,Low
1024-KPRBB,38,0,0.031,0.0462,0.0715,Low
6900-RBKER,52,0,0.031,0.0462,0.0715,Low
9391-YZEJW,62,0,0.0308,0.046,0.0712,Low
0956-ACVZC,54,0,0.0308,0.046,0.0712,Low
9644-KVCNC,66,0,0.0309,0.046,0.0713,Low
9979-RGMZT,7,0,0.0308,0.046,0.0712,Low
2379-GYFLQ,46,0,0.0308,0.0459,0.0711,Low
1732-FEKLD,54,0,0.0308,0.0459,0.0711,Low
6874-SGLHU,30,0,0.0308,0.0458,0.071,Low
6035-RIIOM,54,0,0.0307,0.0458,0.071,Low
9518-RWHZL,64,1,0.0307,0.0457,0.0708,Low
8982-NHAVY,27,0,0.0307,0.0457,0.0708,Low
9848-JQJTX,72,0,0.0306,0.0457,0.0707,Low
5447-WZAFP,53,0,0.0307,0.0457,0.0708,Low
0520-FDVVT,35,1,0.0306,0.0456,0.0706,Low
2325-WINES,32,0,0.0306,0.0456,0.0705,Low
2239-JALAW,58,1,0.0306,0.0456,0.0706,Low
2324-EFHVG,64,0,0.0306,0.0456,0.0705,Low
1899-VXWXM,48,1,0.0305,0.0455,0.0704,Low
4480-MBMLB,36,0,0.0305,0.0455,0.0705,Low
5193-QLVZB,63,0,0.0305,0.0455,0.0705,Low
6583-SZVGP,48,0,0.0305,0.0454,0.0703,Low
4129-LYCOI,67,0,0.0295,0.044,0.0682,Low
7572-KPVKK,62,0,0.0295,0.044,0.0682,Low
0479-HMSWA,26,0,0.0295,0.044,0.0681,Low
0723-VSOBE,45,0,0.0295,0.0439,0.068,Low
8651-ENBZX,60,1,0.0294,0.0438,0.0678,Low
4119-ZYPZY,71,0,0.0293,0.0437,0.0678,Low
8152-UOBNY,50,0,0.0293,0.0437,0.0678,Low
6664-FPDAC,56,1,0.0292,0.0436,0.0675,Low
9738-QLWTP,39,0,0.0286,0.0427,0.0662,Low
5686-CMAWK,17,0,0.0285,0.0425,0.0659,Low
0516-UXRMT,62,0,0.0283,0.0423,0.0655,Low
8945-MUQUF,51,1,0.0283,0.0422,0.0654,Low
2972-YDYUW,57,0,0.0283,0.0422,0.0654,Low
9845-PEEKO,59,0,0.0282,0.0421,0.0652,Low
0549-CYCQN,51,0,0.0282,0.0421,0.0652,Low
0959-WHOKV,42,0,0.0282,0.042,0.0651,Low
3587-PMCOY,10,0,0.0282,0.042,0.0651,Low
1116-DXXDF,39,0,0.0281,0.042,0.065,Low
0853-NWIFK,45,0,0.0281,0.042,0.0651,Low
6807-SIWJI,38,0,0.028,0.0418,0.0648,Low
4393-RYCRE,44,0,0.028,0.0418,0.0647,Low
1502-XFCVR,58,1,0.028,0.0418,0.0647,Low
7036-TYDEC,69,0,0.028,0.0418,0.0648,Low
8627-ZYGSZ,47,0,0.028,0.0417,0.0647,Low
2000-MPKCA,58,0,0.028,0.0417,0.0647,Low
2001-MCUUW,46,0,0.0279,0.0417,0.0646,Low
4250-ZBWLV,68,1,0.0279,0.0417,0.0646,Low
4016-BJKTZ,25,0,0.0279,0.0417,0.0646,Low
1698-XFZCI,61,0,0.028,0.0417,0.0647,Low
1707-HABPF,46,0,0.0279,0.0416,0.0644,Low
4869-EPIUS,56,0,0.0279,0.0416,0.0646,Low
4908-XAXAY,49,0,0.0279,0.0416,0.0645,Low
7921-LMDFQ,51,0,0.0278,0.0415,0.0643,Low
9233-PSYHO,45,0,0.0276,0.0412,0.0639,Low
0481-SUMCB,45,0,0.0276,0.0412,0.0638,Low
5716-LIBJC,13,0,0.0276,0.0412,0.0639,Low
6270-OMFIW,60,1,0.0275,0.0411,0.0637,Low
5443-SCMKX,58,0,0.0275,0.0411,0.0637,Low
6322-PJJDJ,49,0,0.0275,0.0411,0.0637,Low
7159-NOKYQ,67,0,0.0276,0.0411,0.0638,Low
4612-THJBS,56,1,0.0275,0.0411,0.0637,Low
1855-AGAWH,31,0,0.0276,0.0411,0.0637,Low
2927-QRRQV,46,0,0.0275,0.0411,0.0637,Low
6821-JPCDC,48,0,0.0275,0.041,0.0635,Low
2037-XJFUP,33,1,0.0275,0.041,0.0636,Low
0326-VDYXE,70,0,0.0275,0.041,0.0635,Low
6728-VOIFY,63,0,0.0275,0.041,0.0636,Low
1304-SEGFY,72,0,0.0275,0.041,0.0635,Low
0422-UXFAP,51,0,0.0274,0.0409,0.0634,Low
0665-XHDJU,72,0,0.0274,0.0409,0.0634,Low
1357-BIJKI,50,0,0.0274,0.0409,0.0635,Low
2929-QNSRW,56,1,0.0274,0.0409,0.0635,Low
1335-HQMKX,72,0,0.0274,0.0408,0.0633,Low
2623-DRYAM,70,0,0.0274,0.0408,0.0633,Low
2886-KEFUM,63,1,0.0272,0.0406,0.063,Low
9040-KZVWO,26,0,0.027,0.0403,0.0625,Low
9762-YAQAA,39,0,0.0268,0.0401,0.0621,Low
6869-FGJJC,68,0,0.0269,0.0401,0.0622,Low
1142-IHLOO,51,0,0.0267,0.0398,0.0617,Low
7820-ZYGNY,63,0,0.0266,0.0397,0.0616,Low
5649-VUKMC,12,1,0.0265,0.0395,0.0613,Low
8597-CWYHH,43,0,0.0265,0.0395,0.0613,Low
4159-NAAIX,63,0,0.0264,0.0394,0.0612,Low
2748-MYRVK,63,1,0.0264,0.0393,0.061,Low
3197-NNYNB,65,0,0.0262,0.0392,0.0608,Low
4097-YODCF,34,0,0.0254,0.0379,0.0588,Low
8979-CAMGB,64,0,0.0253,0.0378,0.0586,Low
1625-JAIIY,68,1,0.0252,0.0376,0.0584,Low
5981-ZVXOT,35,0,0.0252,0.0376,0.0583,Low
2469-DTSGX,72,0,0.0251,0.0375,0.0582,Low
4851-BQDNX,40,0,0.0251,0.0375,0.0582,Low
0691-IFBQW,46,1,0.0251,0.0375,0.0583,Low
5968-XQIVE,72,0,0.025,0.0374,0.058,Low
9419-IPPBE,51,0,0.025,0.0373,0.0579,Low
4607-CHPCA,25,1,0.025,0.0373,0.0579,Low
4184-VODJZ,63,0,0.025,0.0373,0.0579,Low
2252-ISRNH,9,0,0.025,0.0373,0.0579,Low
1644-IRKSF,33,1,0.0249,0.0372,0.0577,Low
8961-QDZZJ,57,0,0.0249,0.0372,0.0577,Low
5198-EFNBM,57,0,0.0249,0.0372,0.0577,Low
6486-LHTMA,31,0,0.0249,0.0372,0.0577,Low
5312-IRCFR,64,0,0.0249,0.0372,0.0578,Low
1470-PSXNM,49,0,0.0249,0.0372,0.0578,Low
4937-QPZPO,61,0,0.0248,0.037,0.0574,Low
0827-ITJPH,36,0,0.0248,0.037,0.0575,Low
9617-UDPEU,22,0,0.0247,0.0369,0.0573,Low
9498-FIMXL,8,0,0.0247,0.0369,0.0573,Low
4893-GYUJU,50,0,0.0247,0.0369,0.0573,Low
0428-AXXLJ,25,0,0.0247,0.0369,0.0572,Low
3970-XGJDU,62,0,0.0247,0.0369,0.0573,Low
1985-MBRYP,43,0,0.0247,0.0369,0.0572,Low
3178-CIFOT,23,0,0.0247,0.0369,0.0572,Low
6016-NXBNJ,35,0,0.0247,0.0369,0.0573,Low
9531-NSBMR,36,0,0.0247,0.0369,0.0573,Low
7941-RCJOW,65,0,0.0247,0.0369,0.0572,Low
0042-JVWOJ,26,0,0.0247,0.0369,0.0572,Low
3308-DGHKL,69,0,0.0247,0.0369,0.0573,Low
4425-OWHWB,20,0,0.0247,0.0369,0.0573,Low
0164-XAIRP,24,0,0.0247,0.0369,0.0572,Low
2277-BKJKN,71,0,0.0247,0.0369,0.0573,Low
6729-FZWSY,67,0,0.0247,0.0369,0.0572,Low
1179-INLAT,3,0,0.0247,0.0369,0.0572,Low
3721-WKIIL,27,0,0.0247,0.0369,0.0572,Low
8573-JGCZW,17,0,0.0247,0.0369,0.0572,Low
4299-OPXEJ,56,0,0.0247,0.0369,0.0572,Low
8809-RIHDD,72,1,0.0247,0.0369,0.0573,Low
9500-WBGRP,69,0,0.0247,0.0369,0.0573,Low
1231-YNDEK,58,0,0.0247,0.0369,0.0573,Low
0575-CUQOV,60,0,0.0247,0.0369,0.0573,Low
8717-VCTXJ,42,0,0.0247,0.0369,0.0572,Low
5961-VUSRV,12,0,0.0247,0.0369,0.0573,Low
4815-TUMEQ,10,0,0.0247,0.0369,0.0573,Low
7596-IIWYC,27,0,0.0246,0.0368,0.0571,Low
2926-JEJJC,8,0,0.0246,0.0368,0.0571,Low
7606-BPHHN,72,0,0.0247,0.0368,0.0572,Low
5495-GPSRW,20,0,0.0247,0.0368,0.0572,Low
3973-SKMLN,71,0,0.0247,0.0368,0.0571,Low
7167-PCEYD,67,0,0.0247,0.0368,0.0572,Low
2387-KDZQY,17,0,0.0246,0.0368,0.0571,Low
7297-DVYGA,51,0,0.0247,0.0368,0.0572,Low
5174-ITUMV,67,0,0.0247,0.0368,0.0572,Low
1964-SVLEA,20,0,0.0247,0.0368,0.0572,Low
5469-NUJUR,19,0,0.0246,0.0368,0.0571,Low
9588-YRFHY,49,0,0.0247,0.0368,0.0571,Low
5546-QUERU,13,0,0.0246,0.0368,0.0571,Low
3635-QQRQD,62,0,0.0246,0.0368,0.0571,Low
5231-FIQPA,41,0,0.0247,0.0368,0.0572,Low
6050-IJRHS,70,0,0.0246,0.0368,0.0571,Low
7815-PDTHL,35,0,0.0246,0.0368,0.0571,Low
6746-WAUWT,19,0,0.0247,0.0368,0.0572,Low
9912-OMZDS,59,0,0.0247,0.0368,0.0571,Low
2829-HYVZP,29,0,0.0247,0.0368,0.0572,Low
1955-IBMMB,59,0,0.0246,0.0368,0.0571,Low
3567-PQTSO,53,0,0.0247,0.0368,0.0572,Low
8510-BBWMU,41,0,0.0247,0.0368,0.0572,Low
8631-XVRZL,9,0,0.0246,0.0368,0.0571,Low
4318-RAJVY,10,0,0.0247,0.0368,0.0572,Low
6837-HAEVO,69,0,0.0247,0.0368,0.0572,Low
0301-KOBTQ,32,0,0.0246,0.0368,0.0571,Low
4378-BZYFP,17,0,0.0246,0.0367,0.057,Low
5176-LMJXE,47,0,0.0246,0.0367,0.057,Low
9534-NSXEM,26,0,0.0246,0.0367,0.057,Low
3692-JHONH,52,0,0.0246,0.0367,0.0569,Low
0100-DUVFC,70,0,0.0246,0.0367,0.057,Low
3458-IDMFK,25,0,0.0246,0.0367,0.0569,Low
8838-GPHZP,63,0,0.0246,0.0367,0.057,Low
7067-KSAZT,65,1,0.0246,0.0367,0.0569,Low
9174-IHETN,50,0,0.0246,0.0367,0.057,Low
8908-SLFCJ,21,0,0.0246,0.0367,0.0569,Low
8544-JNBOX,72,0,0.0246,0.0367,0.0569,Low
3662-FXJFO,54,0,0.0246,0.0367,0.057,Low
6223-DHJGV,42,0,0.0246,0.0367,0.057,Low
6646-QVXLR,62,1,0.0246,0.0367,0.057,Low
1790-NESIO,13,0,0.0246,0.0367,0.057,Low
2519-LBNQL,60,0,0.0246,0.0367,0.057,Low
1930-BZLHI,21,0,0.0246,0.0367,0.057,Low
5542-NKVRU,42,0,0.0246,0.0367,0.0569,Low
3982-JGSFD,36,0,0.0246,0.0367,0.057,Low
7205-BAIAD,40,0,0.0246,0.0367,0.057,Low
2569-WGERO,72,0,0.0245,0.0366,0.0569,Low
0750-EBAIU,52,0,0.0244,0.0364,0.0565,Low
5356-KZCKT,58,0,0.0242,0.0362,0.0562,Low
9795-VOWON,7,0,0.0242,0.0362,0.0562,Low
9361-YNQWJ,64,0,0.0242,0.0362,0.0562,Low
5313-FPXWG,51,0,0.0242,0.0362,0.0561,Low
2560-WBWXF,68,0,0.0243,0.0362,0.0562,Low
4526-EXKKN,40,0,0.0242,0.0362,0.0561,Low
7996-MHXLW,66,0,0.0242,0.0361,0.056,Low
9661-JALZV,58,0,0.0242,0.0361,0.0561,Low
1022-RKXDR,41,0,0.0242,0.0361,0.0561,Low
5995-LFTLE,58,0,0.0242,0.0361,0.056,Low
5666-MBJPT,65,0,0.0242,0.0361,0.056,Low
9350-ZXYJC,4,0,0.0242,0.0361,0.056,Low
4403-BWPAY,14,0,0.0242,0.0361,0.0561,Low
3417-TSCIC,29,0,0.0242,0.0361,0.0561,Low
1240-HCBOH,67,0,0.0241,0.036,0.0559,Low
4521-WFJAI,56,0,0.0241,0.036,0.0559,Low
2252-JHJGE,61,0,0.0241,0.036,0.0559,Low
4335-BSMJS,62,0,0.0241,0.036,0.0559,Low
8441-SHIPE,67,0,0.0241,0.036,0.0559,Low
7799-LGRDP,43,0,0.0241,0.036,0.0559,Low
9391-DXGGG,44,0,0.024,0.0358,0.0556,Low
2896-TBNBE,40,0,0.024,0.0358,0.0556,Low
1699-HPSBG,12,1,0.0239,0.0357,0.0555,Low
3313-QKNKB,59,1,0.0239,0.0356,0.0554,Low
4187-CINZD,46,1,0.0239,0.0356,0.0553,Low
4713-ZBURT,45,0,0.0238,0.0356,0.0553,Low
7753-USQYQ,55,0,0.0238,0.0355,0.0552,Low
9494-BDNNC,66,0,0.0236,0.0353,0.0548,Low
8089-UZWLX,71,0,0.0237,0.0353,0.0549,Low
1921-KYSAY,41,0,0.0236,0.0353,0.0548,Low
1840-BIUOG,20,0,0.0236,0.0353,0.0548,Low
0786-IVLAW,66,0,0.0236,0.0352,0.0547,Low
2019-HDCZY,63,0,0.0235,0.0351,0.0545,Low
4115-UMJFQ,69,0,0.0234,0.035,0.0544,Low
7694-VLBWQ,67,1,0.0235,0.035,0.0544,Low
3635-JBPSG,15,0,0.0233,0.0348,0.054,Low
3249-VHRIP,62,0,0.023,0.0344,0.0535,Low
8205-OTCHB,22,1,0.023,0.0344,0.0535,Low
4081-DYXAV,19,1,0.023,0.0343,0.0533,Low
5777-KJIRB,40,0,0.0228,0.034,0.0528,Low
4189-NAKJS,26,0,0.0227,0.0339,0.0527,Low
6994-ORCWG,14,0,0.0226,0.0338,0.0525,Low
8627-EHGIP,44,1,0.0226,0.0338,0.0525,Low
6933-FHBZC,26,0,0.0225,0.0337,0.0523,Low
2746-DIJLO,41,0,0.0225,0.0337,0.0523,Low
9060-HJJRW,51,0,0.0225,0.0337,0.0523,Low
1898-JSNDC,39,0,0.0225,0.0336,0.0521,Low
7826-VVKWT,24,0,0.0224,0.0335,0.052,Low
6217-KDYWC,57,0,0.0223,0.0334,0.0518,Low
8788-DOXSU,59,0,0.0224,0.0334,0.0519,Low
1915-OAKWD,16,0,0.0224,0.0334,0.0519,Low
5893-KCLGT,72,0,0.0223,0.0333,0.0518,Low
0895-LMRSF,23,0,0.0223,0.0333,0.0517,Low
0484-FFVBJ,32,0,0.0223,0.0333,0.0517,Low
5924-SNGKP,41,0,0.0223,0.0333,0.0517,Low
5627-TVBPP,35,0,0.0223,0.0333,0.0517,Low
0221-NAUXK,10,0,0.0223,0.0333,0.0517,Low
5519-TEEUH,33,0,0.0223,0.0333,0.0517,Low
9018-PCIOK,55,0,0.0223,0.0333,0.0517,Low
6772-WFQRD,40,0,0.0222,0.0332,0.0517,Low
6139-ZZRBQ,64,0,0.0222,0.0332,0.0515,Low
2495-TTHBQ,4,0,0.0222,0.0332,0.0517,Low
5808-TOTXO,3,0,0.0222,0.0332,0.0516,Low
5553-AOINX,66,0,0.0222,0.0332,0.0516,Low
2682-KEVRP,22,0,0.0222,0.0332,0.0515,Low
3454-JFUBC,68,0,0.0222,0.0332,0.0515,Low
5336-UFNZP,65,0,0.0222,0.0331,0.0515,Low
6922-NCEDI,56,0,0.0222,0.0331,0.0515,Low
2925-MXLSX,30,0,0.0221,0.0331,0.0514,Low
3164-AALRN,5,1,0.0221,0.033,0.0513,Low
2065-MMKGR,29,0,0.0221,0.033,0.0513,Low
0489-WMEMG,23,0,0.022,0.0329,0.0511,Low
6048-NJXHX,41,0,0.022,0.0329,0.0512,Low
3239-TPHPZ,12,0,0.022,0.0329,0.0511,Low
9391-LMANN,53,0,0.0219,0.0328,0.051,Low
2481-SBOYW,61,0,0.0219,0.0327,0.0508,Low
8626-XHBIE,56,0,0.0219,0.0327,0.0508,Low
0813-TAXXS,55,0,0.0219,0.0327,0.0509,Low
7608-RGIRO,62,0,0.0219,0.0327,0.0509,Low
9717-IOAAF,27,0,0.0218,0.0326,0.0506,Low
6556-DBKZF,71,0,0.0218,0.0326,0.0506,Low
5699-BNCAS,71,0,0.0218,0.0326,0.0506,Low
9337-SRRNI,66,0,0.0218,0.0326,0.0507,Low
6551-ZCOTS,33,0,0.0218,0.0326,0.0506,Low
0323-XWWTN,3,0,0.0218,0.0325,0.0505,Low
8996-ZROXE,57,0,0.0218,0.0325,0.0506,Low
5334-AFQJB,72,0,0.0218,0.0325,0.0506,Low
9668-PUGNU,71,0,0.0216,0.0323,0.0502,Low
4636-OLWOE,54,0,0.0216,0.0323,0.0502,Low
2673-CXQEU,56,0,0.0216,0.0323,0.0502,Low
3092-IGHWF,67,1,0.0215,0.0322,0.05,Low
8812-ZRHFP,30,0,0.0216,0.0322,0.0501,Low
3104-OWCGK,60,1,0.0215,0.0321,0.0499,Low
9066-QRSDU,69,0,0.0215,0.0321,0.0499,Low
3410-MHHUM,44,0,0.0214,0.032,0.0497,Low
6823-SIDFQ,28,0,0.0213,0.0319,0.0496,Low
3266-FTKHB,17,0,0.0212,0.0318,0.0494,Low
0327-WFZSY,39,0,0.0213,0.0318,0.0495,Low
7469-LKBCI,16,0,0.0213,0.0318,0.0494,Low
3572-UUHRS,45,0,0.0213,0.0318,0.0494,Low
2862-JVEOY,6,0,0.0212,0.0318,0.0494,Low
1998-VHJHK,27,0,0.0212,0.0318,0.0494,Low
7369-TRPFD,19,0,0.0213,0.0318,0.0494,Low
8873-TMKGR,29,0,0.0213,0.0318,0.0494,Low
8464-EETCQ,57,0,0.0213,0.0318,0.0494,Low
0307-BCOPK,16,0,0.0213,0.0318,0.0494,Low
0621-CXBKL,53,0,0.0213,0.0318,0.0495,Low
7190-XHTWJ,38,0,0.0212,0.0317,0.0493,Low
3721-CNZHX,15,0,0.0212,0.0317,0.0492,Low
3525-DVKFN,17,0,0.0212,0.0317,0.0493,Low
2817-LVCPP,50,0,0.0212,0.0317,0.0493,Low
2589-AYCRP,50,0,0.0212,0.0317,0.0492,Low
5656-JAMLX,62,0,0.0212,0.0317,0.0492,Low
7026-YMSBE,30,0,0.0212,0.0317,0.0492,Low
2851-STERV,35,0,0.0212,0.0317,0.0492,Low
5171-EPLKN,27,0,0.0212,0.0317,0.0492,Low
8969-PRHFK,18,0,0.0212,0.0317,0.0493,Low
5602-BVFMK,12,0,0.0212,0.0317,0.0493,Low
9227-UAQFT,16,0,0.0212,0.0317,0.0492,Low
2673-ZALNP,7,0,0.0212,0.0317,0.0492,Low
2616-FLVQC,64,0,0.0212,0.0317,0.0493,Low
6061-PQHMK,25,0,0.0212,0.0317,0.0492,Low
8022-BECSI,22,0,0.0212,0.0317,0.0493,Low
2122-SZZZD,44,0,0.0212,0.0317,0.0493,Low
7114-AEOZE,60,0,0.0212,0.0317,0.0492,Low
1686-STUHN,42,0,0.0212,0.0317,0.0492,Low
3764-MNMOI,46,0,0.0212,0.0317,0.0494,Low
5696-EXCYS,17,0,0.0212,0.0317,0.0493,Low
2429-AYKKO,72,0,0.0212,0.0317,0.0492,Low
3486-NPGST,36,0,0.0212,0.0317,0.0493,Low
5063-IUOKK,13,0,0.0212,0.0317,0.0492,Low
3865-ZFZIB,19,0,0.0212,0.0317,0.0493,Low
5730-DBDSI,66,0,0.0212,0.0317,0.0492,Low
6323-AYBRX,59,1,0.0212,0.0317,0.0493,Low
1302-TPUBN,66,0,0.0212,0.0317,0.0493,Low
9150-KPBJQ,6,0,0.0212,0.0317,0.0493,Low
3985-HOYPM,26,0,0.0212,0.0317,0.0493,Low
8076-FEZKJ,10,0,0.0212,0.0317,0.0493,Low
9624-EGDEQ,37,0,0.0212,0.0317,0.0492,Low
8917-FAEMR,37,0,0.0212,0.0317,0.0492,Low
8241-JUIQO,61,0,0.0212,0.0317,0.0493,Low
3646-ITDGM,56,0,0.0212,0.0317,0.0492,Low
6479-OAUSD,25,0,0.0212,0.0317,0.0492,Low
6837-BJYDQ,3,0,0.0212,0.0317,0.0493,Low
2675-IJRGJ,53,0,0.0212,0.0317,0.0493,Low
7196-LIWRH,6,0,0.0212,0.0317,0.0493,Low
4311-QTTAI,16,0,0.0212,0.0317,0.0493,Low
9916-AYHTC,48,0,0.0212,0.0317,0.0492,Low
0362-RAOQO,40,0,0.0212,0.0317,0.0493,Low
6598-RFFVI,2,1,0.0212,0.0317,0.0493,Low
2277-AXSDC,32,0,0.0212,0.0317,0.0492,Low
4452-ROHMO,15,0,0.0212,0.0317,0.0493,Low
2550-QHZGP,7,0,0.0212,0.0317,0.0493,Low
7279-NMVJC,17,0,0.0212,0.0317,0.0492,Low
9631-RXVJM,35,0,0.0212,0.0317,0.0493,Low
1627-AFWVJ,29,0,0.0212,0.0317,0.0493,Low
7649-PHJVR,11,0,0.0212,0.0317,0.0493,Low
2788-CJQAQ,13,0,0.0212,0.0317,0.0493,Low
1241-FPMOF,52,0,0.0212,0.0317,0.0493,Low
1755-FZQEC,39,0,0.0212,0.0317,0.0492,Low
5148-HKFIR,20,0,0.0212,0.0317,0.0492,Low
7609-NRNCA,17,0,0.0212,0.0317,0.0493,Low
3976-HXHCE,72,0,0.0212,0.0317,0.0493,Low
1093-YSWCA,11,0,0.0212,0.0317,0.0493,Low
2320-TZRRH,20,0,0.0212,0.0317,0.0493,Low
6260-XLACS,4,0,0.0212,0.0317,0.0492,Low
9814-AOUDH,53,0,0.0212,0.0317,0.0493,Low
6349-JDHQP,53,0,0.0212,0.0317,0.0492,Low
1345-ZUKID,14,0,0.0212,0.0317,0.0493,Low
2805-AUFQN,25,0,0.0212,0.0317,0.0492,Low
5871-DGTXZ,32,0,0.0212,0.0317,0.0492,Low
1047-RNXZV,43,0,0.0212,0.0317,0.0493,Low
7427-AUFPY,54,0,0.0212,0.0317,0.0493,Low
4703-MQYKT,21,0,0.0212,0.0317,0.0493,Low
4795-UXVCJ,26,0,0.0212,0.0317,0.0492,Low
0839-QNXME,30,0,0.0212,0.0317,0.0493,Low
3274-NSDWE,68,0,0.0212,0.0317,0.0493,Low
1429-UYJSV,12,0,0.0212,0.0317,0.0492,Low
3546-GHEAE,7,0,0.0212,0.0317,0.0493,Low
2592-HODOV,13,0,0.0212,0.0317,0.0493,Low
7706-YLMQA,70,0,0.0212,0.0317,0.0492,Low
3097-FQTVJ,41,0,0.0212,0.0316,0.0492,Low
1178-PZGAB,19,0,0.0211,0.0316,0.0491,Low
8191-XWSZG,52,0,0.0211,0.0316,0.0491,Low
9388-ZEYVT,43,0,0.0211,0.0316,0.0491,Low
2346-CZYIL,27,0,0.0211,0.0316,0.0491,Low
4807-IZYOZ,51,0,0.0211,0.0316,0.0491,Low
8559-WNQZS,1,0,0.0211,0.0316,0.0491,Low
9710-NJERN,39,0,0.0212,0.0316,0.0492,Low
5014-GSOUQ,13,0,0.0212,0.0316,0.0492,Low
7817-OMJNA,14,0,0.0211,0.0316,0.0491,Low
8232-UTFOZ,69,0,0.0212,0.0316,0.0492,Low
6725-TPKJO,44,0,0.0212,0.0316,0.0492,Low
5214-CHIWJ,27,0,0.0211,0.0316,0.0491,Low
8512-WIWYV,32,0,0.0211,0.0316,0.0491,Low
8499-BRXTD,18,0,0.0212,0.0316,0.0492,Low
7137-NAXML,23,0,0.0212,0.0316,0.0492,Low
8084-OIVBS,11,0,0.0212,0.0316,0.0492,Low
5918-VUKWP,32,0,0.0211,0.0316,0.0491,Low
0902-RFHOF,38,0,0.0212,0.0316,0.0492,Low
2228-BZDEE,54,0,0.0212,0.0316,0.0492,Low
2017-CCBLH,8,0,0.0212,0.0316,0.0492,Low
6265-FRMTQ,31,0,0.0211,0.0316,0.0491,Low
8402-OOOHJ,41,0,0.0211,0.0316,0.0491,Low
5124-EOGYE,31,0,0.0211,0.0316,0.0491,Low
5847-MXBEO,22,0,0.0211,0.0316,0.0491,Low
5380-XPJNZ,38,0,0.0212,0.0316,0.0492,Low
5567-GZKQY,58,0,0.0211,0.0316,0.0491,Low
1133-KXCGE,18,0,0.0212,0.0316,0.0492,Low
7695-PKLCZ,68,0,0.0211,0.0316,0.0491,Low
4735-BJKOU,40,0,0.0212,0.0316,0.0492,Low
4625-LAMOB,44,0,0.0211,0.0316,0.0491,Low
0932-YIXYU,47,0,0.0211,0.0316,0.0491,Low
2300-RQGOI,38,0,0.0212,0.0316,0.0492,Low
4393-OBCRR,3,0,0.0211,0.0316,0.0491,Low
9602-WCXPI,50,0,0.0212,0.0316,0.0492,Low
8884-FEEWR,35,0,0.0211,0.0316,0.0491,Low
9504-YAZWB,53,0,0.0211,0.0316,0.0491,Low
2068-WWXQZ,46,0,0.0212,0.0316,0.0492,Low
5993-BQHEA,12,0,0.0212,0.0316,0.0492,Low
6870-ECSHE,2,0,0.0211,0.0316,0.0491,Low
7083-MIOPC,72,0,0.0211,0.0316,0.0491,Low
9639-BUJXT,63,0,0.0211,0.0316,0.0491,Low
9847-HNVGP,17,0,0.0212,0.0316,0.0492,Low
8701-DGLVH,51,0,0.0211,0.0316,0.0491,Low
7665-VIGUD,10,0,0.0211,0.0316,0.0491,Low
7353-YOWFP,7,0,0.0211,0.0316,0.0491,Low
7493-GVFIO,57,0,0.0211,0.0316,0.0491,Low
8859-DZTGQ,33,0,0.0211,0.0316,0.0491,Low
5619-XZZKR,4,0,0.0212,0.0316,0.0492,Low
1872-EBWSC,29,0,0.0211,0.0316,0.0491,Low
2150-OEGBV,27,0,0.0212,0.0316,0.0492,Low
4361-FEBGN,48,0,0.0212,0.0316,0.0492,Low
7277-KAMWT,13,0,0.0212,0.0316,0.0492,Low
9507-HSMMZ,54,0,0.0212,0.0316,0.0492,Low
4616-EWBNJ,16,0,0.0212,0.0316,0.0492,Low
5529-GIBVH,47,0,0.0212,0.0316,0.0492,Low
4716-MRVEN,29,0,0.0212,0.0316,0.0492,Low
7435-ZNUYY,6,0,0.0211,0.0316,0.0491,Low
5173-ZXXXL,2,0,0.0212,0.0316,0.0492,Low
8388-DMKAE,8,0,0.0211,0.0316,0.0491,Low
0582-AVCLN,38,0,0.0211,0.0316,0.0491,Low
9442-JTWDL,11,0,0.0212,0.0316,0.0492,Low
5505-OVWQW,17,0,0.0212,0.0316,0.0492,Low
5848-FHRFC,68,0,0.0212,0.0316,0.0492,Low
6961-MJKBO,47,0,0.0211,0.0316,0.0491,Low
8327-WKMIE,37,0,0.0212,0.0316,0.0492,Low
4359-INNWN,17,0,0.0212,0.0316,0.0492,Low
8859-YSTWS,48,0,0.0212,0.0316,0.0492,Low
5039-LZRQT,13,0,0.0212,0.0316,0.0491,Low
3125-RAHBV,22,0,0.0211,0.0316,0.0491,Low
1682-VCOIO,23,0,0.0211,0.0316,0.0491,Low
0829-DDVLK,15,0,0.0212,0.0316,0.0492,Low
6698-OXETB,11,0,0.0211,0.0316,0.0491,Low
3243-ZHOHY,16,0,0.0212,0.0316,0.0492,Low
2333-KWEWW,18,0,0.0212,0.0316,0.0492,Low
0780-XNZFN,57,0,0.0211,0.0316,0.0491,Low
2525-GVKQU,60,0,0.0211,0.0316,0.0491,Low
7244-KXYZN,24,0,0.0211,0.0316,0.0491,Low
6000-UKLWI,41,0,0.0212,0.0316,0.0492,Low
0397-ZXWQF,67,0,0.0211,0.0316,0.0491,Low
5146-YYFRZ,67,0,0.0212,0.0316,0.0492,Low
9030-QGZNL,8,0,0.0211,0.0315,0.049,Low
9509-MPYOD,35,0,0.0211,0.0315,0.049,Low
8174-LNWMW,31,0,0.0211,0.0315,0.049,Low
1395-WSWXR,24,0,0.0211,0.0315,0.049,Low
4990-ALDGW,57,0,0.0211,0.0315,0.049,Low
7945-PRBVF,35,0,0.021,0.0315,0.0489,Low
6447-EGDIV,31,0,0.0211,0.0315,0.049,Low
1293-HHSHJ,35,0,0.0211,0.0315,0.049,Low
9746-UGFAC,22,0,0.0211,0.0315,0.049,Low
3212-KXOCR,52,0,0.0211,0.0315,0.049,Low
5872-OEQNH,60,0,0.0211,0.0315,0.049,Low
8909-BOLNL,3,0,0.0211,0.0315,0.0489,Low
5006-MXVRN,39,0,0.0211,0.0315,0.049,Low
9084-OAYKL,58,0,0.0211,0.0315,0.049,Low
9677-AVKED,53,0,0.021,0.0314,0.0488,Low
8319-QBEHW,26,0,0.021,0.0314,0.0488,Low
2483-XSSMZ,39,0,0.021,0.0313,0.0487,Low
7601-DHFWZ,48,0,0.0208,0.0312,0.0484,Low
9229-RQABD,18,0,0.0209,0.0312,0.0485,Low
4656-CAURT,69,0,0.0208,0.0312,0.0484,Low
6134-KWTBV,62,0,0.0209,0.0312,0.0485,Low
1970-KKFWL,35,0,0.0209,0.0312,0.0486,Low
2662-NNTDK,65,0,0.0208,0.0311,0.0483,Low
6510-UPNKS,23,0,0.0208,0.0311,0.0483,Low
6407-GSJNL,51,0,0.0208,0.0311,0.0483,Low
9397-TZSHA,69,0,0.0208,0.0311,0.0483,Low
8092-NLTGF,72,0,0.0208,0.0311,0.0483,Low
6080-LNESI,51,0,0.0208,0.0311,0.0483,Low
6292-TOSSS,50,0,0.0208,0.0311,0.0483,Low
8592-PLTMQ,64,0,0.0208,0.0311,0.0483,Low
3785-KTYSH,53,0,0.0208,0.0311,0.0483,Low
1705-GUHPV,63,0,0.0208,0.0311,0.0484,Low
8361-LBRDI,58,0,0.0208,0.0311,0.0484,Low
6484-LATFU,68,0,0.0208,0.0311,0.0483,Low
3251-YMVWZ,53,0,0.0208,0.0311,0.0484,Low
1371-OJCEK,48,0,0.0208,0.0311,0.0484,Low
1131-ALZWV,24,0,0.0208,0.0311,0.0483,Low
8515-OCTJS,25,1,0.0208,0.0311,0.0483,Low
2324-AALNO,48,0,0.0208,0.0311,0.0483,Low
3823-KYNQY,12,0,0.0208,0.0311,0.0483,Low
9953-ZMKSM,63,0,0.0208,0.031,0.0482,Low
4213-HKBJO,33,0,0.0207,0.031,0.0482,Low
4458-KVRBJ,59,0,0.0208,0.031,0.0483,Low
8409-WQJUX,25,0,0.0207,0.031,0.0482,Low
0203-HHYIJ,25,1,0.0208,0.031,0.0482,Low
3069-SSVSN,1,0,0.0207,0.031,0.0481,Low
2097-YVPKN,65,0,0.0207,0.031,0.0482,Low
8007-YYPWD,15,0,0.0208,0.031,0.0483,Low
6738-ISCBM,44,0,0.0207,0.031,0.0482,Low
5743-KHMNA,71,0,0.0207,0.031,0.0482,Low
3696-DFHHB,68,0,0.0207,0.031,0.0482,Low
7554-NEWDD,10,0,0.0207,0.031,0.0482,Low
1767-CJKBA,66,0,0.0208,0.031,0.0483,Low
2332-TODQS,48,0,0.0208,0.031,0.0483,Low
9087-EYCPR,60,0,0.0208,0.031,0.0483,Low
1282-IHQAC,70,0,0.0207,0.031,0.0482,Low
8042-RNLKO,66,0,0.0207,0.031,0.0482,Low
5598-IKHQQ,72,0,0.0207,0.031,0.0482,Low
6518-KZXCB,22,0,0.0208,0.031,0.0482,Low
1535-VTJOQ,24,0,0.0208,0.031,0.0482,Low
8234-GSZYK,43,0,0.0207,0.0309,0.048,Low
7674-YTAFD,33,0,0.0207,0.0309,0.048,Low
3506-OVLKD,35,0,0.0207,0.0309,0.0481,Low
3521-HTQTV,34,0,0.0207,0.0309,0.0481,Low
4950-HKQTE,22,0,0.0207,0.0309,0.0481,Low
9067-YGSCA,70,0,0.0207,0.0309,0.0481,Low
5982-XMDEX,65,0,0.0207,0.0309,0.048,Low
9619-GSATL,43,0,0.0207,0.0309,0.0481,Low
7629-WIXZF,7,0,0.0206,0.0308,0.0478,Low
4328-VUFWD,39,0,0.0206,0.0308,0.0478,Low
8050-WYBND,22,0,0.0206,0.0308,0.0479,Low
1925-LFCZZ,55,0,0.0205,0.0307,0.0477,Low
7750-EYXWZ,12,0,0.0205,0.0307,0.0477,Low
6339-TBELP,71,0,0.0205,0.0307,0.0477,Low
8405-IGQFX,63,0,0.0204,0.0306,0.0475,Low
0946-FKYTX,52,0,0.0204,0.0306,0.0475,Low
7661-CPURM,19,0,0.0205,0.0306,0.0476,Low
4137-JOPHL,50,0,0.0204,0.0306,0.0475,Low
6906-MPARY,40,0,0.0204,0.0306,0.0475,Low
9906-NHHVC,65,0,0.0204,0.0305,0.0474,Low
2858-MOFSQ,17,1,0.0204,0.0305,0.0474,Low
5504-WSIUR,70,0,0.0204,0.0305,0.0475,Low
5414-OFQCB,57,0,0.0204,0.0305,0.0475,Low
3736-BLEPA,28,0,0.0204,0.0305,0.0475,Low
6838-YAUVY,54,0,0.0203,0.0304,0.0473,Low
8294-UIMBA,30,0,0.0204,0.0304,0.0473,Low
0440-UEDAI,53,0,0.0204,0.0304,0.0473,Low
5229-DTFYB,41,0,0.0203,0.0303,0.0471,Low
4366-CTOUZ,50,0,0.0202,0.0303,0.0471,Low
5693-PIPCS,41,0,0.0203,0.0303,0.0471,Low
0727-BNRLG,69,0,0.0203,0.0303,0.0472,Low
5149-TGWDZ,21,0,0.0202,0.0302,0.0469,Low
6305-YLBMM,69,1,0.0202,0.0302,0.0469,Low
6034-ZRYCV,72,1,0.0202,0.0302,0.0469,Low
5074-FBGHB,64,0,0.0202,0.0302,0.0469,Low
5370-IIVVL,37,0,0.0202,0.0302,0.0469,Low
6603-QWSPR,46,0,0.0202,0.0302,0.0469,Low
8727-XDPUD,37,0,0.0201,0.0301,0.0468,Low
6769-DCQLI,52,1,0.0202,0.0301,0.0469,Low
8634-CILSZ,69,1,0.0202,0.0301,0.0469,Low
1169-SAOCL,49,0,0.0201,0.0301,0.0468,Low
0691-NIKRI,40,0,0.0201,0.0301,0.0468,Low
5440-VHLUL,69,0,0.0202,0.0301,0.0469,Low
5954-BDFSG,72,0,0.0201,0.0301,0.0468,Low
9861-PDSZP,72,0,0.0201,0.0301,0.0468,Low
2722-VOJQL,64,1,0.0202,0.0301,0.0469,Low
5748-RNCJT,69,1,0.0201,0.0301,0.0468,Low
2560-PPCHE,65,0,0.0202,0.0301,0.0469,Low
9405-GPBBG,64,0,0.0201,0.03,0.0467,Low
7519-JTWQH,69,0,0.0201,0.03,0.0467,Low
7673-LPRNY,23,0,0.0201,0.03,0.0467,Low
8853-TZDGH,72,0,0.0201,0.03,0.0466,Low
4530-NDRKU,42,0,0.02,0.0299,0.0465,Low
0788-DXBFY,58,0,0.0199,0.0298,0.0464,Low
9114-AAFQH,48,0,0.0199,0.0297,0.0462,Low
6469-MRVET,1,0,0.0199,0.0297,0.0462,Low
7073-QETQY,66,0,0.0199,0.0297,0.0462,Low
0731-EBJQB,52,0,0.0199,0.0297,0.0462,Low
1121-QSIVB,44,0,0.0198,0.0296,0.0461,Low
6419-ZTTLE,23,0,0.0198,0.0295,0.046,Low
7269-JISCY,55,0,0.0197,0.0295,0.0459,Low
3259-KNMRR,57,0,0.0197,0.0294,0.0458,Low
0471-LVHGK,41,1,0.0197,0.0294,0.0457,Low
9107-UKCKY,61,0,0.0195,0.0292,0.0454,Low
0080-EMYVY,14,0,0.0195,0.0292,0.0454,Low
6728-CZFEI,15,0,0.0194,0.029,0.045,Low
9894-QMIMJ,23,0,0.0194,0.029,0.0451,Low
9102-OXKFY,59,0,0.0194,0.029,0.0452,Low
6416-JNVRK,46,0,0.0194,0.029,0.0451,Low
3055-VTCGS,63,0,0.0193,0.0288,0.0449,Low
7977-HXJKU,21,0,0.0192,0.0287,0.0446,Low
7157-SMCFK,61,0,0.0192,0.0287,0.0446,Low
7242-EDTYC,44,0,0.0192,0.0287,0.0446,Low
5986-WWXDV,39,0,0.0192,0.0287,0.0447,Low
7009-PCARS,55,0,0.0192,0.0287,0.0447,Low
4335-UPJSI,24,0,0.0192,0.0287,0.0446,Low
4573-JKNAE,12,0,0.0192,0.0287,0.0447,Low
5312-TSZVC,15,0,0.0192,0.0287,0.0446,Low
2821-WARNZ,49,0,0.0192,0.0287,0.0446,Low
5799-JRCZO,63,0,0.0192,0.0287,0.0446,Low
1015-JPFYW,7,0,0.0192,0.0287,0.0446,Low
9503-XJUME,52,0,0.0192,0.0287,0.0446,Low
9705-IOVQQ,61,0,0.0192,0.0287,0.0447,Low
0607-DAAHE,53,1,0.0192,0.0287,0.0446,Low
2595-KIWPV,27,0,0.0192,0.0287,0.0446,Low
3115-CZMZD,0,0,0.0191,0.0286,0.0445,Low
5849-ASHZJ,27,0,0.0191,0.0286,0.0445,Low
0784-ZQJZX,72,0,0.0192,0.0286,0.0446,Low
1306-RPWXZ,49,0,0.0191,0.0286,0.0445,Low
4291-YZODP,7,0,0.0191,0.0286,0.0445,Low
5857-XRECV,2,0,0.0191,0.0286,0.0444,Low
3507-GASNP,60,0,0.0191,0.0286,0.0445,Low
9801-NOSHQ,23,0,0.0192,0.0286,0.0446,Low
4962-CHQPW,29,0,0.0192,0.0286,0.0446,Low
3717-FDJFU,5,0,0.0191,0.0286,0.0445,Low
7328-OWMOM,31,0,0.0191,0.0286,0.0445,Low
3523-BRGUW,26,0,0.0191,0.0286,0.0445,Low
0847-HGRML,62,0,0.0191,0.0286,0.0445,Low
5177-RVZNU,37,0,0.0191,0.0286,0.0445,Low
2804-ETQDK,66,0,0.0191,0.0286,0.0444,Low
0516-VRYBW,18,1,0.0191,0.0286,0.0445,Low
9392-XBGTD,27,0,0.0191,0.0286,0.0444,Low
9483-GCPWE,9,0,0.0191,0.0286,0.0445,Low
8957-THMOA,50,0,0.0191,0.0286,0.0445,Low
8896-RAZCR,44,0,0.0192,0.0286,0.0446,Low
7321-KKSDU,32,0,0.0191,0.0286,0.0444,Low
7560-QRBXH,48,0,0.0191,0.0286,0.0445,Low
4698-KVLLG,51,0,0.0191,0.0286,0.0444,Low
1635-HDGFT,19,0,0.0191,0.0286,0.0444,Low
0303-UNCIP,41,0,0.0191,0.0286,0.0445,Low
1764-VUUMT,66,0,0.0191,0.0286,0.0445,Low
7184-LRUUR,22,0,0.0191,0.0286,0.0445,Low
9620-QJREV,47,0,0.0191,0.0286,0.0444,Low
2384-OVPSA,38,0,0.0191,0.0285,0.0443,Low
0835-DUUIQ,24,0,0.0191,0.0285,0.0443,Low
1763-KUAAW,18,0,0.019,0.0285,0.0443,Low
3978-YNKDD,19,0,0.0191,0.0285,0.0444,Low
7515-LODFU,69,0,0.019,0.0285,0.0443,Low
5917-RYRMG,32,0,0.0191,0.0285,0.0444,Low
8746-BFOAJ,21,0,0.019,0.0285,0.0443,Low
4933-IKULF,17,0,0.019,0.0284,0.0443,Low
4903-CNOZC,29,0,0.019,0.0284,0.0441,Low
0608-JDVEC,50,0,0.0189,0.0283,0.044,Low
6974-DAFLI,55,0,0.0189,0.0283,0.044,Low
5324-KTGCG,71,0,0.0188,0.0282,0.0438,Low
4825-FUREZ,42,0,0.0189,0.0282,0.0439,Low
8219-VYBVI,39,0,0.0188,0.0281,0.0437,Low
4622-YNKIJ,33,0,0.0188,0.0281,0.0437,Low
2758-RNWXS,35,0,0.0188,0.0281,0.0437,Low
6754-WKSHP,30,0,0.0188,0.0281,0.0437,Low
8606-OEGQZ,18,0,0.0188,0.0281,0.0437,Low
9365-CSLBQ,71,0,0.0188,0.0281,0.0438,Low
7452-FOLON,39,0,0.0188,0.028,0.0436,Low
6485-QXWWE,62,0,0.0187,0.028,0.0436,Low
0463-TXOAK,52,0,0.0187,0.028,0.0436,Low
6814-ZPWFQ,51,0,0.0187,0.028,0.0435,Low
6266-QHOJZ,65,0,0.0188,0.028,0.0436,Low
4176-RELJR,67,0,0.0187,0.028,0.0435,Low
0795-XCCTE,72,0,0.0187,0.0279,0.0435,Low
2237-ZFSMY,39,1,0.0186,0.0279,0.0434,Low
8652-YHIYU,16,0,0.0187,0.0279,0.0435,Low
2639-UGMAZ,71,0,0.0186,0.0278,0.0433,Low
8958-JPTRR,56,0,0.0186,0.0278,0.0433,Low
5296-PSYVW,72,0,0.0186,0.0278,0.0432,Low
8098-TDCBU,42,0,0.0185,0.0277,0.0431,Low
2750-BJLSB,47,0,0.0185,0.0277,0.0431,Low
2834-JRTUA,71,1,0.0184,0.0276,0.0429,Low
1428-IEDPR,52,0,0.0184,0.0276,0.0429,Low
6733-LRIZX,35,0,0.0184,0.0276,0.0429,Low
5013-SBUIH,50,1,0.0184,0.0276,0.0429,Low
3547-LQRIK,47,0,0.0184,0.0276,0.0429,Low
1422-DGUBX,32,0,0.0185,0.0276,0.043,Low
9412-ARGBX,48,1,0.0184,0.0275,0.0428,Low
0254-FNMCI,72,0,0.0184,0.0275,0.0429,Low
3190-XFANI,49,1,0.0183,0.0274,0.0426,Low
5734-EJKXG,61,0,0.0183,0.0274,0.0426,Low
0164-APGRB,72,0,0.0183,0.0274,0.0427,Low
8984-HPEMB,71,0,0.0183,0.0274,0.0426,Low
9924-JPRMC,72,0,0.0183,0.0274,0.0426,Low
9825-YCXWZ,41,0,0.0182,0.0273,0.0424,Low
7402-PWYJJ,53,0,0.0182,0.0273,0.0424,Low
0356-OBMAC,56,0,0.0182,0.0273,0.0425,Low
3915-ODIYG,60,0,0.0182,0.0273,0.0424,Low
6465-GSRCL,67,0,0.0182,0.0272,0.0424,Low
7134-MJPDY,66,0,0.0182,0.0272,0.0424,Low
8329-UTMVM,27,0,0.0182,0.0272,0.0423,Low
2533-QVMSK,61,1,0.0182,0.0272,0.0423,Low
7251-LJBQN,40,0,0.0182,0.0272,0.0423,Low
0887-WBJVH,53,0,0.0182,0.0272,0.0423,Low
3633-CDBUW,17,0,0.0181,0.0271,0.0421,Low
7134-HBPBS,72,0,0.0181,0.0271,0.0422,Low
7047-FWEYA,46,0,0.018,0.027,0.042,Low
8375-KVTHK,68,0,0.0181,0.027,0.0421,Low
8920-NAVAY,62,0,0.0181,0.027,0.0421,Low
9031-ZVQPT,72,0,0.018,0.0269,0.0418,Low
4043-MKDTV,71,0,0.018,0.0269,0.0419,Low
2419-FSORS,72,0,0.018,0.0269,0.0418,Low
8984-EYLLL,64,0,0.018,0.0269,0.0419,Low
6253-WRFHY,13,0,0.018,0.0269,0.0418,Low
6815-ABQFQ,56,0,0.018,0.0269,0.0418,Low
3763-GCZHZ,66,1,0.018,0.0269,0.0419,Low
4088-YLDSU,55,1,0.018,0.0269,0.0419,Low
6362-QHAFM,42,0,0.018,0.0269,0.0418,Low
3886-CERTZ,72,1,0.0179,0.0268,0.0418,Low
7566-DSRLQ,72,0,0.0179,0.0268,0.0417,Low
1984-FCOWB,70,1,0.0179,0.0268,0.0418,Low
6297-NOOPG,70,0,0.0179,0.0268,0.0417,Low
5160-UXJED,17,0,0.0179,0.0267,0.0416,Low
5110-CHOPY,60,0,0.0178,0.0267,0.0415,Low
8668-KNZTI,52,0,0.0178,0.0267,0.0415,Low
0454-OKRCT,33,0,0.0177,0.0265,0.0413,Low
2040-OBMLJ,31,0,0.0177,0.0265,0.0412,Low
3638-DIMPH,13,0,0.0177,0.0264,0.0411,Low
8034-RYTVV,55,0,0.0177,0.0264,0.0411,Low
9052-DHNKM,26,0,0.0176,0.0264,0.041,Low
7596-LDUXP,12,0,0.0176,0.0264,0.0411,Low
1699-UOTXU,60,0,0.0176,0.0264,0.041,Low
2636-SJDOU,64,0,0.0177,0.0264,0.0411,Low
2599-CZABP,14,0,0.0176,0.0264,0.0411,Low
6402-SSEJG,25,0,0.0176,0.0264,0.0411,Low
5203-XEHAX,34,0,0.0175,0.0262,0.0409,Low
9480-BQJEI,62,0,0.0175,0.0262,0.0408,Low
6559-ILWKJ,71,1,0.0175,0.0262,0.0407,Low
7123-WQUHX,38,0,0.0175,0.0261,0.0407,Low
8910-ICHIU,46,0,0.0175,0.0261,0.0407,Low
7879-CGSFV,55,0,0.0174,0.026,0.0405,Low
5223-UZAVK,64,0,0.0174,0.026,0.0405,Low
8929-KSWIH,25,0,0.0174,0.026,0.0405,Low
7954-MLBUN,31,0,0.0174,0.026,0.0405,Low
2578-JQPHZ,44,0,0.0174,0.026,0.0405,Low
3511-APPBJ,23,0,0.0174,0.026,0.0405,Low
5278-PNYOX,49,0,0.0174,0.026,0.0405,Low
6999-CHVCF,68,0,0.0174,0.026,0.0404,Low
0931-MHTEM,54,0,0.0174,0.026,0.0405,Low
0019-EFAEP,72,0,0.0174,0.026,0.0405,Low
9558-IHEZX,71,0,0.0173,0.0259,0.0403,Low
6440-DKQGE,30,0,0.0173,0.0259,0.0403,Low
0877-SDMBN,54,1,0.0173,0.0259,0.0404,Low
6777-TGHTM,53,1,0.0173,0.0259,0.0403,Low
6647-ZEDXT,30,0,0.0172,0.0258,0.0402,Low
6614-FHDBO,72,0,0.0173,0.0258,0.0402,Low
2988-QRAJY,69,0,0.0172,0.0258,0.0402,Low
8071-SBTRN,70,0,0.0172,0.0258,0.0401,Low
4475-NVTLU,45,0,0.0171,0.0257,0.04,Low
5236-PERKL,57,1,0.0172,0.0257,0.0401,Low
1710-RCXUS,51,0,0.0171,0.0256,0.0398,Low
7319-ZNRTR,25,0,0.0171,0.0256,0.0399,Low
4709-LKHYG,29,0,0.0171,0.0256,0.0398,Low
2878-DHMIN,35,0,0.0171,0.0256,0.0398,Low
7964-ZRKKG,67,0,0.0171,0.0256,0.0399,Low
7643-RCHXS,63,0,0.0171,0.0256,0.0399,Low
7691-XVTZH,68,0,0.0171,0.0256,0.0398,Low
1226-JZNKR,8,0,0.0171,0.0256,0.0398,Low
8679-LZBMD,44,0,0.0171,0.0256,0.0398,Low
1069-QJOEE,25,0,0.0171,0.0256,0.0398,Low
0691-JVSYA,53,1,0.017,0.0255,0.0396,Low
6855-VLGOS,72,0,0.0171,0.0255,0.0397,Low
2530-ENDWQ,71,1,0.017,0.0255,0.0397,Low
6585-WCEWR,72,0,0.0171,0.0255,0.0398,Low
2690-DVRVK,5,0,0.0171,0.0255,0.0397,Low
3927-NLNRY,53,1,0.017,0.0255,0.0397,Low
8152-VETUR,72,0,0.017,0.0254,0.0395,Low
2085-BOJKI,17,0,0.017,0.0254,0.0396,Low
0898-XCGTF,61,0,0.017,0.0254,0.0396,Low
8905-IAZPF,69,0,0.017,0.0254,0.0396,Low
3946-JEWRQ,47,0,0.017,0.0254,0.0396,Low
7080-TNUWP,70,0,0.017,0.0254,0.0396,Low
9571-EDEBV,71,0,0.017,0.0254,0.0395,Low
4822-LPTYJ,72,0,0.0169,0.0253,0.0393,Low
4791-QRGMF,59,1,0.0169,0.0253,0.0395,Low
8313-AFGBW,47,0,0.0169,0.0253,0.0393,Low
2293-IJWPS,57,0,0.0169,0.0253,0.0394,Low
8148-NLEGT,42,0,0.0169,0.0253,0.0394,Low
4291-HYEBC,28,0,0.0169,0.0253,0.0394,Low
1095-WGNGG,61,0,0.0169,0.0253,0.0394,Low
4753-PADAS,67,0,0.0169,0.0252,0.0393,Low
8564-LDKFL,40,0,0.0168,0.0252,0.0393,Low
1784-EZDKJ,51,0,0.0168,0.0252,0.0392,Low
5286-YHCVC,72,0,0.0169,0.0252,0.0393,Low
8107-RZLNV,72,0,0.0168,0.0252,0.0392,Low
5360-LJCNJ,71,0,0.0169,0.0252,0.0393,Low
5569-IDSEY,71,0,0.0169,0.0252,0.0393,Low
3378-AJRAO,44,0,0.0168,0.0251,0.0391,Low
3812-LRZIR,27,0,0.0168,0.0251,0.0391,Low
5512-IDZEI,46,0,0.0168,0.0251,0.0391,Low
4525-VZCZG,54,0,0.0167,0.025,0.0389,Low
0023-UYUPN,50,0,0.0167,0.025,0.0389,Low
6734-FQAJX,67,0,0.0167,0.0249,0.0388,Low
5514-YQENT,41,0,0.0166,0.0249,0.0388,Low
1298-PHBTI,71,0,0.0166,0.0248,0.0387,Low
3729-OWRVL,65,0,0.0166,0.0248,0.0386,Low
0530-IJVDB,70,0,0.0166,0.0248,0.0387,Low
2307-FYNNL,65,0,0.0166,0.0248,0.0387,Low
1174-FGIFN,28,0,0.0165,0.0247,0.0384,Low
5315-CKEQK,28,0,0.0165,0.0247,0.0385,Low
5198-HQAEN,35,0,0.0165,0.0247,0.0385,Low
9831-BPFRI,39,1,0.0165,0.0247,0.0385,Low
2197-OMWGI,68,0,0.0165,0.0246,0.0384,Low
9972-VAFJJ,53,0,0.0164,0.0245,0.0382,Low
6559-RAKOZ,49,0,0.0164,0.0245,0.0382,Low
4419-UJMUS,69,0,0.0164,0.0245,0.0381,Low
2530-FMFXO,56,0,0.0163,0.0244,0.038,Low
5828-AVIPD,19,1,0.0163,0.0244,0.0381,Low
3058-HJCUY,41,1,0.0163,0.0244,0.038,Low
8216-AZUUZ,42,0,0.0163,0.0244,0.0381,Low
1360-JYXKQ,54,0,0.0163,0.0244,0.038,Low
5671-UUNXD,50,0,0.0163,0.0244,0.0379,Low
6994-FGRHH,70,0,0.0163,0.0243,0.0379,Low
7722-CVFXN,54,0,0.0163,0.0243,0.0379,Low
8327-LZKAS,43,1,0.0162,0.0242,0.0377,Low
8707-HOEDG,70,0,0.0162,0.0242,0.0378,Low
2272-JKMSI,62,0,0.0162,0.0242,0.0378,Low
5446-DKWYW,61,0,0.0162,0.0242,0.0377,Low
1409-PHXTF,54,0,0.0161,0.0242,0.0376,Low
0136-IFMYD,69,0,0.0161,0.0242,0.0376,Low
6250-CGGUN,54,0,0.0162,0.0242,0.0377,Low
1135-HIORI,64,0,0.0162,0.0242,0.0377,Low
7740-BTPUX,55,0,0.0161,0.0241,0.0375,Low
9835-ZIITK,66,1,0.0161,0.0241,0.0376,Low
0623-EJQEG,65,0,0.016,0.024,0.0374,Low
2790-XUYMV,71,0,0.0159,0.0239,0.0372,Low
1309-XGFSN,52,0,0.0159,0.0238,0.037,Low
5445-PZWGX,62,1,0.0159,0.0238,0.0371,Low
1303-SRDOK,55,0,0.0158,0.0237,0.0369,Low
4692-NNQRU,21,0,0.0158,0.0237,0.037,Low
0369-ZGOVK,28,0,0.0158,0.0236,0.0368,Low
1096-ADRUX,66,0,0.0157,0.0235,0.0366,Low
5397-TUPSH,65,0,0.0157,0.0235,0.0367,Low
7641-TQFHN,39,0,0.0157,0.0235,0.0366,Low
0621-JFHOL,10,0,0.0157,0.0235,0.0367,Low
7663-ZTEGJ,29,0,0.0157,0.0235,0.0366,Low
7129-AZJDE,34,0,0.0156,0.0234,0.0365,Low
0201-MIBOL,66,0,0.0156,0.0234,0.0365,Low
3807-BPOMJ,55,0,0.0156,0.0234,0.0364,Low
4075-JFPGR,51,0,0.0156,0.0234,0.0364,Low
6670-MFRPK,69,0,0.0156,0.0234,0.0364,Low
8268-YDIXR,56,0,0.0156,0.0234,0.0364,Low
5298-GSTLM,60,0,0.0156,0.0234,0.0365,Low
0961-ZWLVI,49,0,0.0156,0.0234,0.0364,Low
5671-RQRLP,70,0,0.0156,0.0234,0.0365,Low
6689-VRRTK,44,0,0.0155,0.0233,0.0362,Low
1371-WEPDS,40,0,0.0156,0.0233,0.0363,Low
7971-HLVXI,72,0,0.0155,0.0233,0.0362,Low
6196-HBOBZ,65,0,0.0155,0.0233,0.0362,Low
6284-KMNUF,56,0,0.0156,0.0233,0.0363,Low
8883-ANODQ,68,0,0.0155,0.0233,0.0362,Low
1545-JFUML,71,0,0.0155,0.0233,0.0362,Low
7716-YTYHG,48,1,0.0156,0.0233,0.0363,Low
0308-GIQJT,71,0,0.0156,0.0233,0.0364,Low
0742-LAFQK,72,0,0.0155,0.0233,0.0362,Low
2259-OUUSZ,7,0,0.0155,0.0232,0.0361,Low
7632-MNYOY,66,1,0.0155,0.0232,0.0362,Low
1480-IVEVR,35,0,0.0155,0.0232,0.0362,Low
8033-VCZGH,50,0,0.0155,0.0232,0.0361,Low
1258-YMZNM,27,0,0.0155,0.0232,0.0362,Low
2924-KHUVI,56,0,0.0155,0.0232,0.0362,Low
7103-IPXPJ,50,0,0.0155,0.0232,0.0362,Low
0431-APWVY,28,1,0.0154,0.0231,0.036,Low
1400-WIVLL,57,0,0.0154,0.0231,0.036,Low
4389-UEFCZ,72,0,0.0155,0.0231,0.036,Low
5945-AZYHT,71,0,0.0154,0.0231,0.0359,Low
1832-PEUTS,62,0,0.0155,0.0231,0.0361,Low
6308-CQRBU,71,0,0.0154,0.0231,0.0359,Low
5214-NLTIT,72,0,0.0154,0.0231,0.036,Low
6295-OSINB,72,0,0.0154,0.0231,0.0359,Low
0536-ACXIP,72,0,0.0154,0.0231,0.0359,Low
0020-INWCK,71,0,0.0154,0.023,0.0358,Low
3870-MQAMG,54,1,0.0154,0.023,0.0359,Low
2408-TZMJL,59,1,0.0154,0.023,0.0359,Low
2272-WUSPA,72,0,0.0154,0.023,0.0359,Low
4619-EVPHY,20,0,0.0154,0.023,0.0359,Low
1573-LGXBA,57,0,0.0153,0.023,0.0358,Low
5473-KHBPS,52,0,0.0154,0.023,0.0358,Low
7607-QKKTJ,45,0,0.0154,0.023,0.0359,Low
6097-EQISJ,66,1,0.0153,0.0229,0.0356,Low
3339-EAQNV,72,0,0.0153,0.0229,0.0357,Low
5268-DSMNQ,62,0,0.0153,0.0229,0.0356,Low
2480-EJWYP,58,0,0.0153,0.0229,0.0356,Low
2858-EIMXH,53,0,0.0153,0.0229,0.0357,Low
5640-CAXOA,30,0,0.0153,0.0229,0.0357,Low
0308-IVGOK,11,0,0.0153,0.0229,0.0357,Low
6103-LIANB,59,0,0.0153,0.0229,0.0357,Low
1091-SOZGA,56,0,0.0153,0.0229,0.0357,Low
2898-MRKPI,68,0,0.0153,0.0229,0.0357,Low
1956-YIFGE,22,0,0.0153,0.0229,0.0357,Low
2996-XAUVF,70,0,0.0153,0.0229,0.0357,Low
1217-VASWC,43,0,0.0152,0.0228,0.0356,Low
4832-VRBMR,65,0,0.0152,0.0228,0.0355,Low
0406-BPDVR,54,1,0.0152,0.0228,0.0355,Low
2234-XADUH,72,0,0.0153,0.0228,0.0356,Low
5376-PCKNB,72,0,0.0152,0.0228,0.0356,Low
3259-FDWOY,71,1,0.0152,0.0228,0.0355,Low
0512-FLFDW,60,0,0.0152,0.0228,0.0356,Low
1448-CYWKC,58,0,0.0152,0.0228,0.0355,Low
2242-MFOTG,33,0,0.0152,0.0228,0.0355,Low
3552-CTCYF,63,0,0.0152,0.0228,0.0356,Low
4079-VTGLK,30,0,0.0152,0.0227,0.0354,Low
7124-UGSUR,61,1,0.0152,0.0227,0.0354,Low
0917-EZOLA,72,1,0.0152,0.0227,0.0354,Low
8999-XXGNS,72,0,0.0152,0.0227,0.0354,Low
2806-MLNTI,52,0,0.0152,0.0227,0.0354,Low
9134-WYRVP,51,0,0.0151,0.0226,0.0353,Low
8496-DMZUK,30,0,0.0151,0.0226,0.0352,Low
8124-NZVGJ,6,0,0.015,0.0225,0.0351,Low
4835-YSJMR,39,0,0.015,0.0225,0.035,Low
2558-BUOZZ,47,0,0.015,0.0225,0.035,Low
6732-FZUGP,47,0,0.015,0.0225,0.035,Low
3134-DSHVC,63,0,0.015,0.0224,0.0349,Low
0824-VWDPO,45,0,0.015,0.0224,0.035,Low
2371-KFUOG,58,0,0.0149,0.0224,0.0349,Low
9770-KXGQU,53,0,0.015,0.0224,0.0349,Low
1271-UODNO,39,0,0.0149,0.0223,0.0348,Low
6500-JVEGC,68,0,0.0149,0.0223,0.0348,Low
4576-CSAJH,22,1,0.0149,0.0223,0.0347,Low
6195-MELTI,57,0,0.0149,0.0223,0.0348,Low
9036-CSKBW,51,0,0.0148,0.0222,0.0346,Low
7541-YLXCL,36,1,0.0147,0.022,0.0342,Low
1334-PDUKM,68,0,0.0147,0.022,0.0344,Low
0297-RBCSG,19,0,0.0147,0.022,0.0342,Low
7931-PXHFC,38,1,0.0147,0.022,0.0344,Low
2676-SSLTO,49,0,0.0147,0.0219,0.0342,Low
9844-FELAJ,70,0,0.0146,0.0219,0.0341,Low
5067-XJQFU,66,0,0.0146,0.0219,0.0341,Low
4710-FDUIZ,56,1,0.0145,0.0218,0.0339,Low
6227-FBDXH,69,0,0.0145,0.0218,0.0339,Low
7581-EBBOU,60,0,0.0146,0.0218,0.034,Low
8091-TTVAX,58,0,0.0145,0.0218,0.0339,Low
4186-ZBUEW,36,0,0.0146,0.0218,0.034,Low
2403-BCASL,41,1,0.0146,0.0218,0.034,Low
0330-BGYZE,60,0,0.0145,0.0217,0.0339,Low
2753-JMMCV,65,0,0.0145,0.0217,0.0338,Low
0487-CRLZF,49,0,0.0145,0.0217,0.0338,Low
5832-TRLPB,29,0,0.0145,0.0217,0.0338,Low
8970-ANWXO,23,0,0.0145,0.0217,0.0339,Low
4123-FCVCB,12,0,0.0145,0.0217,0.0338,Low
3716-LRGXK,60,0,0.0145,0.0217,0.0339,Low
7445-WMRBW,48,0,0.0145,0.0217,0.0339,Low
4648-YPBTM,53,0,0.0145,0.0217,0.0339,Low
4369-NYSCF,56,0,0.0145,0.0217,0.0338,Low
8434-PNQZX,42,0,0.0144,0.0216,0.0337,Low
0716-BQNDX,57,0,0.0144,0.0216,0.0337,Low
4717-GHADL,50,0,0.0144,0.0216,0.0336,Low
5893-PYOLZ,56,0,0.0144,0.0215,0.0336,Low
3230-WYKIR,18,1,0.0144,0.0215,0.0336,Low
9541-PWTWO,52,0,0.0144,0.0215,0.0336,Low
7013-PSXHK,40,0,0.0144,0.0215,0.0336,Low
0723-FDLAY,44,0,0.0143,0.0214,0.0334,Low
3649-JPUGY,72,0,0.0143,0.0214,0.0333,Low
4377-VDHYI,32,0,0.0142,0.0212,0.033,Low
6946-LMSQS,25,1,0.0141,0.0212,0.033,Low
6726-WEXXK,27,0,0.0142,0.0212,0.0331,Low
7765-LWVVH,72,0,0.0141,0.0211,0.0329,Low
5014-WUQMG,47,0,0.0141,0.0211,0.0329,Low
9715-WZCLW,71,0,0.0141,0.0211,0.0329,Low
3756-VNWDH,65,0,0.014,0.0209,0.0326,Low
6199-IWKGC,46,0,0.014,0.0209,0.0326,Low
6728-DKUCO,72,0,0.014,0.0209,0.0327,Low
7550-WIQVA,50,0,0.0139,0.0209,0.0325,Low
5469-CTCWN,61,1,0.014,0.0209,0.0326,Low
0471-ARVMX,62,0,0.0139,0.0209,0.0325,Low
9076-AXYIK,64,0,0.014,0.0209,0.0326,Low
9978-HYCIN,47,0,0.014,0.0209,0.0327,Low
3424-NMNBO,58,1,0.0139,0.0208,0.0324,Low
5153-LXKDT,68,0,0.0139,0.0208,0.0325,Low
2659-VXMWZ,67,1,0.0139,0.0208,0.0325,Low
5897-ZYEKH,67,0,0.0139,0.0208,0.0325,Low
4829-ZLJTK,72,0,0.0138,0.0207,0.0323,Low
1708-PBBOA,42,0,0.0137,0.0205,0.0319,Low
4598-ZADCK,53,0,0.0137,0.0205,0.032,Low
7416-CKTEP,57,0,0.0136,0.0204,0.0318,Low
7446-SFAOA,37,0,0.0136,0.0204,0.0318,Low
0559-CKHUS,29,0,0.0136,0.0204,0.0318,Low
9447-YPTBX,50,0,0.0136,0.0204,0.0318,Low
4884-LEVMQ,39,0,0.0136,0.0203,0.0317,Low
0318-ZOPWS,49,0,0.0136,0.0203,0.0317,Low
0412-UCCNP,55,0,0.0136,0.0203,0.0317,Low
6188-UXBBR,38,0,0.0136,0.0203,0.0317,Low
6980-CDGFC,67,0,0.0135,0.0203,0.0316,Low
8680-CGLTP,29,0,0.0136,0.0203,0.0317,Low
0442-TDYUO,48,0,0.0136,0.0203,0.0317,Low
2812-REYAT,49,0,0.0136,0.0203,0.0317,Low
3712-PKXZA,61,0,0.0136,0.0203,0.0317,Low
9621-OUPYD,25,0,0.0136,0.0203,0.0317,Low
3556-BVQGL,20,0,0.0136,0.0203,0.0317,Low
0281-CNTZX,63,0,0.0136,0.0203,0.0317,Low
6924-TDGMT,11,0,0.0136,0.0203,0.0317,Low
0374-FIUCA,65,0,0.0136,0.0203,0.0317,Low
3452-FLHYD,25,0,0.0135,0.0203,0.0316,Low
8220-OCUFY,21,0,0.0135,0.0203,0.0316,Low
3154-HMWUU,60,0,0.0136,0.0203,0.0317,Low
5753-QQWPW,28,0,0.0136,0.0203,0.0316,Low
6892-BOGQE,71,0,0.0135,0.0203,0.0316,Low
1042-HFUCW,25,0,0.0135,0.0202,0.0314,Low
7110-BDTWG,71,0,0.0135,0.0202,0.0315,Low
9931-DCEZH,28,0,0.0135,0.0202,0.0315,Low
4999-IEZLT,66,0,0.0135,0.0202,0.0315,Low
8079-XRJRS,65,1,0.0135,0.0202,0.0314,Low
9138-EFSMO,26,0,0.0134,0.0201,0.0313,Low
9959-WOFKT,71,0,0.0134,0.0201,0.0314,Low
6734-PSBAW,72,0,0.0134,0.0201,0.0313,Low
6174-NRBTZ,46,0,0.0135,0.0201,0.0314,Low
1619-YWUBB,68,0,0.0133,0.02,0.0311,Low
3148-AOIQT,69,0,0.0133,0.02,0.0311,Low
5593-SUAOO,24,0,0.0134,0.02,0.0312,Low
4565-NLZBV,71,0,0.0133,0.02,0.0312,Low
4057-FKCZK,58,0,0.0134,0.02,0.0312,Low
0626-QXNGV,72,0,0.0134,0.02,0.0312,Low
0756-MPZRL,46,0,0.0133,0.02,0.0312,Low
4163-NCJAK,46,0,0.0134,0.02,0.0312,Low
1043-YCUTE,56,1,0.0133,0.02,0.0311,Low
0784-GTUUK,62,0,0.0134,0.02,0.0313,Low
7014-ZZXAW,71,0,0.0134,0.02,0.0312,Low
9114-VEPUF,62,0,0.0134,0.02,0.0313,Low
3612-YVGSJ,71,0,0.0134,0.02,0.0312,Low
9964-WBQDJ,71,0,0.0134,0.02,0.0312,Low
2361-FJWNO,40,0,0.0133,0.0199,0.031,Low
1926-QUZNN,72,0,0.0133,0.0199,0.0311,Low
2143-LJULT,67,0,0.0133,0.0199,0.0311,Low
2961-VNFKL,71,0,0.0133,0.0199,0.031,Low
4355-CVPVS,56,0,0.0133,0.0199,0.031,Low
4423-JWZJN,64,0,0.0133,0.0199,0.031,Low
8898-KASCD,39,0,0.0133,0.0199,0.031,Low
6917-FIJHC,72,0,0.0133,0.0199,0.031,Low
0458-HEUZG,13,0,0.0133,0.0199,0.031,Low
2144-ESWKO,43,0,0.0133,0.0199,0.0311,Low
8207-VVMYB,70,0,0.0133,0.0199,0.031,Low
6345-ULYRW,44,1,0.0132,0.0198,0.0309,Low
2809-ILCYT,25,0,0.0133,0.0198,0.031,Low
8417-GSODA,28,0,0.0132,0.0198,0.0309,Low
6265-SXWBU,69,0,0.0132,0.0198,0.0308,Low
0048-LUMLS,37,0,0.0133,0.0198,0.031,Low
6726-NNFWD,71,0,0.0132,0.0198,0.0309,Low
2794-XIMMO,53,1,0.0132,0.0197,0.0308,Low
0218-QNVAS,71,0,0.0131,0.0197,0.0307,Low
3933-DQPWX,50,0,0.0132,0.0197,0.0307,Low
5811-IWXYM,52,0,0.0131,0.0197,0.0307,Low
4826-DXMUP,35,0,0.0131,0.0197,0.0307,Low
7657-DYEPJ,38,1,0.0131,0.0197,0.0307,Low
0516-OOHAR,28,0,0.0131,0.0197,0.0307,Low
3280-MRDOF,30,0,0.0131,0.0197,0.0307,Low
6797-LNAQX,70,1,0.0132,0.0197,0.0307,Low
9139-WQQDY,49,1,0.0131,0.0197,0.0307,Low
4501-UYKBC,46,0,0.0131,0.0197,0.0307,Low
5663-QBGIS,72,0,0.0131,0.0196,0.0306,Low
2088-IEBAU,68,0,0.0131,0.0196,0.0306,Low
6797-UCJHZ,66,0,0.013,0.0195,0.0305,Low
0707-HOVVN,70,0,0.013,0.0195,0.0305,Low
9609-BENEA,35,0,0.013,0.0195,0.0304,Low
4682-BLBUC,44,0,0.013,0.0195,0.0304,Low
8414-OOEEL,66,0,0.013,0.0195,0.0304,Low
6302-JGYRJ,31,1,0.013,0.0195,0.0304,Low
5985-BEHZK,72,0,0.013,0.0195,0.0305,Low
3926-YZVVX,41,0,0.0129,0.0193,0.0301,Low
8587-XYZSF,67,0,0.0129,0.0193,0.0301,Low
6778-JFCMK,24,0,0.0129,0.0193,0.0301,Low
4759-PXTAN,59,0,0.0129,0.0193,0.03,Low
2430-RRYUW,66,0,0.0128,0.0192,0.0299,Low
7253-UVNDW,46,1,0.0128,0.0192,0.0299,Low
7089-XXAYG,25,0,0.0129,0.0192,0.03,Low
6094-ZIVKX,68,0,0.0128,0.0192,0.0299,Low
1139-WUOAH,57,0,0.0128,0.0192,0.0299,Low
7901-IIDQV,24,0,0.0128,0.0192,0.0299,Low
2450-ZKEED,11,0,0.0128,0.0192,0.0299,Low
5944-UGLLK,53,0,0.0128,0.0191,0.0299,Low
1821-BUCWY,30,0,0.0128,0.0191,0.0298,Low
7771-ZONAT,22,0,0.0127,0.0191,0.0298,Low
5993-JSUWV,66,0,0.0127,0.019,0.0296,Low
4445-KWOKW,42,0,0.0127,0.019,0.0296,Low
7228-PAQPD,14,0,0.0127,0.019,0.0297,Low
3205-MXZRA,26,0,0.0127,0.019,0.0297,Low
6968-MHOMU,58,0,0.0127,0.019,0.0296,Low
5762-TJXGK,52,0,0.0127,0.019,0.0297,Low
5756-JYOJT,11,0,0.0126,0.0189,0.0294,Low
5081-NWSUP,10,0,0.0126,0.0189,0.0294,Low
7054-DMVAS,54,0,0.0126,0.0189,0.0294,Low
4568-KNYWR,52,0,0.0126,0.0189,0.0295,Low
7138-GIRSH,50,0,0.0125,0.0188,0.0293,Low
4615-PIVVU,42,0,0.0126,0.0188,0.0294,Low
8985-OOPOS,1,0,0.0125,0.0187,0.0291,Low
0556-FJEGU,58,0,0.0125,0.0187,0.0292,Low
0602-DDUML,57,0,0.0125,0.0187,0.0293,Low
9033-EOXWV,12,1,0.0125,0.0187,0.0291,Low
0771-CHWSK,66,0,0.0124,0.0186,0.0291,Low
1023-BQXZE,57,0,0.0125,0.0186,0.0291,Low
6968-URWQU,43,0,0.0124,0.0186,0.029,Low
3658-QQJYD,62,0,0.0125,0.0186,0.0291,Low
3442-ZHHCC,68,0,0.0124,0.0186,0.029,Low
5232-NXPAY,47,0,0.0124,0.0186,0.0291,Low
0068-FIGTF,27,0,0.0124,0.0186,0.029,Low
8822-KNBHV,48,0,0.0123,0.0185,0.0288,Low
7293-LSCDV,60,0,0.0123,0.0185,0.0288,Low
5859-HZYLF,26,0,0.0123,0.0185,0.0288,Low
0206-OYVOC,46,0,0.0123,0.0185,0.0288,Low
9972-EWRJS,67,0,0.0123,0.0185,0.0288,Low
8080-POTJR,30,0,0.0124,0.0185,0.0289,Low
6023-GSSXW,69,0,0.0123,0.0185,0.0288,Low
3653-NCRDJ,43,0,0.0123,0.0185,0.0288,Low
7758-UJWYS,34,0,0.0123,0.0185,0.0288,Low
0613-WUXUM,70,0,0.0123,0.0185,0.0288,Low
3498-LZGQZ,63,0,0.0123,0.0185,0.0288,Low
6339-RZCBJ,48,0,0.0124,0.0185,0.0289,Low
3410-YOQBQ,31,0,0.0124,0.0185,0.0289,Low
2054-PJOCK,60,0,0.0124,0.0185,0.0289,Low
9945-PSVIP,25,0,0.0124,0.0185,0.0289,Low
2626-VEEWG,67,0,0.0123,0.0184,0.0288,Low
9805-FILKB,46,0,0.0123,0.0184,0.0287,Low
8390-FESFV,62,0,0.0123,0.0184,0.0288,Low
3719-TDVQB,54,0,0.0123,0.0184,0.0287,Low
1776-SPBWV,34,0,0.0123,0.0184,0.0287,Low
8060-HIWJJ,64,0,0.0123,0.0184,0.0287,Low
4821-WQOYN,72,0,0.0123,0.0184,0.0287,Low
6734-JDTTV,65,0,0.0123,0.0184,0.0287,Low
2030-BTZRO,6,0,0.0123,0.0184,0.0287,Low
2138-VFAPZ,14,0,0.0123,0.0184,0.0287,Low
2428-HYUNX,44,0,0.0123,0.0184,0.0287,Low
3078-ZKNTS,13,0,0.0123,0.0184,0.0287,Low
2667-WYLWJ,8,1,0.0123,0.0184,0.0287,Low
5726-CVNYA,8,0,0.0123,0.0184,0.0287,Low
9418-RUKPH,38,0,0.0123,0.0184,0.0287,Low
8143-ETQTI,23,0,0.0123,0.0184,0.0287,Low
0967-BMLBD,11,0,0.0123,0.0184,0.0287,Low
2418-TPEUN,56,0,0.0123,0.0184,0.0287,Low
9950-MTGYX,28,0,0.0123,0.0184,0.0287,Low
2607-DHDAK,72,0,0.0123,0.0184,0.0287,Low
8577-QSOCG,38,0,0.0123,0.0184,0.0287,Low
8763-KIAFH,27,0,0.0123,0.0184,0.0286,Low
2007-QVGAW,68,0,0.0123,0.0184,0.0288,Low
9585-KKMFD,41,0,0.0123,0.0184,0.0287,Low
5296-BFCYD,46,0,0.0123,0.0184,0.0287,Low
3423-HHXAO,14,0,0.0123,0.0184,0.0288,Low
2208-MPXIO,45,0,0.0123,0.0184,0.0287,Low
7729-XBTWX,66,0,0.0123,0.0184,0.0287,Low
5642-MHDQT,53,0,0.0123,0.0184,0.0287,Low
2650-GYRYL,33,0,0.0123,0.0184,0.0288,Low
5902-WBLSE,70,0,0.0123,0.0184,0.0287,Low
7647-GYYKX,54,0,0.0123,0.0184,0.0287,Low
2718-YSKCS,71,0,0.0123,0.0184,0.0288,Low
4302-ZYFEL,69,0,0.0123,0.0184,0.0286,Low
4451-RWASJ,15,0,0.0123,0.0184,0.0288,Low
1085-LDWAM,69,0,0.0123,0.0184,0.0287,Low
3359-DSRKA,58,0,0.0123,0.0184,0.0287,Low
7156-MXBJE,43,0,0.0123,0.0184,0.0288,Low
7301-ABVAD,72,0,0.0123,0.0184,0.0287,Low
9135-HSWOC,64,0,0.0123,0.0184,0.0287,Low
1089-XZWHH,24,0,0.0123,0.0184,0.0287,Low
6518-PPLMZ,53,0,0.0123,0.0184,0.0288,Low
9385-EHGDO,35,0,0.0123,0.0184,0.0287,Low
2181-TIDSV,68,0,0.0123,0.0184,0.0287,Low
2900-PHPLN,70,0,0.0123,0.0184,0.0287,Low
6100-FJZDG,26,0,0.0123,0.0184,0.0287,Low
0506-YLVKJ,46,0,0.0123,0.0184,0.0287,Low
0129-QMPDR,44,0,0.0123,0.0184,0.0286,Low
2796-NNUFI,46,0,0.0123,0.0184,0.0287,Low
2923-ARZLG,0,0,0.0123,0.0184,0.0287,Low
5774-QPLTF,50,0,0.0123,0.0184,0.0287,Low
0508-SQWPL,57,0,0.0123,0.0184,0.0287,Low
1401-FTHFQ,23,0,0.0123,0.0184,0.0287,Low
3654-ARMGP,61,0,0.0123,0.0184,0.0286,Low
1839-FBNFR,39,0,0.0123,0.0184,0.0287,Low
1293-BSEUN,72,0,0.0122,0.0183,0.0286,Low
1004-NOZNR,56,0,0.0122,0.0183,0.0286,Low
7558-IMLMT,67,0,0.0122,0.0183,0.0286,Low
6527-PZFPV,24,0,0.0122,0.0183,0.0286,Low
2888-ADFAO,47,0,0.0122,0.0183,0.0286,Low
6685-XSHHU,60,0,0.0122,0.0183,0.0286,Low
8067-NIOYM,24,0,0.0122,0.0183,0.0286,Low
5266-PFRQK,52,0,0.0122,0.0183,0.0286,Low
1167-OYZJF,67,0,0.0122,0.0183,0.0286,Low
4922-CVPDX,26,0,0.0121,0.0182,0.0284,Low
9378-FXTIZ,54,1,0.0122,0.0182,0.0285,Low
8550-XSXUQ,48,0,0.0122,0.0182,0.0285,Low
2560-QTSBS,72,0,0.0121,0.0182,0.0283,Low
9648-BCHKM,18,0,0.0121,0.0181,0.0282,Low
8028-PNXHQ,62,0,0.0121,0.0181,0.0282,Low
8292-ITGYJ,45,0,0.0121,0.0181,0.0282,Low
2157-MXBJS,13,1,0.0121,0.0181,0.0283,Low
7503-EPSZW,64,0,0.0121,0.0181,0.0283,Low
3967-VQOGC,67,0,0.0121,0.0181,0.0282,Low
2908-WGAXL,56,0,0.0121,0.0181,0.0282,Low
1820-DJFPH,72,0,0.0121,0.0181,0.0283,Low
1897-RCFUM,39,0,0.0121,0.0181,0.0282,Low
4121-AGSIN,58,0,0.0121,0.0181,0.0282,Low
5249-QYHEX,40,0,0.0121,0.0181,0.0282,Low
2995-YWTCD,19,0,0.0121,0.0181,0.0282,Low
2263-SFSQZ,51,0,0.0121,0.0181,0.0282,Low
9178-JHUVJ,24,0,0.0121,0.0181,0.0283,Low
6546-OPBBH,51,0,0.0121,0.0181,0.0283,Low
8450-LUGUK,37,0,0.0121,0.0181,0.0283,Low
6813-GZQCG,45,0,0.0121,0.0181,0.0282,Low
9593-CVZKR,56,0,0.0121,0.0181,0.0282,Low
3120-FAZKD,54,0,0.0121,0.0181,0.0283,Low
8859-AXJZP,39,0,0.0121,0.0181,0.0283,Low
1852-QSWCD,64,0,0.0121,0.0181,0.0282,Low
0804-YGEQV,43,0,0.0121,0.0181,0.0282,Low
1333-PBMXB,54,0,0.0121,0.0181,0.0282,Low
5451-MHQOF,56,0,0.0121,0.0181,0.0282,Low
5220-AGAAX,68,0,0.0121,0.0181,0.0283,Low
3580-GICBM,61,0,0.0121,0.0181,0.0282,Low
4018-PPNDW,61,0,0.0121,0.0181,0.0283,Low
3549-ZTMNH,12,0,0.0121,0.0181,0.0283,Low
7951-QKZPL,33,1,0.0121,0.0181,0.0282,Low
9833-TGFHX,42,0,0.0121,0.0181,0.0282,Low
8807-OPMBM,55,0,0.012,0.018,0.0281,Low
7527-QNRUS,17,0,0.012,0.018,0.0282,Low
6981-TDRFT,44,0,0.012,0.018,0.0281,Low
5256-SKJGO,64,0,0.012,0.018,0.0281,Low
7008-LZVOZ,66,0,0.012,0.018,0.0281,Low
7480-SPLEF,69,0,0.012,0.018,0.0281,Low
7996-BPXHY,13,0,0.012,0.018,0.0282,Low
2799-TSLAG,65,0,0.012,0.018,0.0281,Low
3363-DTIVD,71,0,0.012,0.018,0.028,Low
3325-FUYCG,28,1,0.012,0.018,0.028,Low
8612-GXIDD,12,0,0.012,0.018,0.0281,Low
3727-OVPRY,66,0,0.012,0.018,0.0281,Low
0732-OCQOC,52,0,0.012,0.018,0.0282,Low
0743-HRVFF,51,0,0.012,0.018,0.028,Low
4707-YNOQA,34,0,0.012,0.018,0.0281,Low
5605-XNWEN,72,0,0.012,0.018,0.0281,Low
6024-RUGGH,72,0,0.012,0.018,0.0281,Low
5115-SQAAU,69,0,0.012,0.018,0.0281,Low
5622-UEJFI,35,0,0.012,0.018,0.0281,Low
1982-FEBTD,23,0,0.012,0.018,0.0281,Low
9430-NKQLY,72,0,0.012,0.018,0.0282,Low
3887-PBQAO,45,0,0.012,0.018,0.0281,Low
1696-MZVAU,39,0,0.012,0.018,0.0281,Low
3253-HKOKL,52,0,0.012,0.018,0.0282,Low
4625-XMOYM,72,0,0.012,0.018,0.028,Low
6609-MXJHJ,30,0,0.012,0.018,0.0282,Low
2452-MRMZF,72,0,0.012,0.0179,0.028,Low
9610-WCESF,67,0,0.012,0.0179,0.028,Low
9880-TDQAC,72,0,0.0119,0.0179,0.0279,Low
4111-BNXIF,67,0,0.0119,0.0179,0.0279,Low
9495-REDIY,25,0,0.0119,0.0178,0.0277,Low
6901-GOGZG,60,0,0.0119,0.0178,0.0278,Low
8845-LWKGE,30,0,0.0118,0.0177,0.0277,Low
6598-KELSS,50,0,0.0118,0.0177,0.0276,Low
9309-BZGNT,69,0,0.0118,0.0177,0.0276,Low
9764-REAFF,59,0,0.0117,0.0176,0.0275,Low
2391-IPLOP,50,0,0.0118,0.0176,0.0275,Low
4578-PHJYZ,52,0,0.0118,0.0176,0.0275,Low
6508-NJYRO,15,0,0.0117,0.0176,0.0274,Low
4906-ZHGPK,54,0,0.0117,0.0176,0.0275,Low
6723-CEGQI,65,0,0.0118,0.0176,0.0275,Low
3079-BCHLN,47,0,0.0117,0.0175,0.0273,Low
4933-BSAIP,40,0,0.0117,0.0175,0.0274,Low
5914-GXMDA,32,0,0.0117,0.0175,0.0274,Low
8966-SNIZF,70,0,0.0117,0.0175,0.0273,Low
8747-UDCOI,65,0,0.0117,0.0175,0.0274,Low
6060-QBMGV,70,0,0.0117,0.0175,0.0273,Low
9824-QCJPK,36,0,0.0117,0.0175,0.0273,Low
8672-OAUPW,51,0,0.0117,0.0175,0.0273,Low
0219-QAERP,30,0,0.0117,0.0175,0.0273,Low
8857-CUPFQ,63,0,0.0117,0.0175,0.0274,Low
9766-HGEDE,17,0,0.0117,0.0175,0.0274,Low
5787-KXGIY,72,0,0.0117,0.0175,0.0274,Low
5093-FEGLU,47,0,0.0117,0.0175,0.0273,Low
0404-AHASP,72,0,0.0117,0.0175,0.0273,Low
8285-ABVLB,70,0,0.0117,0.0175,0.0273,Low
4774-HHGGS,30,0,0.0117,0.0175,0.0274,Low
7463-IFMQU,72,0,0.0117,0.0175,0.0273,Low
3778-FOAQW,24,0,0.0117,0.0175,0.0273,Low
1460-UZPRJ,60,0,0.0117,0.0175,0.0273,Low
0621-TSSMU,56,0,0.0117,0.0175,0.0273,Low
9347-AERRL,23,0,0.0117,0.0175,0.0274,Low
3146-JTQHR,10,0,0.0117,0.0175,0.0273,Low
1657-DYMBM,53,0,0.0117,0.0175,0.0273,Low
5821-MMEIL,57,0,0.0117,0.0175,0.0273,Low
1328-EUZHC,18,0,0.0117,0.0175,0.0273,Low
6848-HJTXY,64,0,0.0117,0.0175,0.0273,Low
0704-VCUMB,61,0,0.0117,0.0175,0.0272,Low
1591-XWLGB,71,0,0.0117,0.0175,0.0273,Low
6425-JWTDV,48,0,0.0117,0.0175,0.0274,Low
9548-LERKT,24,0,0.0117,0.0175,0.0273,Low
3910-MRQOY,72,0,0.0117,0.0175,0.0273,Low
6551-VLJMV,34,0,0.0117,0.0175,0.0273,Low
8347-GDTMP,64,0,0.0117,0.0175,0.0273,Low
9732-OUYRN,49,0,0.0117,0.0175,0.0274,Low
6481-LXPWL,56,0,0.0117,0.0175,0.0273,Low
9451-WLYRI,53,0,0.0117,0.0175,0.0274,Low
7602-DBTOU,71,0,0.0117,0.0175,0.0273,Low
1952-DVVSW,10,0,0.0117,0.0175,0.0273,Low
0505-SPOOW,70,0,0.0117,0.0175,0.0273,Low
1439-LCGVL,26,0,0.0117,0.0175,0.0274,Low
8035-BUYVG,40,1,0.0117,0.0175,0.0273,Low
6345-FZOQH,69,0,0.0117,0.0175,0.0273,Low
5474-LAMUQ,24,0,0.0117,0.0175,0.0273,Low
1945-XISKS,67,0,0.0117,0.0175,0.0273,Low
9646-NMHXE,47,0,0.0117,0.0175,0.0273,Low
8540-ZQGEA,54,0,0.0117,0.0175,0.0273,Low
7552-KEYGT,27,0,0.0117,0.0175,0.0273,Low
1680-VDCWW,12,0,0.0117,0.0175,0.0273,Low
0825-CPPQH,71,0,0.0117,0.0175,0.0274,Low
2545-LXYVJ,72,0,0.0116,0.0174,0.0272,Low
8189-DUKMV,4,0,0.0116,0.0174,0.0272,Low
1245-HARPS,14,0,0.0116,0.0174,0.0272,Low
1087-GRUYI,38,0,0.0116,0.0174,0.0272,Low
6156-UZDLF,26,0,0.0116,0.0174,0.0271,Low
8224-UAXBZ,58,0,0.0116,0.0174,0.0271,Low
4092-OFQZS,20,0,0.0116,0.0174,0.0272,Low
1215-EXRMO,50,0,0.0116,0.0174,0.0272,Low
6532-YLWSI,53,1,0.0116,0.0174,0.0272,Low
0048-PIHNL,49,0,0.0116,0.0174,0.0272,Low
6625-FLENO,58,0,0.0116,0.0174,0.0272,Low
7305-ZWMAJ,30,0,0.0116,0.0174,0.0272,Low
2091-GPPIQ,72,0,0.0116,0.0174,0.0272,Low
0936-NQLJU,41,0,0.0116,0.0174,0.0272,Low
7813-TKCVO,20,0,0.0116,0.0174,0.0272,Low
4980-URKXC,36,0,0.0116,0.0174,0.0272,Low
8383-SGHJU,33,0,0.0116,0.0174,0.0272,Low
6574-MCOEH,33,0,0.0116,0.0174,0.0272,Low
8430-TWCBX,49,0,0.0116,0.0174,0.0272,Low
1927-QEWMY,72,0,0.0116,0.0174,0.0272,Low
3594-BDSOA,24,0,0.0116,0.0174,0.0272,Low
8398-TBIYD,72,0,0.0116,0.0174,0.0272,Low
1074-WVEVG,59,0,0.0116,0.0174,0.0272,Low
9209-NWPGU,44,0,0.0115,0.0173,0.027,Low
9386-LDCZR,43,0,0.0116,0.0173,0.027,Low
2724-FJDYW,39,0,0.0116,0.0173,0.027,Low
9560-BBZXK,36,0,0.0115,0.0173,0.027,Low
2192-CKRLV,72,0,0.0115,0.0173,0.0269,Low
7945-HLKEA,60,0,0.0116,0.0173,0.027,Low
9530-GRMJG,70,0,0.0116,0.0173,0.0271,Low
6893-ODYYE,50,0,0.0116,0.0173,0.027,Low
9750-BOOHV,32,0,0.0116,0.0173,0.0271,Low
6586-PSJOX,15,0,0.0116,0.0173,0.027,Low
4785-FCIFB,61,0,0.0115,0.0172,0.0268,Low
9909-DFRJA,26,0,0.0115,0.0172,0.0269,Low
4443-EMBNA,71,0,0.0115,0.0172,0.0268,Low
7161-DFHUF,71,0,0.0115,0.0172,0.0269,Low
0971-QIFJK,69,0,0.0115,0.0172,0.0268,Low
4544-RXFMG,8,0,0.0115,0.0172,0.0269,Low
2632-TACXW,62,0,0.0115,0.0172,0.0269,Low
3768-VHXQO,67,0,0.0114,0.0172,0.0268,Low
7636-PEPNS,58,0,0.0115,0.0172,0.0268,Low
4890-VMUAV,63,0,0.0115,0.0172,0.0268,Low
9207-ZPANB,37,0,0.0115,0.0172,0.0269,Low
8749-TZYEC,72,0,0.0115,0.0172,0.0268,Low
4589-IUAJB,70,0,0.0115,0.0172,0.0268,Low
7115-IRDHS,72,0,0.0115,0.0172,0.0268,Low
7471-WNSUF,60,0,0.0115,0.0172,0.0268,Low
5846-ABOBJ,71,0,0.0115,0.0172,0.0268,Low
6158-DWPZT,9,1,0.0115,0.0172,0.0268,Low
9702-AIUJO,50,0,0.0115,0.0172,0.0268,Low
8237-ULIXL,72,0,0.0114,0.0172,0.0268,Low
2364-UFROM,30,0,0.0115,0.0172,0.0268,Low
2212-LYASK,27,0,0.0114,0.0171,0.0267,Low
2169-RRLFW,71,0,0.0114,0.0171,0.0267,Low
8774-GSBUN,72,0,0.0114,0.0171,0.0267,Low
4231-LZUYM,72,0,0.0114,0.0171,0.0267,Low
9153-BTBVV,71,0,0.0114,0.0171,0.0268,Low
5825-XJOCM,48,0,0.0114,0.0171,0.0267,Low
5724-BIDBU,49,0,0.0114,0.0171,0.0267,Low
3873-WOSBC,67,0,0.0114,0.0171,0.0267,Low
7025-WCBNE,47,0,0.0114,0.0171,0.0267,Low
6370-ZVHDV,61,0,0.0114,0.0171,0.0267,Low
4707-MAXGU,72,0,0.0114,0.0171,0.0267,Low
2706-QZIHY,15,0,0.0114,0.0171,0.0267,Low
9575-IWCAZ,6,0,0.0114,0.0171,0.0268,Low
9432-RUVSL,48,0,0.0114,0.0171,0.0267,Low
3118-UHVVQ,68,0,0.0114,0.0171,0.0267,Low
1241-EZFMJ,61,0,0.0114,0.0171,0.0267,Low
4853-RULSV,70,1,0.0114,0.0171,0.0267,Low
1987-AUELQ,71,0,0.0114,0.0171,0.0268,Low
9891-NQDBD,28,0,0.0114,0.0171,0.0267,Low
5044-XDPYX,51,0,0.0114,0.0171,0.0267,Low
3186-AJIEK,66,0,0.0114,0.0171,0.0267,Low
7055-VKGDA,54,1,0.0114,0.0171,0.0267,Low
2696-RZVZW,68,0,0.0114,0.0171,0.0268,Low
7096-ZNBZI,72,0,0.0114,0.0171,0.0266,Low
4836-WNFNO,72,0,0.0114,0.0171,0.0268,Low
3913-RDSJZ,64,0,0.0114,0.0171,0.0267,Low
2072-ZVJJX,68,0,0.0114,0.0171,0.0267,Low
4312-KFRXN,72,0,0.0114,0.0171,0.0267,Low
6576-FBXOJ,17,0,0.0114,0.0171,0.0267,Low
1099-BTKWT,68,0,0.0114,0.0171,0.0267,Low
3284-SVCRO,45,0,0.0114,0.0171,0.0267,Low
2509-TFPJU,72,0,0.0114,0.0171,0.0267,Low
2651-ZCBXV,54,0,0.0114,0.0171,0.0266,Low
1397-XKKWR,7,0,0.0114,0.0171,0.0267,Low
6010-DDPPW,70,0,0.0114,0.0171,0.0267,Low
3941-XTSKM,42,0,0.0114,0.0171,0.0268,Low
6765-MBQNU,26,0,0.0114,0.0171,0.0267,Low
1073-XXCZD,55,0,0.0114,0.0171,0.0267,Low
3027-YNWZU,64,0,0.0114,0.0171,0.0268,Low
6408-OTUBZ,66,0,0.0114,0.0171,0.0267,Low
6333-YDVLT,65,0,0.0114,0.017,0.0266,Low
9249-FXSCK,52,1,0.0114,0.017,0.0266,Low
9513-DXHDA,27,0,0.0113,0.017,0.0265,Low
1208-DNHLN,23,1,0.0114,0.017,0.0266,Low
2368-GAKKQ,70,0,0.0113,0.017,0.0265,Low
7176-WRTNX,70,0,0.0113,0.017,0.0265,Low
3090-HAWSU,61,1,0.0113,0.017,0.0265,Low
8869-LIHMK,64,0,0.0113,0.017,0.0265,Low
8894-JVDCV,62,0,0.0113,0.017,0.0265,Low
0083-PIVIK,64,0,0.0113,0.017,0.0265,Low
1834-ABKHQ,52,0,0.0113,0.017,0.0265,Low
8144-DGHXP,54,0,0.0113,0.017,0.0265,Low
2731-GJRDG,32,0,0.0114,0.017,0.0266,Low
3642-GKTCT,61,0,0.0113,0.017,0.0265,Low
9786-IJYDL,35,0,0.0113,0.017,0.0265,Low
9896-UYMIE,66,0,0.0113,0.017,0.0265,Low
5183-KLYEM,72,0,0.0113,0.017,0.0265,Low
7055-JCGNI,70,0,0.0113,0.017,0.0265,Low
7994-XIRTR,54,0,0.0113,0.017,0.0265,Low
7997-EASSD,63,0,0.0114,0.017,0.0266,Low
1043-UXOVO,71,0,0.0113,0.017,0.0265,Low
3680-CTHUH,60,0,0.0113,0.0169,0.0264,Low
8199-ZLLSA,67,1,0.0113,0.0169,0.0264,Low
6522-OIQSX,69,0,0.0112,0.0169,0.0263,Low
5651-CRHKQ,41,0,0.0113,0.0169,0.0264,Low
8646-JCOMS,66,0,0.0113,0.0169,0.0263,Low
8259-DZLIZ,64,0,0.0113,0.0169,0.0264,Low
4282-MSACW,68,0,0.0113,0.0169,0.0264,Low
9000-PLFUZ,60,0,0.0113,0.0169,0.0265,Low
0186-CAERR,71,0,0.0113,0.0169,0.0264,Low
3963-RYFNS,72,0,0.0113,0.0169,0.0264,Low
7614-QVWQL,49,1,0.0113,0.0169,0.0264,Low
0373-AIVNJ,9,0,0.0113,0.0169,0.0264,Low
0343-QLUZP,60,0,0.0113,0.0169,0.0264,Low
2863-IMQDR,61,0,0.0112,0.0168,0.0263,Low
6568-POCUI,45,0,0.0112,0.0168,0.0262,Low
2453-SAFNS,54,0,0.0112,0.0168,0.0263,Low
8165-CBKXO,66,0,0.0112,0.0168,0.0262,Low
9589-ABEPT,69,0,0.0112,0.0168,0.0263,Low
0134-XWXCE,44,0,0.0112,0.0168,0.0262,Low
5998-DZLYR,61,0,0.0112,0.0168,0.0262,Low
4091-TVOCN,48,0,0.0112,0.0168,0.0262,Low
5837-LXSDN,21,0,0.0112,0.0168,0.0262,Low
5306-BVTKJ,48,0,0.0112,0.0168,0.0263,Low
6257-DTAYD,71,0,0.0111,0.0167,0.026,Low
7208-PSIHR,70,0,0.0111,0.0167,0.026,Low
6941-KXRRV,48,0,0.0111,0.0167,0.0261,Low
3034-ZBEQN,48,1,0.0111,0.0167,0.026,Low
3282-ZISZV,32,0,0.0111,0.0167,0.026,Low
8715-KKTFG,61,0,0.0111,0.0167,0.026,Low
0815-MFZGM,42,0,0.0112,0.0167,0.0261,Low
8510-TMWYB,54,0,0.0112,0.0167,0.0261,Low
4676-WLUHT,54,0,0.0111,0.0167,0.0261,Low
4686-GEFRM,70,0,0.0112,0.0167,0.0261,Low
1347-KTTTA,64,0,0.0111,0.0167,0.026,Low
5090-EMGTC,59,0,0.0112,0.0167,0.0261,Low
2284-VFLKH,49,0,0.0112,0.0167,0.0261,Low
1360-XFJMR,67,0,0.0111,0.0166,0.0259,Low
0103-CSITQ,57,0,0.0111,0.0166,0.0259,Low
0345-XMMUG,46,0,0.0111,0.0166,0.0259,Low
4350-ZTLPI,53,0,0.0111,0.0166,0.0259,Low
2773-OVBPK,67,0,0.011,0.0166,0.0258,Low
3192-NQECA,68,1,0.0111,0.0166,0.0259,Low
9586-JGQKH,64,0,0.0111,0.0166,0.026,Low
1291-CUOCY,72,0,0.0111,0.0166,0.0259,Low
2692-AQCPF,65,0,0.0111,0.0166,0.0259,Low
4670-TABXH,72,0,0.0111,0.0166,0.0259,Low
3096-YXENJ,65,0,0.0111,0.0166,0.0259,Low
7919-ZODZZ,10,0,0.0111,0.0166,0.0259,Low
7317-GGVPB,71,1,0.0111,0.0166,0.0259,Low
8309-PPCED,72,0,0.0111,0.0166,0.0259,Low
9330-VOFSZ,60,0,0.0111,0.0166,0.0259,Low
4683-WYDOU,62,0,0.0111,0.0166,0.0259,Low
1525-LNLOJ,66,0,0.0111,0.0166,0.026,Low
5168-MQQCA,72,0,0.0111,0.0166,0.0259,Low
9488-FYQAU,63,0,0.0111,0.0166,0.0259,Low
6064-ZATLR,27,0,0.011,0.0165,0.0258,Low
7409-JURKQ,53,0,0.011,0.0165,0.0258,Low
3523-QRQLL,22,1,0.011,0.0165,0.0258,Low
9475-NNDGC,71,0,0.011,0.0165,0.0258,Low
9150-HEPMB,56,0,0.011,0.0165,0.0258,Low
7868-BGSZA,43,0,0.011,0.0165,0.0258,Low
8570-KLJYJ,36,0,0.011,0.0165,0.0257,Low
4751-ERMAN,72,0,0.0109,0.0164,0.0256,Low
9225-BZLNZ,72,0,0.011,0.0164,0.0257,Low
3057-VJJQE,35,0,0.011,0.0164,0.0257,Low
5327-XOKKY,72,0,0.0109,0.0164,0.0256,Low
8109-YUOHE,17,0,0.011,0.0164,0.0256,Low
0533-UCAAU,57,0,0.011,0.0164,0.0256,Low
3259-QMXUN,58,0,0.011,0.0164,0.0257,Low
9926-PJHDQ,72,0,0.0109,0.0164,0.0256,Low
6177-PEVRA,48,0,0.011,0.0164,0.0257,Low
8016-ZMGMO,66,0,0.011,0.0164,0.0256,Low
2188-SXWVT,34,0,0.011,0.0164,0.0257,Low
2039-JONDJ,27,0,0.011,0.0164,0.0257,Low
5575-GNVDE,34,0,0.0109,0.0164,0.0256,Low
1468-DEFNC,64,0,0.0109,0.0163,0.0254,Low
0384-LPITE,40,0,0.0109,0.0163,0.0254,Low
9473-CBZOP,28,0,0.0109,0.0163,0.0255,Low
7921-BEPCI,72,0,0.0109,0.0163,0.0255,Low
3727-OWVYD,35,0,0.0109,0.0163,0.0254,Low
7032-LMBHI,37,0,0.0108,0.0162,0.0253,Low
8166-ZZTFS,66,1,0.0108,0.0162,0.0254,Low
1936-CZAKF,49,0,0.0108,0.0162,0.0252,Low
6625-IUTTT,67,0,0.0108,0.0162,0.0253,Low
0104-PPXDV,58,0,0.0108,0.0161,0.0252,Low
7191-ADRGF,44,0,0.0107,0.016,0.025,Low
8932-CZHRQ,68,0,0.0107,0.016,0.0249,Low
5985-TBABQ,32,0,0.0107,0.016,0.025,Low
1697-LYYYX,61,0,0.0106,0.0159,0.0248,Low
6681-ZSEXG,56,0,0.0106,0.0159,0.0248,Low
2005-DWQZJ,8,0,0.0106,0.0159,0.0248,Low
9565-AXSMR,52,0,0.0106,0.0159,0.0248,Low
7473-ZBDSN,14,0,0.0106,0.0159,0.0248,Low
2933-XEUJM,46,0,0.0106,0.0159,0.0249,Low
4635-EJYPD,32,0,0.0106,0.0159,0.0248,Low
0661-KQHNK,6,0,0.0106,0.0159,0.0248,Low
2967-MXRAV,1,0,0.0106,0.0159,0.0248,Low
1407-DIGZV,3,0,0.0106,0.0159,0.0248,Low
6051-PTVNS,55,0,0.0106,0.0159,0.0248,Low
3457-PQBYH,58,0,0.0105,0.0158,0.0246,Low
3280-NMUVX,34,0,0.0106,0.0158,0.0247,Low
7872-BAAZR,53,0,0.0106,0.0158,0.0247,Low
2749-CTKAJ,22,0,0.0105,0.0158,0.0247,Low
2984-RGEYA,69,0,0.0106,0.0158,0.0247,Low
8314-HTWVE,7,0,0.0105,0.0158,0.0247,Low
8711-LOBKY,59,0,0.0105,0.0158,0.0247,Low
0042-RLHYP,69,0,0.0106,0.0158,0.0247,Low
1834-WULEG,24,0,0.0105,0.0158,0.0246,Low
1052-QJIBV,71,0,0.0105,0.0158,0.0247,Low
8748-HFWBO,19,0,0.0105,0.0158,0.0247,Low
3352-RICWQ,9,0,0.0106,0.0158,0.0247,Low
3170-NMYVV,50,0,0.0105,0.0158,0.0247,Low
1862-QRWPE,48,0,0.0105,0.0158,0.0246,Low
0064-SUDOG,12,0,0.0105,0.0158,0.0246,Low
2146-EGVDT,59,0,0.0106,0.0158,0.0247,Low
1813-JLKWR,64,0,0.0106,0.0158,0.0247,Low
9537-JALFH,69,0,0.0105,0.0158,0.0247,Low
1699-TLDLZ,16,0,0.0106,0.0158,0.0247,Low
3724-BSCVH,10,0,0.0105,0.0158,0.0246,Low
6928-ONTRW,72,0,0.0106,0.0158,0.0247,Low
4742-TXUEX,47,0,0.0106,0.0158,0.0247,Low
7267-FRMJW,25,0,0.0105,0.0158,0.0247,Low
1272-ILHFG,15,0,0.0106,0.0158,0.0247,Low
9067-SQTNS,44,0,0.0105,0.0158,0.0246,Low
1403-LKLIK,33,0,0.0105,0.0158,0.0247,Low
9081-WWXKP,47,0,0.0105,0.0158,0.0246,Low
2150-WLKUW,40,0,0.0105,0.0158,0.0247,Low
3620-EHIMZ,52,0,0.0106,0.0158,0.0247,Low
9424-CMPOG,9,0,0.0106,0.0158,0.0247,Low
9845-QOMAD,14,0,0.0106,0.0158,0.0247,Low
8194-PEEBY,24,0,0.0105,0.0158,0.0247,Low
4644-OBGFZ,55,0,0.0106,0.0158,0.0247,Low
7064-JHXCE,62,0,0.0105,0.0158,0.0247,Low
0486-LGCCH,11,0,0.0106,0.0158,0.0247,Low
8752-IMQOS,5,0,0.0105,0.0158,0.0247,Low
6368-TZZDT,4,0,0.0106,0.0158,0.0247,Low
3451-VAWLI,35,0,0.0106,0.0158,0.0247,Low
2907-ILJBN,11,0,0.0105,0.0158,0.0246,Low
6082-OQFBA,23,0,0.0106,0.0158,0.0247,Low
5562-BETPV,1,0,0.0106,0.0158,0.0247,Low
3642-BYHDO,71,0,0.0105,0.0158,0.0247,Low
7696-CFTAT,37,0,0.0106,0.0158,0.0247,Low
2466-FCCPT,20,0,0.0106,0.0158,0.0247,Low
7033-CLAMM,48,0,0.0105,0.0158,0.0246,Low
2239-CFOUJ,1,0,0.0105,0.0158,0.0246,Low
1574-DYCWE,51,0,0.0105,0.0158,0.0247,Low
3750-YHRYO,7,0,0.0105,0.0158,0.0246,Low
9975-GPKZU,46,0,0.0106,0.0158,0.0247,Low
5057-RKGLH,9,0,0.0105,0.0158,0.0246,Low
6621-NRZAK,63,0,0.0105,0.0158,0.0247,Low
0831-JNISG,71,0,0.0106,0.0158,0.0247,Low
3082-WQRVY,14,0,0.0105,0.0158,0.0246,Low
9938-PRCVK,41,0,0.0106,0.0158,0.0247,Low
9625-RZFUK,63,0,0.0106,0.0158,0.0247,Low
5016-LIPDW,57,0,0.0106,0.0158,0.0247,Low
3190-ITQXP,46,0,0.0105,0.0158,0.0246,Low
7337-CINUD,8,0,0.0106,0.0158,0.0247,Low
1098-KFQEC,55,0,0.0106,0.0158,0.0247,Low
1106-HRLKZ,40,0,0.0106,0.0158,0.0247,Low
3070-FNFZQ,23,0,0.0105,0.0158,0.0246,Low
4518-FZBSX,42,0,0.0105,0.0158,0.0246,Low
5465-BUBFA,41,0,0.0106,0.0158,0.0247,Low
8215-NGSPE,42,0,0.0105,0.0158,0.0247,Low
9371-BITHB,52,0,0.0105,0.0158,0.0247,Low
1561-BWHIN,19,0,0.0106,0.0158,0.0247,Low
3774-VBNXY,64,0,0.0105,0.0158,0.0246,Low
8148-WOCMK,8,0,0.0106,0.0158,0.0247,Low
5970-GHJAW,46,0,0.0105,0.0158,0.0247,Low
6169-PPETC,35,0,0.0105,0.0158,0.0246,Low
1399-OUPJN,57,0,0.0106,0.0158,0.0247,Low
8779-YIQQA,21,0,0.0106,0.0158,0.0247,Low
0794-YVSGE,72,0,0.0105,0.0158,0.0246,Low
2520-SGTTA,0,0,0.0105,0.0158,0.0247,Low
7632-YUTXB,25,0,0.0105,0.0158,0.0247,Low
8884-MRNSU,17,0,0.0105,0.0158,0.0247,Low
4487-ZYJZK,38,0,0.0106,0.0158,0.0247,Low
7634-HLQJR,47,0,0.0105,0.0158,0.0247,Low
4750-UKWJK,37,0,0.0105,0.0158,0.0246,Low
8755-OGKNA,57,0,0.0106,0.0158,0.0247,Low
2819-GWENI,28,0,0.0105,0.0158,0.0247,Low
4464-JCOLN,2,1,0.0105,0.0158,0.0247,Low
5845-BZZIB,35,0,0.0105,0.0158,0.0247,Low
5442-PPTJY,12,0,0.0106,0.0158,0.0247,Low
3173-WSSUE,71,0,0.0106,0.0158,0.0247,Low
1830-IPXVJ,61,0,0.0106,0.0158,0.0247,Low
2236-HILPA,62,0,0.0105,0.0158,0.0246,Low
4697-LUPSU,2,0,0.0105,0.0158,0.0246,Low
0040-HALCW,54,0,0.0105,0.0158,0.0246,Low
6980-IMXXE,69,0,0.0105,0.0158,0.0246,Low
7673-BQGKU,69,0,0.0105,0.0158,0.0247,Low
7677-SJJJK,8,0,0.0105,0.0158,0.0247,Low
2346-LOCWC,58,0,0.0105,0.0158,0.0246,Low
0264-CNITK,71,0,0.0105,0.0158,0.0247,Low
3769-MHZNV,33,0,0.0105,0.0158,0.0247,Low
6582-PLFUU,51,0,0.0106,0.0158,0.0247,Low
4636-TVXVG,62,0,0.0105,0.0158,0.0247,Low
3777-XROBG,58,0,0.0106,0.0158,0.0247,Low
8164-OCKUJ,59,0,0.0105,0.0158,0.0246,Low
0859-YGKFW,18,0,0.0105,0.0158,0.0247,Low
0969-RGKCU,37,0,0.0106,0.0158,0.0247,Low
8434-VGEQQ,61,0,0.0105,0.0158,0.0246,Low
1099-GODLO,1,0,0.0105,0.0158,0.0246,Low
4277-BWBML,72,0,0.0105,0.0158,0.0247,Low
4323-ELYYB,13,0,0.0105,0.0158,0.0247,Low
2987-BJXIK,70,0,0.0106,0.0158,0.0247,Low
4957-SREEC,70,0,0.0105,0.0158,0.0246,Low
2400-FEQME,55,0,0.0105,0.0158,0.0246,Low
5876-QMYLD,23,0,0.0105,0.0158,0.0247,Low
8902-ZEOVF,47,0,0.0105,0.0158,0.0247,Low
8514-VZHEB,59,0,0.0106,0.0158,0.0247,Low
8129-GMVGI,56,0,0.0105,0.0158,0.0247,Low
9170-ARBTB,52,0,0.0106,0.0158,0.0247,Low
2230-XTUWL,48,0,0.0106,0.0158,0.0247,Low
1709-EJDOX,47,0,0.0106,0.0158,0.0247,Low
3678-MNGZX,68,0,0.0105,0.0158,0.0247,Low
9257-AZMTZ,52,0,0.0105,0.0158,0.0247,Low
6340-DACFT,50,0,0.0105,0.0158,0.0246,Low
4955-VCWBI,43,0,0.0105,0.0158,0.0247,Low
0464-WJTKO,72,0,0.0105,0.0158,0.0247,Low
2229-DPMBI,8,0,0.0106,0.0158,0.0247,Low
1934-MKPXS,33,0,0.0105,0.0158,0.0247,Low
1223-UNPKS,20,0,0.0105,0.0158,0.0247,Low
3131-NWVFJ,14,0,0.0106,0.0158,0.0247,Low
3908-MKIMJ,68,0,0.0105,0.0158,0.0246,Low
5647-URDKA,8,0,0.0106,0.0158,0.0247,Low
6563-VRERX,33,0,0.0105,0.0158,0.0246,Low
7061-OVMIM,30,0,0.0106,0.0158,0.0247,Low
4641-FROLU,30,0,0.0106,0.0158,0.0247,Low
0386-CWRGM,46,0,0.0106,0.0158,0.0247,Low
5346-BZCHP,69,0,0.0106,0.0158,0.0247,Low
4537-CIBHB,9,0,0.0105,0.0158,0.0246,Low
4609-KNNWG,27,0,0.0105,0.0158,0.0247,Low
2729-VNVAP,33,0,0.0106,0.0158,0.0247,Low
9800-OUIGR,66,0,0.0105,0.0158,0.0247,Low
7969-FFOWG,65,0,0.0105,0.0158,0.0247,Low
7762-ONLJY,6,0,0.0106,0.0158,0.0247,Low
7876-DNYAP,69,0,0.0106,0.0158,0.0247,Low
0962-CQPWQ,62,0,0.0105,0.0158,0.0246,Low
2266-FUBDZ,15,0,0.0106,0.0158,0.0247,Low
1757-TCATG,35,0,0.0105,0.0158,0.0247,Low
2587-YNLES,6,0,0.0105,0.0158,0.0247,Low
8229-BUJHX,71,0,0.0105,0.0158,0.0246,Low
0754-EEBDC,4,0,0.0105,0.0158,0.0247,Low
0625-AFOHS,29,0,0.0105,0.0158,0.0246,Low
0902-XKXPN,69,0,0.0105,0.0158,0.0246,Low
1270-XKUCC,30,0,0.0106,0.0158,0.0247,Low
0854-UYHZD,13,0,0.0106,0.0158,0.0247,Low
1354-YZFNB,4,0,0.0106,0.0158,0.0247,Low
7601-GNDYK,35,0,0.0106,0.0158,0.0247,Low
1403-GYAFU,70,0,0.0105,0.0158,0.0247,Low
5003-OKNNK,15,0,0.0105,0.0158,0.0246,Low
6248-BSHKG,61,0,0.0105,0.0158,0.0246,Low
4685-TFLLS,18,0,0.0106,0.0158,0.0247,Low
0224-NIJLP,8,0,0.0105,0.0158,0.0247,Low
2075-PUEPR,55,0,0.0106,0.0158,0.0247,Low
0895-LNKRC,6,0,0.0106,0.0158,0.0247,Low
6696-YDAYZ,16,0,0.0105,0.0158,0.0246,Low
3279-DYZQM,71,0,0.0106,0.0158,0.0247,Low
7328-ZJAJO,59,0,0.0106,0.0158,0.0247,Low
8043-PNYSD,63,0,0.0106,0.0158,0.0247,Low
8173-RXAYP,24,0,0.0106,0.0158,0.0247,Low
1064-FBXNK,1,0,0.0105,0.0158,0.0247,Low
5032-USPKF,38,0,0.0106,0.0158,0.0247,Low
8999-EXMNO,19,0,0.0105,0.0158,0.0247,Low
2642-MAWLJ,36,0,0.0105,0.0158,0.0246,Low
1166-PQLGG,72,0,0.0106,0.0158,0.0247,Low
7268-WNTCP,62,0,0.0105,0.0158,0.0246,Low
8590-OHDIW,38,0,0.0105,0.0158,0.0246,Low
1722-LDZJS,53,0,0.0105,0.0158,0.0246,Low
0422-OHQHQ,15,0,0.0105,0.0158,0.0246,Low
1038-ZAGBI,12,1,0.0106,0.0158,0.0247,Low
7850-THJMU,26,0,0.0106,0.0158,0.0247,Low
7644-OMVMY,0,0,0.0105,0.0158,0.0247,Low
8380-MQINP,55,0,0.0105,0.0158,0.0246,Low
8008-OTEZX,35,0,0.0106,0.0158,0.0247,Low
8249-THVEC,51,0,0.0106,0.0158,0.0247,Low
4086-WITJG,71,0,0.0106,0.0158,0.0247,Low
6762-NSODU,46,0,0.0106,0.0158,0.0247,Low
7216-KAOID,41,0,0.0106,0.0158,0.0247,Low
2351-RRBUE,7,0,0.0105,0.0158,0.0246,Low
0354-VXMJC,23,0,0.0106,0.0158,0.0247,Low
5804-JMYIO,39,0,0.0106,0.0158,0.0247,Low
7717-BICXI,60,0,0.0105,0.0158,0.0246,Low
4817-KEQSP,71,0,0.0105,0.0158,0.0247,Low
8917-SZTTJ,60,0,0.0106,0.0158,0.0247,Low
9251-AWQGT,48,0,0.0105,0.0158,0.0247,Low
4632-PAOYU,22,0,0.0105,0.0158,0.0247,Low
4804-NCPET,19,0,0.0105,0.0158,0.0246,Low
6072-NUQCB,22,0,0.0105,0.0158,0.0246,Low
2892-GESUL,18,0,0.0106,0.0158,0.0247,Low
8610-ZIKJJ,2,0,0.0105,0.0158,0.0246,Low
6479-SZPLM,36,0,0.0106,0.0158,0.0247,Low
8750-QWZAJ,70,0,0.0106,0.0158,0.0247,Low
2848-YXSMW,72,0,0.0106,0.0158,0.0247,Low
5242-UOWHD,45,0,0.0105,0.0158,0.0246,Low
8922-NPKBJ,42,0,0.0106,0.0158,0.0247,Low
1494-EJZDW,10,0,0.0105,0.0158,0.0247,Low
9068-FHQHD,40,0,0.0105,0.0158,0.0247,Low
1269-FOYWN,44,0,0.0105,0.0158,0.0247,Low
9867-JCZSP,17,0,0.0105,0.0157,0.0246,Low
4878-BUNFV,42,0,0.0105,0.0157,0.0246,Low
5158-RIVOP,11,0,0.0105,0.0157,0.0246,Low
8727-JQFHV,57,0,0.0105,0.0157,0.0246,Low
0640-YJTPY,72,0,0.0105,0.0157,0.0246,Low
6923-AQONU,23,0,0.0105,0.0157,0.0246,Low
3373-DIUUN,30,0,0.0105,0.0157,0.0245,Low
1843-TLSGD,13,0,0.0105,0.0157,0.0246,Low
6619-RPLQZ,45,0,0.0105,0.0157,0.0246,Low
5480-XTFFL,31,0,0.0105,0.0157,0.0246,Low
8075-GXIUB,9,0,0.0105,0.0157,0.0246,Low
9173-IVZVP,53,0,0.0105,0.0157,0.0246,Low
8966-OIQHG,22,0,0.0105,0.0157,0.0246,Low
6828-HMKWP,12,0,0.0105,0.0157,0.0246,Low
7973-DZRKH,66,0,0.0104,0.0157,0.0244,Low
5793-YOLJN,55,0,0.0105,0.0157,0.0246,Low
5120-ZBLAI,50,0,0.0104,0.0156,0.0243,Low
9769-TSBZE,70,0,0.0104,0.0156,0.0244,Low
0248-PGHBZ,67,0,0.0104,0.0156,0.0243,Low
1207-BLKSA,52,0,0.0104,0.0156,0.0244,Low
0562-HKHML,71,0,0.0104,0.0156,0.0243,Low
3566-CAAYU,64,0,0.0104,0.0156,0.0243,Low
3389-KTRXV,23,0,0.0104,0.0156,0.0243,Low
1555-HAPSU,71,0,0.0104,0.0156,0.0243,Low
4779-ZGICK,48,0,0.0104,0.0156,0.0243,Low
8563-IIOXK,7,1,0.0104,0.0156,0.0244,Low
1599-EAHXY,60,0,0.0104,0.0156,0.0243,Low
8165-ZJRNM,72,0,0.0104,0.0156,0.0243,Low
8966-KZXXA,36,0,0.0103,0.0155,0.0242,Low
3372-CDXFJ,13,0,0.0104,0.0155,0.0242,Low
3957-SQXML,34,0,0.0103,0.0155,0.0242,Low
8780-IHCRN,63,0,0.0104,0.0155,0.0242,Low
3261-CQXOL,71,0,0.0103,0.0155,0.0242,Low
4883-KCPZJ,22,0,0.0103,0.0155,0.0242,Low
3213-VVOLG,0,0,0.0103,0.0155,0.0242,Low
7010-BRBUU,72,0,0.0104,0.0155,0.0243,Low
5968-HYJRZ,47,0,0.0104,0.0155,0.0242,Low
4367-NUYAO,0,0,0.0103,0.0155,0.0241,Low
3088-FVYWK,53,0,0.0103,0.0155,0.0242,Low
4116-IQRFR,4,0,0.0104,0.0155,0.0243,Low
8874-EJNSR,39,0,0.0103,0.0155,0.0242,Low
6857-TKDJV,67,0,0.0104,0.0155,0.0242,Low
3810-PJUHR,70,0,0.0103,0.0155,0.0242,Low
0485-ZBSLN,65,0,0.0104,0.0155,0.0242,Low
6285-FTQBF,72,0,0.0103,0.0155,0.0242,Low
0071-NDAFP,25,0,0.0103,0.0155,0.0242,Low
0269-XFESX,23,0,0.0104,0.0155,0.0243,Low
3283-WCWXT,6,0,0.0103,0.0155,0.0242,Low
2808-CHTDM,23,0,0.0103,0.0155,0.0242,Low
6963-KQYQB,70,0,0.0104,0.0155,0.0243,Low
3896-ZVNET,24,0,0.0104,0.0155,0.0242,Low
7089-RKVSZ,8,0,0.0104,0.0155,0.0243,Low
9574-BOSMD,68,0,0.0103,0.0155,0.0242,Low
7711-GQBZC,71,0,0.0104,0.0155,0.0242,Low
2207-RYYRL,52,0,0.0104,0.0155,0.0242,Low
4896-CPRPF,35,0,0.0103,0.0155,0.0242,Low
5549-ZGHFB,50,0,0.0103,0.0155,0.0242,Low
6096-EGVTU,64,0,0.0103,0.0155,0.0242,Low
8946-BFWSG,63,0,0.0103,0.0155,0.0242,Low
8224-KDLKN,72,0,0.0103,0.0155,0.0242,Low
4652-ODEVH,45,0,0.0104,0.0155,0.0243,Low
1734-ZMNTZ,11,0,0.0103,0.0155,0.0242,Low
0480-KYJVA,72,0,0.0104,0.0155,0.0243,Low
6754-LZUKA,61,0,0.0103,0.0155,0.0242,Low
5854-KSRBJ,70,0,0.0103,0.0155,0.0242,Low
0402-OAMEN,72,0,0.0104,0.0155,0.0243,Low
3129-AAQOU,19,0,0.0103,0.0155,0.0242,Low
6770-UAYGJ,49,0,0.0103,0.0155,0.0242,Low
4979-HPRFL,56,0,0.0104,0.0155,0.0243,Low
5322-ZSMZY,31,0,0.0103,0.0155,0.0241,Low
9650-VBUOG,38,0,0.0103,0.0155,0.0242,Low
5195-KPUNQ,53,0,0.0103,0.0155,0.0242,Low
7684-XSZIY,72,0,0.0104,0.0155,0.0243,Low
4538-WNTMJ,46,0,0.0103,0.0155,0.0242,Low
1299-AURJA,70,0,0.0104,0.0155,0.0242,Low
0394-YONDK,70,0,0.0103,0.0155,0.0242,Low
4584-LBNMK,45,0,0.0103,0.0155,0.0241,Low
3935-TBRZZ,44,0,0.0103,0.0155,0.0241,Low
3472-QPRCH,40,0,0.0103,0.0155,0.0242,Low
7980-MHFLQ,72,0,0.0103,0.0155,0.0242,Low
0174-QRVVY,71,0,0.0103,0.0155,0.0242,Low
5884-FBCTL,72,0,0.0103,0.0155,0.0242,Low
1248-DYXUB,52,0,0.0103,0.0155,0.0242,Low
6181-AXXYF,72,0,0.0104,0.0155,0.0242,Low
0603-TPMIB,59,0,0.0103,0.0155,0.0242,Low
1092-WPIVQ,18,0,0.0103,0.0155,0.0242,Low
2302-OUZXB,72,0,0.0103,0.0155,0.0241,Low
3460-TJBWI,24,0,0.0104,0.0155,0.0243,Low
2208-NKVVH,43,0,0.0104,0.0155,0.0243,Low
2165-VOEGB,46,1,0.0103,0.0155,0.0241,Low
8277-RVRSV,33,0,0.0104,0.0155,0.0243,Low
7225-IILWY,68,0,0.0103,0.0155,0.0241,Low
8735-SDUFN,72,0,0.0103,0.0155,0.0242,Low
1131-QQZEB,71,0,0.0103,0.0155,0.0242,Low
4193-IBKSW,72,0,0.0104,0.0155,0.0242,Low
4195-PNGZS,69,0,0.0104,0.0155,0.0243,Low
8532-UEFWH,52,0,0.0103,0.0155,0.0241,Low
4534-WGCIR,58,0,0.0103,0.0155,0.0242,Low
5201-CBWYG,62,0,0.0103,0.0155,0.0242,Low
5197-YPYBZ,12,0,0.0103,0.0155,0.0242,Low
6976-BWGLQ,72,0,0.0103,0.0155,0.0242,Low
8065-QBYTO,71,0,0.0103,0.0155,0.0242,Low
2511-ALLCS,35,0,0.0104,0.0155,0.0243,Low
9108-EQPNQ,10,0,0.0103,0.0154,0.0241,Low
1080-BWSYE,64,0,0.0103,0.0154,0.0241,Low
2050-ONYDQ,65,0,0.0103,0.0154,0.0241,Low
9933-QRGTX,60,0,0.0103,0.0154,0.024,Low
8024-XNAFQ,72,0,0.0103,0.0154,0.024,Low
8595-SIZNC,22,0,0.0103,0.0154,0.0241,Low
3836-FZSDJ,71,0,0.0103,0.0154,0.0241,Low
6614-YWYSC,61,0,0.0103,0.0154,0.0241,Low
6925-BAYGL,53,0,0.0103,0.0154,0.0241,Low
1635-NZATJ,71,0,0.0103,0.0154,0.0241,Low
9838-BFCQT,72,0,0.0103,0.0154,0.0241,Low
6950-TWMYB,54,0,0.0103,0.0154,0.0241,Low
5056-FIMPT,43,0,0.0103,0.0154,0.0241,Low
8332-OSJDW,12,0,0.0103,0.0154,0.0241,Low
2898-LSJGD,21,1,0.0103,0.0154,0.0241,Low
5939-SXWHM,48,0,0.0103,0.0154,0.0241,Low
6199-IPCAO,29,0,0.0103,0.0154,0.0241,Low
6651-RLGGM,67,0,0.0103,0.0154,0.0241,Low
2868-LLSKM,68,0,0.0102,0.0153,0.024,Low
4118-CEVPF,35,0,0.0102,0.0153,0.0239,Low
6668-CNMFP,19,0,0.0102,0.0153,0.0238,Low
3733-UOCWF,61,0,0.0102,0.0153,0.0238,Low
7781-EWARA,70,0,0.0102,0.0153,0.0239,Low
2153-MREFK,37,1,0.0102,0.0153,0.024,Low
8267-ZNYVZ,33,1,0.0102,0.0153,0.0239,Low
8232-CTLKO,66,0,0.0102,0.0153,0.024,Low
9695-IDRZR,34,0,0.0102,0.0153,0.0239,Low
6341-AEVKX,62,0,0.0102,0.0153,0.0238,Low
9711-FJTBX,56,0,0.0102,0.0153,0.0239,Low
3244-CQPHU,72,0,0.0102,0.0153,0.0239,Low
7923-IYJWY,67,0,0.0102,0.0153,0.0238,Low
3374-TTZTK,52,0,0.0102,0.0152,0.0238,Low
1063-DHQJF,69,0,0.0102,0.0152,0.0238,Low
8465-SBRXP,38,0,0.0101,0.0152,0.0237,Low
1527-SXDPN,52,1,0.0101,0.0152,0.0237,Low
2323-ARSVR,67,0,0.0101,0.0152,0.0237,Low
7710-JSYOA,69,0,0.0101,0.0152,0.0237,Low
6904-JLBGY,72,0,0.0102,0.0152,0.0238,Low
3571-DPYUH,58,0,0.0101,0.0152,0.0237,Low
3199-NPKCN,67,0,0.0101,0.0152,0.0237,Low
9356-AXGMP,38,0,0.0101,0.0152,0.0237,Low
3850-OKINF,71,0,0.0101,0.0152,0.0237,Low
3584-WKTTW,51,0,0.0101,0.0152,0.0237,Low
6244-BESBM,69,0,0.0101,0.0152,0.0237,Low
0036-IHMOT,55,0,0.01,0.0151,0.0235,Low
1543-LLLFT,61,0,0.0101,0.0151,0.0235,Low
2995-UPRYS,40,1,0.0101,0.0151,0.0235,Low
7730-CLDSV,72,0,0.0101,0.0151,0.0236,Low
0960-HUWBM,65,0,0.01,0.0151,0.0235,Low
1229-RCALF,64,0,0.0101,0.0151,0.0236,Low
8263-QMNTJ,72,0,0.0101,0.0151,0.0236,Low
5269-NRGDP,42,0,0.0101,0.0151,0.0235,Low
2805-EDJPQ,56,0,0.0101,0.0151,0.0236,Low
1131-SUEKT,61,0,0.0101,0.0151,0.0236,Low
0106-UGRDO,69,0,0.0101,0.0151,0.0236,Low
8879-XUAHX,71,0,0.0101,0.0151,0.0236,Low
7856-GANIL,45,0,0.0101,0.0151,0.0235,Low
7375-WMVMT,71,0,0.0101,0.0151,0.0236,Low
9154-QDGTH,43,0,0.01,0.0151,0.0235,Low
0862-PRCBS,68,0,0.01,0.0151,0.0235,Low
4816-OKWNX,50,0,0.0101,0.0151,0.0235,Low
3612-YUNGG,64,0,0.01,0.015,0.0234,Low
8561-NMTBD,67,0,0.01,0.015,0.0234,Low
7544-ZVIKX,58,0,0.01,0.015,0.0235,Low
1017-FBQMM,62,0,0.01,0.015,0.0235,Low
0266-CLZKZ,67,0,0.01,0.015,0.0235,Low
6386-SZZKH,49,1,0.01,0.015,0.0234,Low
0253-ZTEOB,48,0,0.01,0.015,0.0234,Low
8311-UEUAB,67,0,0.01,0.015,0.0235,Low
4355-HBJHH,67,1,0.01,0.015,0.0234,Low
3022-BEXHZ,67,0,0.01,0.015,0.0234,Low
4567-AKPIA,41,0,0.01,0.015,0.0234,Low
8213-TAZPM,69,0,0.01,0.015,0.0234,Low
6425-YQLLO,66,1,0.01,0.015,0.0234,Low
8901-UPRHR,72,0,0.01,0.015,0.0234,Low
4616-ULAOA,65,0,0.01,0.015,0.0234,Low
7446-KQISO,45,0,0.01,0.015,0.0234,Low
9659-ZTWSM,66,0,0.01,0.015,0.0234,Low
8777-MBMTS,65,0,0.01,0.015,0.0234,Low
4323-OHFOW,70,0,0.01,0.015,0.0234,Low
7255-SSFBC,72,0,0.01,0.015,0.0234,Low
3597-YASZG,70,0,0.01,0.015,0.0234,Low
6723-WSNTY,66,0,0.01,0.0149,0.0233,Low
5304-EFJLP,72,0,0.0099,0.0149,0.0233,Low
5440-FLBQG,69,1,0.01,0.0149,0.0233,Low
2499-AJYUA,72,0,0.01,0.0149,0.0233,Low
6693-DJWTY,35,0,0.0099,0.0149,0.0232,Low
1162-ECVII,72,0,0.01,0.0149,0.0233,Low
0670-ANMUU,71,0,0.0099,0.0148,0.0231,Low
9570-KYEUA,64,0,0.0098,0.0148,0.023,Low
6584-VQMYT,27,0,0.0099,0.0148,0.0232,Low
6388-TABGU,62,0,0.0099,0.0148,0.0232,Low
4611-ANLQC,60,0,0.0099,0.0148,0.0231,Low
7105-BENQF,15,0,0.0098,0.0147,0.0229,Low
0565-JUPYD,63,0,0.0098,0.0147,0.0229,Low
5386-THSLQ,66,0,0.0098,0.0147,0.0229,Low
1337-BOZWO,18,0,0.0098,0.0147,0.0229,Low
5792-JALQC,52,0,0.0098,0.0147,0.023,Low
4223-BKEOR,21,0,0.0098,0.0147,0.0229,Low
0320-DWVTU,53,0,0.0098,0.0147,0.023,Low
8670-ERCJH,72,0,0.0097,0.0146,0.0228,Low
6504-VBLFL,55,0,0.0097,0.0146,0.0228,Low
3115-JPJDD,59,0,0.0098,0.0146,0.0228,Low
0254-WWRKD,67,0,0.0097,0.0146,0.0228,Low
5574-NXZIU,63,0,0.0098,0.0146,0.0229,Low
6480-YAGIY,45,0,0.0097,0.0146,0.0228,Low
2904-GGUAZ,72,0,0.0097,0.0146,0.0228,Low
8865-TNMNX,10,0,0.0097,0.0146,0.0228,Low
0980-FEXWF,26,0,0.0097,0.0146,0.0228,Low
1557-EMYVT,43,0,0.0097,0.0146,0.0227,Low
1936-UAFEH,68,0,0.0098,0.0146,0.0228,Low
7570-WELNY,68,0,0.0097,0.0146,0.0228,Low
0201-OAMXR,70,1,0.0097,0.0146,0.0227,Low
8454-AATJP,72,0,0.0097,0.0146,0.0227,Low
6655-LHBYW,50,0,0.0097,0.0146,0.0228,Low
0022-TCJCI,45,1,0.0098,0.0146,0.0229,Low
3508-CFVZL,71,0,0.0097,0.0146,0.0228,Low
5297-MDOIR,63,0,0.0098,0.0146,0.0228,Low
5062-CJJKH,25,0,0.0097,0.0145,0.0227,Low
6481-OGDOO,67,1,0.0097,0.0145,0.0226,Low
3863-IUBJR,12,1,0.0097,0.0145,0.0227,Low
6061-GWWAV,41,0,0.0097,0.0145,0.0227,Low
8871-JLMHM,68,0,0.0097,0.0145,0.0226,Low
4374-YMUSQ,34,0,0.0097,0.0145,0.0227,Low
2511-MORQY,50,0,0.0097,0.0145,0.0226,Low
4039-PIMHX,49,0,0.0097,0.0145,0.0227,Low
9053-JZFKV,67,1,0.0097,0.0145,0.0227,Low
1325-USMEC,70,0,0.0096,0.0144,0.0224,Low
2190-PHBHR,72,0,0.0096,0.0144,0.0225,Low
2434-EEVDB,64,0,0.0096,0.0144,0.0225,Low
5294-IMHHT,53,0,0.0096,0.0144,0.0225,Low
5327-CNLUQ,48,0,0.0096,0.0144,0.0225,Low
1810-BOHSY,51,0,0.0096,0.0144,0.0225,Low
4049-ZPALD,64,0,0.0096,0.0144,0.0224,Low
6176-YJWAS,72,0,0.0096,0.0144,0.0225,Low
5161-XEUVX,37,0,0.0096,0.0144,0.0225,Low
5678-VFNEQ,71,0,0.0095,0.0143,0.0223,Low
6766-HFKLA,56,0,0.0095,0.0143,0.0224,Low
5802-ADBRC,50,0,0.0095,0.0143,0.0223,Low
8402-EIVQS,67,0,0.0096,0.0143,0.0224,Low
7105-MXJLL,26,0,0.0095,0.0143,0.0223,Low
0757-WCUUZ,54,0,0.0095,0.0143,0.0223,Low
0392-BZIUW,72,0,0.0095,0.0143,0.0223,Low
5285-MVEHD,56,0,0.0095,0.0143,0.0223,Low
8395-ETZKQ,68,0,0.0095,0.0143,0.0223,Low
9651-GTSAQ,53,1,0.0095,0.0143,0.0223,Low
6050-FFXES,69,0,0.0095,0.0143,0.0223,Low
9640-ZSLDC,53,0,0.0096,0.0143,0.0224,Low
8952-WCVCD,41,0,0.0095,0.0143,0.0223,Low
7762-URZQH,66,1,0.0095,0.0143,0.0223,Low
4455-BFSPD,61,0,0.0096,0.0143,0.0224,Low
5915-DGNVC,49,0,0.0096,0.0143,0.0224,Low
8823-RLPWL,72,0,0.0095,0.0142,0.0222,Low
2266-SJNAT,72,0,0.0095,0.0142,0.0222,Low
3996-ZNWYK,71,0,0.0095,0.0142,0.0222,Low
5140-FOMCQ,59,0,0.0095,0.0142,0.0223,Low
5756-OZRIO,61,0,0.0095,0.0142,0.0222,Low
0409-WTMPL,58,0,0.0095,0.0142,0.0222,Low
5795-KTGUD,68,0,0.0095,0.0142,0.0222,Low
1338-CECEE,41,0,0.0095,0.0142,0.0222,Low
5089-IFSDP,58,1,0.0095,0.0142,0.0222,Low
7285-KLOTR,12,0,0.0095,0.0142,0.0222,Low
7108-DGVUU,21,0,0.0094,0.0141,0.022,Low
9086-YJYXS,34,0,0.0094,0.014,0.0219,Low
4000-VGMQP,38,0,0.0094,0.014,0.0219,Low
7696-AMHOD,49,0,0.0094,0.014,0.0219,Low
5321-NTRKC,66,0,0.0093,0.014,0.0219,Low
0607-MVMGC,45,0,0.0094,0.014,0.0219,Low
8752-GHJFU,71,0,0.0093,0.0139,0.0217,Low
8166-ORCHU,33,0,0.0093,0.0139,0.0217,Low
9938-TKDGL,68,0,0.0092,0.0139,0.0217,Low
2931-VUVJN,59,0,0.0093,0.0139,0.0217,Low
7005-CYUIL,71,0,0.0092,0.0138,0.0216,Low
8849-PRIQJ,67,0,0.0092,0.0137,0.0215,Low
5271-YNWVR,68,1,0.0091,0.0137,0.0214,Low
6993-YCOBK,60,0,0.0092,0.0137,0.0215,Low
9758-MFWGD,48,0,0.0092,0.0137,0.0215,Low
8015-IHCGW,72,0,0.0091,0.0137,0.0214,Low
9127-FHJBZ,72,0,0.0091,0.0137,0.0214,Low
4806-DXQCE,70,0,0.0091,0.0136,0.0213,Low
8433-WPJTV,65,0,0.009,0.0136,0.0212,Low
1297-VQDRP,68,0,0.009,0.0135,0.0211,Low
3224-DFQNQ,66,0,0.0089,0.0133,0.0208,Low
4884-TVUQF,57,0,0.0088,0.0133,0.0207,Low
2550-AEVRU,57,0,0.0089,0.0133,0.0208,Low
8133-ANHHJ,49,0,0.0088,0.0132,0.0207,Low
6421-SZVEM,28,0,0.0088,0.0132,0.0206,Low
1599-MMYRQ,62,0,0.0088,0.0132,0.0206,Low
3301-VKTGC,68,0,0.0088,0.0132,0.0206,Low
4627-MIHJH,69,0,0.0088,0.0132,0.0206,Low
4198-VFOEA,12,0,0.0088,0.0132,0.0206,Low
5294-CDGWY,51,1,0.0088,0.0132,0.0206,Low
5989-OMNJE,24,0,0.0088,0.0132,0.0207,Low
4513-CXYIX,71,0,0.0088,0.0132,0.0206,Low
5566-SOEZD,27,0,0.0088,0.0132,0.0207,Low
6047-SUHPR,39,0,0.0088,0.0132,0.0206,Low
9995-HOTOH,63,0,0.0088,0.0132,0.0206,Low
2330-PQGDQ,51,0,0.0088,0.0132,0.0206,Low
3258-SYSWS,72,0,0.0088,0.0131,0.0205,Low
1904-WAJAA,24,0,0.0087,0.0131,0.0205,Low
7432-FFVAR,46,0,0.0087,0.0131,0.0204,Low
9548-ZMVTX,72,0,0.0087,0.0131,0.0205,Low
8406-LNMHF,59,0,0.0088,0.0131,0.0205,Low
9220-ZNKJI,55,0,0.0087,0.0131,0.0204,Low
0121-SNYRK,50,0,0.0087,0.0131,0.0205,Low
2294-SALNE,23,0,0.0088,0.0131,0.0205,Low
5149-CUZUJ,28,0,0.0087,0.0131,0.0204,Low
9101-BWFSS,50,1,0.0087,0.0131,0.0204,Low
7325-ENZFI,39,0,0.0086,0.013,0.0203,Low
9254-RBFON,17,1,0.0087,0.013,0.0203,Low
3891-NLXJB,37,0,0.0086,0.013,0.0203,Low
1545-ACTAS,48,0,0.0087,0.013,0.0203,Low
6849-OYAMU,19,1,0.0087,0.013,0.0203,Low
1591-MQJTP,51,0,0.0087,0.013,0.0203,Low
2380-DAMQP,72,0,0.0087,0.013,0.0203,Low
1265-XTECC,68,1,0.0086,0.013,0.0203,Low
8008-ESFLK,53,0,0.0087,0.013,0.0204,Low
0580-PIQHM,41,0,0.0086,0.013,0.0202,Low
3096-WPXBT,61,0,0.0086,0.013,0.0203,Low
4654-GGUII,18,0,0.0087,0.013,0.0203,Low
6242-SGYTS,62,0,0.0087,0.013,0.0204,Low
5887-IKKYO,58,0,0.0087,0.013,0.0204,Low
3392-EHMNK,67,0,0.0087,0.013,0.0204,Low
2969-WGHQO,7,0,0.0087,0.013,0.0203,Low
5197-PYEPU,42,0,0.0087,0.013,0.0204,Low
4742-DRORA,60,0,0.0087,0.013,0.0204,Low
3468-DRVQJ,10,0,0.0087,0.013,0.0203,Low
8769-KKTPH,63,0,0.0087,0.013,0.0203,Low
7663-CUXZB,59,0,0.0087,0.013,0.0203,Low
7182-OVLBJ,62,0,0.0086,0.013,0.0203,Low
6435-VWCCY,65,0,0.0087,0.013,0.0203,Low
8639-NHQEI,72,0,0.0087,0.013,0.0204,Low
3230-JCNZS,71,0,0.0087,0.013,0.0203,Low
0401-WDBXM,72,0,0.0086,0.0129,0.0202,Low
1679-JRFBR,70,0,0.0086,0.0129,0.0201,Low
7789-HKSBS,42,0,0.0086,0.0129,0.0201,Low
0810-BDHAW,24,0,0.0086,0.0129,0.0201,Low
6048-UWKAL,69,0,0.0086,0.0129,0.0201,Low
5696-CEIQJ,67,0,0.0086,0.0129,0.0202,Low
3407-JMJQQ,71,0,0.0086,0.0129,0.0201,Low
7516-GMHUV,50,0,0.0086,0.0129,0.0201,Low
4199-QHJNM,67,0,0.0086,0.0129,0.0201,Low
4378-MYPGO,68,0,0.0086,0.0129,0.0202,Low
8745-PVESG,57,0,0.0086,0.0129,0.0202,Low
3324-OIRTO,71,0,0.0086,0.0129,0.0202,Low
4800-CZMPC,48,1,0.0086,0.0129,0.0202,Low
2931-XIQBR,50,0,0.0086,0.0129,0.0202,Low
6616-AALSR,65,0,0.0086,0.0129,0.0202,Low
2878-RMWXY,72,0,0.0086,0.0129,0.0202,Low
3865-YIOTT,72,0,0.0086,0.0129,0.0202,Low
1442-OKRJE,66,0,0.0086,0.0129,0.0202,Low
2830-LEWOA,61,0,0.0086,0.0129,0.0202,Low
0562-KBDVM,70,0,0.0086,0.0129,0.0201,Low
7274-CGTOD,62,0,0.0086,0.0129,0.0201,Low
5136-KCKGI,33,1,0.0086,0.0129,0.0202,Low
4676-MQUEA,50,0,0.0086,0.0129,0.0202,Low
7030-FZTFM,72,0,0.0086,0.0129,0.0201,Low
3580-HYCSP,72,0,0.0086,0.0129,0.0201,Low
2056-EVGZL,68,0,0.0086,0.0129,0.0202,Low
9625-QNLUX,68,0,0.0086,0.0129,0.0202,Low
1320-GVNHT,72,0,0.0086,0.0129,0.0201,Low
8780-YRMTT,66,0,0.0085,0.0128,0.02,Low
3518-FSTWG,72,0,0.0086,0.0128,0.02,Low
3786-WOVKF,72,0,0.0086,0.0128,0.0201,Low
1960-UOTYM,52,0,0.0086,0.0128,0.0201,Low
5481-NTDOH,67,0,0.0086,0.0128,0.0201,Low
4909-JOUPP,72,0,0.0085,0.0128,0.02,Low
2773-MADBQ,36,0,0.0084,0.0127,0.0198,Low
7605-BDWDC,31,0,0.0085,0.0127,0.0199,Low
0979-MOZQI,62,0,0.0084,0.0127,0.0198,Low
4702-HDRKD,67,0,0.0085,0.0127,0.0199,Low
9411-TPQQV,40,0,0.0084,0.0126,0.0197,Low
1877-HKBQX,11,0,0.0084,0.0126,0.0197,Low
1206-EHBDD,56,0,0.0084,0.0126,0.0196,Low
1837-YQUCE,70,0,0.0084,0.0126,0.0196,Low
1813-JYWTO,72,0,0.0084,0.0126,0.0196,Low
0336-KXKFK,72,0,0.0083,0.0125,0.0195,Low
6505-OZNPG,6,0,0.0083,0.0125,0.0195,Low
5862-BRIXZ,46,0,0.0083,0.0125,0.0196,Low
3489-VSFRD,56,0,0.0083,0.0125,0.0196,Low
7596-ZYWBB,65,0,0.0084,0.0125,0.0196,Low
4967-WPNCF,72,0,0.0083,0.0125,0.0195,Low
4565-EVZMJ,47,0,0.0084,0.0125,0.0196,Low
8404-VIOMB,66,0,0.0083,0.0125,0.0195,Low
9670-BPNXF,45,0,0.0083,0.0125,0.0195,Low
8869-TORSS,48,1,0.0083,0.0125,0.0196,Low
5317-FLPJF,66,0,0.0083,0.0125,0.0195,Low
8626-PTQGE,69,0,0.0084,0.0125,0.0196,Low
4381-MHQDC,47,0,0.0083,0.0124,0.0194,Low
0866-QLSIR,34,1,0.0083,0.0124,0.0195,Low
1696-HXOWK,71,0,0.0083,0.0124,0.0193,Low
8908-NMQTX,72,0,0.0083,0.0124,0.0194,Low
5614-DNZCE,58,0,0.0083,0.0124,0.0194,Low
8990-YOZLV,69,0,0.0083,0.0124,0.0194,Low
4872-VXRIL,56,0,0.0083,0.0124,0.0194,Low
8226-BXGES,64,0,0.0083,0.0124,0.0195,Low
0983-TATYJ,33,0,0.0082,0.0124,0.0193,Low
8738-JOKAR,42,0,0.0083,0.0124,0.0194,Low
1221-GHZEP,62,0,0.0083,0.0124,0.0194,Low
4079-WWQQQ,72,0,0.0083,0.0124,0.0194,Low
3181-VTHOE,70,0,0.0082,0.0124,0.0193,Low
1866-NXPSP,36,0,0.0082,0.0123,0.0192,Low
1676-MQAOA,72,0,0.0082,0.0123,0.0192,Low
3705-RHRFR,69,0,0.0082,0.0123,0.0193,Low
6169-PGNCD,57,0,0.0082,0.0123,0.0192,Low
8331-ZXFOE,58,0,0.0082,0.0123,0.0193,Low
1661-CZBAU,48,0,0.0082,0.0123,0.0193,Low
9359-UGBTK,67,0,0.0082,0.0123,0.0193,Low
0674-GCDXG,63,0,0.0082,0.0123,0.0193,Low
6211-WWLTF,63,0,0.0082,0.0123,0.0193,Low
7841-FCRQD,33,0,0.0082,0.0123,0.0192,Low
6384-VMJHP,72,0,0.0082,0.0123,0.0192,Low
5781-BKHOP,72,0,0.0082,0.0123,0.0193,Low
0930-EHUZA,36,0,0.0082,0.0123,0.0192,Low
4868-AADLV,66,0,0.0082,0.0123,0.0192,Low
9200-NLNPD,56,0,0.0082,0.0123,0.0192,Low
1264-FUHCX,49,0,0.0082,0.0123,0.0192,Low
8849-GYOKR,54,1,0.0082,0.0123,0.0192,Low
3858-XHYJO,40,0,0.0082,0.0123,0.0192,Low
0565-IYCGT,69,1,0.0082,0.0122,0.0191,Low
5680-LQOGP,68,0,0.0081,0.0122,0.019,Low
6194-HBGQN,51,0,0.0081,0.0122,0.0191,Low
6198-PNNSZ,56,0,0.0081,0.0122,0.0191,Low
9110-HSGTV,69,0,0.0081,0.0122,0.019,Low
6741-QRLUP,63,0,0.0081,0.0122,0.0191,Low
8879-ZKJOF,41,0,0.0081,0.0122,0.0191,Low
3474-BAFSJ,57,0,0.0082,0.0122,0.0191,Low
3696-XRIEN,50,0,0.0081,0.0122,0.019,Low
9955-QOPOY,69,0,0.0081,0.0122,0.019,Low
0440-EKDCF,62,0,0.0081,0.0122,0.0191,Low
3911-RSNHI,71,0,0.0081,0.0122,0.019,Low
9152-AMKAK,6,0,0.0081,0.0122,0.0191,Low
0795-GMVQO,67,0,0.0081,0.0122,0.0191,Low
1972-XMUWV,65,0,0.0081,0.0122,0.0191,Low
4671-VJLCL,63,0,0.0081,0.0122,0.0191,Low
7639-LIAYI,52,0,0.0081,0.0122,0.0191,Low
3638-WEABW,58,0,0.0081,0.0122,0.0191,Low
5930-GBIWP,69,0,0.0081,0.0122,0.0191,Low
3229-USWAR,34,0,0.0081,0.0122,0.0191,Low
3174-AKMAS,46,0,0.0081,0.0121,0.0189,Low
6352-GIGGQ,67,0,0.0081,0.0121,0.0189,Low
2977-CEBSX,66,0,0.0081,0.0121,0.0189,Low
4006-HKYHO,63,0,0.0081,0.0121,0.019,Low
9297-EONCV,72,0,0.008,0.0121,0.0189,Low
2911-IJORQ,37,0,0.0081,0.0121,0.0189,Low
0383-CLDDA,69,0,0.0081,0.0121,0.019,Low
6916-HIJSE,65,0,0.0081,0.0121,0.019,Low
0725-CXOTM,36,0,0.0081,0.0121,0.0189,Low
0436-TWFFZ,67,0,0.0081,0.0121,0.019,Low
3594-UVONA,35,1,0.0081,0.0121,0.019,Low
7508-DQAKK,64,0,0.0081,0.0121,0.019,Low
0840-DCNZE,47,0,0.0081,0.0121,0.0189,Low
7109-CQYUZ,52,0,0.0081,0.0121,0.0189,Low
2845-KDHVX,64,0,0.008,0.0121,0.0188,Low
6718-BDGHG,43,0,0.0081,0.0121,0.0189,Low
9289-LBQVU,64,0,0.008,0.012,0.0188,Low
9742-XOKTS,67,0,0.008,0.012,0.0188,Low
0667-NSRGI,48,0,0.008,0.012,0.0188,Low
7629-WFGLW,56,0,0.0079,0.0119,0.0186,Low
8630-QSGXK,51,0,0.008,0.0119,0.0187,Low
6967-QIQRV,15,0,0.0079,0.0119,0.0186,Low
9479-HYNYL,71,0,0.0079,0.0119,0.0186,Low
8659-IOOPU,71,0,0.0079,0.0119,0.0186,Low
1265-BCFEO,71,0,0.0079,0.0119,0.0186,Low
4626-OZDTJ,51,0,0.0079,0.0119,0.0186,Low
8766-PAFNE,71,0,0.0079,0.0119,0.0186,Low
2486-WYVVE,31,0,0.0079,0.0119,0.0186,Low
2612-PHGOX,64,0,0.008,0.0119,0.0187,Low
5197-LQXXH,71,0,0.0079,0.0118,0.0185,Low
2126-GSEGL,70,0,0.0079,0.0118,0.0185,Low
6631-HMANX,72,0,0.0079,0.0118,0.0185,Low
1163-VIPRI,65,0,0.0079,0.0118,0.0184,Low
0078-XZMHT,72,0,0.0079,0.0118,0.0185,Low
7472-EQOAV,71,0,0.0079,0.0118,0.0185,Low
0864-FVJNJ,64,0,0.0078,0.0118,0.0184,Low
0305-SQECB,11,0,0.0079,0.0118,0.0185,Low
8760-ZRHKE,71,0,0.0078,0.0117,0.0183,Low
5125-CNDSP,63,0,0.0078,0.0117,0.0183,Low
0895-UADGO,8,0,0.0077,0.0116,0.0182,Low
4913-EHYUI,56,1,0.0078,0.0116,0.0182,Low
3648-GZPHF,32,0,0.0077,0.0115,0.018,Low
7564-GHCVB,72,0,0.0076,0.0114,0.0178,Low
9541-ZPSEA,68,0,0.0076,0.0114,0.0178,Low
7173-TETGO,72,0,0.0076,0.0113,0.0177,Low
9236-NDUCW,21,0,0.0075,0.0113,0.0176,Low
6736-DHUQI,67,0,0.0075,0.0113,0.0177,Low
1430-SFQSA,29,0,0.0075,0.0113,0.0176,Low
6617-WLBQC,23,0,0.0076,0.0113,0.0177,Low
8348-JLBUG,64,0,0.0075,0.0113,0.0177,Low
0197-PNKNK,69,0,0.0075,0.0113,0.0177,Low
2775-SEFEE,0,0,0.0075,0.0113,0.0176,Low
2451-YMUXS,67,0,0.0075,0.0112,0.0175,Low
7016-NVRIC,29,0,0.0075,0.0112,0.0175,Low
5498-IBWPI,66,0,0.0075,0.0112,0.0175,Low
7633-MVPUY,57,0,0.0075,0.0112,0.0175,Low
8947-YRTDV,32,0,0.0075,0.0112,0.0175,Low
9777-IQHWP,64,0,0.0075,0.0112,0.0175,Low
5472-CVMDX,68,0,0.0074,0.0112,0.0175,Low
5150-LJNSR,31,0,0.0074,0.0112,0.0174,Low
9357-UJRUN,24,0,0.0075,0.0112,0.0175,Low
3021-VLNRJ,50,0,0.0074,0.0112,0.0174,Low
8707-RMEZH,69,0,0.0075,0.0112,0.0176,Low
7963-SHNDT,52,0,0.0074,0.0112,0.0175,Low
6119-SPUDB,46,0,0.0075,0.0112,0.0175,Low
5387-ASZNZ,66,0,0.0075,0.0112,0.0175,Low
1150-FTQGN,60,0,0.0075,0.0112,0.0175,Low
6114-TCFID,29,0,0.0074,0.0112,0.0174,Low
4654-DLAMQ,64,0,0.0074,0.0111,0.0174,Low
0557-ASKVU,18,0,0.0074,0.0111,0.0174,Low
5906-CVLHP,45,1,0.0074,0.0111,0.0174,Low
4837-PZTIC,47,0,0.0074,0.0111,0.0173,Low
6463-HHXJR,71,0,0.0074,0.0111,0.0174,Low
7795-CFOCW,45,0,0.0074,0.0111,0.0173,Low
1335-MXCSE,55,0,0.0074,0.0111,0.0174,Low
2696-ECXKC,55,0,0.0074,0.0111,0.0174,Low
6810-VCAEX,47,0,0.0074,0.0111,0.0174,Low
8292-FRFZQ,39,0,0.0074,0.0111,0.0174,Low
2519-TWKFS,25,0,0.0074,0.0111,0.0174,Low
4825-XJGDM,61,0,0.0074,0.0111,0.0173,Low
6166-YIPFO,72,0,0.0074,0.0111,0.0174,Low
5965-GGPRW,72,0,0.0074,0.0111,0.0173,Low
7359-SSBJK,64,1,0.0074,0.0111,0.0174,Low
4083-BFNYK,38,0,0.0074,0.0111,0.0174,Low
4003-OCTMP,31,0,0.0074,0.0111,0.0174,Low
6383-ZTSIW,39,0,0.0074,0.0111,0.0174,Low
4859-ZSRDZ,58,0,0.0074,0.0111,0.0173,Low
6283-GITPX,71,0,0.0074,0.0111,0.0173,Low
5578-NKCXI,58,0,0.0074,0.0111,0.0174,Low
1576-PFZIW,70,0,0.0074,0.011,0.0173,Low
0848-SOMKO,70,0,0.0073,0.011,0.0171,Low
5736-YEJAX,69,0,0.0074,0.011,0.0173,Low
9680-NIAUV,72,0,0.0074,0.011,0.0173,Low
3638-VBZTA,68,0,0.0073,0.011,0.0171,Low
9798-DRYDS,17,0,0.0073,0.011,0.0172,Low
1623-NLDOT,42,1,0.0073,0.011,0.0172,Low
3275-RHRNE,28,0,0.0073,0.011,0.0172,Low
9802-CAQUT,72,0,0.0074,0.011,0.0173,Low
4785-QRJHC,46,1,0.0073,0.011,0.0172,Low
1474-JUWSM,58,0,0.0074,0.011,0.0173,Low
2073-QBVBI,41,0,0.0073,0.011,0.0171,Low
7029-IJEJK,54,0,0.0074,0.011,0.0173,Low
2252-NKNSI,52,0,0.0073,0.011,0.0172,Low
0019-GFNTW,56,0,0.0074,0.011,0.0172,Low
8821-KVZKQ,70,0,0.0074,0.011,0.0173,Low
2834-JKOOW,15,0,0.0073,0.011,0.0172,Low
0017-DINOC,54,0,0.0073,0.011,0.0172,Low
8041-TMEID,63,0,0.0073,0.011,0.0172,Low
4891-NLUBA,61,0,0.0073,0.011,0.0172,Low
0993-OSGPT,68,0,0.0073,0.011,0.0171,Low
3617-XLSGQ,66,0,0.0074,0.011,0.0173,Low
5996-EBTKM,67,0,0.0072,0.0109,0.017,Low
5702-KVQRD,71,0,0.0072,0.0109,0.017,Low
4174-LPGTI,41,1,0.0073,0.0109,0.0171,Low
0002-ORFBO,9,0,0.0073,0.0109,0.0171,Low
8314-DPQHL,9,0,0.0073,0.0109,0.0171,Low
9928-BZVLZ,12,0,0.0073,0.0109,0.0171,Low
9027-TMATR,43,0,0.0073,0.0109,0.0171,Low
2167-FQSTQ,72,0,0.0072,0.0108,0.0168,Low
8208-EUMTE,16,0,0.0072,0.0108,0.0169,Low
5641-DMBFJ,58,0,0.0072,0.0108,0.017,Low
6848-YLDFR,58,0,0.0072,0.0108,0.0169,Low
0661-KBKPA,53,0,0.0072,0.0108,0.0168,Low
2680-XKKNJ,8,0,0.0072,0.0108,0.0169,Low
5676-CFLYY,71,0,0.0072,0.0108,0.0169,Low
3354-OADJP,8,0,0.0072,0.0108,0.017,Low
4322-RCYMT,68,1,0.0072,0.0108,0.0169,Low
1642-HMARX,68,0,0.0072,0.0108,0.0168,Low
0604-THJFP,59,0,0.0072,0.0108,0.0169,Low
6289-CPNLD,33,1,0.0072,0.0108,0.0169,Low
6691-CCIHA,62,0,0.0072,0.0108,0.0169,Low
4549-ZDQYY,52,0,0.0072,0.0108,0.0169,Low
2123-VSCOT,59,0,0.0072,0.0108,0.017,Low
3482-ABPKK,28,0,0.0072,0.0108,0.017,Low
9691-HKOVS,55,0,0.0072,0.0108,0.0169,Low
3800-LYTRK,14,0,0.0072,0.0108,0.0169,Low
7501-IWUNG,61,0,0.0072,0.0108,0.0169,Low
3401-URHDA,51,0,0.0072,0.0108,0.0168,Low
2577-GVSIL,35,0,0.0072,0.0108,0.0169,Low
9987-LUTYD,13,0,0.0072,0.0108,0.0169,Low
2812-ENYMO,26,0,0.0072,0.0108,0.017,Low
2256-YLYLP,68,0,0.0072,0.0108,0.0169,Low
6164-HAQTX,71,0,0.0072,0.0108,0.017,Low
2282-YGNOR,29,0,0.0072,0.0108,0.0169,Low
7163-OCEQI,22,0,0.0072,0.0108,0.0168,Low
5816-JMLGY,70,0,0.0072,0.0107,0.0168,Low
5394-MEITZ,60,0,0.0072,0.0107,0.0168,Low
7349-ALMUX,37,0,0.0071,0.0107,0.0167,Low
8645-KOMJQ,69,0,0.0071,0.0107,0.0168,Low
2969-VAPYH,67,0,0.0072,0.0107,0.0168,Low
1136-XGEQU,50,0,0.0071,0.0107,0.0167,Low
6203-HBZPA,52,0,0.0071,0.0107,0.0167,Low
8316-BBQAY,65,0,0.0072,0.0107,0.0168,Low
6732-VAILE,70,0,0.0071,0.0107,0.0167,Low
0361-HJRDX,68,0,0.0071,0.0107,0.0167,Low
4293-ETKAP,65,0,0.0072,0.0107,0.0168,Low
6013-BHCAW,61,0,0.0072,0.0107,0.0168,Low
9470-RTWDV,26,0,0.0071,0.0107,0.0168,Low
2040-LDIWQ,65,0,0.0071,0.0107,0.0167,Low
2999-AANRQ,21,0,0.0071,0.0106,0.0166,Low
0885-HMGPY,62,0,0.0071,0.0106,0.0166,Low
8819-WFGGJ,68,0,0.007,0.0106,0.0165,Low
9968-FFVVH,63,0,0.0071,0.0106,0.0166,Low
0229-LFJAF,72,0,0.0071,0.0106,0.0166,Low
0810-DHDBD,52,0,0.007,0.0106,0.0165,Low
4560-WQAQW,59,0,0.0071,0.0106,0.0166,Low
9755-JHNMN,49,0,0.0071,0.0106,0.0166,Low
1122-YJBCS,69,0,0.007,0.0106,0.0165,Low
3557-HTYWR,47,0,0.007,0.0106,0.0165,Low
3948-KXDUF,66,0,0.0071,0.0106,0.0166,Low
1154-HYWWO,38,0,0.0071,0.0106,0.0166,Low
2710-WYVXG,3,0,0.0071,0.0106,0.0166,Low
6261-RCVNS,42,1,0.007,0.0106,0.0165,Low
1544-JJMYL,27,0,0.0071,0.0106,0.0166,Low
2192-OZITF,45,0,0.007,0.0106,0.0165,Low
4973-RLZVI,30,0,0.007,0.0105,0.0165,Low
0114-IGABW,71,0,0.007,0.0105,0.0164,Low
8345-MVDYC,45,0,0.007,0.0105,0.0164,Low
1752-OZXFY,60,0,0.007,0.0105,0.0164,Low
6549-BTYPG,60,0,0.007,0.0105,0.0163,Low
2890-WFBHU,59,0,0.007,0.0105,0.0164,Low
1353-GHZOS,22,0,0.007,0.0105,0.0164,Low
6872-HXFNF,64,0,0.007,0.0105,0.0164,Low
3429-IFLEM,71,0,0.007,0.0105,0.0164,Low
0214-JHPFW,70,0,0.007,0.0105,0.0164,Low
5049-MUBWG,26,0,0.007,0.0105,0.0165,Low
8782-NUUOL,60,0,0.007,0.0105,0.0164,Low
6967-PEJLL,37,0,0.007,0.0105,0.0164,Low
7049-GKVZY,17,0,0.007,0.0105,0.0164,Low
7998-WNZEM,71,0,0.007,0.0105,0.0164,Low
1183-CANVH,23,0,0.007,0.0105,0.0164,Low
7560-QJAVJ,70,0,0.007,0.0105,0.0164,Low
4404-HIBDJ,25,1,0.007,0.0105,0.0165,Low
3938-YFPXD,72,0,0.007,0.0104,0.0163,Low
7609-YBPXG,54,0,0.0069,0.0104,0.0163,Low
7873-CVMAW,72,0,0.0069,0.0104,0.0162,Low
4942-VZZOM,64,0,0.0069,0.0104,0.0162,Low
4701-LKOZD,70,0,0.0069,0.0104,0.0162,Low
3796-ENZGF,63,0,0.0069,0.0104,0.0162,Low
3166-PNEOF,61,0,0.0069,0.0104,0.0163,Low
4808-YNLEU,35,0,0.007,0.0104,0.0163,Low
0744-BIKKF,72,0,0.0069,0.0104,0.0163,Low
8777-PVYGU,52,0,0.0069,0.0104,0.0163,Low
8413-YNHNV,69,0,0.0069,0.0104,0.0162,Low
8374-UULRV,72,0,0.0069,0.0104,0.0163,Low
6635-MYYYZ,30,1,0.0069,0.0104,0.0163,Low
0420-TXVSG,66,0,0.0069,0.0104,0.0162,Low
7951-VRDVK,36,0,0.0069,0.0104,0.0163,Low
2348-KCJLT,44,0,0.007,0.0104,0.0163,Low
5499-ECUTN,47,0,0.0069,0.0104,0.0162,Low
2990-IAJSV,72,0,0.0069,0.0104,0.0162,Low
9281-CEDRU,68,0,0.0069,0.0104,0.0163,Low
5130-YPIRV,62,0,0.0069,0.0103,0.0161,Low
0635-WKOLD,40,0,0.0069,0.0103,0.0161,Low
6953-PBDIN,70,0,0.0069,0.0103,0.0161,Low
3585-YNADK,57,0,0.0068,0.0103,0.0161,Low
0536-ESJEP,54,0,0.0068,0.0103,0.0161,Low
2546-KZAAT,52,0,0.0068,0.0103,0.016,Low
0916-KNFAJ,61,0,0.0069,0.0103,0.0161,Low
6992-TKNYO,38,0,0.0069,0.0103,0.0162,Low
9938-ZREHM,37,0,0.0069,0.0103,0.0161,Low
1137-DGOWI,30,0,0.0069,0.0103,0.0161,Low
6870-ZWMNX,70,0,0.0068,0.0102,0.016,Low
4737-HOBAX,63,0,0.0068,0.0102,0.016,Low
9199-PWQVC,63,0,0.0068,0.0102,0.016,Low
5003-XZWWO,71,0,0.0068,0.0102,0.0159,Low
5199-FPUSP,33,0,0.0068,0.0102,0.016,Low
9385-NXKDA,72,0,0.0068,0.0102,0.0159,Low
6727-IOTLZ,14,0,0.0068,0.0102,0.0159,Low
0191-EQUUH,25,0,0.0068,0.0102,0.0159,Low
6122-EFVKN,24,0,0.0068,0.0102,0.0159,Low
2990-OGYTD,67,0,0.0068,0.0101,0.0159,Low
9339-FIIJL,72,0,0.0068,0.0101,0.0159,Low
8328-SKJNO,23,0,0.0067,0.0101,0.0157,Low
2606-PKWJB,40,0,0.0067,0.0101,0.0157,Low
2634-HCZGT,53,1,0.0067,0.0101,0.0157,Low
2335-GSODA,23,0,0.0067,0.0101,0.0157,Low
1729-VLAZJ,10,0,0.0067,0.0101,0.0157,Low
4776-XSKYQ,12,0,0.0067,0.01,0.0157,Low
9796-MVYXX,14,0,0.0067,0.01,0.0157,Low
7338-ERIVA,39,0,0.0066,0.01,0.0156,Low
3569-VLDHH,66,0,0.0066,0.0099,0.0155,Low
1032-MAELW,68,0,0.0066,0.0099,0.0154,Low
8468-FZTOE,72,0,0.0066,0.0099,0.0155,Low
9500-IWPXQ,61,0,0.0066,0.0099,0.0154,Low
2162-FRZAA,63,0,0.0065,0.0098,0.0153,Low
2580-ASVVY,37,0,0.0066,0.0098,0.0154,Low
8883-GRDWQ,20,0,0.0065,0.0098,0.0153,Low
4415-WNGVR,12,0,0.0065,0.0098,0.0154,Low
0617-AQNWT,64,1,0.0065,0.0098,0.0153,Low
9867-XOBQA,21,0,0.0065,0.0098,0.0154,Low
1498-NHTLT,59,0,0.0065,0.0098,0.0153,Low
9675-ICXCT,72,0,0.0066,0.0098,0.0154,Low
2877-VDUER,35,0,0.0065,0.0098,0.0153,Low
9297-FVVDH,57,0,0.0065,0.0098,0.0153,Low
7816-VGHTO,6,0,0.0065,0.0098,0.0153,Low
0567-XRHCU,69,0,0.0065,0.0097,0.0152,Low
4632-XJMEX,53,0,0.0064,0.0097,0.0151,Low
5338-YHWYT,37,0,0.0065,0.0097,0.0152,Low
5126-RCXYW,54,0,0.0065,0.0097,0.0151,Low
7471-MQPOS,71,0,0.0065,0.0097,0.0153,Low
7876-AEHIG,51,0,0.0065,0.0097,0.0152,Low
0531-XBKMM,66,0,0.0064,0.0096,0.0151,Low
9871-ELEYA,34,0,0.0064,0.0096,0.015,Low
4957-TIALW,15,0,0.0064,0.0096,0.0151,Low
0298-XACET,52,0,0.0064,0.0096,0.015,Low
5135-RDDQL,63,0,0.0064,0.0096,0.015,Low
1094-BKOSX,45,0,0.0064,0.0096,0.015,Low
6937-GCDGQ,19,0,0.0064,0.0096,0.0151,Low
4023-RTIQM,31,0,0.0064,0.0096,0.015,Low
6701-DHKWQ,61,0,0.0064,0.0096,0.015,Low
0277-ORXQS,66,0,0.0064,0.0096,0.015,Low
8597-CTXVJ,70,0,0.0064,0.0096,0.0151,Low
0014-BMAQU,63,0,0.0064,0.0096,0.015,Low
4178-EGMON,70,0,0.0064,0.0096,0.015,Low
5115-GZDEL,72,0,0.0064,0.0096,0.015,Low
1534-OULXE,61,0,0.0064,0.0096,0.015,Low
7654-YWJUF,43,0,0.0064,0.0096,0.015,Low
4024-CSNBY,72,0,0.0063,0.0095,0.0149,Low
8571-ZCMCX,47,0,0.0063,0.0095,0.0148,Low
3340-QBBFM,36,0,0.0063,0.0095,0.0149,Low
4994-OBRSZ,14,0,0.0063,0.0095,0.0149,Low
0739-UUAJR,72,0,0.0064,0.0095,0.0149,Low
7524-VRLPL,69,0,0.0063,0.0095,0.0149,Low
4500-HKANN,23,0,0.0063,0.0095,0.0148,Low
7508-KBIMB,24,0,0.0063,0.0095,0.0149,Low
3327-YBAKM,64,0,0.0063,0.0095,0.0148,Low
5795-BKOYE,69,0,0.0063,0.0095,0.0148,Low
7746-QYVCO,16,0,0.0063,0.0095,0.0149,Low
3704-IEAXF,72,0,0.0064,0.0095,0.0149,Low
9720-JJJOR,41,0,0.0063,0.0095,0.0148,Low
5844-QVTAT,33,0,0.0063,0.0095,0.0148,Low
6463-MVYRY,57,0,0.0064,0.0095,0.0149,Low
7306-YDSOI,69,0,0.0063,0.0095,0.0148,Low
5067-WJEUN,67,0,0.0064,0.0095,0.0149,Low
1937-OTUKY,72,0,0.0063,0.0095,0.0148,Low
8181-YHCMF,68,0,0.0063,0.0095,0.0148,Low
4849-PYRLQ,56,0,0.0063,0.0095,0.0149,Low
7018-FPXHH,56,0,0.0063,0.0095,0.0148,Low
6719-FGEDO,72,0,0.0063,0.0095,0.0148,Low
3898-BSJYF,10,0,0.0064,0.0095,0.0149,Low
3745-HRPHI,66,0,0.0064,0.0095,0.0149,Low
1455-HFBXA,52,0,0.0063,0.0095,0.0149,Low
2292-XQWSV,40,0,0.0063,0.0095,0.0148,Low
5975-BAICR,36,0,0.0063,0.0094,0.0147,Low
0748-RDGGM,70,1,0.0062,0.0094,0.0147,Low
7771-CFQRQ,47,0,0.0063,0.0094,0.0147,Low
1841-YSJGV,72,0,0.0062,0.0094,0.0147,Low
3739-YBWAB,36,0,0.0063,0.0094,0.0147,Low
2359-QWQUL,39,1,0.0063,0.0094,0.0147,Low
8050-DVOJX,49,0,0.0063,0.0094,0.0147,Low
2522-WLNSF,34,0,0.0062,0.0094,0.0146,Low
0619-OLYUR,72,0,0.0062,0.0094,0.0146,Low
9715-SBVSU,14,0,0.0063,0.0094,0.0148,Low
6993-YGFJV,69,0,0.0062,0.0094,0.0146,Low
3758-CKOQL,59,0,0.0063,0.0094,0.0147,Low
8565-HBFNN,69,0,0.0063,0.0094,0.0147,Low
4789-KWMXN,47,1,0.0062,0.0094,0.0147,Low
0074-HDKDG,25,0,0.0063,0.0094,0.0148,Low
5020-ZSTTY,54,1,0.0063,0.0094,0.0147,Low
1621-YNCJH,36,0,0.0063,0.0094,0.0147,Low
0868-VJRDR,64,0,0.0063,0.0094,0.0147,Low
4778-IZARL,63,0,0.0062,0.0094,0.0147,Low
9070-BCKQP,72,0,0.0062,0.0094,0.0147,Low
4086-ATNFV,34,0,0.0063,0.0094,0.0148,Low
9323-HGFWY,27,0,0.0063,0.0094,0.0148,Low
5701-GUXDC,26,0,0.0063,0.0094,0.0147,Low
8809-XKHMD,72,0,0.0063,0.0094,0.0148,Low
5966-EMAZU,64,0,0.0063,0.0094,0.0147,Low
5181-OABFK,56,0,0.0063,0.0094,0.0148,Low
9553-DLCLU,13,0,0.0063,0.0094,0.0147,Low
6121-TNHBO,63,0,0.0063,0.0094,0.0147,Low
4837-QUSFT,65,0,0.0063,0.0094,0.0148,Low
8819-ZBYNA,58,0,0.0063,0.0094,0.0147,Low
5245-VDBUR,52,0,0.0063,0.0094,0.0147,Low
2798-NYLMZ,71,0,0.0063,0.0094,0.0147,Low
7663-YJHSN,72,0,0.0063,0.0094,0.0147,Low
9351-HXDMR,72,0,0.0062,0.0094,0.0147,Low
7718-UPSKJ,69,0,0.0063,0.0094,0.0147,Low
5172-RKOCB,72,0,0.0063,0.0094,0.0147,Low
7164-BPTUT,57,0,0.0063,0.0094,0.0147,Low
9298-WGMRW,72,0,0.0062,0.0093,0.0146,Low
9565-FLVCG,65,0,0.0062,0.0093,0.0146,Low
4227-OJHAL,68,0,0.0062,0.0093,0.0145,Low
2176-LVPNX,71,0,0.0062,0.0093,0.0146,Low
9788-HNGUT,72,0,0.0062,0.0093,0.0146,Low
2400-XIWIO,71,0,0.0062,0.0093,0.0145,Low
0112-QWPNC,49,1,0.0062,0.0093,0.0146,Low
5038-ETMLM,72,0,0.0062,0.0093,0.0146,Low
4075-WKNIU,0,0,0.0062,0.0093,0.0145,Low
5696-JVVQY,48,0,0.0062,0.0093,0.0146,Low
2325-ZUSFD,57,1,0.0062,0.0093,0.0146,Low
4115-BNPJY,29,0,0.0062,0.0093,0.0145,Low
2121-JAFOM,72,0,0.0062,0.0093,0.0146,Low
0526-SXDJP,72,0,0.0062,0.0093,0.0145,Low
9489-DEDVP,70,0,0.0062,0.0093,0.0146,Low
4644-PIZRT,17,0,0.0062,0.0093,0.0146,Low
3669-WHAFY,71,0,0.0062,0.0093,0.0146,Low
7690-KPNCU,64,0,0.0062,0.0093,0.0145,Low
9239-GZHZE,72,0,0.0062,0.0093,0.0146,Low
2824-DXNKN,72,0,0.0062,0.0093,0.0146,Low
0973-KYVNF,72,0,0.0062,0.0093,0.0146,Low
9637-CDTKZ,72,0,0.0062,0.0093,0.0146,Low
2889-FPWRM,72,1,0.0062,0.0093,0.0146,Low
8200-LGKSR,71,0,0.0062,0.0093,0.0146,Low
5914-XRFQB,72,0,0.0062,0.0093,0.0146,Low
3500-NSDOA,68,0,0.0062,0.0093,0.0146,Low
0455-ENTCR,66,0,0.0062,0.0093,0.0145,Low
6650-BWFRT,72,0,0.0062,0.0093,0.0146,Low
0206-TBWLC,54,0,0.0062,0.0093,0.0146,Low
4700-UBQMV,21,0,0.0062,0.0093,0.0145,Low
8975-SKGRX,71,0,0.0062,0.0093,0.0146,Low
8097-OMULG,59,0,0.0062,0.0093,0.0145,Low
5791-KAJFD,56,0,0.0062,0.0093,0.0146,Low
3544-FBCAS,72,0,0.0061,0.0092,0.0144,Low
1431-AIDJQ,33,0,0.0061,0.0092,0.0144,Low
6898-RBTLU,49,0,0.0061,0.0092,0.0144,Low
2211-RMNHO,68,0,0.0061,0.0092,0.0143,Low
0942-KOWSM,30,0,0.0061,0.0092,0.0144,Low
2245-ADZFJ,31,0,0.0061,0.0092,0.0144,Low
2661-GKBTK,60,0,0.0062,0.0092,0.0145,Low
9917-KWRBE,41,0,0.0062,0.0092,0.0145,Low
9477-LGWQI,70,0,0.0061,0.0092,0.0144,Low
9139-TWBAS,26,0,0.0061,0.0092,0.0143,Low
5329-KRDTM,72,0,0.0061,0.0092,0.0144,Low
9919-FZDED,72,0,0.0061,0.0091,0.0143,Low
6437-UDQJM,72,0,0.0061,0.0091,0.0143,Low
7284-ZZLOH,45,0,0.006,0.0091,0.0142,Low
8318-LCNBW,35,0,0.0061,0.0091,0.0142,Low
7801-CEDNV,27,0,0.0061,0.0091,0.0143,Low
7995-ZHHNZ,42,0,0.006,0.009,0.0141,Low
1929-ZCBHE,47,0,0.006,0.009,0.014,Low
0378-XSZPU,58,1,0.006,0.009,0.014,Low
4102-HLENU,67,0,0.0059,0.0089,0.0139,Low
5176-OLSKT,66,0,0.0059,0.0089,0.0139,Low
1265-HVPZB,59,0,0.0059,0.0089,0.0139,Low
9253-VIFJQ,65,0,0.0059,0.0089,0.0139,Low
3137-NYQQI,17,0,0.0059,0.0089,0.014,Low
2296-DKZFP,65,0,0.0059,0.0088,0.0138,Low
7838-LAZFO,45,0,0.0058,0.0088,0.0137,Low
7619-PLRLP,53,0,0.0059,0.0088,0.0138,Low
9592-ERDKV,37,0,0.0058,0.0088,0.0137,Low
9251-WNSOD,67,0,0.0059,0.0088,0.0138,Low
3533-UVMOM,68,0,0.0059,0.0088,0.0138,Low
6933-VLYFX,31,0,0.0058,0.0087,0.0136,Low
8565-WUXZU,72,0,0.0058,0.0086,0.0135,Low
7322-OCWHC,72,0,0.0057,0.0086,0.0134,Low
3551-GAEGL,34,0,0.0057,0.0086,0.0135,Low
5149-QYTTU,71,0,0.0057,0.0086,0.0134,Low
4531-AUZNK,51,0,0.0057,0.0086,0.0134,Low
5684-FJVYR,72,0,0.0057,0.0086,0.0135,Low
5681-LLOEI,43,0,0.0057,0.0086,0.0135,Low
3133-PZNSR,72,0,0.0057,0.0086,0.0134,Low
3351-NQLDI,67,1,0.0057,0.0086,0.0134,Low
2057-BOYKM,72,0,0.0057,0.0085,0.0134,Low
9402-ROUMJ,67,0,0.0057,0.0085,0.0134,Low
8608-OZTLB,38,0,0.0057,0.0085,0.0133,Low
7602-MVRMB,72,0,0.0056,0.0085,0.0132,Low
8915-NNTRC,72,0,0.0057,0.0085,0.0133,Low
9581-GVBXT,59,0,0.0057,0.0085,0.0133,Low
8591-TKMZH,59,0,0.0056,0.0085,0.0132,Low
4815-YOSUK,72,0,0.0057,0.0085,0.0133,Low
5161-UBZXI,69,0,0.0057,0.0085,0.0133,Low
0679-TDGAK,50,0,0.0057,0.0085,0.0133,Low
5732-IKGQH,52,0,0.0056,0.0085,0.0133,Low
1053-MXTTK,72,0,0.0056,0.0085,0.0133,Low
5716-EZXZN,65,0,0.0057,0.0085,0.0134,Low
2664-XJZNO,72,0,0.0057,0.0085,0.0133,Low
3841-NFECX,71,0,0.0057,0.0085,0.0134,Low
5996-NRVXR,40,0,0.0057,0.0085,0.0133,Low
3831-YCPUO,72,0,0.0056,0.0085,0.0133,Low
1060-ENTOF,67,0,0.0056,0.0085,0.0133,Low
0193-ESZXP,58,1,0.0056,0.0085,0.0133,Low
3766-EJLFL,68,0,0.0056,0.0085,0.0133,Low
6519-ZHPXP,72,0,0.0057,0.0085,0.0133,Low
1150-WFARN,67,1,0.0056,0.0085,0.0133,Low
2927-CVULT,53,0,0.0057,0.0085,0.0133,Low
4032-RMHCI,41,0,0.0057,0.0085,0.0133,Low
3884-UEBXB,67,0,0.0057,0.0085,0.0133,Low
1452-UZOSF,72,0,0.0057,0.0085,0.0133,Low
1090-PYKCI,69,0,0.0057,0.0085,0.0133,Low
5453-YBTWV,70,0,0.0057,0.0085,0.0134,Low
7940-UQQUG,64,0,0.0057,0.0085,0.0133,Low
2984-TBYKU,72,0,0.0057,0.0085,0.0133,Low
2516-XSJKX,41,0,0.0056,0.0085,0.0132,Low
3258-ZKPAI,72,0,0.0056,0.0084,0.0132,Low
0266-GMEAO,72,0,0.0056,0.0084,0.0132,Low
5451-YHYPW,72,0,0.0056,0.0084,0.0131,Low
3511-BFTJW,72,0,0.0056,0.0084,0.0132,Low
3795-CAWEX,70,0,0.0056,0.0084,0.0132,Low
0017-IUDMW,72,0,0.0056,0.0084,0.0132,Low
0442-ZXKVS,54,0,0.0056,0.0084,0.0131,Low
7569-NMZYQ,72,0,0.0056,0.0084,0.0132,Low
9073-ZZIAY,62,0,0.0056,0.0084,0.0131,Low
6439-PKTRR,70,0,0.0056,0.0084,0.0132,Low
8628-MFKAX,72,0,0.0056,0.0084,0.0131,Low
4476-OSWTN,69,0,0.0056,0.0084,0.0132,Low
3396-DKDEL,70,0,0.0056,0.0084,0.0132,Low
1779-PWPMG,72,0,0.0056,0.0084,0.0132,Low
9866-OCCKE,72,0,0.0056,0.0084,0.0132,Low
3810-DVDQQ,72,0,0.0056,0.0084,0.0132,Low
7492-TAFJD,7,0,0.0056,0.0084,0.0132,Low
7868-TMWMZ,60,0,0.0056,0.0084,0.0132,Low
0907-HQNTS,70,0,0.0056,0.0084,0.0132,Low
1555-DJEQW,70,1,0.0056,0.0084,0.0132,Low
9746-MDMBK,47,0,0.0056,0.0084,0.0132,Low
8261-GWDBQ,60,0,0.0056,0.0084,0.0131,Low
5248-KWLAR,71,0,0.0056,0.0084,0.0131,Low
6007-TCTST,72,0,0.0056,0.0084,0.0132,Low
1480-BKXGA,72,0,0.0056,0.0084,0.0131,Low
6859-QNXIQ,72,0,0.0056,0.0084,0.0132,Low
2388-LAESQ,72,0,0.0056,0.0084,0.0132,Low
3870-SPZSI,70,0,0.0056,0.0084,0.0132,Low
6445-TNRXS,68,0,0.0056,0.0084,0.0132,Low
9360-AHGNL,43,1,0.0056,0.0084,0.0132,Low
8029-XYPWT,71,0,0.0056,0.0084,0.0131,Low
1352-HNSAW,72,0,0.0056,0.0084,0.0132,Low
1488-PBLJN,72,0,0.0056,0.0084,0.0132,Low
4376-KFVRS,72,0,0.0056,0.0084,0.0132,Low
0675-NCDYU,72,0,0.0056,0.0084,0.0132,Low
3726-TBHQT,71,0,0.0056,0.0084,0.0132,Low
5135-GRQJV,72,0,0.0056,0.0084,0.0132,Low
0795-LAFGP,71,0,0.0056,0.0084,0.0131,Low
3520-FJGCV,72,0,0.0056,0.0084,0.0132,Low
3892-NXAZG,72,0,0.0056,0.0084,0.0132,Low
6161-ERDGD,71,0,0.0056,0.0084,0.0131,Low
0013-SMEOE,71,0,0.0056,0.0084,0.0132,Low
2223-GDSHL,71,0,0.0056,0.0084,0.0132,Low
5375-XLDOF,69,0,0.0056,0.0084,0.0132,Low
7102-JJVTX,9,0,0.0055,0.0083,0.0129,Low
9746-YKGXB,52,0,0.0056,0.0083,0.013,Low
4304-XUMGI,50,0,0.0056,0.0083,0.0131,Low
2137-DQMEV,68,0,0.0055,0.0083,0.013,Low
0234-TEVTT,48,0,0.0055,0.0083,0.013,Low
2233-TXSIU,17,0,0.0056,0.0083,0.013,Low
1414-YADCW,70,0,0.0055,0.0082,0.0129,Low
3214-IYUUQ,61,0,0.0054,0.0082,0.0128,Low
9830-ECLEN,58,0,0.0055,0.0082,0.0129,Low
2703-AMTUL,36,0,0.0055,0.0082,0.0128,Low
5397-NSKQG,67,0,0.0055,0.0082,0.0129,Low
8050-XGRVL,62,0,0.0055,0.0082,0.0128,Low
4992-LTJNE,72,0,0.0054,0.0082,0.0128,Low
4547-FZJWE,55,0,0.0054,0.0081,0.0127,Low
3957-HHLMR,70,0,0.0054,0.0081,0.0126,Low
7860-KSUGX,72,0,0.0054,0.0081,0.0126,Low
2580-ATZSQ,65,0,0.0054,0.0081,0.0127,Low
8169-SAEJD,69,0,0.0054,0.0081,0.0127,Low
5127-BZENZ,56,0,0.0054,0.0081,0.0126,Low
5855-EIBDE,49,0,0.0054,0.0081,0.0126,Low
1113-IUJYX,14,1,0.0054,0.0081,0.0126,Low
7139-JZFVG,60,0,0.0054,0.0081,0.0127,Low
6371-NZYEG,16,0,0.0054,0.0081,0.0126,Low
3605-JISKB,55,0,0.0054,0.0081,0.0127,Low
0853-TWRVK,72,0,0.0054,0.0081,0.0126,Low
6242-FEGFD,66,0,0.0054,0.0081,0.0127,Low
2521-NPUZR,70,0,0.0054,0.0081,0.0127,Low
6778-EICRF,24,0,0.0053,0.008,0.0125,Low
1950-KSVVJ,45,0,0.0053,0.008,0.0126,Low
0906-QVPMS,72,0,0.0053,0.008,0.0125,Low
8513-OLYGY,72,0,0.0053,0.008,0.0125,Low
5989-AXPUC,68,0,0.0053,0.008,0.0125,Low
7359-WWYJV,72,0,0.0053,0.008,0.0125,Low
0052-DCKON,66,0,0.0053,0.008,0.0125,Low
1172-VIYBP,53,0,0.0053,0.008,0.0125,Low
2351-BKRZW,43,0,0.0053,0.008,0.0125,Low
3026-ATZYV,37,0,0.0053,0.008,0.0125,Low
4114-QMKVN,56,0,0.0053,0.008,0.0126,Low
8085-MSNLK,62,0,0.0053,0.008,0.0125,Low
1725-IQNIY,54,1,0.0054,0.008,0.0126,Low
4915-BFSXL,70,0,0.0053,0.008,0.0125,Low
1444-VVSGW,70,1,0.0053,0.008,0.0125,Low
8039-ACLPL,72,0,0.0053,0.008,0.0126,Low
7929-SKFGK,70,0,0.0053,0.008,0.0125,Low
5524-KHNJP,33,0,0.0053,0.008,0.0125,Low
0687-ZVTHB,65,1,0.0053,0.008,0.0125,Low
4304-TSPVK,68,0,0.0053,0.008,0.0125,Low
0378-CJKPV,72,0,0.0054,0.008,0.0126,Low
0379-DJQHR,67,0,0.0053,0.0079,0.0124,Low
1389-WNUIB,20,0,0.0053,0.0079,0.0124,Low
5709-LVOEQ,0,0,0.0053,0.0079,0.0124,Low
8722-PRFDV,71,0,0.0053,0.0079,0.0124,Low
0459-SPZHJ,63,0,0.0053,0.0079,0.0123,Low
6427-FEFIG,24,0,0.0053,0.0079,0.0124,Low
2205-LPVGL,58,0,0.0052,0.0078,0.0121,Low
3108-PCCGG,72,0,0.0052,0.0078,0.0123,Low
6374-NTQLP,72,0,0.0051,0.0077,0.012,Low
4827-LTQRJ,66,0,0.0051,0.0076,0.0119,Low
6919-ELBGL,72,0,0.0051,0.0076,0.0119,Low
1891-QRQSA,64,0,0.0051,0.0076,0.0119,Low
8606-CIQUL,72,0,0.0051,0.0076,0.0119,Low
4135-FRWKJ,55,0,0.0051,0.0076,0.012,Low
5913-INRQV,34,0,0.0049,0.0074,0.0115,Low
2225-ZRGSG,70,1,0.0049,0.0074,0.0115,Low
1930-QPBVZ,68,0,0.0049,0.0074,0.0115,Low
1830-GGFNM,65,0,0.0049,0.0074,0.0115,Low
5027-YOCXN,51,0,0.0048,0.0073,0.0114,Low
4056-QHXHZ,72,0,0.0049,0.0073,0.0114,Low
5668-MEISB,72,0,0.0049,0.0073,0.0114,Low
8099-MZPUJ,48,0,0.0048,0.0073,0.0114,Low
8265-HKSOW,72,0,0.0049,0.0073,0.0114,Low
0181-RITDD,62,0,0.0048,0.0073,0.0114,Low
6990-YNRIO,65,1,0.0048,0.0073,0.0114,Low
1090-ESELR,72,0,0.0049,0.0073,0.0114,Low
2193-SFWQW,72,0,0.0048,0.0073,0.0114,Low
9958-MEKUC,72,0,0.0049,0.0073,0.0114,Low
0572-ZJKLT,46,0,0.0049,0.0073,0.0115,Low
9028-LIHRP,71,0,0.0049,0.0073,0.0115,Low
6234-RAAPL,72,0,0.0049,0.0073,0.0115,Low
8466-PZBLH,67,0,0.0049,0.0073,0.0114,Low
2632-IVXVF,68,0,0.0048,0.0073,0.0114,Low
2599-CIPQE,71,0,0.0048,0.0073,0.0114,Low
2789-CZANW,64,0,0.0048,0.0073,0.0114,Low
5055-BRMNE,67,0,0.0049,0.0073,0.0114,Low
1741-WTPON,56,0,0.0048,0.0072,0.0113,Low
9739-JLPQJ,72,0,0.0048,0.0072,0.0113,Low
8207-DMRVL,72,0,0.0048,0.0072,0.0113,Low
8046-DNVTL,62,0,0.0048,0.0072,0.0112,Low
2040-XBAVJ,72,0,0.0048,0.0072,0.0113,Low
3882-IYOIJ,60,0,0.0048,0.0072,0.0113,Low
9258-CNWAC,71,0,0.0048,0.0072,0.0113,Low
4393-GEADV,70,0,0.0048,0.0072,0.0113,Low
8480-PPONV,62,0,0.0048,0.0072,0.0113,Low
7017-VFHAY,61,0,0.0048,0.0072,0.0113,Low
5322-TEUJK,71,0,0.0048,0.0072,0.0113,Low
3655-SNQYZ,69,0,0.0048,0.0072,0.0113,Low
8242-PDSGJ,70,0,0.0048,0.0071,0.0112,Low
7244-QWYHG,50,0,0.0047,0.0071,0.0111,Low
4312-GVYNH,70,0,0.0047,0.007,0.011,Low
4872-JCVCA,71,0,0.0047,0.007,0.011,Low
3813-DHBBB,67,0,0.0047,0.007,0.0109,Low
8106-GWQOK,38,0,0.0046,0.0069,0.0108,Low
0230-WEQUW,66,0,0.0046,0.0069,0.0108,Low
9127-QRZMH,44,0,0.0046,0.0069,0.0108,Low
7670-ZBPOQ,58,0,0.0046,0.0069,0.0108,Low
1194-BHJYC,61,0,0.0046,0.0069,0.0107,Low
0661-WCQNQ,22,0,0.0046,0.0069,0.0108,Low
0657-DOGUM,48,0,0.0046,0.0069,0.0108,Low
6603-YRDCJ,33,0,0.0046,0.0069,0.0108,Low
4012-YCFAI,60,0,0.0046,0.0069,0.0108,Low
2239-CGBUZ,51,0,0.0046,0.0069,0.0108,Low
4654-ULTTN,70,0,0.0045,0.0068,0.0106,Low
5829-NVSQN,23,0,0.0045,0.0068,0.0107,Low
0334-ZFJSR,55,0,0.0045,0.0068,0.0107,Low
5148-ORICT,64,0,0.0045,0.0068,0.0106,Low
9730-DRTMJ,32,0,0.0045,0.0068,0.0106,Low
7197-VOJMM,67,0,0.0045,0.0068,0.0106,Low
5815-HGGHV,20,0,0.0046,0.0068,0.0107,Low
5803-NQJZO,72,0,0.0045,0.0068,0.0107,Low
0872-CASZJ,59,0,0.0045,0.0068,0.0106,Low
4188-PCPIG,57,0,0.0045,0.0068,0.0106,Low
6586-MYGKD,70,0,0.0045,0.0067,0.0105,Low
1265-ZFOSD,64,0,0.0045,0.0067,0.0105,Low
0254-KCJGT,52,0,0.0045,0.0067,0.0105,Low
5485-ITNPC,66,0,0.0044,0.0067,0.0104,Low
2234-EOFPT,72,0,0.0045,0.0067,0.0105,Low
4973-MGTON,71,0,0.0045,0.0067,0.0105,Low
8125-QPFJD,72,0,0.0044,0.0067,0.0105,Low
9435-JMLSX,71,0,0.0044,0.0067,0.0104,Low
6701-YVNQG,72,0,0.0044,0.0067,0.0104,Low
8661-BOYNW,72,0,0.0045,0.0067,0.0105,Low
0909-SELIE,61,0,0.0045,0.0067,0.0105,Low
3720-DBRWL,51,0,0.0045,0.0067,0.0105,Low
7649-SIJJF,71,0,0.0045,0.0067,0.0105,Low
9795-NREXC,64,0,0.0044,0.0067,0.0105,Low
8218-FFJDS,72,0,0.0044,0.0067,0.0104,Low
4291-TPNFG,72,0,0.0045,0.0067,0.0105,Low
4508-OEBEY,31,0,0.0045,0.0067,0.0106,Low
9135-MGVPY,69,0,0.0044,0.0067,0.0105,Low
5980-BDHPY,72,0,0.0044,0.0067,0.0104,Low
9548-LIGTA,61,0,0.0045,0.0067,0.0105,Low
9140-CZQZZ,68,0,0.0045,0.0067,0.0105,Low
6418-HNFED,51,0,0.0045,0.0067,0.0105,Low
0310-SUCIN,71,0,0.0044,0.0067,0.0105,Low
8174-TBVCF,70,0,0.0044,0.0066,0.0104,Low
1227-UDMZR,72,0,0.0044,0.0066,0.0104,Low
1971-DTCZB,72,0,0.0044,0.0066,0.0104,Low
0975-UYDTX,26,0,0.0044,0.0066,0.0104,Low
9778-OGKQZ,72,0,0.0044,0.0066,0.0104,Low
5248-YGIJN,72,0,0.0044,0.0066,0.0104,Low
4332-MUOEZ,20,0,0.0044,0.0066,0.0104,Low
5997-OPVFA,72,0,0.0044,0.0066,0.0104,Low
6258-PVZWJ,68,0,0.0044,0.0066,0.0104,Low
0056-EPFBG,20,0,0.0043,0.0065,0.0101,Low
5170-PTRKA,49,0,0.0043,0.0065,0.0102,Low
9885-MFVSU,35,0,0.0042,0.0064,0.01,Low
2405-LBMUW,61,0,0.0042,0.0063,0.0099,Low
6461-PPAXN,35,0,0.0042,0.0063,0.0098,Low
6867-ACCZI,24,0,0.0042,0.0063,0.0099,Low
6348-SNFUS,72,0,0.0042,0.0063,0.0098,Low
5583-EJXRD,44,0,0.0042,0.0063,0.0098,Low
1209-VFFOC,68,0,0.0042,0.0063,0.0098,Low
4472-LVYGI,0,0,0.0042,0.0063,0.0099,Low
6229-UOLQL,56,0,0.0042,0.0063,0.0099,Low
1301-LOPVR,29,0,0.0042,0.0063,0.0098,Low
6682-VCIXC,43,0,0.0042,0.0063,0.0099,Low
1536-YHDOE,17,0,0.0041,0.0062,0.0097,Low
2027-DNKIV,37,0,0.0042,0.0062,0.0098,Low
3441-CGZJH,43,0,0.0041,0.0062,0.0097,Low
7781-HVGMK,72,0,0.0041,0.0062,0.0097,Low
5275-PMFUT,72,0,0.0041,0.0062,0.0097,Low
0301-FIDRB,72,0,0.0041,0.0062,0.0097,Low
6695-FRVEC,67,0,0.0041,0.0062,0.0097,Low
8338-QIUNR,72,0,0.0041,0.0062,0.0097,Low
9803-FTJCG,71,0,0.0041,0.0062,0.0096,Low
2160-GPFXD,54,0,0.0041,0.0062,0.0097,Low
3161-ONRWK,60,0,0.0041,0.0062,0.0097,Low
1402-PTHGN,18,0,0.0041,0.0062,0.0097,Low
5456-ITGIC,72,0,0.0041,0.0062,0.0096,Low
0628-CNQRM,22,1,0.0041,0.0062,0.0096,Low
4940-KHCWD,60,0,0.0041,0.0062,0.0096,Low
9443-JUBUO,72,0,0.0041,0.0062,0.0097,Low
3308-JSGML,59,0,0.0041,0.0062,0.0097,Low
9330-DHBFL,23,0,0.0041,0.0062,0.0097,Low
3740-RLMVT,67,0,0.0041,0.0062,0.0097,Low
0513-RBGPE,37,0,0.0041,0.0062,0.0097,Low
2274-XUATA,72,0,0.0041,0.0062,0.0097,Low
6543-JXSOO,23,0,0.0042,0.0062,0.0098,Low
9242-TKFSV,72,0,0.0041,0.0062,0.0097,Low
5360-XGYAZ,72,0,0.0041,0.0062,0.0097,Low
6897-RWMUB,61,0,0.0041,0.0062,0.0096,Low
7153-CHRBV,57,0,0.0041,0.0062,0.0098,Low
2954-PIBKO,69,0,0.0041,0.0062,0.0097,Low
4334-HOWRP,72,0,0.0041,0.0062,0.0096,Low
9888-ZCUMM,64,0,0.0041,0.0062,0.0097,Low
9795-SHUHB,66,0,0.0042,0.0062,0.0098,Low
8221-HVAYI,35,0,0.0041,0.0061,0.0096,Low
8295-KMENE,59,0,0.0041,0.0061,0.0095,Low
9823-EALYC,72,0,0.004,0.0061,0.0095,Low
3230-IUALN,45,0,0.004,0.0061,0.0095,Low
6248-TKCQV,70,0,0.004,0.0061,0.0095,Low
6332-FBZRI,67,0,0.0041,0.0061,0.0096,Low
2882-WDTBA,69,0,0.0041,0.0061,0.0095,Low
9488-FVZCC,72,0,0.004,0.0061,0.0095,Low
3913-FCUUW,72,0,0.0041,0.0061,0.0096,Low
5906-DVAPM,55,0,0.0041,0.0061,0.0096,Low
7639-OPLNG,70,0,0.004,0.0061,0.0095,Low
5707-ZMDJP,53,0,0.0041,0.0061,0.0096,Low
5820-PTRYM,56,0,0.0041,0.0061,0.0096,Low
3082-YVEKW,23,0,0.0041,0.0061,0.0095,Low
5073-RZGBK,50,0,0.004,0.0061,0.0095,Low
7100-FQPRV,43,0,0.0041,0.0061,0.0096,Low
0743-HNPFG,51,0,0.0041,0.0061,0.0096,Low
5494-WOZRZ,71,0,0.004,0.0061,0.0095,Low
9674-EHPPG,46,0,0.0041,0.0061,0.0096,Low
4877-TSOFF,55,0,0.0041,0.0061,0.0095,Low
0654-PQKDW,62,0,0.0041,0.0061,0.0096,Low
5458-CQJTA,65,1,0.0041,0.0061,0.0096,Low
1088-AUUZZ,56,0,0.0041,0.0061,0.0095,Low
6341-JVQGF,31,0,0.004,0.0061,0.0095,Low
9470-YFUYI,71,0,0.0041,0.0061,0.0096,Low
7576-ASEJU,41,0,0.0041,0.0061,0.0096,Low
5846-NEQVZ,71,0,0.0041,0.0061,0.0096,Low
1027-LKKQQ,72,0,0.004,0.0061,0.0095,Low
4526-RMTLL,8,0,0.0041,0.0061,0.0095,Low
5318-YKDPV,43,0,0.004,0.0061,0.0095,Low
7833-PKIHD,51,0,0.0041,0.0061,0.0095,Low
6663-JOCQO,31,0,0.0041,0.0061,0.0095,Low
0263-FJTQO,50,0,0.0041,0.0061,0.0096,Low
3508-VLHCZ,71,0,0.004,0.006,0.0094,Low
1897-OKVMW,64,0,0.004,0.006,0.0094,Low
8100-PNJMH,68,0,0.004,0.006,0.0094,Low
7233-PAHHL,66,0,0.004,0.006,0.0095,Low
7688-AWMDX,71,0,0.004,0.006,0.0093,Low
8999-YPYBV,45,0,0.004,0.006,0.0095,Low
6408-WHTEF,72,0,0.004,0.006,0.0094,Low
2404-JIBFC,55,0,0.004,0.006,0.0094,Low
0016-QLJIS,65,0,0.004,0.006,0.0094,Low
7579-KKLOE,71,0,0.004,0.006,0.0094,Low
2378-YIZKA,68,0,0.004,0.006,0.0094,Low
4718-WXBGI,72,0,0.004,0.006,0.0094,Low
2000-DHJUY,70,0,0.004,0.006,0.0093,Low
6656-GULJQ,72,0,0.004,0.006,0.0095,Low
2055-BFOCC,63,0,0.004,0.006,0.0094,Low
9224-VTYID,47,0,0.004,0.006,0.0094,Low
7037-MTYVW,38,0,0.004,0.006,0.0094,Low
7101-HRBLJ,72,0,0.004,0.006,0.0095,Low
6120-RJKLU,62,0,0.004,0.006,0.0095,Low
6840-RESVB,24,0,0.004,0.006,0.0094,Low
2226-ICFDO,72,0,0.004,0.006,0.0094,Low
9227-YBAXE,65,0,0.004,0.006,0.0095,Low
5204-HMGYF,49,0,0.004,0.006,0.0094,Low
8670-MEFCP,36,0,0.004,0.006,0.0094,Low
1951-IEYXM,72,0,0.004,0.006,0.0094,Low
6122-LJADA,70,0,0.004,0.006,0.0094,Low
8197-BFWVU,72,0,0.004,0.006,0.0094,Low
1187-WILMM,63,0,0.004,0.006,0.0094,Low
9415-ZNBSX,70,0,0.004,0.006,0.0094,Low
4077-HWUYD,72,0,0.004,0.006,0.0094,Low
0945-TSONX,47,0,0.004,0.006,0.0094,Low
7503-MIOGA,72,0,0.004,0.006,0.0094,Low
5982-PSMKW,23,0,0.004,0.006,0.0094,Low
4782-OSFXZ,71,0,0.004,0.006,0.0094,Low
2725-TTRIQ,72,0,0.004,0.006,0.0095,Low
5727-MYATE,72,0,0.004,0.006,0.0094,Low
1568-LJSZU,68,0,0.004,0.006,0.0094,Low
7622-FWGEW,56,0,0.004,0.006,0.0094,Low
3422-WJOYD,28,0,0.004,0.006,0.0093,Low
4827-DPADN,72,0,0.004,0.006,0.0095,Low
6369-MCAKO,68,0,0.004,0.006,0.0094,Low
6963-EZQEE,70,0,0.004,0.006,0.0094,Low
8792-AOROI,8,0,0.0039,0.0059,0.0092,Low
8590-YFFQO,70,0,0.0039,0.0059,0.0092,Low
3512-IZIKN,70,1,0.0039,0.0059,0.0092,Low
2535-PBCGC,70,0,0.0039,0.0059,0.0092,Low
1866-DIOQZ,71,0,0.0039,0.0059,0.0092,Low
6152-ONASV,68,0,0.0039,0.0059,0.0093,Low
8039-EQPIM,69,0,0.0039,0.0059,0.0092,Low
6115-ZTBFQ,72,0,0.0039,0.0059,0.0092,Low
6374-AFWOX,46,0,0.0039,0.0059,0.0092,Low
5095-ETBRJ,55,0,0.004,0.0059,0.0093,Low
4254-QPEDE,52,0,0.0039,0.0059,0.0092,Low
9372-TXXPS,60,0,0.0039,0.0059,0.0093,Low
2176-OSJUV,71,0,0.0039,0.0059,0.0092,Low
9359-JANWS,65,0,0.0039,0.0059,0.0093,Low
9499-XPZXM,72,0,0.0039,0.0059,0.0092,Low
4664-NJCMS,33,0,0.0039,0.0059,0.0093,Low
3067-SVMTC,68,0,0.004,0.0059,0.0093,Low
7336-RLLRH,27,0,0.0038,0.0058,0.009,Low
6418-PIQSP,62,0,0.0038,0.0058,0.009,Low
3200-MNQTF,67,0,0.0039,0.0058,0.0091,Low
6478-HRRCZ,32,0,0.0039,0.0058,0.0091,Low
5915-ANOEI,70,0,0.0038,0.0058,0.009,Low
2251-PYLPB,72,0,0.0038,0.0058,0.009,Low
1088-CNNKB,63,0,0.0038,0.0058,0.009,Low
8200-KLNYW,21,0,0.0038,0.0058,0.009,Low
9068-VPWQQ,61,0,0.0039,0.0058,0.0091,Low
0496-AHOOK,24,0,0.0039,0.0058,0.0091,Low
2649-HWLYB,65,0,0.0039,0.0058,0.0091,Low
6685-GBWJZ,63,0,0.0039,0.0058,0.0091,Low
6087-YPWHO,72,0,0.0039,0.0058,0.0091,Low
8469-SNFFH,70,0,0.0038,0.0058,0.009,Low
5208-FVQKB,70,0,0.0039,0.0058,0.0092,Low
2235-EZAIK,72,0,0.0038,0.0058,0.009,Low
7247-XOZPB,53,0,0.0038,0.0058,0.009,Low
8205-VSLRB,70,0,0.0038,0.0058,0.009,Low
7898-PDWQE,71,0,0.0038,0.0058,0.009,Low
5781-RFZRP,71,0,0.0039,0.0058,0.0091,Low
9065-ZCPQX,72,0,0.0038,0.0058,0.009,Low
6252-DFGTK,37,0,0.0039,0.0058,0.0091,Low
2077-DDHJK,68,0,0.0039,0.0058,0.0091,Low
4522-XRWWI,42,0,0.0038,0.0058,0.009,Low
2361-UPSND,46,0,0.0039,0.0058,0.0091,Low
8146-QQKZH,71,0,0.0038,0.0057,0.009,Low
5129-HHMZC,43,0,0.0038,0.0057,0.009,Low
5879-HMFFH,72,0,0.0038,0.0057,0.0089,Low
4723-BEGSG,72,0,0.0038,0.0057,0.009,Low
9453-PATOS,72,0,0.0038,0.0057,0.009,Low
7975-JMZNT,66,0,0.0038,0.0057,0.0089,Low
2194-IIQOF,71,0,0.0038,0.0057,0.0089,Low
3084-DOWLE,72,0,0.0038,0.0057,0.0089,Low
5766-FTRTS,72,0,0.0038,0.0057,0.009,Low
3779-OSWCF,71,0,0.0038,0.0057,0.0089,Low
9194-GFVOI,42,0,0.0038,0.0057,0.009,Low
3967-KXAPS,72,0,0.0038,0.0057,0.0089,Low
6885-PKOAM,71,0,0.0038,0.0057,0.009,Low
7398-HPYZQ,71,0,0.0038,0.0057,0.0089,Low
6695-AMZUF,70,0,0.0038,0.0057,0.009,Low
6461-SZMCV,71,0,0.0038,0.0057,0.0089,Low
7340-KEFQE,51,0,0.0037,0.0056,0.0088,Low
3298-QEICA,23,0,0.0037,0.0056,0.0088,Low
0230-UBYPQ,63,0,0.0037,0.0056,0.0087,Low
8204-YJCLA,72,0,0.0037,0.0056,0.0087,Low
8069-RHUXK,67,0,0.0037,0.0056,0.0088,Low
2316-ESMLS,12,0,0.0037,0.0056,0.0088,Low
2253-KPMNB,69,0,0.0036,0.0055,0.0086,Low
1116-FRYVH,48,0,0.0037,0.0055,0.0087,Low
4295-YURET,56,0,0.0037,0.0055,0.0086,Low
7321-ZNSLA,13,0,0.0037,0.0055,0.0087,Low
9286-BHDQG,72,0,0.0036,0.0055,0.0086,Low
7665-NKLAV,36,0,0.0037,0.0055,0.0087,Low
4667-QONEA,60,0,0.0037,0.0055,0.0086,Low
8882-TLVRW,69,0,0.0037,0.0055,0.0087,Low
5227-JSCFE,71,0,0.0036,0.0054,0.0085,Low
1371-DWPAZ,0,0,0.0036,0.0054,0.0084,Low
2314-TNDJQ,72,0,0.0036,0.0054,0.0084,Low
3398-GCPMU,72,0,0.0036,0.0054,0.0085,Low
3146-MSEGF,72,0,0.0036,0.0054,0.0085,Low
3315-IKYZQ,28,0,0.0036,0.0054,0.0085,Low
7599-NTMDP,62,0,0.0036,0.0054,0.0085,Low
6434-TTGJP,10,0,0.0036,0.0054,0.0084,Low
2725-IWWBA,46,0,0.0036,0.0054,0.0084,Low
5010-IPEAQ,67,0,0.0036,0.0054,0.0084,Low
1716-LSAMB,45,0,0.0036,0.0054,0.0084,Low
1814-WFGVS,72,0,0.0036,0.0054,0.0085,Low
5656-MJEFC,42,0,0.0036,0.0054,0.0085,Low
9705-ZJBCG,13,0,0.0036,0.0054,0.0084,Low
3400-ESFUW,55,1,0.0036,0.0054,0.0084,Low
7021-XSNYE,7,0,0.0036,0.0054,0.0085,Low
5248-RPYWW,72,0,0.0036,0.0054,0.0085,Low
6064-PUPMC,23,0,0.0036,0.0054,0.0084,Low
4139-DETXS,72,0,0.0035,0.0053,0.0083,Low
7169-YWAMK,72,0,0.0035,0.0053,0.0083,Low
1266-NZYUI,72,0,0.0035,0.0053,0.0083,Low
8619-IJNDK,71,0,0.0035,0.0053,0.0083,Low
9220-CXRSC,69,0,0.0035,0.0053,0.0083,Low
8690-UPCZI,29,0,0.0035,0.0053,0.0083,Low
1459-QNFQT,70,0,0.0036,0.0053,0.0084,Low
4854-SSLTN,2,0,0.0036,0.0053,0.0084,Low
0020-JDNXP,34,0,0.0035,0.0053,0.0083,Low
1177-XZBJL,53,0,0.0035,0.0053,0.0083,Low
3399-BMLVW,51,0,0.0036,0.0053,0.0084,Low
7722-VJRQD,72,0,0.0036,0.0053,0.0083,Low
7113-HIPFI,66,0,0.0035,0.0053,0.0083,Low
9993-LHIEB,67,0,0.0035,0.0053,0.0083,Low
5196-WPYOW,67,0,0.0036,0.0053,0.0084,Low
0270-THENM,72,0,0.0035,0.0053,0.0082,Low
6614-YOLAC,71,0,0.0036,0.0053,0.0084,Low
8184-WMOFI,62,0,0.0035,0.0053,0.0082,Low
5840-NVDCG,16,0,0.0035,0.0053,0.0083,Low
7131-ZQZNK,60,0,0.0036,0.0053,0.0084,Low
4730-AWNAU,36,0,0.0036,0.0053,0.0084,Low
6827-IEAUQ,27,0,0.0035,0.0053,0.0083,Low
2541-YGPKE,42,0,0.0035,0.0053,0.0083,Low
4194-FJARJ,54,0,0.0036,0.0053,0.0084,Low
9091-WTUUY,64,0,0.0035,0.0053,0.0083,Low
7399-QHBJS,72,0,0.0035,0.0053,0.0083,Low
0774-RMNUW,71,0,0.0036,0.0053,0.0084,Low
6253-GNHWH,71,0,0.0035,0.0053,0.0082,Low
4342-HFXWS,48,0,0.0035,0.0053,0.0083,Low
2581-VKIRT,59,0,0.0035,0.0053,0.0083,Low
9055-MOJJJ,64,0,0.0035,0.0053,0.0083,Low
3950-VPYJB,57,0,0.0036,0.0053,0.0084,Low
4737-AQCPU,72,0,0.0035,0.0053,0.0082,Low
7162-WPHPM,58,0,0.0035,0.0053,0.0082,Low
6288-CHQJB,54,0,0.0035,0.0053,0.0082,Low
6762-QVYJO,58,0,0.0036,0.0053,0.0084,Low
9786-YWNHU,63,0,0.0035,0.0053,0.0083,Low
3563-SVYLG,68,0,0.0035,0.0053,0.0083,Low
0769-MURVM,72,0,0.0035,0.0053,0.0083,Low
3486-HOOGQ,70,0,0.0035,0.0052,0.0082,Low
3795-GWTRD,63,0,0.0035,0.0052,0.0082,Low
0336-PIKEI,72,0,0.0035,0.0052,0.0082,Low
0562-FGDCR,72,0,0.0035,0.0052,0.0082,Low
4106-HADHQ,39,1,0.0035,0.0052,0.0082,Low
3050-RLLXC,56,0,0.0035,0.0052,0.0081,Low
8336-TAVKX,72,0,0.0035,0.0052,0.0081,Low
3902-MIVLE,63,0,0.0035,0.0052,0.0082,Low
6997-UVGOX,71,0,0.0034,0.0052,0.0081,Low
3889-VWBID,68,0,0.0035,0.0052,0.0081,Low
3262-EIDHV,72,0,0.0034,0.0052,0.0081,Low
4900-MSOMT,72,0,0.0035,0.0052,0.0081,Low
9481-WHGWY,70,0,0.0035,0.0052,0.0082,Low
0238-WHBIQ,72,0,0.0034,0.0052,0.0081,Low
0123-CRBRT,61,0,0.0034,0.0052,0.0081,Low
6479-VDGRK,72,0,0.0034,0.0052,0.0081,Low
2498-XLDZR,32,0,0.0035,0.0052,0.0082,Low
9489-JMTTN,72,0,0.0034,0.0052,0.0081,Low
6516-NKQBO,38,0,0.0035,0.0052,0.0081,Low
6365-HITVU,71,0,0.0034,0.0052,0.0081,Low
3487-EARAT,70,0,0.0035,0.0052,0.0082,Low
7860-UXCRM,63,0,0.0035,0.0052,0.0082,Low
2321-OMBXY,38,1,0.0035,0.0052,0.0081,Low
7408-OFWXJ,72,0,0.0034,0.0052,0.0081,Low
7103-ZGVNT,69,0,0.0035,0.0052,0.0082,Low
8559-CIZFV,21,1,0.0035,0.0052,0.0082,Low
1492-KGETH,70,0,0.0035,0.0052,0.0082,Low
0363-SVHYR,71,0,0.0034,0.0052,0.0081,Low
5751-USDBL,46,0,0.0035,0.0052,0.0081,Low
1084-MNSMJ,51,0,0.0034,0.0052,0.0081,Low
9114-DPSIA,72,0,0.0035,0.0052,0.0081,Low
1506-YJTYT,45,0,0.0035,0.0052,0.0082,Low
5320-BRKGK,58,0,0.0035,0.0052,0.0082,Low
8690-ZVLCL,68,0,0.0034,0.0052,0.0081,Low
2925-VDZHY,72,0,0.0034,0.0052,0.0081,Low
7779-ORAEL,45,0,0.0035,0.0052,0.0082,Low
7711-YIJWC,61,0,0.0034,0.0052,0.0081,Low
5457-COLHT,69,0,0.0035,0.0052,0.0081,Low
3470-OBUET,67,0,0.0035,0.0052,0.0082,Low
5788-YPOEG,34,0,0.0034,0.0052,0.0081,Low
2885-HIJDH,69,0,0.0034,0.0052,0.0081,Low
0988-AADSA,72,0,0.0035,0.0052,0.0081,Low
3071-MVJCD,72,0,0.0035,0.0052,0.0081,Low
5117-ZSMHQ,71,0,0.0034,0.0051,0.0081,Low
0839-JTCUD,66,0,0.0034,0.0051,0.0081,Low
1568-BEKZM,70,0,0.0034,0.0051,0.008,Low
0730-BGQGF,71,0,0.0034,0.0051,0.0081,Low
3227-WLKLI,65,0,0.0034,0.0051,0.0081,Low
3219-JQRSL,72,0,0.0034,0.0051,0.008,Low
9348-ROUAI,59,0,0.0034,0.0051,0.0081,Low
5377-NDTOU,71,0,0.0034,0.0051,0.0081,Low
4674-HGNUA,71,0,0.0034,0.0051,0.0081,Low
3569-JFODW,72,0,0.0034,0.0051,0.0081,Low
7401-JIXNM,54,0,0.0034,0.0051,0.0081,Low
1775-KWJKQ,72,0,0.0034,0.0051,0.0081,Low
0244-LGNFY,72,0,0.0034,0.0051,0.008,Low
8631-NBHFZ,66,1,0.0031,0.0047,0.0073,Low
8580-QVLOC,72,1,0.0031,0.0046,0.0072,Low
