customer_id,churn_score,risk_tier,monthly_potential_eur,upsell_priority,anomaly_score,is_anomaly,churn_norm,potential_norm,anomaly_norm,commercial_priority_score,commercial_segment,recommended_action,priority_tier
7206-GZCDC,0.8507,High,26.0,High,0.5147,0,0.9935491578067137,0.49713194,0.5147,0.7489,Retain_HighValue,Retencion urgente + oferta personalizada (cliente de alto valor),High
3428-XZMAZ,0.8492,High,26.0,High,0.5115,0,0.9917572571974674,0.49713194,0.5115,0.7473,Retain_HighValue,Retencion urgente + oferta personalizada (cliente de alto valor),High
6457-GIRWB,0.8492,High,26.0,High,0.5115,0,0.9917572571974674,0.49713194,0.5115,0.7473,Retain_HighValue,Retencion urgente + oferta personalizada (cliente de alto valor),High
7660-HDPJV,0.8462,High,26.0,High,0.5147,0,0.988173455978975,0.49713194,0.5147,0.7462,Retain_HighValue,Retencion urgente + oferta personalizada (cliente de alto valor),High
9728-FTTVZ,0.8462,High,26.0,High,0.5147,0,0.988173455978975,0.49713194,0.5147,0.7462,Retain_HighValue,Retencion urgente + oferta personalizada (cliente de alto valor),High
7817-BOQPW,0.7822,High,20.08,High,0.8724,1,0.9117190299844702,0.38393882,0.8724,0.7455,Retain_HighValue,Retencion urgente + oferta personalizada (cliente de alto valor),High
0488-GSLFR,0.8496,High,25.85,High,0.5051,0,0.9922350973599332,0.4942639,0.5051,0.7454,Retain_HighValue,Retencion urgente + oferta personalizada (cliente de alto valor),High
2276-YDAVZ,0.7463,High,20.37,High,0.9699,1,0.8688328754031777,0.38948378,0.9699,0.7452,Retain_HighValue,Retencion urgente + oferta personalizada (cliente de alto valor),High
2636-ALXXZ,0.8506,High,25.85,High,0.4986,0,0.9934296977660974,0.4942639,0.4986,0.7447,Retain_HighValue,Retencion urgente + oferta personalizada (cliente de alto valor),High
8375-DKEBR,0.8506,High,25.85,High,0.4986,0,0.9934296977660974,0.4942639,0.4986,0.7447,Retain_HighValue,Retencion urgente + oferta personalizada (cliente de alto valor),High
3716-BDVDB,0.8401,High,26.31,High,0.5155,0,0.9808863935013737,0.50305927,0.5155,0.7445,Retain_HighValue,Retencion urgente + oferta personalizada (cliente de alto valor),High
0679-IDSTG,0.8423,High,26.01,High,0.5147,0,0.983514514394935,0.49732316,0.5147,0.7439,Retain_HighValue,Retencion urgente + oferta personalizada (cliente de alto valor),High
1820-TQVEV,0.8485,High,25.85,High,0.5002,0,0.9909210369131526,0.4942639,0.5002,0.7438,Retain_HighValue,Retencion urgente + oferta personalizada (cliente de alto valor),High
7665-TOALD,0.8482,High,25.85,High,0.4986,0,0.9905626567913033,0.4942639,0.4986,0.7433,Retain_HighValue,Retencion urgente + oferta personalizada (cliente de alto valor),High
0637-KVDLV,0.8093,High,19.3,Medium,0.8022,1,0.9440927009915184,0.36902484,0.8022,0.7432,Retain_InvestigateBill,Retencion urgente + revision de facturacion,High
6502-MJQAE,0.8478,High,25.85,High,0.4986,0,0.9900848166288377,0.4942639,0.4986,0.743,Retain_HighValue,Retencion urgente + oferta personalizada (cliente de alto valor),High
2506-TNFCO,0.8469,High,25.85,High,0.5002,0,0.98900967626329,0.4942639,0.5002,0.7428,Retain_HighValue,Retencion urgente + oferta personalizada (cliente de alto valor),High
1447-GIQMR,0.8365,High,26.31,High,0.5155,0,0.9765858320391829,0.50305927,0.5155,0.7423,Retain_HighValue,Retencion urgente + oferta personalizada (cliente de alto valor),High
1980-KXVPM,0.7594,High,20.39,High,0.9144,1,0.8844821407239278,0.38986614,0.9144,0.7421,Retain_HighValue,Retencion urgente + oferta personalizada (cliente de alto valor),High
4871-JTKJF,0.8481,High,25.72,High,0.4962,0,0.9904431967506869,0.4917782,0.4962,0.742,Retain_HighValue,Retencion urgente + oferta personalizada (cliente de alto valor),High
8062-YBDOE,0.847,High,25.72,High,0.4962,0,0.9891291363039063,0.4917782,0.4962,0.7413,Retain_HighValue,Retencion urgente + oferta personalizada (cliente de alto valor),High
3871-IKPYH,0.8344,High,26.31,High,0.5155,0,0.9740771711862383,0.50305927,0.5155,0.7411,Retain_HighValue,Retencion urgente + oferta personalizada (cliente de alto valor),High
7254-IQWOZ,0.8452,High,25.72,High,0.4962,0,0.9869788555728108,0.4917782,0.4962,0.7403,Retain_HighValue,Retencion urgente + oferta personalizada (cliente de alto valor),High
4550-EVXNY,0.8444,High,25.73,High,0.4962,0,0.9860231752478796,0.4919694,0.4962,0.7398,Retain_HighValue,Retencion urgente + oferta personalizada (cliente de alto valor),High
5539-TMZLF,0.8449,High,25.72,High,0.4886,0,0.9866204754509617,0.4917782,0.4886,0.7386,Retain_HighValue,Retencion urgente + oferta personalizada (cliente de alto valor),High
5240-IJOQT,0.8464,High,20.7,High,0.6259,1,0.9884123760602079,0.39579353,0.6259,0.7381,Retain_HighValue,Retencion urgente + oferta personalizada (cliente de alto valor),High
9248-OJYKK,0.8508,High,19.19,Medium,0.6556,1,0.9936686178473301,0.36692163,0.6556,0.738,Retain_InvestigateBill,Retencion urgente + revision de facturacion,High
3551-HUAZH,0.8443,High,21.16,High,0.6118,1,0.9859037152072633,0.4045889,0.6118,0.7367,Retain_HighValue,Retencion urgente + oferta personalizada (cliente de alto valor),High
4988-IQIGL,0.845,High,20.17,High,0.638,1,0.986739935491578,0.38565966,0.638,0.7367,Retain_HighValue,Retencion urgente + oferta personalizada (cliente de alto valor),High
4806-HIPDW,0.8267,High,26.31,High,0.5155,0,0.9648787480587744,0.50305927,0.5155,0.7365,Retain_HighValue,Retencion urgente + oferta personalizada (cliente de alto valor),High
6424-ELEYH,0.8086,High,20.74,High,0.7291,1,0.9432564807072035,0.3965583,0.7291,0.7364,Retain_HighValue,Retencion urgente + oferta personalizada (cliente de alto valor),High
5550-VFRLC,0.8432,High,25.57,High,0.4869,0,0.9845896547604825,0.48891014,0.4869,0.7363,Retain_HighValue,Retencion urgente + oferta personalizada (cliente de alto valor),High
6358-LYNGM,0.8422,High,20.45,High,0.6359,1,0.9833950543543184,0.3910134,0.6359,0.7362,Retain_HighValue,Retencion urgente + oferta personalizada (cliente de alto valor),High
3519-ZKXGG,0.7509,High,19.74,Medium,0.9281,1,0.8743280372715327,0.37743786,0.9281,0.736,Retain_InvestigateBill,Retencion urgente + revision de facturacion,High
1157-BQCUW,0.8418,High,20.45,High,0.6359,1,0.9829172141918529,0.3910134,0.6359,0.7359,Retain_HighValue,Retencion urgente + oferta personalizada (cliente de alto valor),High
4102-OQUPX,0.8425,High,21.16,High,0.6118,1,0.9837534344761678,0.4045889,0.6118,0.7356,Retain_HighValue,Retencion urgente + oferta personalizada (cliente de alto valor),High
6894-LFHLY,0.8458,High,19.74,Medium,0.6407,1,0.9876956158165094,0.37743786,0.6407,0.7352,Retain_InvestigateBill,Retencion urgente + revision de facturacion,High
8644-XLFBW,0.8302,High,24.55,High,0.5485,0,0.969059849480349,0.46940726,0.5485,0.7351,Retain_HighValue,Retencion urgente + oferta personalizada (cliente de alto valor),High
4510-HIMLV,0.8402,High,25.57,High,0.4877,0,0.9810058535419902,0.48891014,0.4877,0.7347,Retain_HighValue,Retencion urgente + oferta personalizada (cliente de alto valor),High
4603-JANFB,0.8402,High,25.57,High,0.4869,0,0.9810058535419902,0.48891014,0.4869,0.7346,Retain_HighValue,Retencion urgente + oferta personalizada (cliente de alto valor),High
1452-VOQCH,0.8399,High,20.4,High,0.6358,1,0.980647473420141,0.39005736,0.6358,0.7345,Retain_HighValue,Retencion urgente + oferta personalizada (cliente de alto valor),High
9787-XVQIU,0.839,High,20.34,High,0.6382,1,0.9795723330545932,0.38891014,0.6382,0.7341,Retain_HighValue,Retencion urgente + oferta personalizada (cliente de alto valor),High
3177-LASXD,0.833,High,24.57,High,0.5331,0,0.9724047306176083,0.46978968,0.5331,0.7338,Retain_HighValue,Retencion urgente + oferta personalizada (cliente de alto valor),High
0723-DRCLG,0.8392,High,21.16,High,0.611,1,0.9798112531358261,0.4045889,0.611,0.7335,Retain_HighValue,Retencion urgente + oferta personalizada (cliente de alto valor),High
6960-HVYXR,0.8409,High,19.61,Medium,0.6505,1,0.9818420738263051,0.37495223,0.6505,0.7335,Retain_InvestigateBill,Retencion urgente + revision de facturacion,High
5834-ASPWA,0.8384,High,20.17,High,0.6405,1,0.9788555728108949,0.38565966,0.6405,0.7332,Retain_HighValue,Retencion urgente + oferta personalizada (cliente de alto valor),High
1833-VGRUM,0.8395,High,21.2,High,0.6065,1,0.9801696332576754,0.40535375,0.6065,0.733,Retain_HighValue,Retencion urgente + oferta personalizada (cliente de alto valor),High
2609-IAICY,0.8442,High,19.12,Medium,0.6523,1,0.9857842551666467,0.36558318,0.6523,0.733,Retain_InvestigateBill,Retencion urgente + revision de facturacion,High
5134-IKDAY,0.836,High,25.57,High,0.4877,0,0.9759885318361008,0.48891014,0.4877,0.7322,Retain_HighValue,Retencion urgente + oferta personalizada (cliente de alto valor),High
3878-AVSOQ,0.8328,High,24.57,High,0.5246,0,0.9721658105363756,0.46978968,0.5246,0.7319,Retain_HighValue,Retencion urgente + oferta personalizada (cliente de alto valor),High
7180-PISOG,0.8355,High,21.16,High,0.6137,1,0.9753912316330188,0.4045889,0.6137,0.7318,Retain_HighValue,Retencion urgente + oferta personalizada (cliente de alto valor),High
8380-PEFPE,0.8244,High,24.55,High,0.5485,0,0.9621311671245969,0.46940726,0.5485,0.7316,Retain_HighValue,Retencion urgente + oferta personalizada (cliente de alto valor),High
4415-IJZTP,0.8349,High,21.16,High,0.6137,1,0.9746744713893203,0.4045889,0.6137,0.7315,Retain_HighValue,Retencion urgente + oferta personalizada (cliente de alto valor),High
8372-JUXUI,0.8344,High,21.21,High,0.611,1,0.9740771711862383,0.4055449,0.611,0.7309,Retain_HighValue,Retencion urgente + oferta personalizada (cliente de alto valor),High
8816-VXNZD,0.8338,High,20.39,High,0.6358,1,0.9733604109425398,0.38986614,0.6358,0.7308,Retain_HighValue,Retencion urgente + oferta personalizada (cliente de alto valor),High
9488-HGMJH,0.8328,High,24.57,High,0.5172,0,0.9721658105363756,0.46978968,0.5172,0.7305,Retain_HighValue,Retencion urgente + oferta personalizada (cliente de alto valor),High
5186-SAMNZ,0.8238,High,25.83,High,0.5051,0,0.9614144068808983,0.49388146,0.5051,0.7299,Retain_HighValue,Retencion urgente + oferta personalizada (cliente de alto valor),High
3276-HDUEG,0.8324,High,20.38,High,0.6351,1,0.97168797037391,0.38967493,0.6351,0.7298,Retain_HighValue,Retencion urgente + oferta personalizada (cliente de alto valor),High
3746-EUBYR,0.8312,High,21.14,High,0.6168,1,0.9702544498865131,0.40420648,0.6168,0.7297,Retain_HighValue,Retencion urgente + oferta personalizada (cliente de alto valor),High
8000-REIQB,0.8339,High,25.42,High,0.4822,0,0.9734798709831561,0.48604208,0.4822,0.729,Retain_HighValue,Retencion urgente + oferta personalizada (cliente de alto valor),High
6513-EECDB,0.831,High,21.89,High,0.5917,0,0.9700155298052802,0.41854683,0.5917,0.7289,Retain_HighValue,Retencion urgente + oferta personalizada (cliente de alto valor),High
8473-VUVJN,0.8333,High,21.54,High,0.595,0,0.9727631107394578,0.4118547,0.595,0.7289,Retain_HighValue,Retencion urgente + oferta personalizada (cliente de alto valor),High
8775-ERLNB,0.8307,High,21.2,High,0.6118,1,0.9696571496834309,0.40535375,0.6118,0.7288,Retain_HighValue,Retencion urgente + oferta personalizada (cliente de alto valor),High
9850-OWRHQ,0.7937,High,21.38,High,0.7148,1,0.9254569346553577,0.4087954,0.7148,0.7283,Retain_HighValue,Retencion urgente + oferta personalizada (cliente de alto valor),High
9804-ICWBG,0.8295,High,25.57,High,0.4861,0,0.968223629196034,0.48891014,0.4861,0.728,Retain_HighValue,Retencion urgente + oferta personalizada (cliente de alto valor),High
5875-YPQFJ,0.8295,High,25.57,High,0.4861,0,0.968223629196034,0.48891014,0.4861,0.728,Retain_HighValue,Retencion urgente + oferta personalizada (cliente de alto valor),High
5542-TBBWB,0.8295,High,25.57,High,0.4861,0,0.968223629196034,0.48891014,0.4861,0.728,Retain_HighValue,Retencion urgente + oferta personalizada (cliente de alto valor),High
4581-SSPWD,0.757,High,19.8,Medium,0.8669,1,0.881615099749134,0.37858507,0.8669,0.7278,Retain_InvestigateBill,Retencion urgente + revision de facturacion,High
1853-UDXBW,0.83,High,25.43,High,0.4878,0,0.968820929399116,0.4862333,0.4878,0.7278,Retain_HighValue,Retencion urgente + oferta personalizada (cliente de alto valor),High
7409-KIUTL,0.8319,High,24.59,High,0.5044,0,0.9710906701708278,0.4701721,0.5044,0.7275,Retain_HighValue,Retencion urgente + oferta personalizada (cliente de alto valor),High
9603-OAIHC,0.8295,High,25.43,High,0.487,0,0.968223629196034,0.4862333,0.487,0.7274,Retain_HighValue,Retencion urgente + oferta personalizada (cliente de alto valor),High
7576-OYWBN,0.8025,High,19.68,Medium,0.7326,1,0.9359694182296022,0.37629065,0.7326,0.7274,Retain_InvestigateBill,Retencion urgente + revision de facturacion,High
4110-PFEUZ,0.8208,High,25.83,High,0.5002,0,0.957830605662406,0.49388146,0.5002,0.7271,Retain_HighValue,Retencion urgente + oferta personalizada (cliente de alto valor),High
1846-XWOQN,0.8304,High,25.3,High,0.4862,0,0.9692987695615817,0.4837476,0.4862,0.727,Retain_HighValue,Retencion urgente + oferta personalizada (cliente de alto valor),High
4702-IOQDC,0.8299,High,25.3,High,0.487,0,0.9687014693584995,0.4837476,0.487,0.7269,Retain_HighValue,Retencion urgente + oferta personalizada (cliente de alto valor),High
0328-GRPMV,0.8299,High,25.3,High,0.487,0,0.9687014693584995,0.4837476,0.487,0.7269,Retain_HighValue,Retencion urgente + oferta personalizada (cliente de alto valor),High
2262-SLNVK,0.8296,High,25.3,High,0.487,0,0.9683430892366504,0.4837476,0.487,0.7267,Retain_HighValue,Retencion urgente + oferta personalizada (cliente de alto valor),High
3494-JCHRQ,0.8277,High,25.43,High,0.487,0,0.9660733484649385,0.4862333,0.487,0.7263,Retain_HighValue,Retencion urgente + oferta personalizada (cliente de alto valor),High
9605-WGJVW,0.8304,High,25.21,High,0.4831,0,0.9692987695615817,0.48202676,0.4831,0.7259,Retain_HighValue,Retencion urgente + oferta personalizada (cliente de alto valor),High
1915-IOFGU,0.8308,High,25.1,High,0.4854,0,0.9697766097240473,0.47992355,0.4854,0.7259,Retain_HighValue,Retencion urgente + oferta personalizada (cliente de alto valor),High
2982-IHMFT,0.8262,High,21.13,High,0.611,1,0.9642814478556924,0.40401527,0.611,0.7255,Retain_HighValue,Retencion urgente + oferta personalizada (cliente de alto valor),High
5884-GCYMI,0.8129,High,25.99,High,0.5107,0,0.9483932624537093,0.49694073,0.5107,0.7254,Retain_HighValue,Retencion urgente + oferta personalizada (cliente de alto valor),High
7153-OANIO,0.8274,High,25.43,High,0.4822,0,0.9657149683430893,0.4862333,0.4822,0.7252,Retain_HighValue,Retencion urgente + oferta personalizada (cliente de alto valor),High
7908-QCBCA,0.8122,High,25.98,High,0.5107,0,0.9475570421693944,0.49674952,0.5107,0.7249,Retain_HighValue,Retencion urgente + oferta personalizada (cliente de alto valor),High
5583-SXDAG,0.825,High,25.43,High,0.4878,0,0.9628479273682953,0.4862333,0.4878,0.7249,Retain_HighValue,Retencion urgente + oferta personalizada (cliente de alto valor),High
1031-IIDEO,0.8261,High,24.85,High,0.5012,0,0.9641619878150758,0.4751434,0.5012,0.7249,Retain_HighValue,Retencion urgente + oferta personalizada (cliente de alto valor),High
4501-EQDRN,0.8203,High,25.7,High,0.4913,0,0.957233305459324,0.4913958,0.4913,0.7243,Retain_HighValue,Retencion urgente + oferta personalizada (cliente de alto valor),High
4759-TRPLW,0.8259,High,25.1,High,0.4879,0,0.9639230677338431,0.47992355,0.4879,0.7235,Retain_HighValue,Retencion urgente + oferta personalizada (cliente de alto valor),High
8051-HJRLT,0.8296,High,24.85,High,0.4828,0,0.9683430892366504,0.4751434,0.4828,0.7233,Retain_HighValue,Retencion urgente + oferta personalizada (cliente de alto valor),High
6653-CBBOM,0.8246,High,25.21,High,0.4869,0,0.9623700872058297,0.48202676,0.4869,0.7232,Retain_HighValue,Retencion urgente + oferta personalizada (cliente de alto valor),High
2856-HYAPG,0.8007,High,26.4,High,0.5237,0,0.9338191374985068,0.5047801,0.5237,0.7231,Retain_HighValue,Retencion urgente + oferta personalizada (cliente de alto valor),High
3422-LYEPQ,0.8244,High,24.6,High,0.5044,0,0.9621311671245969,0.4703633,0.5044,0.7231,Retain_HighValue,Retencion urgente + oferta personalizada (cliente de alto valor),High
8040-MNRTF,0.8202,High,24.55,High,0.5172,0,0.9571138454187075,0.46940726,0.5172,0.7228,Retain_HighValue,Retencion urgente + oferta personalizada (cliente de alto valor),High
0511-JTEOY,0.8202,High,24.55,High,0.5172,0,0.9571138454187075,0.46940726,0.5172,0.7228,Retain_HighValue,Retencion urgente + oferta personalizada (cliente de alto valor),High
3244-DCJWY,0.8246,High,25.21,High,0.484,0,0.9623700872058297,0.48202676,0.484,0.7226,Retain_HighValue,Retencion urgente + oferta personalizada (cliente de alto valor),High
1640-PLFMP,0.8246,High,25.21,High,0.484,0,0.9623700872058297,0.48202676,0.484,0.7226,Retain_HighValue,Retencion urgente + oferta personalizada (cliente de alto valor),High
1363-TXLSL,0.8231,High,25.21,High,0.4869,0,0.9605781865965836,0.48202676,0.4869,0.7223,Retain_HighValue,Retencion urgente + oferta personalizada (cliente de alto valor),High
2446-PLQVO,0.8223,High,25.21,High,0.4869,0,0.9596225062716522,0.48202676,0.4869,0.7218,Retain_HighValue,Retencion urgente + oferta personalizada (cliente de alto valor),High
6416-TVAIH,0.7959,High,26.41,High,0.5271,0,0.928085055548919,0.5049713,0.5271,0.721,Retain_HighValue,Retencion urgente + oferta personalizada (cliente de alto valor),High
3707-GNWHM,0.8182,High,21.18,High,0.61,1,0.9547246446063793,0.40497133,0.61,0.7209,Retain_HighValue,Retencion urgente + oferta personalizada (cliente de alto valor),High
3370-HXOPH,0.7251,High,19.65,Medium,0.9309,1,0.843507346792498,0.375717,0.9309,0.7206,Retain_InvestigateBill,Retencion urgente + revision de facturacion,High
0151-ONTOV,0.8186,High,24.83,High,0.5012,0,0.9552024847688448,0.474761,0.5012,0.7203,Retain_HighValue,Retencion urgente + oferta personalizada (cliente de alto valor),High
0404-SWRVG,0.7786,High,21.2,High,0.725,1,0.9074184685222793,0.40535375,0.725,0.7203,Retain_HighValue,Retencion urgente + oferta personalizada (cliente de alto valor),High
8258-GSTJK,0.7809,High,19.19,Medium,0.7698,1,0.9101660494564568,0.36692163,0.7698,0.7191,Retain_InvestigateBill,Retencion urgente + revision de facturacion,High
0519-XUZJU,0.8191,High,24.83,High,0.4932,0,0.955799784971927,0.474761,0.4932,0.719,Retain_HighValue,Retencion urgente + oferta personalizada (cliente de alto valor),High
4713-LZDRV,0.8011,High,15.85,Medium,0.8018,1,0.9342969776609725,0.30305928,0.8018,0.7184,Retain_InvestigateBill,Retencion urgente + revision de facturacion,High
7571-YXDAD,0.7954,High,20.43,High,0.6827,1,0.9274877553458368,0.390631,0.6827,0.7175,Retain_HighValue,Retencion urgente + oferta personalizada (cliente de alto valor),High
5376-DEQCP,0.8145,High,24.85,High,0.4898,0,0.9503046231035719,0.4751434,0.4898,0.7157,Retain_HighValue,Retencion urgente + oferta personalizada (cliente de alto valor),High
1086-LXKFY,0.7926,High,26.23,High,0.5155,0,0.9241428742085772,0.50152963,0.5155,0.7156,Retain_HighValue,Retencion urgente + oferta personalizada (cliente de alto valor),High
7465-ZZRVX,0.8101,High,25.21,High,0.4887,0,0.9450483813164497,0.48202676,0.4887,0.7149,Retain_HighValue,Retencion urgente + oferta personalizada (cliente de alto valor),High
0685-MLYYM,0.7298,High,24.99,High,0.7316,1,0.8491219687014694,0.47782028,0.7316,0.7142,Retain_HighValue,Retencion urgente + oferta personalizada (cliente de alto valor),High
2516-VQRRV,0.7644,High,20.22,High,0.7619,1,0.8904551427547486,0.38661566,0.7619,0.7136,Retain_HighValue,Retencion urgente + oferta personalizada (cliente de alto valor),High
5835-BEQEU,0.7917,High,19.13,Medium,0.7114,1,0.9230677338430295,0.36577436,0.7114,0.7135,Retain_InvestigateBill,Retencion urgente + revision de facturacion,High
0925-VYDLG,0.7381,High,20.41,High,0.8333,1,0.8590371520726318,0.39024857,0.8333,0.7133,Retain_HighValue,Retencion urgente + oferta personalizada (cliente de alto valor),High
6140-QNRQQ,0.7966,High,24.53,High,0.5393,0,0.9289212758332338,0.46902487,0.5393,0.713,Retain_HighValue,Retencion urgente + oferta personalizada (cliente de alto valor),High
8042-JVNFH,0.7982,High,24.56,High,0.5331,0,0.9308326364830964,0.46959847,0.5331,0.7129,Retain_HighValue,Retencion urgente + oferta personalizada (cliente de alto valor),High
0968-GSIKN,0.8082,High,24.83,High,0.4956,0,0.9427786405447378,0.474761,0.4956,0.7129,Retain_HighValue,Retencion urgente + oferta personalizada (cliente de alto valor),High
0021-IKXGC,0.8151,High,22.1,High,0.55,0,0.9510213833472704,0.42256215,0.55,0.7123,Retain_HighValue,Retencion urgente + oferta personalizada (cliente de alto valor),High
0812-WUPTB,0.8048,High,24.84,High,0.5012,0,0.9387169991637797,0.47495222,0.5012,0.7121,Retain_HighValue,Retencion urgente + oferta personalizada (cliente de alto valor),High
1084-UQCHV,0.7998,High,25.71,High,0.4886,0,0.932743997132959,0.49158698,0.4886,0.7116,Retain_HighValue,Retencion urgente + oferta personalizada (cliente de alto valor),High
5482-PLVPE,0.7235,High,34.0,High,0.4774,0,0.8415959861426353,0.6500956,0.4774,0.7113,Retain_HighValue,Retencion urgente + oferta personalizada (cliente de alto valor),High
7235-NXZCP,0.7595,High,20.48,High,0.7535,1,0.8846016007645442,0.391587,0.7535,0.7105,Retain_HighValue,Retencion urgente + oferta personalizada (cliente de alto valor),High
2619-WFQWU,0.7983,High,25.28,High,0.4862,0,0.9309520965237129,0.4833652,0.4862,0.7077,Retain_HighValue,Retencion urgente + oferta personalizada (cliente de alto valor),High
9985-MWVIX,0.7983,High,25.28,High,0.4862,0,0.9309520965237129,0.4833652,0.4862,0.7077,Retain_HighValue,Retencion urgente + oferta personalizada (cliente de alto valor),High
3066-RRJIO,0.7981,High,25.41,High,0.4822,0,0.9307131764424801,0.48585087,0.4822,0.7076,Retain_HighValue,Retencion urgente + oferta personalizada (cliente de alto valor),High
5032-MIYKT,0.7998,High,24.83,High,0.4924,0,0.932743997132959,0.474761,0.4924,0.7073,Retain_HighValue,Retencion urgente + oferta personalizada (cliente de alto valor),High
8993-PHFWD,0.6948,High,33.52,High,0.5498,0,0.8073109544857245,0.6409178,0.5498,0.7059,Retain_HighValue,Retencion urgente + oferta personalizada (cliente de alto valor),High
1320-HTRDR,0.7676,High,20.01,High,0.7142,1,0.8942778640544737,0.3826004,0.7142,0.7048,Retain_HighValue,Retencion urgente + oferta personalizada (cliente de alto valor),High
8086-OVPWV,0.8144,High,15.58,Medium,0.6989,1,0.9501851630629555,0.29789674,0.6989,0.7042,Retain_InvestigateBill,Retencion urgente + revision de facturacion,High
0390-DCFDQ,0.7915,High,25.08,High,0.4854,0,0.9228288137617967,0.47954112,0.4854,0.7024,Retain_HighValue,Retencion urgente + oferta personalizada (cliente de alto valor),High
5570-PTWEH,0.7582,High,20.32,High,0.7124,1,0.8830486202365309,0.38852772,0.7124,0.7006,Retain_HighValue,Retencion urgente + oferta personalizada (cliente de alto valor),High
1062-LHZOD,0.781,High,25.55,High,0.4861,0,0.9102855094970733,0.48852772,0.4861,0.6989,Retain_HighValue,Retencion urgente + oferta personalizada (cliente de alto valor),High
5940-AHUHD,0.7851,High,24.84,High,0.4898,0,0.9151833711623463,0.47495222,0.4898,0.698,Retain_HighValue,Retencion urgente + oferta personalizada (cliente de alto valor),High
1122-JWTJW,0.7811,High,24.84,High,0.4916,0,0.9104049695376897,0.47495222,0.4916,0.696,Retain_HighValue,Retencion urgente + oferta personalizada (cliente de alto valor),High
8309-IEYJD,0.7784,High,24.83,High,0.4898,0,0.9071795484410464,0.474761,0.4898,0.694,Retain_HighValue,Retencion urgente + oferta personalizada (cliente de alto valor),High
9878-TNQGW,0.8373,High,14.78,Medium,0.6004,0,0.9775415123641142,0.28260037,0.6004,0.6936,Retain_Urgent,Visita urgente - oferta de retencion,High
1768-ZAIFU,0.7681,High,33.52,High,0.2673,0,0.8948751642575559,0.6409178,0.2673,0.6932,Retain_HighValue,Retencion urgente + oferta personalizada (cliente de alto valor),High
6680-WKXRZ,0.749,High,21.13,High,0.6795,1,0.8720582964998208,0.40401527,0.6795,0.6931,Retain_HighValue,Retencion urgente + oferta personalizada (cliente de alto valor),High
4234-XTNEA,0.8175,High,15.38,Medium,0.6395,1,0.9538884243220643,0.29407266,0.6395,0.6931,Retain_InvestigateBill,Retencion urgente + revision de facturacion,High
1618-CFHME,0.7497,High,19.61,Medium,0.7172,1,0.8728945167841358,0.37495223,0.7172,0.6924,Retain_InvestigateBill,Retencion urgente + revision de facturacion,High
0515-YPMCW,0.7743,High,25.09,High,0.4854,0,0.9022816867757735,0.47973233,0.4854,0.6921,Retain_HighValue,Retencion urgente + oferta personalizada (cliente de alto valor),High
0023-HGHWL,0.764,High,33.55,High,0.2708,0,0.8899773025922829,0.6414914,0.2708,0.6916,Retain_HighValue,Retencion urgente + oferta personalizada (cliente de alto valor),High
9237-HQITU,0.7021,High,25.0,High,0.6804,1,0.8160315374507227,0.4780115,0.6804,0.6875,Retain_HighValue,Retencion urgente + oferta personalizada (cliente de alto valor),High
3677-IYRBF,0.6684,High,28.63,High,0.6761,1,0.7757735037629913,0.5474187,0.6761,0.6873,Retain_HighValue,Retencion urgente + oferta personalizada (cliente de alto valor),High
9617-INGJY,0.7667,High,24.84,High,0.4898,0,0.8932027236889262,0.47495222,0.4898,0.687,Retain_HighValue,Retencion urgente + oferta personalizada (cliente de alto valor),High
7932-WPTDS,0.7545,High,33.77,High,0.2691,0,0.8786285987337236,0.6456979,0.2691,0.6868,Retain_HighValue,Retencion urgente + oferta personalizada (cliente de alto valor),High
0822-GAVAP,0.7666,High,23.34,High,0.5305,0,0.8930832636483096,0.4462715,0.5305,0.6865,Retain_HighValue,Retencion urgente + oferta personalizada (cliente de alto valor),High
2737-YNGYW,0.7826,High,15.18,Medium,0.7154,1,0.9121968701469358,0.29024857,0.7154,0.6863,Retain_InvestigateBill,Retencion urgente + revision de facturacion,High
2920-RNCEZ,0.7612,High,25.4,High,0.4822,0,0.8866324214550233,0.48565966,0.4822,0.6855,Retain_HighValue,Retencion urgente + oferta personalizada (cliente de alto valor),High
4629-NRXKX,0.7126,High,25.17,High,0.6325,1,0.8285748417154463,0.48126197,0.6325,0.6852,Retain_HighValue,Retencion urgente + oferta personalizada (cliente de alto valor),High
8676-TRMJS,0.7115,High,20.37,High,0.7712,1,0.8272607812686656,0.38948378,0.7712,0.6847,Retain_HighValue,Retencion urgente + oferta personalizada (cliente de alto valor),High
2789-HQBOU,0.8116,High,15.49,Medium,0.6104,1,0.9468402819256959,0.2961759,0.6104,0.6844,Retain_InvestigateBill,Retencion urgente + revision de facturacion,High
9799-CAYJJ,0.6586,High,26.01,High,0.7645,1,0.7640664197825827,0.49732316,0.7645,0.6841,Retain_HighValue,Retencion urgente + oferta personalizada (cliente de alto valor),High
8835-VSDSE,0.7414,High,24.9,High,0.5387,0,0.8629793334129733,0.47609943,0.5387,0.6821,Retain_HighValue,Retencion urgente + oferta personalizada (cliente de alto valor),High
0612-RTZZA,0.7475,High,33.52,High,0.2695,0,0.8702663958905746,0.6409178,0.2695,0.6813,Retain_HighValue,Retencion urgente + oferta personalizada (cliente de alto valor),High
8580-AECUZ,0.8549,High,16.5,Medium,0.4352,0,0.998566479512603,0.31548756,0.4352,0.681,Retain_Urgent,Visita urgente - oferta de retencion,High
5960-WPXQM,0.8553,High,16.5,Medium,0.4316,0,0.9990443196750687,0.31548756,0.4316,0.6805,Retain_Urgent,Visita urgente - oferta de retencion,High
4342-HENTK,0.7363,High,24.94,High,0.5449,0,0.8568868713415362,0.47686425,0.5449,0.6805,Retain_HighValue,Retencion urgente + oferta personalizada (cliente de alto valor),High
0616-ATFGB,0.7456,High,33.57,High,0.2697,0,0.8679966551188628,0.64187384,0.2697,0.6805,Retain_HighValue,Retencion urgente + oferta personalizada (cliente de alto valor),High
8740-CRYFY,0.8547,High,16.5,Medium,0.4317,0,0.9983275594313703,0.31548756,0.4317,0.6802,Retain_Urgent,Visita urgente - oferta de retencion,High
6161-UUUTA,0.7902,High,15.38,Medium,0.6514,1,0.9212758332337834,0.29407266,0.6514,0.6791,Retain_InvestigateBill,Retencion urgente + revision de facturacion,High
1981-INRFU,0.8248,High,15.56,Medium,0.5403,0,0.9626090072870624,0.29751435,0.5403,0.6786,Retain_Urgent,Visita urgente - oferta de retencion,High
7538-GWHML,0.6925,High,25.73,High,0.6412,1,0.8045633735515471,0.4919694,0.6412,0.6781,Retain_HighValue,Retencion urgente + oferta personalizada (cliente de alto valor),High
5804-LEPIM,0.7329,High,25.21,High,0.5336,0,0.8528252299605782,0.48202676,0.5336,0.6777,Retain_HighValue,Retencion urgente + oferta personalizada (cliente de alto valor),High
2055-PDADH,0.701,High,25.1,High,0.6273,1,0.8147174770039421,0.47992355,0.6273,0.6768,Retain_HighValue,Retencion urgente + oferta personalizada (cliente de alto valor),High
9300-RENDD,0.8561,High,15.4,Medium,0.4383,0,1.0,0.29445505,0.4383,0.676,Retain_Urgent,Visita urgente - oferta de retencion,High
2868-MZAGQ,0.8511,High,16.04,Medium,0.4345,0,0.9940269979691793,0.30669218,0.4345,0.6759,Retain_Urgent,Visita urgente - oferta de retencion,High
6567-HOOPW,0.8466,High,16.49,Medium,0.4345,0,0.9886512961414408,0.31529638,0.4345,0.6758,Retain_Urgent,Visita urgente - oferta de retencion,High
7823-JSOAG,0.7186,High,21.15,High,0.682,1,0.835742444152431,0.4043977,0.682,0.6756,Retain_HighValue,Retencion urgente + oferta personalizada (cliente de alto valor),High
0495-RVCBF,0.8509,High,15.86,Medium,0.436,0,0.9937880778879465,0.30325046,0.436,0.6751,Retain_Urgent,Visita urgente - oferta de retencion,High
7439-DKZTW,0.8561,High,14.81,Medium,0.4502,0,1.0,0.283174,0.4502,0.675,Retain_Urgent,Visita urgente - oferta de retencion,High
3721-CNEYS,0.7093,High,24.86,High,0.5982,0,0.8246326603751046,0.4753346,0.5982,0.6746,Retain_HighValue,Retencion urgente + oferta personalizada (cliente de alto valor),High
2514-GINMM,0.8553,High,15.54,Medium,0.4291,0,0.9990443196750687,0.29713193,0.4291,0.6745,Retain_Urgent,Visita urgente - oferta de retencion,High
1761-AEZZR,0.8553,High,15.54,Medium,0.4291,0,0.9990443196750687,0.29713193,0.4291,0.6745,Retain_Urgent,Visita urgente - oferta de retencion,High
2777-PHDEI,0.8384,High,16.76,Medium,0.4415,0,0.9788555728108949,0.3204589,0.4415,0.6739,Retain_Urgent,Visita urgente - oferta de retencion,High
2761-OCIAX,0.7396,High,20.43,High,0.6309,1,0.8608290526818779,0.390631,0.6309,0.6738,Retain_HighValue,Retencion urgente + oferta personalizada (cliente de alto valor),High
4090-KPJIP,0.7045,High,20.44,High,0.7348,1,0.8188985784255167,0.3908222,0.7348,0.6737,Retain_HighValue,Retencion urgente + oferta personalizada (cliente de alto valor),High
9885-CSMWE,0.8391,High,16.74,Medium,0.4394,0,0.9796917930952096,0.3200765,0.4394,0.6737,Retain_Urgent,Visita urgente - oferta de retencion,High
2004-OCQXK,0.8486,High,14.16,Medium,0.4838,0,0.9910404969537691,0.2707457,0.4838,0.6735,Retain_Urgent,Visita urgente - oferta de retencion,High
8945-GRKHX,0.8386,High,16.86,Medium,0.4348,0,0.9790944928921276,0.32237095,0.4348,0.6732,Retain_Urgent,Visita urgente - oferta de retencion,High
4614-NUVZD,0.851,High,14.71,Medium,0.4569,0,0.9939075379285629,0.28126195,0.4569,0.6727,Retain_Urgent,Visita urgente - oferta de retencion,High
4450-DLLMH,0.6461,High,24.68,High,0.7828,1,0.749133914705531,0.47189295,0.7828,0.6727,Retain_HighValue,Retencion urgente + oferta personalizada (cliente de alto valor),High
5561-NWEVX,0.7702,High,17.05,Medium,0.6305,1,0.8973838251105005,0.32600382,0.6305,0.6726,Retain_InvestigateBill,Retencion urgente + revision de facturacion,High
6457-USBER,0.8512,High,14.83,Medium,0.4502,0,0.9941464580097957,0.2835564,0.4502,0.6722,Retain_Urgent,Visita urgente - oferta de retencion,High
0318-QUUOB,0.8515,High,14.81,Medium,0.4502,0,0.994504838131645,0.283174,0.4502,0.6722,Retain_Urgent,Visita urgente - oferta de retencion,High
8058-INTPH,0.8484,High,15.53,Medium,0.4352,0,0.9908015768725362,0.2969407,0.4352,0.6715,Retain_Urgent,Visita urgente - oferta de retencion,High
5442-BHQNG,0.7226,High,25.22,High,0.5329,0,0.8405208457770876,0.48221797,0.5329,0.6715,Retain_HighValue,Retencion urgente + oferta personalizada (cliente de alto valor),High
2672-DZUOY,0.7298,High,33.55,High,0.2708,0,0.8491219687014694,0.6414914,0.2708,0.6712,Retain_HighValue,Retencion urgente + oferta personalizada (cliente de alto valor),High
6110-OHIHY,0.7563,High,15.79,Medium,0.7005,1,0.880778879464819,0.30191204,0.7005,0.6711,Retain_InvestigateBill,Retencion urgente + revision de facturacion,High
5494-HECPR,0.8484,High,15.21,Medium,0.4414,0,0.9908015768725362,0.29082218,0.4414,0.6709,Retain_Urgent,Visita urgente - oferta de retencion,High
9897-KXHCM,0.795,High,15.58,Medium,0.5901,0,0.9270099151833713,0.29789674,0.5901,0.6709,Retain_Urgent,Visita urgente - oferta de retencion,High
7594-RQHXR,0.8463,High,15.86,Medium,0.4291,0,0.9882929160195916,0.30325046,0.4291,0.6709,Retain_Urgent,Visita urgente - oferta de retencion,High
0722-TROQR,0.7526,High,20.52,High,0.572,0,0.8763588579620117,0.39235184,0.572,0.6703,Retain_HighValue,Retencion urgente + oferta personalizada (cliente de alto valor),High
0259-GBZSH,0.8224,High,9.65,Medium,0.6722,1,0.9597419663122686,0.18451242,0.6722,0.6697,Retain_InvestigateBill,Retencion urgente + revision de facturacion,High
1285-OKIPP,0.8414,High,15.73,Medium,0.4405,0,0.9824393740293872,0.3007648,0.4405,0.6695,Retain_Urgent,Visita urgente - oferta de retencion,High
2545-EBUPK,0.7896,High,11.43,Medium,0.7161,1,0.9205590729900848,0.21854685,0.7161,0.6691,Retain_InvestigateBill,Retencion urgente + revision de facturacion,High
5159-YFPKQ,0.7648,High,19.56,Medium,0.5558,0,0.8909329829172142,0.37399617,0.5558,0.6688,Retain_Urgent,Visita urgente - oferta de retencion,High
1024-GUALD,0.724,High,33.77,High,0.2691,0,0.8421932863457173,0.6456979,0.2691,0.6686,Retain_HighValue,Retencion urgente + oferta personalizada (cliente de alto valor),High
4195-NZGTA,0.7261,High,33.52,High,0.2695,0,0.844701947198662,0.6409178,0.2695,0.6685,Retain_HighValue,Retencion urgente + oferta personalizada (cliente de alto valor),High
2867-UIMSS,0.8414,High,15.22,Medium,0.4488,0,0.9824393740293872,0.2910134,0.4488,0.6683,Retain_Urgent,Visita urgente - oferta de retencion,High
6910-HADCM,0.8063,High,19.14,Medium,0.4408,0,0.940508899773026,0.36596557,0.4408,0.6682,Retain_Urgent,Visita urgente - oferta de retencion,High
9689-PTNPG,0.79,High,15.21,Medium,0.5999,0,0.9210369131525505,0.29082218,0.5999,0.6677,Retain_Urgent,Visita urgente - oferta de retencion,High
5393-RXQSZ,0.8406,High,15.86,Medium,0.4291,0,0.9814836937044559,0.30325046,0.4291,0.6675,Retain_Urgent,Visita urgente - oferta de retencion,High
2018-QKYGT,0.8408,High,14.8,Medium,0.4569,0,0.9817226137856887,0.2829828,0.4569,0.6671,Retain_Urgent,Visita urgente - oferta de retencion,High
5919-TMRGD,0.8398,High,15.7,Medium,0.4337,0,0.9805280133795246,0.3001912,0.4337,0.6671,Retain_Urgent,Visita urgente - oferta de retencion,High
1602-IJQQE,0.7022,High,20.23,High,0.7141,1,0.8161509974913392,0.38680688,0.7141,0.6669,Retain_HighValue,Retencion urgente + oferta personalizada (cliente de alto valor),High
9837-BMCLM,0.792,High,16.76,Medium,0.5448,0,0.9234261139648788,0.3204589,0.5448,0.6668,Retain_Urgent,Visita urgente - oferta de retencion,High
7379-POKDZ,0.7024,High,25.22,High,0.569,0,0.8163899175725721,0.48221797,0.569,0.6667,Retain_HighValue,Retencion urgente + oferta personalizada (cliente de alto valor),High
9306-CPCBC,0.6931,High,21.19,High,0.7112,1,0.8052801337952455,0.40516254,0.7112,0.6664,Retain_HighValue,Retencion urgente + oferta personalizada (cliente de alto valor),High
9444-JTXHZ,0.8007,High,19.44,Medium,0.4391,0,0.9338191374985068,0.37170175,0.4391,0.6662,Retain_Urgent,Visita urgente - oferta de retencion,High
6856-RAURS,0.678,High,20.43,High,0.7766,1,0.7872416676621671,0.390631,0.7766,0.6661,Retain_HighValue,Retencion urgente + oferta personalizada (cliente de alto valor),High
7760-OYPDY,0.7856,High,14.8,Medium,0.6138,1,0.9157806713654283,0.2829828,0.6138,0.6655,Retain_InvestigateBill,Retencion urgente + revision de facturacion,High
6996-KNSML,0.7917,High,20.14,High,0.4424,0,0.9230677338430295,0.38508603,0.4424,0.6655,Retain_HighValue,Retencion urgente + oferta personalizada (cliente de alto valor),High
6372-RFVNS,0.8288,High,16.51,Medium,0.434,0,0.967387408911719,0.31567878,0.434,0.6652,Retain_Urgent,Visita urgente - oferta de retencion,High
4529-CKBCL,0.7875,High,15.2,Medium,0.5945,0,0.9180504121371401,0.29063097,0.5945,0.6651,Retain_Urgent,Visita urgente - oferta de retencion,High
7314-OXENN,0.7522,High,13.89,Medium,0.7367,1,0.8758810177995461,0.2655832,0.7367,0.665,Retain_InvestigateBill,Retencion urgente + revision de facturacion,High
9019-QVLZD,0.8394,High,15.54,Medium,0.4291,0,0.980050173217059,0.29713193,0.4291,0.665,Retain_Urgent,Visita urgente - oferta de retencion,High
1448-PWKYE,0.8339,High,15.73,Medium,0.4383,0,0.9734798709831561,0.3007648,0.4383,0.6646,Retain_Urgent,Visita urgente - oferta de retencion,High
1977-STDKI,0.7749,High,21.81,High,0.4377,0,0.9029984470194721,0.4170172,0.4377,0.6641,Retain_HighValue,Retencion urgente + oferta personalizada (cliente de alto valor),High
3776-EKTKM,0.7812,High,22.39,High,0.3954,0,0.910524429578306,0.42810708,0.3954,0.6628,Retain_HighValue,Retencion urgente + oferta personalizada (cliente de alto valor),High
5564-NEMQO,0.7899,High,20.04,High,0.4367,0,0.9209174531119342,0.38317403,0.4367,0.6628,Retain_HighValue,Retencion urgente + oferta personalizada (cliente de alto valor),High
1678-FYZOW,0.794,High,15.57,Medium,0.5516,0,0.9258153147772071,0.29770553,0.5516,0.6625,Retain_Urgent,Visita urgente - oferta de retencion,High
8593-WHYHV,0.8152,High,9.92,Medium,0.6493,1,0.9511408433878868,0.18967496,0.6493,0.6623,Retain_InvestigateBill,Retencion urgente + revision de facturacion,High
3750-CKVKH,0.6062,High,25.87,High,0.8145,1,0.7014693584995818,0.49464628,0.8145,0.662,Retain_HighValue,Retencion urgente + oferta personalizada (cliente de alto valor),High
2024-BASKD,0.7793,High,20.9,High,0.44,0,0.9082546888065942,0.39961758,0.44,0.662,Retain_HighValue,Retencion urgente + oferta personalizada (cliente de alto valor),High
9507-EXLTT,0.8309,High,15.71,Medium,0.4337,0,0.9698960697646637,0.3003824,0.4337,0.6618,Retain_Urgent,Visita urgente - oferta de retencion,High
7493-TPUWZ,0.8175,High,17.07,Medium,0.4345,0,0.9538884243220643,0.32638624,0.4345,0.6618,Retain_Urgent,Visita urgente - oferta de retencion,High
5277-ZLOOR,0.7901,High,9.95,Medium,0.7192,1,0.9211563731931669,0.19024856,0.7192,0.6615,Retain_InvestigateBill,Retencion urgente + revision de facturacion,High
8779-QRDMV,0.7878,High,18.71,Medium,0.4748,0,0.9184087922589893,0.35774377,0.4748,0.6615,Retain_Urgent,Visita urgente - oferta de retencion,High
8361-LTMKD,0.7597,High,21.18,High,0.4864,0,0.8848405208457771,0.40497133,0.4864,0.6612,Retain_HighValue,Retencion urgente + oferta personalizada (cliente de alto valor),High
7341-LXCAF,0.7659,High,21.21,High,0.466,0,0.8922470433639949,0.4055449,0.466,0.661,Retain_HighValue,Retencion urgente + oferta personalizada (cliente de alto valor),High
8603-IJWDN,0.8373,High,9.29,Medium,0.592,0,0.9775415123641142,0.17762907,0.592,0.6605,Retain_Urgent,Visita urgente - oferta de retencion,High
6168-WFVVF,0.6155,High,25.26,High,0.7961,1,0.7125791422769084,0.4829828,0.7961,0.6604,Retain_HighValue,Retencion urgente + oferta personalizada (cliente de alto valor),High
5275-SQEIZ,0.8299,High,14.84,Medium,0.4534,0,0.9687014693584995,0.2837476,0.4534,0.6602,Retain_Urgent,Visita urgente - oferta de retencion,High
4826-XTSOH,0.8374,High,9.37,Medium,0.5876,0,0.9776609724047307,0.1791587,0.5876,0.6601,Retain_Urgent,Visita urgente - oferta de retencion,High
1143-NMNQJ,0.836,High,9.56,Medium,0.5865,0,0.9759885318361008,0.18279159,0.5865,0.6601,Retain_Urgent,Visita urgente - oferta de retencion,High
1069-XAIEM,0.8406,High,10.16,Medium,0.5539,0,0.9814836937044559,0.19426386,0.5539,0.6598,Retain_Urgent,Visita urgente - oferta de retencion,High
7120-RFMVS,0.8312,High,11.43,Medium,0.5436,0,0.9702544498865131,0.21854685,0.5436,0.6594,Retain_Urgent,Visita urgente - oferta de retencion,High
6993-OHLXR,0.6017,High,26.25,High,0.8025,1,0.6960936566718433,0.50191206,0.8025,0.6591,Retain_HighValue,Retencion urgente + oferta personalizada (cliente de alto valor),High
3198-VELRD,0.7985,High,11.08,Medium,0.648,1,0.9311910166049456,0.21185468,0.648,0.6588,Retain_InvestigateBill,Retencion urgente + revision de facturacion,High
9282-IZGQK,0.8389,High,10.16,Medium,0.5539,0,0.9794528730139769,0.19426386,0.5539,0.6588,Retain_Urgent,Visita urgente - oferta de retencion,High
3091-FYHKI,0.767,High,23.17,High,0.3942,0,0.8935611038107754,0.44302103,0.3942,0.6585,Retain_HighValue,Retencion urgente + oferta personalizada (cliente de alto valor),High
9747-DDZOS,0.766,High,21.53,High,0.4433,0,0.8923665034046112,0.4116635,0.4433,0.6583,Retain_HighValue,Retencion urgente + oferta personalizada (cliente de alto valor),High
2485-ITVKB,0.7691,High,23.1,High,0.3879,0,0.89606976466372,0.4416826,0.3879,0.6581,Retain_HighValue,Retencion urgente + oferta personalizada (cliente de alto valor),High
4274-OWWYO,0.7704,High,20.92,High,0.4449,0,0.8976227451917334,0.4,0.4449,0.6578,Retain_HighValue,Retencion urgente + oferta personalizada (cliente de alto valor),High
0841-NULXI,0.767,High,23.17,High,0.3886,0,0.8935611038107754,0.44302103,0.3886,0.6574,Retain_HighValue,Retencion urgente + oferta personalizada (cliente de alto valor),High
9227-LUNBG,0.7053,High,33.8,High,0.2674,0,0.819854258750448,0.6462715,0.2674,0.6573,Retain_HighValue,Retencion urgente + oferta personalizada (cliente de alto valor),High
5028-GZLDO,0.7012,High,24.83,High,0.5351,0,0.8149563970851751,0.474761,0.5351,0.6569,Retain_HighValue,Retencion urgente + oferta personalizada (cliente de alto valor),High
3296-SILRA,0.7863,High,19.14,Medium,0.4431,0,0.9166168916497431,0.36596557,0.4431,0.6567,Retain_Urgent,Visita urgente - oferta de retencion,High
3049-NDXFL,0.8318,High,9.57,Medium,0.5794,0,0.9709712101302115,0.18298279,0.5794,0.6563,Retain_Urgent,Visita urgente - oferta de retencion,High
2077-MPJQO,0.7653,High,20.23,High,0.4725,0,0.8915302831202963,0.38680688,0.4725,0.6563,Retain_HighValue,Retencion urgente + oferta personalizada (cliente de alto valor),High
4236-UJPWO,0.6859,High,33.9,High,0.3168,0,0.7966790108708637,0.6481836,0.3168,0.6562,Retain_HighValue,Retencion urgente + oferta personalizada (cliente de alto valor),High
9124-LHCJQ,0.8315,High,9.89,Medium,0.569,0,0.9706128300083623,0.18910135,0.569,0.6558,Retain_Urgent,Visita urgente - oferta de retencion,High
6618-RYATB,0.8212,High,15.81,Medium,0.4291,0,0.9583084458248716,0.30229446,0.4291,0.6557,Retain_Urgent,Visita urgente - oferta de retencion,High
8699-ASUFO,0.7628,High,21.19,High,0.4496,0,0.8885437821048859,0.40516254,0.4496,0.6557,Retain_HighValue,Retencion urgente + oferta personalizada (cliente de alto valor),High
7242-QZLXF,0.7033,High,33.53,High,0.2733,0,0.8174650579381197,0.641109,0.2733,0.6557,Retain_HighValue,Retencion urgente + oferta personalizada (cliente de alto valor),High
3765-JXVKY,0.7715,High,20.44,High,0.4423,0,0.8989368056385139,0.3908222,0.4423,0.6552,Retain_HighValue,Retencion urgente + oferta personalizada (cliente de alto valor),High
6474-FVJLC,0.8218,High,9.54,Medium,0.6036,0,0.9590252060685701,0.18240918,0.6036,0.655,Retain_Urgent,Visita urgente - oferta de retencion,High
4912-PIGUY,0.8265,High,11.07,Medium,0.5436,0,0.9646398279775416,0.21166348,0.5436,0.6545,Retain_Urgent,Visita urgente - oferta de retencion,High
5192-EBGOV,0.8313,High,9.57,Medium,0.5717,0,0.9703739099271295,0.18298279,0.5717,0.6544,Retain_Urgent,Visita urgente - oferta de retencion,High
9940-RHLFB,0.7756,High,20.05,High,0.4367,0,0.9038346673037868,0.38336518,0.4367,0.6543,Retain_HighValue,Retencion urgente + oferta personalizada (cliente de alto valor),High
6086-ESGRL,0.8168,High,15.57,Medium,0.4408,0,0.9530522040377494,0.29770553,0.4408,0.654,Retain_Urgent,Visita urgente - oferta de retencion,High
9399-APLBT,0.7688,High,20.44,High,0.4423,0,0.8957113845418708,0.3908222,0.4423,0.6536,Retain_HighValue,Retencion urgente + oferta personalizada (cliente de alto valor),High
7503-ZGUZJ,0.8237,High,11.09,Medium,0.5452,0,0.9612949468402819,0.2120459,0.5452,0.6533,Retain_Urgent,Visita urgente - oferta de retencion,High
2592-SEIFQ,0.6679,High,33.78,High,0.3576,0,0.7751762035599092,0.6458891,0.3576,0.6529,Retain_HighValue,Retencion urgente + oferta personalizada (cliente de alto valor),High
4729-XKASR,0.6973,High,33.79,High,0.2683,0,0.810297455501135,0.6460803,0.2683,0.6526,Retain_HighValue,Retencion urgente + oferta personalizada (cliente de alto valor),High
8821-XNHVZ,0.8165,High,15.38,Medium,0.4375,0,0.9526938239159002,0.29407266,0.4375,0.6521,Retain_Urgent,Visita urgente - oferta de retencion,High
5043-TRZWM,0.7741,High,19.81,Medium,0.4359,0,0.9020427666945408,0.37877628,0.4359,0.6518,Retain_Urgent,Visita urgente - oferta de retencion,High
2897-DOVND,0.6474,High,25.58,High,0.6455,1,0.7506868952335444,0.48910135,0.6455,0.6512,Retain_HighValue,Retencion urgente + oferta personalizada (cliente de alto valor),High
3295-YVUSR,0.6591,High,22.3,High,0.7035,1,0.7646637199856648,0.42638624,0.7035,0.6509,Retain_HighValue,Retencion urgente + oferta personalizada (cliente de alto valor),High
9274-CNFMO,0.7427,High,20.51,High,0.5018,0,0.8645323139409868,0.39216062,0.5018,0.6503,Retain_HighValue,Retencion urgente + oferta personalizada (cliente de alto valor),High
1197-BVMVG,0.7522,High,21.16,High,0.4537,0,0.8758810177995461,0.4045889,0.4537,0.6501,Retain_HighValue,Retencion urgente + oferta personalizada (cliente de alto valor),High
7365-BVCJH,0.6879,High,34.02,High,0.2773,0,0.799068211683192,0.650478,0.2773,0.6501,Retain_HighValue,Retencion urgente + oferta personalizada (cliente de alto valor),High
8183-ONMXC,0.8068,High,14.85,Medium,0.4701,0,0.941106199976108,0.28393883,0.4701,0.6498,Retain_Urgent,Visita urgente - oferta de retencion,High
1334-FJSVR,0.6879,High,34.17,High,0.2708,0,0.799068211683192,0.65334606,0.2708,0.6497,Retain_HighValue,Retencion urgente + oferta personalizada (cliente de alto valor),High
2254-DLXRI,0.7972,High,17.09,Medium,0.4345,0,0.9296380360769323,0.32676864,0.4345,0.6497,Retain_Urgent,Visita urgente - oferta de retencion,High
7854-FOKSF,0.7545,High,22.67,High,0.3955,0,0.8786285987337236,0.4334608,0.3955,0.6485,Retain_HighValue,Retencion urgente + oferta personalizada (cliente de alto valor),High
9317-WZPGV,0.7991,High,15.88,Medium,0.4545,0,0.9319077768486442,0.3036329,0.4545,0.6479,Retain_Urgent,Visita urgente - oferta de retencion,High
5196-SGOAK,0.7695,High,19.56,Medium,0.4359,0,0.8965476048261857,0.37399617,0.4359,0.6477,Retain_Urgent,Visita urgente - oferta de retencion,High
5119-NZPTV,0.676,High,25.31,High,0.5498,0,0.7848524668498388,0.4839388,0.5498,0.6476,Retain_HighValue,Retencion urgente + oferta personalizada (cliente de alto valor),High
5054-IEXZT,0.7639,High,19.9,Medium,0.4372,0,0.8898578425516666,0.38049713,0.4372,0.6465,Retain_Urgent,Visita urgente - oferta de retencion,High
7198-GLXTC,0.7496,High,16.49,Medium,0.5757,0,0.8727750567435194,0.31529638,0.5757,0.6461,Retain_Urgent,Visita urgente - oferta de retencion,High
0375-HVGXO,0.7399,High,23.44,High,0.404,0,0.8611874328037272,0.44818357,0.404,0.6458,Retain_HighValue,Retencion urgente + oferta personalizada (cliente de alto valor),High
2202-CUYXZ,0.8329,High,10.84,Medium,0.4865,0,0.972285270576992,0.20726578,0.4865,0.6456,Retain_Urgent,Visita urgente - oferta de retencion,High
2260-USTRB,0.5789,High,25.21,High,0.8325,1,0.6688567674113008,0.48202676,0.8325,0.6455,Retain_HighValue,Retencion urgente + oferta personalizada (cliente de alto valor),High
3797-VTIDR,0.6904,High,33.48,High,0.2588,0,0.8020547126986024,0.640153,0.2588,0.6448,Retain_HighValue,Retencion urgente + oferta personalizada (cliente de alto valor),High
4919-MOAVT,0.62,High,25.72,High,0.6914,1,0.717954844104647,0.4917782,0.6914,0.6448,Retain_HighValue,Retencion urgente + oferta personalizada (cliente de alto valor),High
5378-IKEEG,0.7509,High,22.54,High,0.3886,0,0.8743280372715327,0.43097517,0.3886,0.6442,Retain_HighValue,Retencion urgente + oferta personalizada (cliente de alto valor),High
0508-OOLTO,0.6386,High,24.57,High,0.6655,1,0.7401744116592999,0.46978968,0.6655,0.6441,Retain_HighValue,Retencion urgente + oferta personalizada (cliente de alto valor),High
4229-CZMLL,0.7243,High,20.51,High,0.5224,0,0.8425516664675667,0.39216062,0.5224,0.6434,Retain_HighValue,Retencion urgente + oferta personalizada (cliente de alto valor),High
2905-KFQUV,0.6092,High,25.14,High,0.7332,1,0.7050531597180743,0.48068833,0.7332,0.6434,Retain_HighValue,Retencion urgente + oferta personalizada (cliente de alto valor),High
6772-KSATR,0.7974,High,14.35,Medium,0.4776,0,0.9298769561581651,0.2743786,0.4776,0.6428,Retain_Urgent,Visita urgente - oferta de retencion,High
7598-UAASY,0.7567,High,19.14,Medium,0.458,0,0.8812567196272848,0.36596557,0.458,0.642,Retain_Urgent,Visita urgente - oferta de retencion,High
8443-ZRDBZ,0.7164,High,19.69,Medium,0.5611,0,0.83311432325887,0.37648186,0.5611,0.6417,Retain_Urgent,Visita urgente - oferta de retencion,High
4086-YQSNZ,0.7498,High,15.17,Medium,0.5905,0,0.8730139768247521,0.29005736,0.5905,0.6416,Retain_Urgent,Visita urgente - oferta de retencion,High
3841-CONLJ,0.7372,High,23.48,High,0.3875,0,0.857962011707084,0.44894838,0.3875,0.6412,Retain_HighValue,Retencion urgente + oferta personalizada (cliente de alto valor),High
5597-GLBUC,0.8308,High,9.8,Medium,0.495,0,0.9697766097240473,0.18738051,0.495,0.6401,Retain_Urgent,Visita urgente - oferta de retencion,High
8185-UPYBR,0.7303,High,20.01,High,0.4994,0,0.8497192689045514,0.3826004,0.4994,0.6395,Retain_HighValue,Retencion urgente + oferta personalizada (cliente de alto valor),High
9717-QEBGU,0.6551,High,25.25,High,0.5723,0,0.7598853183610083,0.4827916,0.5723,0.6392,Retain_HighValue,Retencion urgente + oferta personalizada (cliente de alto valor),High
0137-OCGAB,0.7933,High,15.35,Medium,0.4416,0,0.9249790944928922,0.29349905,0.4416,0.6389,Retain_Urgent,Visita urgente - oferta de retencion,High
9633-XQABV,0.5938,High,25.27,High,0.7503,1,0.6866563134631466,0.48317403,0.7503,0.6383,Retain_HighValue,Retencion urgente + oferta personalizada (cliente de alto valor),High
1875-QIVME,0.7522,High,0.0,Low,1.0,1,0.8758810177995461,0.0,1.0,0.6379,Retain_InvestigateBill,Retencion urgente + revision de facturacion,High
2862-PFNIK,0.6727,High,33.82,High,0.265,0,0.780910285509497,0.64665395,0.265,0.6375,Retain_HighValue,Retencion urgente + oferta personalizada (cliente de alto valor),High
2272-QAGFO,0.6959,High,21.27,High,0.5506,0,0.808625014932505,0.40669218,0.5506,0.6364,Retain_HighValue,Retencion urgente + oferta personalizada (cliente de alto valor),High
0122-OAHPZ,0.7291,High,21.54,High,0.44,0,0.8482857484171544,0.4118547,0.44,0.6357,Retain_HighValue,Retencion urgente + oferta personalizada (cliente de alto valor),High
5480-HPRRX,0.6704,High,33.54,High,0.2698,0,0.7781627045753196,0.6413002,0.2698,0.6354,Retain_HighValue,Retencion urgente + oferta personalizada (cliente de alto valor),High
9250-WYPLL,0.6786,High,20.08,High,0.6306,1,0.7879584279058655,0.38393882,0.6306,0.6353,Retain_HighValue,Retencion urgente + oferta personalizada (cliente de alto valor),High
6357-JJPQT,0.7596,High,14.87,Medium,0.5365,0,0.8847210608051608,0.28432122,0.5365,0.635,Retain_Urgent,Visita urgente - oferta de retencion,High
7903-CMPEY,0.7859,High,15.16,Medium,0.4466,0,0.9161390514872776,0.28986615,0.4466,0.6343,Retain_Urgent,Visita urgente - oferta de retencion,High
7595-EUIVN,0.7468,High,19.56,Medium,0.4352,0,0.8694301756062598,0.37399617,0.4352,0.634,Retain_Urgent,Visita urgente - oferta de retencion,High
1304-NECVQ,0.7442,High,17.28,Medium,0.5078,0,0.8663242145502329,0.33040154,0.5078,0.6338,Retain_Urgent,Visita urgente - oferta de retencion,High
3097-NQYSN,0.7564,High,9.32,Medium,0.6973,1,0.8808983395054354,0.17820267,0.6973,0.6334,Retain_InvestigateBill,Retencion urgente + revision de facturacion,High
6230-BSUXY,0.8203,High,10.02,Medium,0.4828,0,0.957233305459324,0.19158702,0.4828,0.6327,Retain_Urgent,Visita urgente - oferta de retencion,High
2868-SNELZ,0.7617,High,14.93,Medium,0.5166,0,0.8872297216581054,0.28546846,0.5166,0.6326,Retain_Urgent,Visita urgente - oferta de retencion,High
9050-IKDZA,0.7805,High,14.34,Medium,0.4737,0,0.9096882092939912,0.2741874,0.4737,0.6318,Retain_Urgent,Visita urgente - oferta de retencion,High
5276-KQWHG,0.612,High,25.85,High,0.6454,1,0.7083980408553339,0.4942639,0.6454,0.6316,Retain_HighValue,Retencion urgente + oferta personalizada (cliente de alto valor),High
3191-CSNMG,0.7703,High,14.5,Medium,0.4963,0,0.897503285151117,0.27724665,0.4963,0.6312,Retain_Urgent,Visita urgente - oferta de retencion,High
4424-TKOPW,0.8282,High,1.4,Low,0.6989,1,0.9666706486680207,0.026768642,0.6989,0.6311,Retain_InvestigateBill,Retencion urgente + revision de facturacion,High
2034-GDRCN,0.8161,High,5.13,Medium,0.6279,1,0.9522159837534345,0.09808796,0.6279,0.6311,Retain_InvestigateBill,Retencion urgente + revision de facturacion,High
6711-FLDFB,0.7089,High,20.52,High,0.5061,0,0.8241548202126389,0.39235184,0.5061,0.631,Retain_HighValue,Retencion urgente + oferta personalizada (cliente de alto valor),High
5419-JPRRN,0.8404,High,0.0,Low,0.6992,1,0.9812447736232232,0.0,0.6992,0.6305,Retain_InvestigateBill,Retencion urgente + revision de facturacion,High
6023-YEBUP,0.7927,High,0.0,Low,0.8412,1,0.9242623342491936,0.0,0.8412,0.6304,Retain_InvestigateBill,Retencion urgente + revision de facturacion,High
7130-VTEWQ,0.728,High,19.76,Medium,0.4634,0,0.8469716879703739,0.37782028,0.4634,0.6295,Retain_Urgent,Visita urgente - oferta de retencion,High
4030-VPZBD,0.6527,High,28.4,High,0.4388,0,0.7570182773862143,0.543021,0.4388,0.6292,Retain_HighValue,Retencion urgente + oferta personalizada (cliente de alto valor),High
3068-OMWZA,0.8334,High,6.82,Medium,0.5166,0,0.9728825707800741,0.13040154,0.5166,0.6289,Retain_Urgent,Visita urgente - oferta de retencion,High
4749-OJKQU,0.7191,High,20.04,High,0.4779,0,0.8363397443555131,0.38317403,0.4779,0.6287,Retain_HighValue,Retencion urgente + oferta personalizada (cliente de alto valor),High
7912-SYRQT,0.6972,High,20.45,High,0.5301,0,0.8101779954605185,0.3910134,0.5301,0.6284,Retain_HighValue,Retencion urgente + oferta personalizada (cliente de alto valor),High
9894-EZEWG,0.721,High,20.91,High,0.4449,0,0.8386094851272249,0.3998088,0.4449,0.6282,Retain_HighValue,Retencion urgente + oferta personalizada (cliente de alto valor),High
0220-EBGCE,0.8101,High,9.5,Medium,0.5047,0,0.9450483813164497,0.18164437,0.5047,0.628,Retain_Urgent,Visita urgente - oferta de retencion,High
6221-AVQYL,0.5995,High,21.87,High,0.7777,1,0.6934655357782822,0.41816446,0.7777,0.6277,Retain_HighValue,Retencion urgente + oferta personalizada (cliente de alto valor),High
9546-CQJSU,0.8053,High,4.2,Low,0.6683,1,0.9393142993668618,0.08030593,0.6683,0.6274,Retain_InvestigateBill,Retencion urgente + revision de facturacion,High
9840-EFJQB,0.7194,High,20.92,High,0.4449,0,0.8366981244773624,0.4,0.4449,0.6273,Retain_HighValue,Retencion urgente + oferta personalizada (cliente de alto valor),High
6347-DCUIK,0.6429,High,21.39,High,0.6593,1,0.7453111934058058,0.4089866,0.6593,0.6272,Retain_HighValue,Retencion urgente + oferta personalizada (cliente de alto valor),High
0107-YHINA,0.8366,High,0.0,Low,0.693,1,0.9767052920797994,0.0,0.693,0.627,Retain_InvestigateBill,Retencion urgente + revision de facturacion,High
2933-FILNV,0.5395,High,33.98,High,0.6062,1,0.6217895114084339,0.6497132,0.6062,0.627,Retain_HighValue,Retencion urgente + oferta personalizada (cliente de alto valor),High
2424-WVHPL,0.7246,High,20.41,High,0.4423,0,0.8429100465894159,0.39024857,0.4423,0.627,Retain_HighValue,Retencion urgente + oferta personalizada (cliente de alto valor),High
7074-IEVOJ,0.69,High,15.79,Medium,0.6766,1,0.8015768725361366,0.30191204,0.6766,0.6267,Retain_InvestigateBill,Retencion urgente + revision de facturacion,High
0231-LXVAP,0.7353,High,19.43,Medium,0.4366,0,0.855692270935372,0.37151054,0.4366,0.6266,Retain_Urgent,Visita urgente - oferta de retencion,High
4482-EWFMI,0.6166,High,25.73,High,0.61,1,0.713893202723689,0.4919694,0.61,0.6265,Retain_HighValue,Retencion urgente + oferta personalizada (cliente de alto valor),High
7274-RTAPZ,0.8382,High,4.69,Low,0.5471,0,0.9786166527296619,0.08967496,0.5471,0.6256,Retain_Urgent,Visita urgente - oferta de retencion,High
3988-RQIXO,0.8388,High,4.23,Low,0.5535,0,0.9793334129733604,0.08087954,0.5535,0.6246,Retain_Urgent,Visita urgente - oferta de retencion,High
6166-ILMNY,0.6137,High,25.71,High,0.6097,1,0.710428861545813,0.49158698,0.6097,0.6246,Retain_HighValue,Retencion urgente + oferta personalizada (cliente de alto valor),High
3722-WPXTK,0.8263,High,6.9,Medium,0.5125,0,0.9644009078963087,0.13193117,0.5125,0.6243,Retain_Urgent,Visita urgente - oferta de retencion,High
9497-QCMMS,0.8505,High,1.94,Low,0.582,0,0.9933102377254809,0.03709369,0.582,0.6242,Retain_Urgent,Visita urgente - oferta de retencion,High
5318-IXUZF,0.7715,High,9.16,Medium,0.6101,1,0.8989368056385139,0.1751434,0.6101,0.624,Retain_InvestigateBill,Retencion urgente + revision de facturacion,High
3422-GALYP,0.7173,High,15.81,Medium,0.5804,0,0.8341894636244177,0.30229446,0.5804,0.6239,Retain_Urgent,Visita urgente - oferta de retencion,High
8665-UTDHZ,0.6512,High,28.01,High,0.4224,0,0.7552263767769681,0.53556406,0.4224,0.6228,Retain_HighValue,Retencion urgente + oferta personalizada (cliente de alto valor),High
0295-PPHDO,0.8513,High,0.26,Low,0.6182,1,0.9942659180504121,0.0049713193,0.6182,0.6223,Retain_InvestigateBill,Retencion urgente + revision de facturacion,High
7216-EWTRS,0.8307,High,0.0,Low,0.6865,1,0.9696571496834309,0.0,0.6865,0.6221,Retain_InvestigateBill,Retencion urgente + revision de facturacion,High
9685-WKZGT,0.71,High,20.48,High,0.459,0,0.8254688806594194,0.391587,0.459,0.622,Retain_HighValue,Retencion urgente + oferta personalizada (cliente de alto valor),High
8943-URTMR,0.7406,High,15.49,Medium,0.5077,0,0.8620236530880421,0.2961759,0.5077,0.6214,Retain_Urgent,Visita urgente - oferta de retencion,High
9300-AGZNL,0.8505,High,1.39,Low,0.5835,0,0.9933102377254809,0.026577437,0.5835,0.6213,Retain_Urgent,Visita urgente - oferta de retencion,High
2725-KXXWT,0.8316,High,4.61,Low,0.5471,0,0.9707322900489787,0.088145316,0.5471,0.6212,Retain_Urgent,Visita urgente - oferta de retencion,High
0754-UKWQP,0.8177,High,0.2,Low,0.7151,1,0.9541273444032972,0.003824092,0.7151,0.6212,Retain_InvestigateBill,Retencion urgente + revision de facturacion,High
3074-GQWYX,0.6933,High,19.59,Medium,0.5297,0,0.8055190538764784,0.3745698,0.5297,0.6211,Retain_Urgent,Visita urgente - oferta de retencion,High
4695-WJZUE,0.8187,High,6.89,Medium,0.5195,0,0.9553219448094612,0.13173996,0.5195,0.6211,Retain_Urgent,Visita urgente - oferta de retencion,High
4770-UEZOX,0.7001,High,20.43,High,0.4851,0,0.8136423366383944,0.390631,0.4851,0.621,Retain_HighValue,Retencion urgente + oferta personalizada (cliente de alto valor),High
9514-JDSKI,0.7232,High,18.47,Medium,0.4716,0,0.841237606020786,0.35315487,0.4716,0.6209,Retain_Urgent,Visita urgente - oferta de retencion,High
7851-WZEKY,0.8207,High,0.34,Low,0.6999,1,0.9577111456217895,0.006500956,0.6999,0.6208,Retain_InvestigateBill,Retencion urgente + revision de facturacion,High
1740-CSDJP,0.7038,High,23.15,High,0.3947,0,0.8180623581412018,0.44263864,0.3947,0.6208,Retain_HighValue,Retencion urgente + oferta personalizada (cliente de alto valor),High
1867-BDVFH,0.6985,High,21.24,High,0.4647,0,0.8117309759885318,0.40611854,0.4647,0.6206,Retain_HighValue,Retencion urgente + oferta personalizada (cliente de alto valor),High
8111-RKSPX,0.673,High,22.31,High,0.5096,0,0.7812686656313463,0.42657742,0.5096,0.6205,Retain_HighValue,Retencion urgente + oferta personalizada (cliente de alto valor),High
8065-YKXKD,0.6705,High,20.76,High,0.5599,0,0.778282164615936,0.39694074,0.5599,0.6202,Retain_HighValue,Retencion urgente + oferta personalizada (cliente de alto valor),High
4290-BSXUX,0.7013,High,15.82,Medium,0.6092,1,0.8150758571257914,0.30248564,0.6092,0.6201,Retain_InvestigateBill,Retencion urgente + revision de facturacion,High
4910-GMJOT,0.8489,High,0.97,Low,0.5943,0,0.9913988770756182,0.018546846,0.5943,0.6201,Retain_Urgent,Visita urgente - oferta de retencion,High
5150-ITWWB,0.747,High,0.73,Low,0.9048,1,0.8696690956874925,0.013957935,0.9048,0.62,Retain_InvestigateBill,Retencion urgente + revision de facturacion,High
9725-SCPZG,0.8317,High,4.39,Low,0.5465,0,0.970851750089595,0.083938815,0.5465,0.6199,Retain_Urgent,Visita urgente - oferta de retencion,High
7024-OHCCK,0.8166,High,1.41,Low,0.6771,1,0.9528132839565165,0.026959848,0.6771,0.6199,Retain_InvestigateBill,Retencion urgente + revision de facturacion,High
2983-ZANRP,0.6955,High,21.54,High,0.4608,0,0.8081471747700395,0.4118547,0.4608,0.6198,Retain_HighValue,Retencion urgente + oferta personalizada (cliente de alto valor),High
7590-VHVEG,0.6403,High,28.38,High,0.4294,0,0.742205232349779,0.5426386,0.4294,0.6198,Retain_HighValue,Retencion urgente + oferta personalizada (cliente de alto valor),High
0746-JTRFU,0.5958,High,33.66,High,0.4105,0,0.6890455142754749,0.6435947,0.4105,0.6197,Retain_HighValue,Retencion urgente + oferta personalizada (cliente de alto valor),High
8149-RSOUN,0.848,High,1.39,Low,0.5828,0,0.9903237367100705,0.026577437,0.5828,0.6197,Retain_Urgent,Visita urgente - oferta de retencion,High
0742-NXBGR,0.7663,High,13.76,Medium,0.4717,0,0.8927248835264604,0.26309752,0.4717,0.6196,Retain_Urgent,Visita urgente - oferta de retencion,High
1400-MMYXY,0.7633,High,0.0,Low,0.875,1,0.889141082307968,0.0,0.875,0.6196,Retain_InvestigateBill,Retencion urgente + revision de facturacion,High
5261-QSHQM,0.6415,High,33.89,High,0.267,0,0.743638752837176,0.6479924,0.267,0.6196,Retain_HighValue,Retencion urgente + oferta personalizada (cliente de alto valor),High
3538-WZPHD,0.6062,High,28.42,High,0.526,0,0.7014693584995818,0.54340345,0.526,0.619,Retain_HighValue,Retencion urgente + oferta personalizada (cliente de alto valor),High
0235-KGSLC,0.7955,High,9.79,Medium,0.4941,0,0.9276072153864532,0.1871893,0.4941,0.6188,Retain_Urgent,Visita urgente - oferta de retencion,High
1024-VRZHF,0.708,High,20.49,High,0.4486,0,0.8230796798470911,0.3917782,0.4486,0.6188,Retain_HighValue,Retencion urgente + oferta personalizada (cliente de alto valor),High
7394-LWLYN,0.5559,High,25.27,High,0.7636,1,0.6413809580695257,0.48317403,0.7636,0.6184,Retain_HighValue,Retencion urgente + oferta personalizada (cliente de alto valor),High
5178-LMXOP,0.8435,High,0.5,Low,0.6143,1,0.984948034882332,0.009560229,0.6143,0.6182,Retain_InvestigateBill,Retencion urgente + revision de facturacion,High
1746-TGTWV,0.7166,High,19.87,Medium,0.4372,0,0.8333532433401027,0.37992355,0.4372,0.6181,Retain_Urgent,Visita urgente - oferta de retencion,High
1455-ESIQH,0.8218,High,6.21,Medium,0.513,0,0.9590252060685701,0.118738055,0.513,0.6177,Retain_Urgent,Visita urgente - oferta de retencion,High
5797-APWZC,0.8242,High,4.7,Low,0.5471,0,0.9618922470433641,0.089866154,0.5471,0.6173,Retain_Urgent,Visita urgente - oferta de retencion,High
7294-TMAOP,0.8239,High,4.7,Low,0.5471,0,0.9615338669215148,0.089866154,0.5471,0.6171,Retain_Urgent,Visita urgente - oferta de retencion,High
3489-HHPFY,0.6901,High,11.42,Medium,0.7534,1,0.8016963325767531,0.21835564,0.7534,0.617,Retain_InvestigateBill,Retencion urgente + revision de facturacion,High
3751-KTZEL,0.696,High,23.47,High,0.3896,0,0.8087444749731214,0.44875717,0.3896,0.6169,Retain_HighValue,Retencion urgente + oferta personalizada (cliente de alto valor),High
6521-YYTYI,0.8378,High,2.07,Low,0.5764,0,0.9781388125671963,0.03957935,0.5764,0.6162,Retain_Urgent,Visita urgente - oferta de retencion,High
6877-TJMBR,0.7829,High,10.84,Medium,0.4873,0,0.9125552502687851,0.20726578,0.4873,0.6159,Retain_Urgent,Visita urgente - oferta de retencion,High
8775-LHDJH,0.818,High,5.0,Low,0.5471,0,0.9544857245251464,0.0956023,0.5471,0.6153,Retain_Urgent,Visita urgente - oferta de retencion,High
5052-PNLOS,0.7751,High,0.0,Low,0.8171,1,0.9032373671007049,0.0,0.8171,0.615,Retain_InvestigateBill,Retencion urgente + revision de facturacion,High
4844-JJWUY,0.7894,High,9.42,Medium,0.5037,0,0.920320152908852,0.18011473,0.5037,0.6149,Retain_Urgent,Visita urgente - oferta de retencion,High
7384-GHBPI,0.6849,High,23.09,High,0.4198,0,0.7954844104646995,0.4414914,0.4198,0.6141,Retain_HighValue,Retencion urgente + oferta personalizada (cliente de alto valor),High
5928-QLDHB,0.7041,High,19.22,Medium,0.47,0,0.818420738263051,0.3674952,0.47,0.6135,Retain_Urgent,Visita urgente - oferta de retencion,High
6390-DSAZX,0.6906,High,21.49,High,0.4454,0,0.8022936327798351,0.41089866,0.4454,0.6135,Retain_HighValue,Retencion urgente + oferta personalizada (cliente de alto valor),High
7354-OIJLX,0.6696,High,19.81,Medium,0.5565,0,0.7772070242503882,0.37877628,0.5565,0.6135,Retain_Urgent,Visita urgente - oferta de retencion,High
7625-XCQRH,0.704,High,19.23,Medium,0.4681,0,0.8183012782224346,0.36768642,0.4681,0.6131,Retain_Urgent,Visita urgente - oferta de retencion,High
2074-GKOWZ,0.7889,High,5.87,Medium,0.5949,0,0.91972285270577,0.112237096,0.5949,0.6125,Retain_Urgent,Visita urgente - oferta de retencion,High
3717-OEAUQ,0.5664,High,24.84,High,0.7148,1,0.6539242623342493,0.47495222,0.7148,0.6124,Retain_HighValue,Retencion urgente + oferta personalizada (cliente de alto valor),High
7321-VGNKU,0.5305,High,25.18,High,0.8106,1,0.6110381077529566,0.48145318,0.8106,0.6121,Retain_HighValue,Retencion urgente + oferta personalizada (cliente de alto valor),High
0265-EDXBD,0.6174,High,20.48,High,0.6856,1,0.7148488830486202,0.391587,0.6856,0.612,Retain_HighValue,Retencion urgente + oferta personalizada (cliente de alto valor),High
3158-MOERK,0.8093,High,0.16,Low,0.6948,1,0.9440927009915184,0.0030592734,0.6948,0.6119,Retain_InvestigateBill,Retencion urgente + revision de facturacion,High
8696-JKZNU,0.6506,High,19.16,Medium,0.6232,1,0.7545096165332695,0.366348,0.6232,0.6118,Retain_InvestigateBill,Retencion urgente + revision de facturacion,High
4140-MUHUG,0.7078,High,9.21,Medium,0.7376,1,0.8228407597658584,0.17609943,0.7376,0.6118,Retain_InvestigateBill,Retencion urgente + revision de facturacion,High
1196-AMORA,0.6831,High,21.89,High,0.4463,0,0.7933341297336042,0.41854683,0.4463,0.6115,Retain_HighValue,Retencion urgente + oferta personalizada (cliente de alto valor),High
8541-QVFKM,0.6529,High,21.95,High,0.5335,0,0.7572571974674472,0.4196941,0.5335,0.6112,Retain_HighValue,Retencion urgente + oferta personalizada (cliente de alto valor),High
6022-KOUQO,0.5255,High,29.1,High,0.7073,1,0.6050651057221359,0.55640537,0.7073,0.6109,Retain_HighValue,Retencion urgente + oferta personalizada (cliente de alto valor),High
4983-CCWMC,0.6011,High,25.83,High,0.575,0,0.6953768964281447,0.49388146,0.575,0.6109,Retain_HighValue,Retencion urgente + oferta personalizada (cliente de alto valor),High
9944-HKVVB,0.7744,High,0.44,Low,0.783,1,0.9024011468163899,0.008413002,0.783,0.6103,Retain_InvestigateBill,Retencion urgente + revision de facturacion,High
4512-ZUIYL,0.5528,High,25.44,High,0.7256,1,0.6376776968104169,0.4864245,0.7256,0.6099,Retain_HighValue,Retencion urgente + oferta personalizada (cliente de alto valor),High
8433-WXGNA,0.58,High,19.41,Medium,0.8157,1,0.6701708278580815,0.3711281,0.8157,0.6096,Retain_InvestigateBill,Retencion urgente + revision de facturacion,High
4927-WWOOZ,0.7889,High,4.24,Low,0.6271,1,0.91972285270577,0.08107074,0.6271,0.6096,Retain_InvestigateBill,Retencion urgente + revision de facturacion,High
3318-NMQXL,0.7972,High,4.12,Low,0.603,0,0.9296380360769323,0.07877629,0.603,0.6091,Retain_Urgent,Visita urgente - oferta de retencion,High
9611-CTWIH,0.7527,High,5.95,Medium,0.6833,1,0.8764783180026282,0.11376673,0.6833,0.609,Retain_InvestigateBill,Retencion urgente + revision de facturacion,High
9907-SWKKF,0.6262,High,33.54,High,0.2697,0,0.7253613666228647,0.6413002,0.2697,0.609,Retain_HighValue,Retencion urgente + oferta personalizada (cliente de alto valor),High
6198-ZFIOJ,0.6561,High,20.09,High,0.5646,0,0.7610799187671724,0.38413003,0.5646,0.6087,Retain_HighValue,Retencion urgente + oferta personalizada (cliente de alto valor),High
5600-KTXFM,0.6013,High,25.42,High,0.5751,0,0.6956158165093775,0.48604208,0.5751,0.6086,Retain_HighValue,Retencion urgente + oferta personalizada (cliente de alto valor),High
8107-KNCIM,0.6705,High,20.42,High,0.5099,0,0.778282164615936,0.39043978,0.5099,0.6083,Retain_HighValue,Retencion urgente + oferta personalizada (cliente de alto valor),High
1628-BIZYP,0.7793,High,10.02,Medium,0.4828,0,0.9082546888065942,0.19158702,0.4828,0.6082,Retain_Urgent,Visita urgente - oferta de retencion,High
4282-YMKNA,0.6673,High,20.77,High,0.5087,0,0.7744594433162107,0.39713195,0.5087,0.6081,Retain_HighValue,Retencion urgente + oferta personalizada (cliente de alto valor),High
8687-BAFGU,0.6855,High,21.06,High,0.4459,0,0.796201170708398,0.40267685,0.4459,0.6081,Retain_HighValue,Retencion urgente + oferta personalizada (cliente de alto valor),High
0840-DFEZH,0.6547,High,20.23,High,0.5615,0,0.7594074781985426,0.38680688,0.5615,0.608,Retain_HighValue,Retencion urgente + oferta personalizada (cliente de alto valor),High
2720-WGKHP,0.8215,High,1.38,Low,0.6023,0,0.9586668259467208,0.026386233,0.6023,0.6077,Retain_Urgent,Visita urgente - oferta de retencion,High
7181-BQYBV,0.7798,High,0.0,Low,0.7626,1,0.9088519890096763,0.0,0.7626,0.6069,Retain_InvestigateBill,Retencion urgente + revision de facturacion,High
6317-YPKDH,0.6204,High,28.39,High,0.4224,0,0.7184326842671126,0.5428298,0.4224,0.6065,Retain_HighValue,Retencion urgente + oferta personalizada (cliente de alto valor),High
6275-YDUVO,0.7565,High,9.28,Medium,0.5633,0,0.8810177995460519,0.17743786,0.5633,0.6064,Retain_Urgent,Visita urgente - oferta de retencion,High
2013-SGDXK,0.7657,High,11.12,Medium,0.4832,0,0.892008123282762,0.2126195,0.4832,0.6064,Retain_Urgent,Visita urgente - oferta de retencion,High
3027-ZTDHO,0.8067,High,5.2,Medium,0.5299,0,0.9409867399354915,0.09942638,0.5299,0.6063,Retain_Urgent,Visita urgente - oferta de retencion,High
6077-BDPXA,0.5471,High,25.3,High,0.7284,1,0.6308684744952814,0.4837476,0.7284,0.6062,Retain_HighValue,Retencion urgente + oferta personalizada (cliente de alto valor),High
2799-ARNLO,0.6412,High,26.01,High,0.4261,0,0.7432803727153268,0.49732316,0.4261,0.6061,Retain_HighValue,Retencion urgente + oferta personalizada (cliente de alto valor),High
3049-SOLAY,0.7982,High,0.33,Low,0.6921,1,0.9308326364830964,0.006309752,0.6921,0.6057,Retain_InvestigateBill,Retencion urgente + revision de facturacion,High
2880-FPNAE,0.6593,High,20.92,High,0.5142,0,0.7649026400668977,0.4,0.5142,0.6053,Retain_HighValue,Retencion urgente + oferta personalizada (cliente de alto valor),High
6702-OHFWR,0.6973,High,15.0,Medium,0.5694,0,0.810297455501135,0.28680688,0.5694,0.6051,Retain_Urgent,Visita urgente - oferta de retencion,High
7044-YAACC,0.6593,High,25.24,High,0.3879,0,0.7649026400668977,0.4826004,0.3879,0.6048,Retain_HighValue,Retencion urgente + oferta personalizada (cliente de alto valor),High
1415-YFWLT,0.7996,High,5.89,Medium,0.5232,0,0.9325050770517262,0.112619504,0.5232,0.6047,Retain_Urgent,Visita urgente - oferta de retencion,High
9057-SIHCH,0.8061,High,0.21,Low,0.6659,1,0.9402699796917932,0.004015296,0.6659,0.6045,Retain_InvestigateBill,Retencion urgente + revision de facturacion,High
3178-FESZO,0.7999,High,0.0,Low,0.6895,1,0.9328634571735755,0.0,0.6895,0.6043,Retain_InvestigateBill,Retencion urgente + revision de facturacion,High
0644-OQMDK,0.6326,High,24.98,High,0.472,0,0.7330068092223152,0.47762907,0.472,0.6042,Retain_HighValue,Retencion urgente + oferta personalizada (cliente de alto valor),High
0970-ETWGE,0.797,High,5.86,Medium,0.5278,0,0.9293991159956995,0.11204589,0.5278,0.6039,Retain_Urgent,Visita urgente - oferta de retencion,High
5879-SESNB,0.6335,High,20.41,High,0.5973,0,0.7340819495878628,0.39024857,0.5973,0.6036,Retain_HighValue,Retencion urgente + oferta personalizada (cliente de alto valor),High
8348-HFYIV,0.724,High,9.94,Medium,0.6272,1,0.8421932863457173,0.19005735,0.6272,0.6036,Retain_InvestigateBill,Retencion urgente + revision de facturacion,High
2091-RFFBA,0.6065,High,21.64,High,0.6406,1,0.7018277386214312,0.4137667,0.6406,0.6032,Retain_HighValue,Retencion urgente + oferta personalizada (cliente de alto valor),High
3006-XIMLN,0.797,High,1.19,Low,0.6571,1,0.9293991159956995,0.022753347,0.6571,0.6029,Retain_InvestigateBill,Retencion urgente + revision de facturacion,High
5908-QMGOE,0.6603,High,21.24,High,0.4892,0,0.7660972404730618,0.40611854,0.4892,0.6027,Retain_HighValue,Retencion urgente + oferta personalizada (cliente de alto valor),High
1777-JYQPJ,0.5297,High,34.0,High,0.5101,0,0.6100824274280253,0.6500956,0.5101,0.6021,Retain_HighValue,Retencion urgente + oferta personalizada (cliente de alto valor),High
9223-UCPVT,0.815,High,0.99,Low,0.603,0,0.9509019233066539,0.018929254,0.603,0.6017,Retain_Urgent,Visita urgente - oferta de retencion,High
3627-FHKBK,0.6877,High,20.01,High,0.4367,0,0.7988292916019591,0.3826004,0.4367,0.6015,Retain_HighValue,Retencion urgente + oferta personalizada (cliente de alto valor),High
7577-SWIFR,0.7943,High,5.89,Medium,0.5232,0,0.9261736948990563,0.112619504,0.5232,0.6015,Retain_Urgent,Visita urgente - oferta de retencion,High
6032-IGALN,0.6125,High,33.54,High,0.2708,0,0.708995341058416,0.6413002,0.2708,0.601,Retain_HighValue,Retencion urgente + oferta personalizada (cliente de alto valor),High
1866-OBPNR,0.6772,High,20.89,High,0.44,0,0.7862859873372358,0.39942637,0.44,0.601,Retain_HighValue,Retencion urgente + oferta personalizada (cliente de alto valor),High
3755-JBMNH,0.6321,High,24.64,High,0.4656,0,0.7324095090192331,0.4711281,0.4656,0.6007,Retain_HighValue,Retencion urgente + oferta personalizada (cliente de alto valor),High
7534-BFESC,0.592,High,19.59,Medium,0.7262,1,0.6845060327320511,0.3745698,0.7262,0.5999,Retain_InvestigateBill,Retencion urgente + revision de facturacion,High
0529-ONKER,0.6614,High,20.09,High,0.5042,0,0.7674113009198423,0.38413003,0.5042,0.5998,Retain_HighValue,Retencion urgente + oferta personalizada (cliente de alto valor),High
5832-XKAES,0.571,High,25.55,High,0.6165,1,0.6594194242026041,0.48852772,0.6165,0.5996,Retain_HighValue,Retencion urgente + oferta personalizada (cliente de alto valor),High
4952-YSOGZ,0.7821,High,9.49,Medium,0.4464,0,0.9115995699438538,0.18145315,0.4464,0.5995,Retain_Urgent,Visita urgente - oferta de retencion,High
2656-FMOKZ,0.649,High,21.21,High,0.5076,0,0.752598255883407,0.4055449,0.5076,0.5995,Retain_HighValue,Retencion urgente + oferta personalizada (cliente de alto valor),High
2080-GKCWQ,0.671,High,20.17,High,0.4711,0,0.7788794648190182,0.38565966,0.4711,0.5994,Retain_HighValue,Retencion urgente + oferta personalizada (cliente de alto valor),High
7537-RBWEA,0.6089,High,33.54,High,0.2708,0,0.7046947795962251,0.6413002,0.2708,0.5989,Retain_HighValue,Retencion urgente + oferta personalizada (cliente de alto valor),High
0661-XEYAN,0.6068,High,33.24,High,0.2836,0,0.7021861187432804,0.6355641,0.2836,0.5985,Retain_HighValue,Retencion urgente + oferta personalizada (cliente de alto valor),High
6860-YRJZP,0.6633,High,21.39,High,0.4544,0,0.7696810416915542,0.4089866,0.4544,0.5984,Retain_HighValue,Retencion urgente + oferta personalizada (cliente de alto valor),High
1389-CXMLU,0.7484,High,4.52,Low,0.6841,1,0.8713415362561223,0.08642448,0.6841,0.5984,Retain_InvestigateBill,Retencion urgente + revision de facturacion,High
6857-VWJDT,0.8118,High,0.19,Low,0.6182,1,0.9470792020069286,0.0036328873,0.6182,0.5983,Retain_InvestigateBill,Retencion urgente + revision de facturacion,High
1496-GGSUK,0.6068,High,33.24,High,0.2818,0,0.7021861187432804,0.6355641,0.2818,0.5981,Retain_HighValue,Retencion urgente + oferta personalizada (cliente de alto valor),High
0455-XFASS,0.554,High,25.85,High,0.6514,1,0.639111217297814,0.4942639,0.6514,0.5981,Retain_HighValue,Retencion urgente + oferta personalizada (cliente de alto valor),High
5567-WSELE,0.8065,High,0.95,Low,0.6112,1,0.9407478198542588,0.018164435,0.6112,0.5981,Retain_InvestigateBill,Retencion urgente + revision de facturacion,High
5167-ZFFMM,0.7927,High,4.59,Low,0.5465,0,0.9242623342491936,0.08776291,0.5465,0.5978,Retain_Urgent,Visita urgente - oferta de retencion,High
7890-VYYWG,0.6027,High,22.33,High,0.6036,0,0.6972882570780075,0.42695984,0.6036,0.5975,Retain_HighValue,Retencion urgente + oferta personalizada (cliente de alto valor),High
3966-HRMZA,0.6181,High,20.08,High,0.6224,1,0.7156851033329351,0.38393882,0.6224,0.5975,Retain_HighValue,Retencion urgente + oferta personalizada (cliente de alto valor),High
2612-RRIDN,0.8022,High,14.43,Medium,0.2341,0,0.935611038107753,0.27590823,0.2341,0.5974,Retain_Urgent,Visita urgente - oferta de retencion,High
8382-SHQEH,0.756,High,10.18,Medium,0.4917,0,0.8804204993429698,0.19464628,0.4917,0.5969,Retain_Urgent,Visita urgente - oferta de retencion,High
3411-WLRSQ,0.6184,High,20.87,High,0.5949,0,0.7160434834547843,0.399044,0.5949,0.5967,Retain_HighValue,Retencion urgente + oferta personalizada (cliente de alto valor),High
2737-WFVYW,0.7327,High,13.18,Medium,0.4725,0,0.8525863098793454,0.25200766,0.4725,0.5964,Retain_Urgent,Visita urgente - oferta de retencion,High
2468-SJFLM,0.6678,High,20.88,High,0.4449,0,0.7750567435192928,0.39923516,0.4449,0.5963,Retain_HighValue,Retencion urgente + oferta personalizada (cliente de alto valor),High
8260-NGFNY,0.6056,High,33.51,High,0.2673,0,0.7007525982558834,0.64072657,0.2673,0.5961,Retain_HighValue,Retencion urgente + oferta personalizada (cliente de alto valor),High
7206-PQBBZ,0.5846,High,25.24,High,0.5638,0,0.6756659897264365,0.4826004,0.5638,0.5954,Retain_HighValue,Retencion urgente + oferta personalizada (cliente de alto valor),High
1078-TDCRN,0.5671,High,28.24,High,0.5286,0,0.6547604826185641,0.53996176,0.5286,0.5951,Retain_HighValue,Retencion urgente + oferta personalizada (cliente de alto valor),High
9334-GWGOW,0.6423,High,20.44,High,0.5252,0,0.7445944331621073,0.3908222,0.5252,0.5946,Retain_HighValue,Retencion urgente + oferta personalizada (cliente de alto valor),High
4548-SDBKE,0.7764,High,10.17,Medium,0.4195,0,0.9047903476287182,0.19445507,0.4195,0.5946,Retain_Urgent,Visita urgente - oferta de retencion,High
0334-GDDSO,0.6916,High,14.36,Medium,0.552,0,0.8034882331859993,0.27456978,0.552,0.5945,Retain_Urgent,Visita urgente - oferta de retencion,High
1941-HOSAM,0.7821,High,5.18,Medium,0.5407,0,0.9115995699438538,0.09904397,0.5407,0.5937,Retain_Urgent,Visita urgente - oferta de retencion,High
2209-XADXF,0.6,High,33.51,High,0.2695,0,0.6940628359813642,0.64072657,0.2695,0.5931,Retain_HighValue,Retencion urgente + oferta personalizada (cliente de alto valor),High
4367-NHWMM,0.5985,High,33.71,High,0.2654,0,0.692270935372118,0.6445507,0.2654,0.5926,Retain_HighValue,Retencion urgente + oferta personalizada (cliente de alto valor),High
4273-MBHYA,0.779,High,5.9,Medium,0.5232,0,0.907896308684745,0.11281071,0.5232,0.5924,Retain_Urgent,Visita urgente - oferta de retencion,High
9743-DQKQW,0.5744,High,33.61,High,0.3353,0,0.6634810655835623,0.6426386,0.3353,0.5916,Retain_HighValue,Retencion urgente + oferta personalizada (cliente de alto valor),High
5233-GEEAX,0.6511,High,29.14,High,0.2333,0,0.7551069167363518,0.55717015,0.2333,0.5914,Retain_HighValue,Retencion urgente + oferta personalizada (cliente de alto valor),High
1393-IMKZG,0.8007,High,0.13,Low,0.6142,1,0.9338191374985068,0.0024856597,0.6142,0.5905,Retain_InvestigateBill,Retencion urgente + revision de facturacion,High
8972-HJWNV,0.7751,High,11.36,Medium,0.3681,0,0.9032373671007049,0.21720842,0.3681,0.5904,Retain_Urgent,Visita urgente - oferta de retencion,High
4854-CIDCF,0.5862,High,21.22,High,0.6416,1,0.6775773503762992,0.40573612,0.6416,0.5888,Retain_HighValue,Retencion urgente + oferta personalizada (cliente de alto valor),High
8695-ARGXZ,0.549,High,20.03,High,0.7856,1,0.6331382152669932,0.38298282,0.7856,0.5886,Retain_HighValue,Retencion urgente + oferta personalizada (cliente de alto valor),High
7273-TEFQD,0.6647,High,16.98,Medium,0.5273,0,0.771353482260184,0.3246654,0.5273,0.5885,Retain_Urgent,Visita urgente - oferta de retencion,High
3801-HMYNL,0.7719,High,6.22,Medium,0.5154,0,0.8994146458009796,0.11892925,0.5154,0.5885,Retain_Urgent,Visita urgente - oferta de retencion,High
6356-ELRKD,0.7963,High,0.22,Low,0.614,1,0.9285628957113846,0.004206501,0.614,0.5883,Retain_InvestigateBill,Retencion urgente + revision de facturacion,High
0684-AOSIH,0.797,High,0.31,Low,0.6085,1,0.9293991159956995,0.0059273425,0.6085,0.5882,Retain_InvestigateBill,Retencion urgente + revision de facturacion,High
7802-EFKNY,0.5609,High,33.73,High,0.3517,0,0.6473539601003464,0.6449331,0.3517,0.5875,Retain_HighValue,Retencion urgente + oferta personalizada (cliente de alto valor),High
7218-HKQFK,0.7466,High,1.18,Low,0.7272,1,0.869191255525027,0.02256214,0.7272,0.5868,Retain_InvestigateBill,Retencion urgente + revision de facturacion,High
6407-UTSLV,0.7277,High,11.39,Medium,0.4893,0,0.8466133078485247,0.21778204,0.4893,0.5865,Retain_Urgent,Visita urgente - oferta de retencion,High
4846-WHAFZ,0.6002,High,19.15,Medium,0.639,1,0.694301756062597,0.3661568,0.639,0.5848,Retain_InvestigateBill,Retencion urgente + revision de facturacion,High
3398-ZOUAA,0.5722,High,26.34,High,0.5157,0,0.6608529446900012,0.5036329,0.5157,0.5847,Retain_HighValue,Retencion urgente + oferta personalizada (cliente de alto valor),High
9821-POOTN,0.5769,High,20.3,High,0.6744,1,0.6664675665989727,0.3881453,0.6744,0.5846,Retain_HighValue,Retencion urgente + oferta personalizada (cliente de alto valor),High
1219-NNDDO,0.6393,High,19.11,Medium,0.5197,0,0.7410106319436148,0.365392,0.5197,0.5841,Retain_Urgent,Visita urgente - oferta de retencion,High
5956-VKDTT,0.5978,High,21.19,High,0.5834,0,0.6914347150878032,0.40516254,0.5834,0.5839,Retain_HighValue,Retencion urgente + oferta personalizada (cliente de alto valor),High
5976-JCJRH,0.5912,High,25.27,High,0.4846,0,0.6835503524071198,0.48317403,0.4846,0.5836,Retain_HighValue,Retencion urgente + oferta personalizada (cliente de alto valor),High
0013-EXCHZ,0.6849,High,11.32,Medium,0.603,0,0.7954844104646995,0.2164436,0.603,0.5833,Retain_Urgent,Visita urgente - oferta de retencion,High
8642-GVWRF,0.6651,High,15.62,Medium,0.5383,0,0.7718313224226496,0.29866156,0.5383,0.5832,Retain_Urgent,Visita urgente - oferta de retencion,High
6496-SLWHQ,0.7153,High,0.0,Low,0.8356,1,0.8318002628120894,0.0,0.8356,0.583,Retain_InvestigateBill,Retencion urgente + revision de facturacion,High
7563-BIUPC,0.7925,High,14.84,Medium,0.1789,0,0.9240234141679609,0.2837476,0.1789,0.5829,Retain_Urgent,Visita urgente - oferta de retencion,High
3923-CSIHK,0.5012,High,24.47,High,0.7678,1,0.5760363158523474,0.46787763,0.7678,0.5819,Retain_HighValue,Retencion urgente + oferta personalizada (cliente de alto valor),High
4029-HPFVY,0.5263,High,25.23,High,0.6705,1,0.6060207860470672,0.48240918,0.6705,0.5818,Retain_HighValue,Retencion urgente + oferta personalizada (cliente de alto valor),High
0329-GTIAJ,0.7093,High,0.0,Low,0.8442,1,0.8246326603751046,0.0,0.8442,0.5812,Retain_InvestigateBill,Retencion urgente + revision de facturacion,High
7245-NIIWQ,0.5289,High,25.57,High,0.6492,1,0.6091267471030941,0.48891014,0.6492,0.5811,Retain_HighValue,Retencion urgente + oferta personalizada (cliente de alto valor),High
6366-ZGQGL,0.5773,High,33.77,High,0.2691,0,0.6669454067614383,0.6456979,0.2691,0.581,Retain_HighValue,Retencion urgente + oferta personalizada (cliente de alto valor),High
0697-ZMSWS,0.8161,High,9.57,Medium,0.2495,0,0.9522159837534345,0.18298279,0.2495,0.5809,Retain_Urgent,Visita urgente - oferta de retencion,High
5652-MSDEY,0.6355,High,19.79,Medium,0.4947,0,0.7364711504001911,0.37839392,0.4947,0.5807,Retain_Urgent,Visita urgente - oferta de retencion,High
5299-SJCZT,0.7463,High,0.0,Low,0.73,1,0.8688328754031777,0.0,0.73,0.5804,Retain_InvestigateBill,Retencion urgente + revision de facturacion,High
4750-ZRXIU,0.7844,High,11.08,Medium,0.2942,0,0.9143471508780313,0.21185468,0.2942,0.5796,Retain_Urgent,Visita urgente - oferta de retencion,High
0928-JMXNP,0.6399,High,28.72,High,0.2177,0,0.7417273921873134,0.54913956,0.2177,0.5791,Retain_HighValue,Retencion urgente + oferta personalizada (cliente de alto valor),High
7398-SKNQZ,0.7675,High,0.6,Low,0.6425,1,0.8941584040138574,0.011472276,0.6425,0.579,Retain_InvestigateBill,Retencion urgente + revision de facturacion,High
8992-JQYUN,0.74,High,7.74,Medium,0.5198,0,0.8613068928443436,0.14799234,0.5198,0.579,Retain_Urgent,Visita urgente - oferta de retencion,High
4143-OOBWZ,0.7817,High,14.53,Medium,0.1973,0,0.9111217297813881,0.27782026,0.1973,0.5784,Retain_Urgent,Visita urgente - oferta de retencion,High
5644-PDMZC,0.7098,High,6.13,Medium,0.6495,1,0.8252299605781866,0.117208414,0.6495,0.5777,Retain_InvestigateBill,Retencion urgente + revision de facturacion,High
3376-BMGFE,0.6003,High,24.83,High,0.4387,0,0.6944212161032134,0.474761,0.4387,0.5774,Retain_HighValue,Retencion urgente + oferta personalizada (cliente de alto valor),High
5868-CZJDR,0.5852,High,27.37,High,0.41,0,0.676382749970135,0.523327,0.41,0.5772,Retain_HighValue,Retencion urgente + oferta personalizada (cliente de alto valor),High
4585-HETAI,0.6864,High,21.2,High,0.284,0,0.7972763110739458,0.40535375,0.284,0.577,Retain_HighValue,Retencion urgente + oferta personalizada (cliente de alto valor),High
7615-ESMYF,0.6719,High,13.94,Medium,0.5327,0,0.7799546051845658,0.2665392,0.5327,0.5765,Retain_Urgent,Visita urgente - oferta de retencion,High
8617-ENBDS,0.5836,High,21.44,High,0.581,0,0.6744713893202724,0.40994266,0.581,0.5764,Retain_HighValue,Retencion urgente + oferta personalizada (cliente de alto valor),High
6656-JWRQX,0.5719,High,28.43,High,0.4138,0,0.6604945645681519,0.54359466,0.4138,0.5761,Retain_HighValue,Retencion urgente + oferta personalizada (cliente de alto valor),High
1989-PRJHP,0.5313,High,20.0,Medium,0.7763,1,0.611993788077888,0.3824092,0.7763,0.576,Retain_InvestigateBill,Retencion urgente + revision de facturacion,High
1689-YQBYY,0.6273,High,19.17,Medium,0.513,0,0.7266754270696452,0.3665392,0.513,0.5759,Retain_Urgent,Visita urgente - oferta de retencion,High
7734-DBOAI,0.6467,High,18.53,Medium,0.4734,0,0.7498506749492295,0.3543021,0.4734,0.5759,Retain_Urgent,Visita urgente - oferta de retencion,High
2800-VEQXM,0.5902,High,20.41,High,0.5824,0,0.6823557520009557,0.39024857,0.5824,0.5747,Retain_HighValue,Retencion urgente + oferta personalizada (cliente de alto valor),High
6941-PMGEP,0.7708,High,15.8,Medium,0.1744,0,0.8981005853541991,0.30210325,0.1744,0.5746,Retain_Urgent,Visita urgente - oferta de retencion,High
4806-KEXQR,0.783,High,15.76,Medium,0.1395,0,0.9126747103094016,0.30133843,0.1395,0.5746,Retain_Urgent,Visita urgente - oferta de retencion,High
4763-PGDPO,0.6088,High,25.13,High,0.3905,0,0.7045753195556087,0.48049712,0.3905,0.5745,Retain_HighValue,Retencion urgente + oferta personalizada (cliente de alto valor),High
6979-ZNSFF,0.7412,High,9.2,Medium,0.451,0,0.8627404133317406,0.17590822,0.451,0.5743,Retain_Urgent,Visita urgente - oferta de retencion,High
8167-GJLRN,0.5346,High,28.4,High,0.5141,0,0.6159359694182296,0.543021,0.5141,0.5737,Retain_HighValue,Retencion urgente + oferta personalizada (cliente de alto valor),High
1142-WACZW,0.475,High,28.93,High,0.6766,1,0.5447377852108469,0.5531549,0.6766,0.5736,Retain_HighValue,Retencion urgente + oferta personalizada (cliente de alto valor),High
6015-VVHHE,0.7757,High,11.69,Medium,0.2711,0,0.9039541273444033,0.22351816,0.2711,0.5733,Retain_Urgent,Visita urgente - oferta de retencion,High
7938-OUHIO,0.7297,High,0.12,Low,0.7387,1,0.849002508660853,0.002294455,0.7387,0.5729,Retain_InvestigateBill,Retencion urgente + revision de facturacion,High
9576-ANLXO,0.4906,High,25.84,High,0.7132,1,0.5633735515470075,0.49407268,0.7132,0.5725,Retain_HighValue,Retencion urgente + oferta personalizada (cliente de alto valor),High
8739-XNIKG,0.7975,High,11.47,Medium,0.2032,0,0.9299964161987815,0.21931167,0.2032,0.5714,Retain_Urgent,Visita urgente - oferta de retencion,High
4741-WWJQZ,0.5799,High,14.98,Medium,0.7521,1,0.670051367817465,0.28642446,0.7521,0.5714,Retain_InvestigateBill,Retencion urgente + revision de facturacion,High
5349-IECLD,0.7429,High,0.44,Low,0.6804,1,0.8647712340222196,0.008413002,0.6804,0.571,Retain_InvestigateBill,Retencion urgente + revision de facturacion,High
8083-YTZES,0.574,High,21.2,High,0.5891,0,0.6630032254210966,0.40535375,0.5891,0.5709,Retain_HighValue,Retencion urgente + oferta personalizada (cliente de alto valor),High
9895-VFOXH,0.5549,High,34.0,High,0.2773,0,0.6401863576633615,0.6500956,0.2773,0.5706,Retain_HighValue,Retencion urgente + oferta personalizada (cliente de alto valor),High
4193-ORFCL,0.6919,High,13.4,Medium,0.4557,0,0.8038466133078485,0.25621414,0.4557,0.5699,Retain_Urgent,Visita urgente - oferta de retencion,High
8937-RDTHP,0.707,High,10.74,Medium,0.4857,0,0.821885079440927,0.20535372,0.4857,0.5697,Retain_Urgent,Visita urgente - oferta de retencion,High
7568-PODML,0.6996,High,13.24,Medium,0.4359,0,0.8130450364353125,0.25315487,0.4359,0.5696,Retain_Urgent,Visita urgente - oferta de retencion,High
5095-AESKG,0.6896,High,4.29,Low,0.7212,1,0.801099032373671,0.08202677,0.7212,0.5694,Retain_InvestigateBill,Retencion urgente + revision de facturacion,High
4301-VVZKA,0.6204,High,20.17,High,0.4711,0,0.7184326842671126,0.38565966,0.4711,0.5691,Retain_HighValue,Retencion urgente + oferta personalizada (cliente de alto valor),High
6158-HDPXZ,0.5574,High,33.51,High,0.2743,0,0.6431728586787719,0.64072657,0.2743,0.5687,Retain_HighValue,Retencion urgente + oferta personalizada (cliente de alto valor),High
2398-YPMUR,0.5925,High,25.29,High,0.4041,0,0.6851033329351333,0.48355642,0.4041,0.5684,Retain_HighValue,Retencion urgente + oferta personalizada (cliente de alto valor),High
3999-QGRJH,0.5849,High,25.74,High,0.4121,0,0.6760243698482857,0.49216062,0.4121,0.5681,Retain_HighValue,Retencion urgente + oferta personalizada (cliente de alto valor),High
3420-ZDBMA,0.571,High,24.7,High,0.4805,0,0.6594194242026041,0.47227535,0.4805,0.5675,Retain_HighValue,Retencion urgente + oferta personalizada (cliente de alto valor),High
3186-BAXNB,0.7379,High,3.89,Low,0.5777,0,0.8587982319913989,0.07437859,0.5777,0.5673,Retain_Urgent,Visita urgente - oferta de retencion,High
0378-TOVMS,0.6777,High,9.5,Medium,0.5953,0,0.7868832875403178,0.18164437,0.5953,0.567,Retain_Urgent,Visita urgente - oferta de retencion,High
3420-YJLQT,0.6455,High,15.8,Medium,0.5038,0,0.7484171544618325,0.30210325,0.5038,0.5656,Retain_Urgent,Visita urgente - oferta de retencion,High
9451-LPGOO,0.7802,High,9.32,Medium,0.2853,0,0.909329829172142,0.17820267,0.2853,0.5652,Retain_Urgent,Visita urgente - oferta de retencion,High
8486-AYEQH,0.5218,High,19.64,Medium,0.7604,1,0.6006450842193287,0.3755258,0.7604,0.5651,Retain_InvestigateBill,Retencion urgente + revision de facturacion,High
3496-LFSZU,0.5661,High,25.15,High,0.4692,0,0.6535658822124,0.48087955,0.4692,0.5649,Retain_HighValue,Retencion urgente + oferta personalizada (cliente de alto valor),High
5442-UTCVD,0.7085,High,3.92,Low,0.6531,1,0.8236769800501733,0.0749522,0.6531,0.5649,Retain_InvestigateBill,Retencion urgente + revision de facturacion,High
6229-LSCKB,0.7524,High,15.55,Medium,0.1868,0,0.8761199378807789,0.29732314,0.1868,0.5646,Retain_Urgent,Visita urgente - oferta de retencion,High
3199-XGZCY,0.6009,High,20.34,High,0.499,0,0.695137976346912,0.38891014,0.499,0.564,Retain_HighValue,Retencion urgente + oferta personalizada (cliente de alto valor),High
1335-NTIUC,0.5331,High,33.73,High,0.3166,0,0.6141440688089834,0.6449331,0.3166,0.5639,Retain_HighValue,Retencion urgente + oferta personalizada (cliente de alto valor),High
3208-YPIOE,0.529,High,20.36,High,0.7082,1,0.6092462071437105,0.38929257,0.7082,0.5631,Retain_HighValue,Retencion urgente + oferta personalizada (cliente de alto valor),High
4652-NNHNY,0.5254,High,21.59,High,0.6827,1,0.6049456456815195,0.4128107,0.6827,0.5629,Retain_HighValue,Retencion urgente + oferta personalizada (cliente de alto valor),High
8080-DDEMJ,0.6798,High,13.42,Medium,0.4557,0,0.7893919483932624,0.25659657,0.4557,0.5628,Retain_Urgent,Visita urgente - oferta de retencion,High
9058-CBREO,0.715,High,7.89,Medium,0.5026,0,0.8314418826902401,0.15086041,0.5026,0.5615,Retain_Urgent,Visita urgente - oferta de retencion,High
9526-BIHHD,0.5392,High,28.61,High,0.4326,0,0.6214311312865847,0.54703635,0.4326,0.5613,Retain_HighValue,Retencion urgente + oferta personalizada (cliente de alto valor),High
5999-LCXAO,0.5413,High,28.61,High,0.4257,0,0.6239397921395293,0.54703635,0.4257,0.5612,Retain_HighValue,Retencion urgente + oferta personalizada (cliente de alto valor),High
2538-OIMXF,0.5445,High,33.77,High,0.265,0,0.6277625134392546,0.6456979,0.265,0.5606,Retain_HighValue,Retencion urgente + oferta personalizada (cliente de alto valor),High
4706-DGAHW,0.6779,High,13.28,Medium,0.454,0,0.7871222076215505,0.2539197,0.454,0.5605,Retain_Urgent,Visita urgente - oferta de retencion,High
0923-PNFUB,0.678,High,11.44,Medium,0.5052,0,0.7872416676621671,0.21873805,0.5052,0.5603,Retain_Urgent,Visita urgente - oferta de retencion,High
2984-AFWNC,0.7216,High,0.3,Low,0.6924,1,0.8393262453709235,0.005736138,0.6924,0.5599,Retain_InvestigateBill,Retencion urgente + revision de facturacion,High
7252-NTGSS,0.6769,High,13.26,Medium,0.454,0,0.7859276072153865,0.2535373,0.454,0.5598,Retain_Urgent,Visita urgente - oferta de retencion,High
4547-LYTDD,0.5764,High,22.24,High,0.4947,0,0.6658702663958906,0.425239,0.4947,0.5594,Retain_HighValue,Retencion urgente + oferta personalizada (cliente de alto valor),High
0388-EOPEX,0.579,High,20.85,High,0.5267,0,0.6689762274519173,0.39866158,0.5267,0.5594,Retain_HighValue,Retencion urgente + oferta personalizada (cliente de alto valor),High
7779-LGOVN,0.7834,High,9.29,Medium,0.2472,0,0.9131525504718672,0.17762907,0.2472,0.5593,Retain_Urgent,Visita urgente - oferta de retencion,High
2575-GFSOE,0.5353,High,26.28,High,0.4975,0,0.6167721897025445,0.5024857,0.4975,0.5586,Retain_HighValue,Retencion urgente + oferta personalizada (cliente de alto valor),High
2568-BRGYX,0.5023,High,25.19,High,0.627,1,0.5773503762991279,0.48164436,0.627,0.5586,Retain_HighValue,Retencion urgente + oferta personalizada (cliente de alto valor),High
9136-ALYBR,0.5374,High,33.9,High,0.2716,0,0.6192808505554892,0.6481836,0.2716,0.5584,Retain_HighValue,Retencion urgente + oferta personalizada (cliente de alto valor),High
3453-RTHJQ,0.5362,High,26.26,High,0.4938,0,0.6178473300680922,0.50210327,0.4938,0.5583,Retain_HighValue,Retencion urgente + oferta personalizada (cliente de alto valor),High
1816-FLZDK,0.5325,High,29.12,High,0.4219,0,0.6134273085652849,0.5567878,0.4219,0.5581,Retain_HighValue,Retencion urgente + oferta personalizada (cliente de alto valor),High
1569-TTNYJ,0.7242,High,17.16,Medium,0.1872,0,0.8424322064269502,0.3281071,0.1872,0.5571,Retain_Urgent,Visita urgente - oferta de retencion,High
5143-EGQFK,0.6095,High,28.7,High,0.1976,0,0.7054115398399237,0.5487572,0.1976,0.5569,Retain_HighValue,Retencion urgente + oferta personalizada (cliente de alto valor),High
1374-DMZUI,0.7792,High,1.14,Low,0.4807,0,0.9081352287659779,0.021797324,0.4807,0.5567,Retain_Urgent,Visita urgente - oferta de retencion,High
5419-CONWX,0.7664,High,0.14,Low,0.5468,0,0.8928443435670768,0.0026768644,0.5468,0.5566,Retain_Urgent,Visita urgente - oferta de retencion,High
8413-VONUO,0.6926,High,0.31,Low,0.7621,1,0.8046828335921634,0.0059273425,0.7621,0.5565,Retain_InvestigateBill,Retencion urgente + revision de facturacion,High
9494-MRNYX,0.5796,High,20.46,High,0.5188,0,0.6696929876956158,0.39120457,0.5188,0.556,Retain_HighValue,Retencion urgente + oferta personalizada (cliente de alto valor),High
3703-KBKZP,0.5499,High,21.18,High,0.5861,0,0.634213355632541,0.40497133,0.5861,0.5558,Retain_HighValue,Retencion urgente + oferta personalizada (cliente de alto valor),High
9965-YOKZB,0.7591,High,11.56,Medium,0.2348,0,0.8841237606020786,0.22103252,0.2348,0.5553,Retain_Urgent,Visita urgente - oferta de retencion,High
2482-CZGBB,0.5401,High,25.46,High,0.4894,0,0.6225062716521325,0.48680687,0.4894,0.5552,Retain_HighValue,Retencion urgente + oferta personalizada (cliente de alto valor),High
1016-DJTSV,0.5475,High,25.72,High,0.4585,0,0.6313463146577469,0.4917782,0.4585,0.5549,Retain_HighValue,Retencion urgente + oferta personalizada (cliente de alto valor),High
7603-USHJS,0.594,High,21.51,High,0.4384,0,0.6868952335443794,0.41128108,0.4384,0.5545,Retain_HighValue,Retencion urgente + oferta personalizada (cliente de alto valor),High
6906-ANDWJ,0.5891,High,20.45,High,0.4806,0,0.681041691554175,0.3910134,0.4806,0.5539,Retain_HighValue,Retencion urgente + oferta personalizada (cliente de alto valor),High
5445-UTODQ,0.7584,High,14.4,Medium,0.1458,0,0.8832875403177637,0.2753346,0.1458,0.5534,Retain_Urgent,Visita urgente - oferta de retencion,High
0709-TVGUR,0.5639,High,21.15,High,0.5314,0,0.6509377613188388,0.4043977,0.5314,0.5531,Retain_HighValue,Retencion urgente + oferta personalizada (cliente de alto valor),High
3439-GVUSX,0.5256,High,34.01,High,0.2773,0,0.6051845657627524,0.6502868,0.2773,0.5531,Retain_HighValue,Retencion urgente + oferta personalizada (cliente de alto valor),High
8058-JMEQO,0.7742,High,11.31,Medium,0.1855,0,0.9021622267351571,0.2162524,0.1855,0.5531,Retain_Urgent,Visita urgente - oferta de retencion,High
8931-GJJIQ,0.7456,High,11.65,Medium,0.2608,0,0.8679966551188628,0.22275335,0.2608,0.553,Retain_Urgent,Visita urgente - oferta de retencion,High
7758-XKCBS,0.6041,High,28.71,High,0.194,0,0.6989606976466372,0.54894835,0.194,0.553,Retain_HighValue,Retencion urgente + oferta personalizada (cliente de alto valor),High
6437-UKHMV,0.7306,High,15.56,Medium,0.1928,0,0.8500776490264007,0.29751435,0.1928,0.5529,Retain_Urgent,Visita urgente - oferta de retencion,High
3858-VOBET,0.5732,High,20.47,High,0.5221,0,0.6620475450961654,0.39139578,0.5221,0.5529,Retain_HighValue,Retencion urgente + oferta personalizada (cliente de alto valor),High
2642-DTVCO,0.7763,High,10.22,Medium,0.2093,0,0.9046708875881018,0.1954111,0.2093,0.5528,Retain_Urgent,Visita urgente - oferta de retencion,High
5712-PTIWW,0.6273,High,15.4,Medium,0.5053,0,0.7266754270696452,0.29445505,0.5053,0.5527,Retain_Urgent,Visita urgente - oferta de retencion,High
8263-JQAIK,0.5244,High,33.9,High,0.2817,0,0.6037510452753554,0.6481836,0.2817,0.5527,Retain_HighValue,Retencion urgente + oferta personalizada (cliente de alto valor),High
9408-SSNVZ,0.5562,High,25.3,High,0.4308,0,0.6417393381913751,0.4837476,0.4308,0.5522,Retain_HighValue,Retencion urgente + oferta personalizada (cliente de alto valor),High
2103-ZRXFN,0.6972,High,7.89,Medium,0.5081,0,0.8101779954605185,0.15086041,0.5081,0.552,Retain_Urgent,Visita urgente - oferta de retencion,High
3317-HRTNN,0.6868,High,12.78,Medium,0.3987,0,0.7977541512364114,0.24435946,0.3987,0.5519,Retain_Urgent,Visita urgente - oferta de retencion,High
2608-BHKFN,0.5537,High,25.39,High,0.4326,0,0.6387528371759646,0.48546845,0.4326,0.5515,Retain_HighValue,Retencion urgente + oferta personalizada (cliente de alto valor),High
7363-QTBIW,0.7161,High,15.87,Medium,0.2199,0,0.8327559431370206,0.30344167,0.2199,0.5514,Retain_Urgent,Visita urgente - oferta de retencion,High
1184-PJVDB,0.7168,High,15.38,Medium,0.2318,0,0.8335921634213356,0.29407266,0.2318,0.5514,Retain_Urgent,Visita urgente - oferta de retencion,High
1976-CFOCS,0.6632,High,12.78,Medium,0.4639,0,0.7695615816509378,0.24435946,0.4639,0.5509,Retain_Urgent,Visita urgente - oferta de retencion,High
3070-DVEYC,0.5606,High,21.6,High,0.5168,0,0.6469955799784972,0.41300192,0.5168,0.5508,Retain_HighValue,Retencion urgente + oferta personalizada (cliente de alto valor),High
0032-PGELS,0.5305,High,28.36,High,0.4123,0,0.6110381077529566,0.54225624,0.4123,0.5507,Retain_HighValue,Retencion urgente + oferta personalizada (cliente de alto valor),High
9638-JIQYA,0.5275,High,33.72,High,0.2648,0,0.6074543065344642,0.6447419,0.2648,0.5501,Retain_HighValue,Retencion urgente + oferta personalizada (cliente de alto valor),High
1925-TIBLE,0.7529,High,9.31,Medium,0.2918,0,0.876717238083861,0.17801148,0.2918,0.5501,Retain_Urgent,Visita urgente - oferta de retencion,High
6582-OIVSP,0.6587,High,13.26,Medium,0.4572,0,0.7641858798231991,0.2535373,0.4572,0.5496,Retain_Urgent,Visita urgente - oferta de retencion,High
7054-LGEQW,0.6612,High,12.76,Medium,0.4639,0,0.7671723808386095,0.24397707,0.4639,0.5496,Retain_Urgent,Visita urgente - oferta de retencion,High
4277-PVRAN,0.7258,High,15.18,Medium,0.1999,0,0.8443435670768128,0.29024857,0.1999,0.5492,Retain_Urgent,Visita urgente - oferta de retencion,High
6128-CZOMY,0.6634,High,12.79,Medium,0.4541,0,0.7698005017321706,0.24455068,0.4541,0.5491,Retain_Urgent,Visita urgente - oferta de retencion,High
7410-YTJIK,0.549,High,20.15,High,0.5835,0,0.6331382152669932,0.38527724,0.5835,0.5489,Retain_HighValue,Retencion urgente + oferta personalizada (cliente de alto valor),High
3834-XUIFC,0.7696,High,10.21,Medium,0.209,0,0.896667064866802,0.19521989,0.209,0.5487,Retain_Urgent,Visita urgente - oferta de retencion,High
7801-KICAO,0.5718,High,21.4,High,0.477,0,0.6603751045275356,0.4091778,0.477,0.5483,Retain_HighValue,Retencion urgente + oferta personalizada (cliente de alto valor),High
5383-MMTWC,0.7186,High,11.38,Medium,0.3257,0,0.835742444152431,0.21759082,0.3257,0.5483,Retain_Urgent,Visita urgente - oferta de retencion,High
3703-VAVCL,0.6618,High,5.45,Medium,0.6616,1,0.7678891410823081,0.1042065,0.6616,0.5475,Retain_InvestigateBill,Retencion urgente + revision de facturacion,High
3030-YDNRM,0.5719,High,20.44,High,0.5002,0,0.6604945645681519,0.3908222,0.5002,0.5475,Retain_HighValue,Retencion urgente + oferta personalizada (cliente de alto valor),High
1612-EOHDH,0.6556,High,13.28,Medium,0.454,0,0.7604826185640903,0.2539197,0.454,0.5472,Retain_Urgent,Visita urgente - oferta de retencion,High
3315-TOTBP,0.5847,High,19.66,Medium,0.4826,0,0.6757854497670529,0.37590823,0.4826,0.5472,Retain_Urgent,Visita urgente - oferta de retencion,High
1564-NTYXF,0.7331,High,12.4,Medium,0.2462,0,0.853064150041811,0.23709369,0.2462,0.5469,Retain_Urgent,Visita urgente - oferta de retencion,High
2081-VEYEH,0.6364,High,0.06,Low,0.8874,1,0.7375462907657389,0.0011472275,0.8874,0.5466,Retain_InvestigateBill,Retencion urgente + revision de facturacion,High
7065-YUNRY,0.6527,High,13.27,Medium,0.4572,0,0.7570182773862143,0.2537285,0.4572,0.5461,Retain_Urgent,Visita urgente - oferta de retencion,High
2656-TABEH,0.8235,High,0.0,Low,0.3278,0,0.9610560267590491,0.0,0.3278,0.5461,Retain_Urgent,Visita urgente - oferta de retencion,High
5103-MHMHY,0.6551,High,12.77,Medium,0.4639,0,0.7598853183610083,0.24416827,0.4639,0.546,Retain_Urgent,Visita urgente - oferta de retencion,High
6834-NXDCA,0.5767,High,34.16,High,0.0844,0,0.6662286465177398,0.6531549,0.0844,0.5459,Retain_HighValue,Retencion urgente + oferta personalizada (cliente de alto valor),High
2082-CEFLT,0.6565,High,13.04,Medium,0.4504,0,0.7615577589296381,0.24933079,0.4504,0.5457,Retain_Urgent,Visita urgente - oferta de retencion,High
1965-AKTSX,0.7359,High,17.08,Medium,0.0955,0,0.8564090311790706,0.32657745,0.0955,0.5453,Retain_Urgent,Visita urgente - oferta de retencion,High
2460-NGXBJ,0.5469,High,20.33,High,0.5666,0,0.6306295544140486,0.38871893,0.5666,0.5453,Retain_HighValue,Retencion urgente + oferta personalizada (cliente de alto valor),High
7825-GKXMW,0.6544,High,12.78,Medium,0.4607,0,0.7590490980766933,0.24435946,0.4607,0.545,Retain_Urgent,Visita urgente - oferta de retencion,High
2135-RXIHG,0.6565,High,12.79,Medium,0.4541,0,0.7615577589296381,0.24455068,0.4541,0.545,Retain_Urgent,Visita urgente - oferta de retencion,High
5351-QESIO,0.5127,High,34.07,High,0.2717,0,0.589774220523235,0.65143406,0.2717,0.5447,Retain_HighValue,Retencion urgente + oferta personalizada (cliente de alto valor),High
7228-OMTPN,0.7984,High,6.93,Medium,0.1966,0,0.9310715565643293,0.13250478,0.1966,0.5446,Retain_Urgent,Visita urgente - oferta de retencion,High
2984-MIIZL,0.6602,High,20.39,High,0.2223,0,0.7659777804324454,0.38986614,0.2223,0.5444,Retain_HighValue,Retencion urgente + oferta personalizada (cliente de alto valor),High
5077-DXTCG,0.6497,High,13.29,Medium,0.4572,0,0.753434476167722,0.2541109,0.4572,0.5444,Retain_Urgent,Visita urgente - oferta de retencion,High
1704-NRWYE,0.7348,High,14.55,Medium,0.1649,0,0.8550949707322901,0.27820268,0.1649,0.544,Retain_Urgent,Visita urgente - oferta de retencion,High
7488-MXJIV,0.74,High,9.59,Medium,0.2904,0,0.8613068928443436,0.18336521,0.2904,0.5437,Retain_Urgent,Visita urgente - oferta de retencion,High
2959-MJHIC,0.7222,High,15.17,Medium,0.1824,0,0.8400430056146219,0.29005736,0.1824,0.5435,Retain_Urgent,Visita urgente - oferta de retencion,High
1501-SGHBW,0.5927,High,12.75,Medium,0.6387,1,0.6853422530163661,0.24378586,0.6387,0.5435,Retain_InvestigateBill,Retencion urgente + revision de facturacion,High
2696-NARTR,0.566,High,21.24,High,0.4737,0,0.6534464221717835,0.40611854,0.4737,0.5433,Retain_HighValue,Retencion urgente + oferta personalizada (cliente de alto valor),High
2101-RANCD,0.4421,Medium,22.17,High,0.8166,1,0.5054354318480468,0.42390057,0.8166,0.5432,Nurture_Upsell,Contacto proactivo + propuesta de ampliacion de servicios,High
2884-GBPFB,0.4938,High,25.1,High,0.5771,0,0.5671962728467328,0.47992355,0.5771,0.543,Retain_HighValue,Retencion urgente + oferta personalizada (cliente de alto valor),High
2408-WITXK,0.6397,High,23.64,High,0.1831,0,0.7414884721060806,0.45200765,0.1831,0.543,Retain_HighValue,Retencion urgente + oferta personalizada (cliente de alto valor),High
2951-QOQTK,0.7212,High,14.75,Medium,0.1949,0,0.8388484052084577,0.28202677,0.1949,0.543,Retain_Urgent,Visita urgente - oferta de retencion,High
7005-CCBKV,0.7247,High,11.02,Medium,0.2905,0,0.8430295066300323,0.21070747,0.2905,0.5428,Retain_Urgent,Visita urgente - oferta de retencion,High
3223-DWFIO,0.5208,High,26.01,High,0.4684,0,0.5994504838131646,0.49732316,0.4684,0.5426,Retain_HighValue,Retencion urgente + oferta personalizada (cliente de alto valor),High
2842-JTCCU,0.5837,High,12.75,Medium,0.6607,1,0.6745908493608888,0.24378586,0.6607,0.5426,Retain_InvestigateBill,Retencion urgente + revision de facturacion,High
2833-SLKDQ,0.6469,High,13.43,Medium,0.4519,0,0.7500895950304624,0.25678778,0.4519,0.5425,Retain_Urgent,Visita urgente - oferta de retencion,High
9231-ZJYAM,0.6961,High,16.48,Medium,0.2167,0,0.808863935013738,0.31510517,0.2167,0.5423,Retain_Urgent,Visita urgente - oferta de retencion,High
2792-LSHWX,0.6357,High,11.77,Medium,0.5322,0,0.736710070481424,0.22504781,0.5322,0.5423,Retain_Urgent,Visita urgente - oferta de retencion,High
0018-NYROU,0.5297,High,26.27,High,0.4325,0,0.6100824274280253,0.5022945,0.4325,0.5422,Retain_HighValue,Retencion urgente + oferta personalizada (cliente de alto valor),High
5760-IFJOZ,0.6476,High,0.0,Low,0.833,1,0.7509258153147772,0.0,0.833,0.5421,Retain_InvestigateBill,Retencion urgente + revision de facturacion,High
4210-QFJMF,0.7243,High,16.82,Medium,0.1216,0,0.8425516664675667,0.32160613,0.1216,0.5421,Retain_Urgent,Visita urgente - oferta de retencion,High
7754-IXRMC,0.6488,High,13.02,Medium,0.4557,0,0.7523593358021743,0.24894838,0.4557,0.542,Retain_Urgent,Visita urgente - oferta de retencion,High
2876-GZYZC,0.6932,High,9.56,Medium,0.4219,0,0.805399593835862,0.18279159,0.4219,0.5419,Retain_Urgent,Visita urgente - oferta de retencion,High
0196-VULGZ,0.7338,High,11.34,Medium,0.249,0,0.853900370326126,0.216826,0.249,0.5418,Retain_Urgent,Visita urgente - oferta de retencion,High
2754-SDJRD,0.7354,High,0.02,Low,0.569,0,0.8558117309759886,0.00038240917,0.569,0.5418,Retain_Urgent,Visita urgente - oferta de retencion,High
4572-DVCGN,0.7131,High,15.55,Medium,0.1895,0,0.8291721419185282,0.29732314,0.1895,0.5417,Retain_Urgent,Visita urgente - oferta de retencion,High
4291-SHSBH,0.5039,High,25.85,High,0.5186,0,0.5792617369489906,0.4942639,0.5186,0.5416,Retain_HighValue,Retencion urgente + oferta personalizada (cliente de alto valor),High
9903-LYSAB,0.5521,High,22.17,High,0.4784,0,0.6368414765261021,0.42390057,0.4784,0.5413,Retain_HighValue,Retencion urgente + oferta personalizada (cliente de alto valor),High
4432-ADRLB,0.5591,High,13.72,Medium,0.6991,1,0.645203679369251,0.2623327,0.6991,0.5411,Retain_InvestigateBill,Retencion urgente + revision de facturacion,High
1273-MTETI,0.7935,High,6.83,Medium,0.196,0,0.925218014574125,0.13059273,0.196,0.541,Retain_Urgent,Visita urgente - oferta de retencion,High
4749-VFKVB,0.6801,High,8.09,Medium,0.4971,0,0.7897503285151117,0.15468451,0.4971,0.5407,Retain_Urgent,Visita urgente - oferta de retencion,High
6127-IYJOZ,0.6464,High,12.77,Medium,0.4623,0,0.7494922948273802,0.24416827,0.4623,0.5405,Retain_Urgent,Visita urgente - oferta de retencion,High
3916-NRPAP,0.6633,High,9.51,Medium,0.5057,0,0.7696810416915542,0.18183558,0.5057,0.5405,Retain_Urgent,Visita urgente - oferta de retencion,High
5899-MQZZL,0.5598,High,20.45,High,0.5005,0,0.6460398996535659,0.3910134,0.5005,0.5404,Retain_HighValue,Retencion urgente + oferta personalizada (cliente de alto valor),High
7359-PTSXY,0.6476,High,12.78,Medium,0.4574,0,0.7509258153147772,0.24435946,0.4574,0.5403,Retain_Urgent,Visita urgente - oferta de retencion,High
3069-SSVSN,0.3848,Medium,46.18,High,0.2836,0,0.43698482857484167,0.8829828,0.2836,0.5401,Nurture_Upsell,Contacto proactivo + propuesta de ampliacion de servicios,High
9828-AOQLM,0.6465,High,12.8,Medium,0.4574,0,0.7496117548679966,0.24474189,0.4574,0.5397,Retain_Urgent,Visita urgente - oferta de retencion,High
5552-ZNFSJ,0.6416,High,13.28,Medium,0.4572,0,0.7437582128777923,0.2539197,0.4572,0.5395,Retain_Urgent,Visita urgente - oferta de retencion,High
1963-SVUCV,0.6416,High,13.28,Medium,0.4572,0,0.7437582128777923,0.2539197,0.4572,0.5395,Retain_Urgent,Visita urgente - oferta de retencion,High
3413-BMNZE,0.64,High,13.27,Medium,0.4607,0,0.7418468522279298,0.2537285,0.4607,0.5392,Retain_Urgent,Visita urgente - oferta de retencion,High
0495-ZBNGW,0.6488,High,15.42,Medium,0.3725,0,0.7523593358021743,0.29483747,0.3725,0.5391,Retain_Urgent,Visita urgente - oferta de retencion,High
0195-IESCP,0.7582,High,10.18,Medium,0.1906,0,0.8830486202365309,0.19464628,0.1906,0.538,Retain_Urgent,Visita urgente - oferta de retencion,High
6330-JKLPC,0.7398,High,15.0,Medium,0.1069,0,0.8610679727631108,0.28680688,0.1069,0.538,Retain_Urgent,Visita urgente - oferta de retencion,High
5215-LNLDJ,0.4994,High,33.81,High,0.2853,0,0.5738860351212519,0.64646274,0.2853,0.5379,Retain_HighValue,Retencion urgente + oferta personalizada (cliente de alto valor),High
6959-UWKHF,0.621,High,14.78,Medium,0.4661,0,0.7191494445108112,0.28260037,0.4661,0.5376,Retain_Urgent,Visita urgente - oferta de retencion,High
6204-IEUXJ,0.5647,High,15.23,Medium,0.62,1,0.6518934416437702,0.29120457,0.62,0.5373,Retain_InvestigateBill,Retencion urgente + revision de facturacion,High
5696-QURRL,0.6382,High,13.43,Medium,0.4519,0,0.7396965714968343,0.25678778,0.4519,0.5373,Retain_Urgent,Visita urgente - oferta de retencion,High
3727-RJMEO,0.7115,High,12.65,Medium,0.2528,0,0.8272607812686656,0.2418738,0.2528,0.5368,Retain_Urgent,Visita urgente - oferta de retencion,High
3278-FSIXX,0.5548,High,13.19,Medium,0.7047,1,0.6400668976227452,0.25219885,0.7047,0.5366,Retain_InvestigateBill,Retencion urgente + revision de facturacion,High
3130-ICDUP,0.5274,High,14.88,Medium,0.7358,1,0.6073348464938478,0.28451243,0.7358,0.5362,Retain_InvestigateBill,Retencion urgente + revision de facturacion,High
0772-GYEQQ,0.6576,High,7.17,Medium,0.5678,0,0.7628718193764186,0.1370937,0.5678,0.5361,Retain_Urgent,Visita urgente - oferta de retencion,High
2919-HBCJO,0.6466,High,19.19,Medium,0.2553,0,0.749731214908613,0.36692163,0.2553,0.536,Retain_Urgent,Visita urgente - oferta de retencion,High
0947-MUGVO,0.6651,High,21.39,High,0.1348,0,0.7718313224226496,0.4089866,0.1348,0.5356,Retain_HighValue,Retencion urgente + oferta personalizada (cliente de alto valor),High
2275-RBYQS,0.6381,High,13.03,Medium,0.4555,0,0.739577111456218,0.24913958,0.4555,0.5356,Retain_Urgent,Visita urgente - oferta de retencion,High
5692-FPTAH,0.6381,High,13.03,Medium,0.4555,0,0.739577111456218,0.24913958,0.4555,0.5356,Retain_Urgent,Visita urgente - oferta de retencion,High
4929-XIHVW,0.694,High,0.25,Low,0.6542,1,0.8063552741607932,0.0047801146,0.6542,0.5355,Retain_InvestigateBill,Retencion urgente + revision de facturacion,High
6630-UJZMY,0.7165,High,11.69,Medium,0.2571,0,0.8332337832994864,0.22351816,0.2571,0.5351,Retain_Urgent,Visita urgente - oferta de retencion,High
1624-NALOJ,0.7291,High,5.42,Medium,0.3989,0,0.8482857484171544,0.10363289,0.3989,0.535,Retain_Urgent,Visita urgente - oferta de retencion,High
9681-OXGVC,0.8219,High,0.0,Low,0.2771,0,0.9591446661091865,0.0,0.2771,0.535,Retain_Urgent,Visita urgente - oferta de retencion,High
2215-ZAFGX,0.7344,High,9.96,Medium,0.2529,0,0.8546171305698245,0.19043978,0.2529,0.535,Retain_Urgent,Visita urgente - oferta de retencion,High
6645-MXQJT,0.6842,High,0.45,Low,0.6739,1,0.7946481901803847,0.008604206,0.6739,0.5347,Retain_InvestigateBill,Retencion urgente + revision de facturacion,High
0531-ZZJWQ,0.4596,Medium,21.43,High,0.7432,1,0.5263409389559193,0.40975145,0.7432,0.5347,Nurture_Upsell,Contacto proactivo + propuesta de ampliacion de servicios,High
3247-ZVOUO,0.7499,High,9.92,Medium,0.2056,0,0.8731334368653686,0.18967496,0.2056,0.5346,Retain_Urgent,Visita urgente - oferta de retencion,High
7786-WBJYI,0.6969,High,17.3,Medium,0.152,0,0.8098196153386692,0.33078393,0.152,0.5345,Retain_Urgent,Visita urgente - oferta de retencion,High
9957-YODKZ,0.7096,High,14.69,Medium,0.1876,0,0.8249910404969538,0.28087953,0.1876,0.5343,Retain_Urgent,Visita urgente - oferta de retencion,High
3627-FCRDW,0.5154,High,24.74,High,0.479,0,0.5929996416198782,0.47304016,0.479,0.5342,Retain_HighValue,Retencion urgente + oferta personalizada (cliente de alto valor),High
3908-BLSYF,0.7636,High,11.34,Medium,0.1198,0,0.8894994624298171,0.216826,0.1198,0.5338,Retain_Urgent,Visita urgente - oferta de retencion,Medium
7548-SEPYI,0.8038,High,0.26,Low,0.3176,0,0.9375223987576156,0.0049713193,0.3176,0.5338,Retain_Urgent,Visita urgente - oferta de retencion,Medium
8884-ADFVN,0.826,High,0.2,Low,0.2526,0,0.9640425277744594,0.003824092,0.2526,0.5337,Retain_Urgent,Visita urgente - oferta de retencion,Medium
4636-QRJKY,0.7047,High,15.02,Medium,0.1898,0,0.8191374985067496,0.2871893,0.1898,0.5337,Retain_Urgent,Visita urgente - oferta de retencion,Medium
7994-UYIVZ,0.7398,High,9.59,Medium,0.2388,0,0.8610679727631108,0.18336521,0.2388,0.5333,Retain_Urgent,Visita urgente - oferta de retencion,Medium
2462-XIIJB,0.8103,High,4.06,Low,0.1852,0,0.9452873013976826,0.07762906,0.1852,0.533,Retain_Urgent,Visita urgente - oferta de retencion,Medium
9824-BEMCV,0.5072,High,26.34,High,0.4508,0,0.5832039182893322,0.5036329,0.4508,0.5329,Retain_HighValue,Retencion urgente + oferta personalizada (cliente de alto valor),Medium
8752-STIVR,0.6947,High,16.47,Medium,0.1737,0,0.8071914944451081,0.31491396,0.1737,0.5328,Retain_Urgent,Visita urgente - oferta de retencion,Medium
4192-GORJT,0.8117,High,0.77,Low,0.2738,0,0.9469597419663123,0.014722753,0.2738,0.5327,Retain_Urgent,Visita urgente - oferta de retencion,Medium
3926-CUQZX,0.6289,High,13.41,Medium,0.4557,0,0.7285867877195079,0.25640535,0.4557,0.5324,Retain_Urgent,Visita urgente - oferta de retencion,Medium
6956-SMUCM,0.6621,High,0.0,Low,0.7405,1,0.7682475212041573,0.0,0.7405,0.5322,Retain_InvestigateBill,Retencion urgente + revision de facturacion,Medium
2205-YMZZJ,0.7046,High,11.04,Medium,0.2965,0,0.8190180384661331,0.21108986,0.2965,0.5321,Retain_Urgent,Visita urgente - oferta de retencion,Medium
6917-IAYHD,0.5003,High,24.16,High,0.5299,0,0.5749611754867996,0.4619503,0.5299,0.532,Retain_HighValue,Retencion urgente + oferta personalizada (cliente de alto valor),Medium
9244-ZVAPM,0.6338,High,13.02,Medium,0.4504,0,0.7344403297097122,0.24894838,0.4504,0.532,Retain_Urgent,Visita urgente - oferta de retencion,Medium
8098-LLAZX,0.8097,High,0.34,Low,0.2889,0,0.944570541153984,0.006500956,0.2889,0.532,Retain_Urgent,Visita urgente - oferta de retencion,Medium
3249-ZPQRG,0.6739,High,17.33,Medium,0.2057,0,0.7823438059968941,0.33135757,0.2057,0.5317,Retain_Urgent,Visita urgente - oferta de retencion,Medium
5868-YWPDW,0.7518,High,10.97,Medium,0.1543,0,0.8754031776370804,0.20975144,0.1543,0.5315,Retain_Urgent,Visita urgente - oferta de retencion,Medium
7858-GTZSP,0.723,High,9.32,Medium,0.2868,0,0.8409986859395532,0.17820267,0.2868,0.5313,Retain_Urgent,Visita urgente - oferta de retencion,Medium
8066-POXGX,0.6375,High,23.31,High,0.1402,0,0.7388603512125194,0.4456979,0.1402,0.5312,Retain_HighValue,Retencion urgente + oferta personalizada (cliente de alto valor),Medium
4514-GFCFI,0.7412,High,11.17,Medium,0.1787,0,0.8627404133317406,0.21357553,0.1787,0.5312,Retain_Urgent,Visita urgente - oferta de retencion,Medium
6923-JHPMP,0.5357,High,14.89,Medium,0.6845,1,0.6172500298650101,0.28470364,0.6845,0.5309,Retain_InvestigateBill,Retencion urgente + revision de facturacion,Medium
7296-PIXQY,0.4842,High,25.25,High,0.5397,0,0.5557281089475571,0.4827916,0.5397,0.5306,Retain_HighValue,Retencion urgente + oferta personalizada (cliente de alto valor),Medium
8010-EZLOU,0.7228,High,15.35,Medium,0.1092,0,0.8407597658583205,0.29349905,0.1092,0.5303,Retain_Urgent,Visita urgente - oferta de retencion,Medium
8650-RHRKE,0.5567,High,28.74,High,0.2213,0,0.642336638394457,0.549522,0.2213,0.5303,Retain_HighValue,Retencion urgente + oferta personalizada (cliente de alto valor),Medium
2187-PKZAY,0.6495,High,15.74,Medium,0.3164,0,0.753195556086489,0.300956,0.3164,0.5302,Retain_Urgent,Visita urgente - oferta de retencion,Medium
5569-KGJHX,0.7419,High,9.99,Medium,0.2043,0,0.8635766336160554,0.19101338,0.2043,0.53,Retain_Urgent,Visita urgente - oferta de retencion,Medium
7613-LLQFO,0.7117,High,11.41,Medium,0.2527,0,0.8274997013498985,0.21816443,0.2527,0.5297,Retain_Urgent,Visita urgente - oferta de retencion,Medium
6185-TASNN,0.6259,High,12.78,Medium,0.4693,0,0.7250029865010155,0.24435946,0.4693,0.5297,Retain_Urgent,Visita urgente - oferta de retencion,Medium
2691-NZETQ,0.741,High,9.99,Medium,0.2044,0,0.8625014932505077,0.19101338,0.2044,0.5294,Retain_Urgent,Visita urgente - oferta de retencion,Medium
0655-RBDUG,0.8123,High,0.0,Low,0.2757,0,0.9476765022100108,0.0,0.2757,0.529,Retain_Urgent,Visita urgente - oferta de retencion,Medium
0491-KAPQG,0.5235,High,21.57,High,0.5193,0,0.6026759049098076,0.4124283,0.5193,0.5289,Retain_HighValue,Retencion urgente + oferta personalizada (cliente de alto valor),Medium
2865-TCHJW,0.7876,High,6.03,Medium,0.1753,0,0.9181698721777565,0.11529637,0.1753,0.5287,Retain_Urgent,Visita urgente - oferta de retencion,Medium
1724-BQUHA,0.7613,High,5.9,Medium,0.2572,0,0.8867518814956397,0.11281071,0.2572,0.5287,Retain_Urgent,Visita urgente - oferta de retencion,Medium
3754-DXMRT,0.5955,High,13.95,Medium,0.5205,0,0.6886871341536257,0.2667304,0.5205,0.5285,Retain_Urgent,Visita urgente - oferta de retencion,Medium
0887-HJGAR,0.6275,High,12.77,Medium,0.4574,0,0.726914347150878,0.24416827,0.4574,0.5282,Retain_Urgent,Visita urgente - oferta de retencion,Medium
9117-SHLZX,0.6275,High,12.77,Medium,0.4574,0,0.726914347150878,0.24416827,0.4574,0.5282,Retain_Urgent,Visita urgente - oferta de retencion,Medium
2049-BAFNW,0.5104,High,22.92,High,0.5156,0,0.5870266395890574,0.43824092,0.5156,0.5281,Retain_HighValue,Retencion urgente + oferta personalizada (cliente de alto valor),Medium
4285-GYRQC,0.7709,High,9.41,Medium,0.1251,0,0.8982200453948155,0.17992352,0.1251,0.5281,Retain_Urgent,Visita urgente - oferta de retencion,Medium
9305-CDSKC,0.8213,High,0.0,Low,0.2413,0,0.9584279058654881,0.0,0.2413,0.5275,Retain_Urgent,Visita urgente - oferta de retencion,Medium
4237-RLAQD,0.6246,High,12.77,Medium,0.4623,0,0.7234500059730021,0.24416827,0.4623,0.5274,Retain_Urgent,Visita urgente - oferta de retencion,Medium
3737-GCSPV,0.6974,High,0.11,Low,0.6067,1,0.8104169155417513,0.0021032505,0.6067,0.5272,Retain_InvestigateBill,Retencion urgente + revision de facturacion,Medium
7495-OOKFY,0.7222,High,14.99,Medium,0.105,0,0.8400430056146219,0.28661567,0.105,0.527,Retain_Urgent,Visita urgente - oferta de retencion,Medium
4184-TJFAN,0.6281,High,7.07,Medium,0.6127,1,0.7276311073945765,0.13518165,0.6127,0.5269,Retain_InvestigateBill,Retencion urgente + revision de facturacion,Medium
7767-UXAGJ,0.6553,High,7.97,Medium,0.5041,0,0.7601242384422411,0.15239006,0.5041,0.5266,Retain_Urgent,Visita urgente - oferta de retencion,Medium
6350-XFYGW,0.7513,High,0.54,Low,0.4306,0,0.8748058774339983,0.010325048,0.4306,0.5266,Retain_Urgent,Visita urgente - oferta de retencion,Medium
7593-XFKDI,0.6207,High,12.77,Medium,0.4693,0,0.7187910643889619,0.24416827,0.4693,0.5265,Retain_Urgent,Visita urgente - oferta de retencion,Medium
9506-UXUSK,0.5102,High,25.33,High,0.4386,0,0.5867877195078246,0.48432124,0.4386,0.5264,Retain_HighValue,Retencion urgente + oferta personalizada (cliente de alto valor),Medium
4822-RVYBB,0.8225,High,0.0,Low,0.232,0,0.959861426352885,0.0,0.232,0.5263,Retain_Urgent,Visita urgente - oferta de retencion,Medium
2672-HUYVI,0.7068,High,4.46,Low,0.4492,0,0.8216461593596942,0.08527725,0.4492,0.5262,Retain_Urgent,Visita urgente - oferta de retencion,Medium
5649-ANRML,0.6511,High,0.67,Low,0.7232,1,0.7551069167363518,0.012810708,0.7232,0.526,Retain_InvestigateBill,Retencion urgente + revision de facturacion,Medium
6000-APYLU,0.7234,High,14.85,Medium,0.1003,0,0.841476526102019,0.28393883,0.1003,0.526,Retain_Urgent,Visita urgente - oferta de retencion,Medium
0219-YTZUE,0.7056,High,10.85,Medium,0.2651,0,0.8202126388722972,0.20745699,0.2651,0.5254,Retain_Urgent,Visita urgente - oferta de retencion,Medium
0187-QSXOE,0.7826,High,6.77,Medium,0.1508,0,0.9121968701469358,0.12944551,0.1508,0.5251,Retain_Urgent,Visita urgente - oferta de retencion,Medium
2968-SSGAA,0.8023,High,0.0,Low,0.2856,0,0.9357304981483694,0.0,0.2856,0.525,Retain_Urgent,Visita urgente - oferta de retencion,Medium
2012-NWRPA,0.8176,High,0.0,Low,0.2394,0,0.9540078843626807,0.0,0.2394,0.5249,Retain_Urgent,Visita urgente - oferta de retencion,Medium
6047-YHPVI,0.4724,High,25.71,High,0.5326,0,0.5416318241548203,0.49158698,0.5326,0.5248,Retain_HighValue,Retencion urgente + oferta personalizada (cliente de alto valor),Medium
4816-JBHOV,0.5883,High,13.81,Medium,0.5277,0,0.6800860112292438,0.26405355,0.5277,0.5248,Retain_Urgent,Visita urgente - oferta de retencion,Medium
5399-ZIMKF,0.6408,High,20.84,High,0.1677,0,0.7428025325528611,0.39847037,0.1677,0.5245,Retain_HighValue,Retencion urgente + oferta personalizada (cliente de alto valor),Medium
2379-ENZGV,0.7406,High,10.86,Medium,0.1558,0,0.8620236530880421,0.20764817,0.1558,0.5245,Retain_Urgent,Visita urgente - oferta de retencion,Medium
1769-GRUIK,0.5045,High,24.58,High,0.4678,0,0.579978497192689,0.4699809,0.4678,0.5245,Retain_HighValue,Retencion urgente + oferta personalizada (cliente de alto valor),Medium
1428-GTBJJ,0.6656,High,20.94,High,0.0905,0,0.7724286226257316,0.40038243,0.0905,0.5244,Retain_HighValue,Retencion urgente + oferta personalizada (cliente de alto valor),Medium
3106-ULWFW,0.7,High,10.19,Medium,0.2954,0,0.813522876597778,0.19483747,0.2954,0.5243,Retain_Urgent,Visita urgente - oferta de retencion,Medium
0432-CAJZV,0.603,High,4.68,Low,0.7418,1,0.6976466371998566,0.089483745,0.7418,0.524,Retain_InvestigateBill,Retencion urgente + revision de facturacion,Medium
7209-JCUDS,0.7529,High,0.54,Low,0.4122,0,0.876717238083861,0.010325048,0.4122,0.5239,Retain_Urgent,Visita urgente - oferta de retencion,Medium
0258-NOKBL,0.6454,High,5.3,Medium,0.5955,0,0.7482976944212161,0.10133844,0.5955,0.5237,Retain_Urgent,Visita urgente - oferta de retencion,Medium
7508-MYBOG,0.7125,High,9.42,Medium,0.2764,0,0.8284553816748298,0.18011473,0.2764,0.5235,Retain_Urgent,Visita urgente - oferta de retencion,Medium
3992-YWPKO,0.7326,High,0.08,Low,0.484,0,0.852466849838729,0.0015296367,0.484,0.5235,Retain_Urgent,Visita urgente - oferta de retencion,Medium
5133-POWUA,0.618,High,12.77,Medium,0.4607,0,0.7155656432923188,0.24416827,0.4607,0.5232,Retain_Urgent,Visita urgente - oferta de retencion,Medium
8414-MYSHR,0.7972,High,4.21,Low,0.1709,0,0.9296380360769323,0.08049713,0.1709,0.5231,Retain_Urgent,Visita urgente - oferta de retencion,Medium
6127-ISGTU,0.7296,High,10.21,Medium,0.1987,0,0.8488830486202366,0.19521989,0.1987,0.5227,Retain_Urgent,Visita urgente - oferta de retencion,Medium
9432-VOFYX,0.5101,High,24.91,High,0.4323,0,0.5866682594672082,0.47629064,0.4323,0.5227,Retain_HighValue,Retencion urgente + oferta personalizada (cliente de alto valor),Medium
3566-HJGPK,0.6165,High,13.03,Medium,0.455,0,0.7137737426830726,0.24913958,0.455,0.5226,Retain_Urgent,Visita urgente - oferta de retencion,Medium
2990-HWIML,0.7461,High,5.9,Medium,0.2706,0,0.8685939553219448,0.11281071,0.2706,0.5223,Retain_Urgent,Visita urgente - oferta de retencion,Medium
0196-JTUQI,0.5158,High,20.32,High,0.5439,0,0.5934774817823438,0.38852772,0.5439,0.5221,Retain_HighValue,Retencion urgente + oferta personalizada (cliente de alto valor),Medium
9398-MMQTO,0.5272,High,20.9,High,0.493,0,0.607095926412615,0.39961758,0.493,0.522,Retain_HighValue,Retencion urgente + oferta personalizada (cliente de alto valor),Medium
4441-NIHPT,0.6447,High,20.98,High,0.1369,0,0.7474614741369013,0.40114722,0.1369,0.5215,Retain_HighValue,Retencion urgente + oferta personalizada (cliente de alto valor),Medium
9314-IJWSQ,0.7235,High,11.08,Medium,0.1853,0,0.8415959861426353,0.21185468,0.1853,0.5214,Retain_Urgent,Visita urgente - oferta de retencion,Medium
2058-DCJBE,0.4808,High,25.73,High,0.4891,0,0.551666467566599,0.4919694,0.4891,0.5212,Retain_HighValue,Retencion urgente + oferta personalizada (cliente de alto valor),Medium
6688-UZPWD,0.8126,High,0.2,Low,0.2296,0,0.9480348823318601,0.003824092,0.2296,0.5211,Retain_Urgent,Visita urgente - oferta de retencion,Medium
4228-ZGYUW,0.7861,High,5.41,Medium,0.1586,0,0.9163779715685104,0.10344168,0.1586,0.5209,Retain_Urgent,Visita urgente - oferta de retencion,Medium
7881-EVUAD,0.4832,High,15.39,Medium,0.7747,1,0.5545335085413929,0.29426387,0.7747,0.5205,Retain_InvestigateBill,Retencion urgente + revision de facturacion,Medium
0094-OIFMO,0.7842,High,0.44,Low,0.303,0,0.9141082307967985,0.008413002,0.303,0.5202,Retain_Urgent,Visita urgente - oferta de retencion,Medium
8808-ELEHO,0.6406,High,14.52,Medium,0.3274,0,0.7425636124716282,0.27762908,0.3274,0.5201,Retain_Urgent,Visita urgente - oferta de retencion,Medium
5889-LFOLL,0.7221,High,11.06,Medium,0.1834,0,0.8399235455740055,0.21147229,0.1834,0.5201,Retain_Urgent,Visita urgente - oferta de retencion,Medium
8225-BTJAU,0.709,High,16.05,Medium,0.0783,0,0.8242742802532552,0.30688336,0.0783,0.5199,Retain_Urgent,Visita urgente - oferta de retencion,Medium
6892-EZDTG,0.8023,High,3.99,Low,0.1456,0,0.9357304981483694,0.07629063,0.1456,0.5199,Retain_Urgent,Visita urgente - oferta de retencion,Medium
4439-JMPMT,0.7044,High,9.58,Medium,0.2761,0,0.8187791183849003,0.183174,0.2761,0.5196,Retain_Urgent,Visita urgente - oferta de retencion,Medium
5442-XSDCW,0.7101,High,15.54,Medium,0.0885,0,0.8255883407000358,0.29713193,0.0885,0.5196,Retain_Urgent,Visita urgente - oferta de retencion,Medium
4626-GYCZP,0.8027,High,1.38,Low,0.2178,0,0.936208338310835,0.026386233,0.2178,0.5196,Retain_Urgent,Visita urgente - oferta de retencion,Medium
0345-HKJVM,0.7378,High,5.91,Medium,0.2812,0,0.8586787719507825,0.11300191,0.2812,0.5195,Retain_Urgent,Visita urgente - oferta de retencion,Medium
4078-SAYYN,0.8186,High,0.0,Low,0.2088,0,0.9552024847688448,0.0,0.2088,0.5194,Retain_Urgent,Visita urgente - oferta de retencion,Medium
7693-LCKZL,0.6863,High,15.33,Medium,0.1629,0,0.7971568510333294,0.29311663,0.1629,0.5191,Retain_Urgent,Visita urgente - oferta de retencion,Medium
4815-GBTCD,0.5305,High,33.55,High,0.1059,0,0.6110381077529566,0.6414914,0.1059,0.5191,Retain_HighValue,Retencion urgente + oferta personalizada (cliente de alto valor),Medium
4817-QRJSX,0.7083,High,14.63,Medium,0.1158,0,0.8234380599689405,0.27973232,0.1158,0.5188,Retain_Urgent,Visita urgente - oferta de retencion,Medium
6905-NIQIN,0.6978,High,8.13,Medium,0.3331,0,0.810894755704217,0.15544933,0.3331,0.5187,Retain_Urgent,Visita urgente - oferta de retencion,Medium
4547-KQRTM,0.6819,High,15.47,Medium,0.1701,0,0.7919006092462071,0.2957935,0.1701,0.5187,Retain_Urgent,Visita urgente - oferta de retencion,Medium
3165-HDOEW,0.6096,High,12.78,Medium,0.4623,0,0.70553099988054,0.24435946,0.4623,0.5185,Retain_Urgent,Visita urgente - oferta de retencion,Medium
8854-CCVSQ,0.7045,High,14.89,Medium,0.118,0,0.8188985784255167,0.28470364,0.118,0.5185,Retain_Urgent,Visita urgente - oferta de retencion,Medium
9367-WXLCH,0.7139,High,11.4,Medium,0.1892,0,0.8301278222434596,0.21797323,0.1892,0.5183,Retain_Urgent,Visita urgente - oferta de retencion,Medium
4704-ERYFC,0.4556,Medium,26.02,High,0.5413,0,0.5215625373312627,0.49751437,0.5413,0.5183,Nurture_Upsell,Contacto proactivo + propuesta de ampliacion de servicios,Medium
0781-LKXBR,0.8213,High,0.0,Low,0.1947,0,0.9584279058654881,0.0,0.1947,0.5182,Retain_Urgent,Visita urgente - oferta de retencion,Medium
4847-QNOKA,0.6013,High,13.53,Medium,0.4638,0,0.6956158165093775,0.2586998,0.4638,0.5182,Retain_Urgent,Visita urgente - oferta de retencion,Medium
3002-WQZWT,0.4189,Medium,21.2,High,0.7886,1,0.47772070242503883,0.40535375,0.7886,0.5182,Nurture_Upsell,Contacto proactivo + propuesta de ampliacion de servicios,Medium
6705-LXORM,0.4349,Medium,25.4,High,0.6196,1,0.49683430892366504,0.48565966,0.6196,0.518,Nurture_Upsell,Contacto proactivo + propuesta de ampliacion de servicios,Medium
4445-ZJNMU,0.8106,High,0.01,Low,0.2246,0,0.9456456815195318,0.00019120458,0.2246,0.5178,Retain_Urgent,Visita urgente - oferta de retencion,Medium
8168-UQWWF,0.8144,High,0.0,Low,0.2111,0,0.9501851630629555,0.0,0.2111,0.5173,Retain_Urgent,Visita urgente - oferta de retencion,Medium
5380-AFSSK,0.7829,High,1.4,Low,0.2633,0,0.9125552502687851,0.026768642,0.2633,0.517,Retain_Urgent,Visita urgente - oferta de retencion,Medium
7234-FECYN,0.7877,High,0.0,Low,0.2889,0,0.918289332218373,0.0,0.2889,0.5169,Retain_Urgent,Visita urgente - oferta de retencion,Medium
4951-UKAAQ,0.7775,High,6.81,Medium,0.1233,0,0.9061044080754987,0.13021033,0.1233,0.5168,Retain_Urgent,Visita urgente - oferta de retencion,Medium
0872-NXJYS,0.6995,High,15.97,Medium,0.0929,0,0.812925576394696,0.30535373,0.0929,0.5166,Retain_Urgent,Visita urgente - oferta de retencion,Medium
9391-EOYLI,0.7033,High,15.24,Medium,0.1018,0,0.8174650579381197,0.29139578,0.1018,0.5165,Retain_Urgent,Visita urgente - oferta de retencion,Medium
6210-KBBPI,0.8083,High,0.01,Low,0.2229,0,0.9428981005853543,0.00019120458,0.2229,0.5161,Retain_Urgent,Visita urgente - oferta de retencion,Medium
6022-UGGSO,0.5639,High,21.14,High,0.3437,0,0.6509377613188388,0.40420648,0.3437,0.5155,Retain_HighValue,Retencion urgente + oferta personalizada (cliente de alto valor),Medium
8280-MQRQN,0.6909,High,8.16,Medium,0.3353,0,0.8026520129016843,0.15602295,0.3353,0.5152,Retain_Urgent,Visita urgente - oferta de retencion,Medium
5949-XIKAE,0.7363,High,11.43,Medium,0.1055,0,0.8568868713415362,0.21854685,0.1055,0.5151,Retain_Urgent,Visita urgente - oferta de retencion,Medium
5405-ZMYXQ,0.4914,High,21.13,High,0.5586,0,0.5643292318719388,0.40401527,0.5586,0.5151,Retain_HighValue,Retencion urgente + oferta personalizada (cliente de alto valor),Medium
6435-SRWBJ,0.7278,High,12.49,Medium,0.1006,0,0.8467327678891411,0.23881453,0.1006,0.5151,Retain_Urgent,Visita urgente - oferta de retencion,Medium
3211-ILJTT,0.4922,High,25.1,High,0.4392,0,0.5652849121968702,0.47992355,0.4392,0.5145,Retain_HighValue,Retencion urgente + oferta personalizada (cliente de alto valor),Medium
2397-BRLOM,0.6357,High,14.89,Medium,0.3034,0,0.736710070481424,0.28470364,0.3034,0.5144,Retain_Urgent,Visita urgente - oferta de retencion,Medium
7943-RQCHR,0.7811,High,0.68,Low,0.2758,0,0.9104049695376897,0.013001912,0.2758,0.5143,Retain_Urgent,Visita urgente - oferta de retencion,Medium
6017-PPLPX,0.447,Medium,25.15,High,0.5715,0,0.5112889738382511,0.48087955,0.5715,0.5142,Nurture_Upsell,Contacto proactivo + propuesta de ampliacion de servicios,Medium
5669-SRAIP,0.6099,High,18.45,Medium,0.2773,0,0.7058893800023892,0.35277247,0.2773,0.5142,Retain_Urgent,Visita urgente - oferta de retencion,Medium
4625-EWPTF,0.5246,High,28.43,High,0.2451,0,0.6039899653565882,0.54359466,0.2451,0.5141,Retain_HighValue,Retencion urgente + oferta personalizada (cliente de alto valor),Medium
5044-LRQAQ,0.4881,High,25.99,High,0.4232,0,0.5603870505315972,0.49694073,0.4232,0.5139,Retain_HighValue,Retencion urgente + oferta personalizada (cliente de alto valor),Medium
6861-XWTWQ,0.7919,High,0.0,Low,0.2613,0,0.9233066539242624,0.0,0.2613,0.5139,Retain_Urgent,Visita urgente - oferta de retencion,Medium
4505-EXZHB,0.6329,High,20.91,High,0.1355,0,0.7333651893441644,0.3998088,0.1355,0.5137,Retain_HighValue,Retencion urgente + oferta personalizada (cliente de alto valor),Medium
3946-MHCZW,0.6939,High,7.49,Medium,0.3374,0,0.8062358141201768,0.14321223,0.3374,0.5136,Retain_Urgent,Visita urgente - oferta de retencion,Medium
3329-WDIOK,0.6259,High,7.63,Medium,0.5354,0,0.7250029865010155,0.1458891,0.5354,0.5133,Retain_Urgent,Visita urgente - oferta de retencion,Medium
7330-WZLNC,0.7862,High,4.74,Low,0.1387,0,0.9164974316091268,0.09063097,0.1387,0.5132,Retain_Urgent,Visita urgente - oferta de retencion,Medium
8710-YGLWG,0.593,High,13.53,Medium,0.4638,0,0.6857006331382153,0.2586998,0.4638,0.5132,Retain_Urgent,Visita urgente - oferta de retencion,Medium
0564-JJHGS,0.7946,High,0.16,Low,0.2446,0,0.9265320750209055,0.0030592734,0.2446,0.5131,Retain_Urgent,Visita urgente - oferta de retencion,Medium
8734-DKSTZ,0.7113,High,9.54,Medium,0.2234,0,0.8270218611874329,0.18240918,0.2234,0.5129,Retain_Urgent,Visita urgente - oferta de retencion,Medium
9734-YWGEX,0.7922,High,0.0,Low,0.2539,0,0.9236650340461117,0.0,0.2539,0.5126,Retain_Urgent,Visita urgente - oferta de retencion,Medium
9643-AVVWI,0.5601,High,15.44,Medium,0.5042,0,0.6463982797754152,0.29521987,0.5042,0.5126,Retain_Urgent,Visita urgente - oferta de retencion,Medium
8950-MTZNV,0.593,High,13.43,Medium,0.4638,0,0.6857006331382153,0.25678778,0.4638,0.5126,Retain_Urgent,Visita urgente - oferta de retencion,Medium
6298-QDFNH,0.6759,High,15.98,Medium,0.14,0,0.7847330068092223,0.30554494,0.14,0.512,Retain_Urgent,Visita urgente - oferta de retencion,Medium
3811-VBYBZ,0.7852,High,0.0,Low,0.2711,0,0.9153028312029626,0.0,0.2711,0.5119,Retain_Urgent,Visita urgente - oferta de retencion,Medium
3488-PGMQJ,0.6341,High,20.85,High,0.1231,0,0.7347987098315614,0.39866158,0.1231,0.5116,Retain_HighValue,Retencion urgente + oferta personalizada (cliente de alto valor),Medium
1455-UGQVH,0.7901,High,0.01,Low,0.2543,0,0.9211563731931669,0.00019120458,0.2543,0.5115,Retain_Urgent,Visita urgente - oferta de retencion,Medium
7450-NWRTR,0.8218,High,0.0,Low,0.1592,0,0.9590252060685701,0.0,0.1592,0.5114,Retain_Urgent,Visita urgente - oferta de retencion,Medium
6175-IRFIT,0.6322,High,16.86,Medium,0.242,0,0.7325289690598494,0.32237095,0.242,0.5114,Retain_Urgent,Visita urgente - oferta de retencion,Medium
0940-OUQEC,0.6978,High,14.69,Medium,0.1077,0,0.810894755704217,0.28087953,0.1077,0.5113,Retain_Urgent,Visita urgente - oferta de retencion,Medium
8990-ZXLSU,0.4571,Medium,26.28,High,0.4938,0,0.523354437940509,0.5024857,0.4938,0.5112,Nurture_Upsell,Contacto proactivo + propuesta de ampliacion de servicios,Medium
1465-VINDH,0.7558,High,0.0,Low,0.3549,0,0.880181579261737,0.0,0.3549,0.5111,Retain_Urgent,Visita urgente - oferta de retencion,Medium
4587-VVTOX,0.6922,High,0.0,Low,0.5451,0,0.8042049934296979,0.0,0.5451,0.5111,Retain_Urgent,Visita urgente - oferta de retencion,Medium
8873-GLDMH,0.4714,High,21.51,High,0.5867,0,0.5404372237486561,0.41128108,0.5867,0.5109,Retain_HighValue,Retencion urgente + oferta personalizada (cliente de alto valor),Medium
3389-YGYAI,0.7662,High,0.0,Low,0.323,0,0.892605423485844,0.0,0.323,0.5109,Retain_Urgent,Visita urgente - oferta de retencion,Medium
4847-TAJYI,0.7341,High,5.91,Medium,0.2488,0,0.8542587504479752,0.11300191,0.2488,0.5108,Retain_Urgent,Visita urgente - oferta de retencion,Medium
7250-EQKIY,0.6835,High,8.16,Medium,0.3353,0,0.7938119698960698,0.15602295,0.3353,0.5108,Retain_Urgent,Visita urgente - oferta de retencion,Medium
4208-UFFGW,0.5678,High,13.41,Medium,0.53,0,0.655596702902879,0.25640535,0.53,0.5107,Retain_Urgent,Visita urgente - oferta de retencion,Medium
8999-BOHSE,0.7437,High,5.88,Medium,0.2204,0,0.865726914347151,0.1124283,0.2204,0.5107,Retain_Urgent,Visita urgente - oferta de retencion,Medium
3585-ISXZP,0.794,High,0.29,Low,0.2294,0,0.9258153147772071,0.005544933,0.2294,0.5105,Retain_Urgent,Visita urgente - oferta de retencion,Medium
2495-INZWQ,0.6742,High,14.33,Medium,0.1834,0,0.7827021861187433,0.27399617,0.1834,0.5102,Retain_Urgent,Visita urgente - oferta de retencion,Medium
6734-GMPVK,0.7296,High,0.0,Low,0.4284,0,0.8488830486202366,0.0,0.4284,0.5101,Retain_Urgent,Visita urgente - oferta de retencion,Medium
9560-ARGQJ,0.6886,High,14.45,Medium,0.1352,0,0.7999044319675069,0.27629063,0.1352,0.5099,Retain_Urgent,Visita urgente - oferta de retencion,Medium
9286-DOJGF,0.4659,Medium,20.46,High,0.6277,1,0.5338669215147533,0.39120457,0.6277,0.5098,Nurture_Upsell,Contacto proactivo + propuesta de ampliacion de servicios,Medium
9134-CEQMF,0.7215,High,5.9,Medium,0.2805,0,0.8392067853303071,0.11281071,0.2805,0.5095,Retain_Urgent,Visita urgente - oferta de retencion,Medium
4059-IIEBK,0.6552,High,17.25,Medium,0.1528,0,0.7600047784016247,0.32982793,0.1528,0.5095,Retain_Urgent,Visita urgente - oferta de retencion,Medium
3334-CTHOL,0.6267,High,8.1,Medium,0.4995,0,0.7259586668259468,0.15487573,0.4995,0.5093,Retain_Urgent,Visita urgente - oferta de retencion,Medium
4283-FUTGF,0.664,High,15.38,Medium,0.1779,0,0.7705172619758691,0.29407266,0.1779,0.5091,Retain_Urgent,Visita urgente - oferta de retencion,Medium
2952-QAYZF,0.7408,High,9.76,Medium,0.1094,0,0.8622625731692749,0.18661569,0.1094,0.509,Retain_Urgent,Visita urgente - oferta de retencion,Medium
4959-JOSRX,0.5429,High,13.77,Medium,0.5847,0,0.6258511527893921,0.26328874,0.5847,0.5089,Retain_Urgent,Visita urgente - oferta de retencion,Medium
7479-NITWS,0.7733,High,6.09,Medium,0.1165,0,0.9010870863696093,0.1164436,0.1165,0.5088,Retain_Urgent,Visita urgente - oferta de retencion,Medium
3387-VATUS,0.7925,High,0.63,Low,0.2158,0,0.9240234141679609,0.012045889,0.2158,0.5088,Retain_Urgent,Visita urgente - oferta de retencion,Medium
4816-LXZYW,0.564,High,17.02,Medium,0.4267,0,0.6510572213594552,0.3254302,0.4267,0.5085,Retain_Urgent,Visita urgente - oferta de retencion,Medium
2369-UAPKZ,0.7313,High,0.0,Low,0.4139,0,0.8509138693107156,0.0,0.4139,0.5082,Retain_Urgent,Visita urgente - oferta de retencion,Medium
8519-IMDHU,0.6726,High,9.94,Medium,0.3032,0,0.7807908254688807,0.19005735,0.3032,0.5081,Retain_Urgent,Visita urgente - oferta de retencion,Medium
4795-KTRTH,0.6494,High,14.57,Medium,0.2396,0,0.7530760960458727,0.27858508,0.2396,0.508,Retain_Urgent,Visita urgente - oferta de retencion,Medium
5233-AOZUF,0.4792,High,20.44,High,0.5783,0,0.5497551069167363,0.3908222,0.5783,0.5078,Retain_HighValue,Retencion urgente + oferta personalizada (cliente de alto valor),Medium
9840-DVNDC,0.672,High,14.88,Medium,0.1621,0,0.7800740652251823,0.28451243,0.1621,0.5078,Retain_Urgent,Visita urgente - oferta de retencion,Medium
5016-ETTFF,0.4385,Medium,29.14,High,0.45,0,0.5011348703858559,0.55717015,0.45,0.5077,Nurture_Upsell,Contacto proactivo + propuesta de ampliacion de servicios,Medium
3643-AHCFP,0.7793,High,0.17,Low,0.2628,0,0.9082546888065942,0.003250478,0.2628,0.5077,Retain_Urgent,Visita urgente - oferta de retencion,Medium
5759-RCVCB,0.5096,High,23.06,High,0.4111,0,0.5860709592641262,0.4409178,0.4111,0.5075,Retain_HighValue,Retencion urgente + oferta personalizada (cliente de alto valor),Medium
6235-VDHOM,0.4932,High,28.93,High,0.2903,0,0.5664795126030343,0.5531549,0.2903,0.5072,Retain_HighValue,Retencion urgente + oferta personalizada (cliente de alto valor),Medium
3319-DWOEP,0.8116,High,0.17,Low,0.1635,0,0.9468402819256959,0.003250478,0.1635,0.5071,Retain_Urgent,Visita urgente - oferta de retencion,Medium
3138-BKYAV,0.7208,High,9.87,Medium,0.1567,0,0.8383705650459922,0.18871893,0.1567,0.5071,Retain_Urgent,Visita urgente - oferta de retencion,Medium
2754-XBHTB,0.6694,High,16.78,Medium,0.1116,0,0.7769681041691554,0.3208413,0.1116,0.5071,Retain_Urgent,Visita urgente - oferta de retencion,Medium
2674-MIAHT,0.6748,High,15.28,Medium,0.138,0,0.7834189463624417,0.2921606,0.138,0.507,Retain_Urgent,Visita urgente - oferta de retencion,Medium
6519-CFDBX,0.5414,High,13.03,Medium,0.6006,0,0.6240592521801458,0.24913958,0.6006,0.5069,Retain_Urgent,Visita urgente - oferta de retencion,Medium
9565-DJPIB,0.7578,High,6.06,Medium,0.1534,0,0.8825707800740653,0.115869984,0.1534,0.5067,Retain_Urgent,Visita urgente - oferta de retencion,Medium
3902-FOIGH,0.8038,High,0.06,Low,0.1872,0,0.9375223987576156,0.0011472275,0.1872,0.5065,Retain_Urgent,Visita urgente - oferta de retencion,Medium
1200-TUZHR,0.6936,High,10.22,Medium,0.2247,0,0.8058774339983276,0.1954111,0.2247,0.5065,Retain_Urgent,Visita urgente - oferta de retencion,Medium
5229-PRWKT,0.6719,High,9.31,Medium,0.3147,0,0.7799546051845658,0.17801148,0.3147,0.5063,Retain_Urgent,Visita urgente - oferta de retencion,Medium
8356-WUAOJ,0.5837,High,13.45,Medium,0.4592,0,0.6745908493608888,0.25717017,0.4592,0.5063,Retain_Urgent,Visita urgente - oferta de retencion,Medium
2123-AGEEN,0.711,High,11.05,Medium,0.1464,0,0.8266634810655835,0.21128108,0.1464,0.506,Retain_Urgent,Visita urgente - oferta de retencion,Medium
0225-ZORZP,0.561,High,11.04,Medium,0.5943,0,0.6474734201409629,0.21108986,0.5943,0.5059,Retain_Urgent,Visita urgente - oferta de retencion,Medium
7089-IVVAZ,0.7575,High,0.0,Low,0.3235,0,0.8822123999522159,0.0,0.3235,0.5058,Retain_Urgent,Visita urgente - oferta de retencion,Medium
4631-OACRM,0.6643,High,15.88,Medium,0.1459,0,0.7708756420977183,0.3036329,0.1459,0.5057,Retain_Urgent,Visita urgente - oferta de retencion,Medium
6339-YPSAH,0.6017,High,21.21,High,0.1784,0,0.6960936566718433,0.4055449,0.1784,0.5054,Retain_HighValue,Retencion urgente + oferta personalizada (cliente de alto valor),Medium
6108-OQZDQ,0.7922,High,0.0,Low,0.2149,0,0.9236650340461117,0.0,0.2149,0.5048,Retain_Urgent,Visita urgente - oferta de retencion,Medium
6786-OBWQR,0.6119,High,14.49,Medium,0.3329,0,0.7082785808147175,0.27705544,0.3329,0.5038,Retain_Urgent,Visita urgente - oferta de retencion,Medium
9620-ENEJV,0.4768,High,24.97,High,0.4346,0,0.5468880659419424,0.47743785,0.4346,0.5036,Retain_HighValue,Retencion urgente + oferta personalizada (cliente de alto valor),Medium
8357-EQXFO,0.8108,High,0.24,Low,0.1453,0,0.9458846016007645,0.00458891,0.1453,0.5034,Retain_Urgent,Visita urgente - oferta de retencion,Medium
4706-AXVKM,0.6847,High,11.04,Medium,0.2102,0,0.7952454903834667,0.21108986,0.2102,0.503,Retain_Urgent,Visita urgente - oferta de retencion,Medium
2985-FMWYF,0.6783,High,1.95,Low,0.4898,0,0.7876000477840163,0.037284896,0.4898,0.5029,Retain_Urgent,Visita urgente - oferta de retencion,Medium
8120-JDCAM,0.4672,Medium,25.82,High,0.4354,0,0.5354199020427667,0.49369025,0.4354,0.5029,Nurture_Upsell,Contacto proactivo + propuesta de ampliacion de servicios,Medium
9696-RMYBA,0.6776,High,15.23,Medium,0.1105,0,0.7867638274997013,0.29120457,0.1105,0.5028,Retain_Urgent,Visita urgente - oferta de retencion,Medium
2740-TVLFN,0.6175,High,7.97,Medium,0.4979,0,0.7149683430892367,0.15239006,0.4979,0.5028,Retain_Urgent,Visita urgente - oferta de retencion,Medium
0506-LVNGN,0.6014,High,19.8,Medium,0.2068,0,0.6957352765499941,0.37858507,0.2068,0.5028,Retain_Urgent,Visita urgente - oferta de retencion,Medium
0004-TLHLJ,0.6006,High,21.23,High,0.168,0,0.6947795962250628,0.40592733,0.168,0.5028,Retain_HighValue,Retencion urgente + oferta personalizada (cliente de alto valor),Medium
6542-LWGXJ,0.4293,Medium,33.6,High,0.3245,0,0.49014454664914586,0.6424474,0.3245,0.5027,Nurture_Upsell,Contacto proactivo + propuesta de ampliacion de servicios,Medium
9095-HFAFX,0.6634,High,14.4,Medium,0.175,0,0.7698005017321706,0.2753346,0.175,0.5025,Retain_Urgent,Visita urgente - oferta de retencion,Medium
5357-TZHPP,0.6825,High,11.37,Medium,0.2048,0,0.7926173694899057,0.21739961,0.2048,0.5025,Retain_Urgent,Visita urgente - oferta de retencion,Medium
6961-VCPMC,0.58,High,15.5,Medium,0.3927,0,0.6701708278580815,0.2963671,0.3927,0.5025,Retain_Urgent,Visita urgente - oferta de retencion,Medium
2688-BHGOG,0.677,High,15.89,Medium,0.0906,0,0.7860470672560029,0.3038241,0.0906,0.5023,Retain_Urgent,Visita urgente - oferta de retencion,Medium
9283-LZQOH,0.4729,High,21.13,High,0.5501,0,0.5422291243579023,0.40401527,0.5501,0.5023,Retain_HighValue,Retencion urgente + oferta personalizada (cliente de alto valor),Medium
5047-LHVLY,0.669,High,8.16,Medium,0.3342,0,0.7764902640066899,0.15602295,0.3342,0.5019,Retain_Urgent,Visita urgente - oferta de retencion,Medium
0415-MOSGF,0.5665,High,14.04,Medium,0.4715,0,0.6540437223748656,0.26845124,0.4715,0.5019,Retain_Urgent,Visita urgente - oferta de retencion,Medium
0224-RLWWD,0.5649,High,13.97,Medium,0.4785,0,0.652132361725003,0.26711282,0.4785,0.5019,Retain_Urgent,Visita urgente - oferta de retencion,Medium
9102-IAYHT,0.6925,High,9.89,Medium,0.2135,0,0.8045633735515471,0.18910135,0.2135,0.5017,Retain_Urgent,Visita urgente - oferta de retencion,Medium
4948-WBBKL,0.4442,Medium,20.38,High,0.6537,1,0.5079440927009915,0.38967493,0.6537,0.5016,Nurture_Upsell,Contacto proactivo + propuesta de ampliacion de servicios,Medium
8325-QRPZR,0.6328,High,20.07,High,0.0983,0,0.733245729303548,0.3837476,0.0983,0.5014,Retain_HighValue,Retencion urgente + oferta personalizada (cliente de alto valor),Medium
8861-HGGKB,0.6762,High,9.31,Medium,0.2755,0,0.7850913869310716,0.17801148,0.2755,0.501,Retain_Urgent,Visita urgente - oferta de retencion,Medium
5027-QPKTE,0.4386,Medium,26.01,High,0.5057,0,0.5012543304264724,0.49732316,0.5057,0.501,Nurture_Upsell,Contacto proactivo + propuesta de ampliacion de servicios,Medium
8676-OOQEJ,0.5096,High,28.4,High,0.2254,0,0.5860709592641262,0.543021,0.2254,0.501,Retain_HighValue,Retencion urgente + oferta personalizada (cliente de alto valor),Medium
8647-SDTWQ,0.3331,Medium,21.27,High,0.9557,1,0.37522398757615577,0.40669218,0.9557,0.5008,Nurture_Upsell,Contacto proactivo + propuesta de ampliacion de servicios,Medium
1342-JPNKI,0.6777,High,9.4,Medium,0.2672,0,0.7868832875403178,0.17973231,0.2672,0.5008,Retain_Urgent,Visita urgente - oferta de retencion,Medium
8780-IXSTS,0.7425,High,5.38,Medium,0.1879,0,0.864293393859754,0.10286807,0.1879,0.5006,Retain_Urgent,Visita urgente - oferta de retencion,Medium
9947-OTFQU,0.6017,High,20.97,High,0.1586,0,0.6960936566718433,0.400956,0.1586,0.5001,Retain_HighValue,Retencion urgente + oferta personalizada (cliente de alto valor),Medium
4910-AQFFX,0.6272,High,15.96,Medium,0.2253,0,0.7265559670290288,0.30516252,0.2253,0.4999,Retain_Urgent,Visita urgente - oferta de retencion,Medium
2982-VPSGI,0.7588,High,1.4,Low,0.2485,0,0.8837653804802295,0.026768642,0.2485,0.4996,Retain_Urgent,Visita urgente - oferta de retencion,Medium
2645-QTLMB,0.7987,High,1.15,Low,0.1353,0,0.9314299366861785,0.021988528,0.1353,0.4994,Retain_Urgent,Visita urgente - oferta de retencion,Medium
3372-KWFBM,0.6374,High,9.32,Medium,0.3823,0,0.738740891171903,0.17820267,0.3823,0.4993,Retain_Urgent,Visita urgente - oferta de retencion,Medium
6060-DRTNL,0.7088,High,10.89,Medium,0.1236,0,0.8240353601720225,0.20822181,0.1236,0.4992,Retain_Urgent,Visita urgente - oferta de retencion,Medium
8161-QYMTT,0.7355,High,1.2,Low,0.3218,0,0.855931191016605,0.022944553,0.3218,0.4992,Retain_Urgent,Visita urgente - oferta de retencion,Medium
6376-GAHQE,0.6383,High,16.74,Medium,0.1663,0,0.7398160315374507,0.3200765,0.1663,0.4992,Retain_Urgent,Visita urgente - oferta de retencion,Medium
0897-FEGMU,0.7872,High,0.0,Low,0.2016,0,0.9176920320152909,0.0,0.2016,0.4992,Retain_Urgent,Visita urgente - oferta de retencion,Medium
5685-IIXLY,0.7025,High,11.29,Medium,0.1305,0,0.8165093776131884,0.21586998,0.1305,0.4991,Retain_Urgent,Visita urgente - oferta de retencion,Medium
7295-JOMMD,0.7568,High,0.05,Low,0.2897,0,0.8813761796679012,0.000956023,0.2897,0.4989,Retain_Urgent,Visita urgente - oferta de retencion,Medium
7392-YYPYJ,0.6787,High,0.0,Low,0.5237,0,0.7880778879464819,0.0,0.5237,0.4988,Retain_Urgent,Visita urgente - oferta de retencion,Medium
2026-TGDHM,0.6448,High,16.03,Medium,0.1649,0,0.7475809341775177,0.30650097,0.1649,0.4987,Retain_Urgent,Visita urgente - oferta de retencion,Medium
2472-OVKUP,0.7502,High,4.6,Low,0.1777,0,0.8734918169872178,0.08795411,0.1777,0.4987,Retain_Urgent,Visita urgente - oferta de retencion,Medium
7072-MBHEV,0.655,High,17.33,Medium,0.0963,0,0.7597658583203919,0.33135757,0.0963,0.4986,Retain_Urgent,Visita urgente - oferta de retencion,Medium
3799-ISUZQ,0.4313,Medium,25.44,High,0.5281,0,0.49253374746147416,0.4864245,0.5281,0.4978,Nurture_Upsell,Contacto proactivo + propuesta de ampliacion de servicios,Medium
5960-MVTUK,0.4221,Medium,28.94,High,0.4533,0,0.48154342372476405,0.5533461,0.4533,0.4974,Nurture_Upsell,Contacto proactivo + propuesta de ampliacion de servicios,Medium
3669-OYSJI,0.5719,High,12.77,Medium,0.4693,0,0.6604945645681519,0.24416827,0.4693,0.4974,Retain_Urgent,Visita urgente - oferta de retencion,Medium
3050-GBUSH,0.4737,High,23.23,High,0.4626,0,0.5431848046828336,0.44416827,0.4626,0.4974,Retain_HighValue,Retencion urgente + oferta personalizada (cliente de alto valor),Medium
1845-ZLLIG,0.6611,High,8.17,Medium,0.3342,0,0.7670529207979931,0.15621415,0.3342,0.4972,Retain_Urgent,Visita urgente - oferta de retencion,Medium
5288-AHOUP,0.654,High,17.13,Medium,0.0967,0,0.7585712579142277,0.32753345,0.0967,0.4969,Retain_Urgent,Visita urgente - oferta de retencion,Medium
2672-OJQZP,0.562,High,13.53,Medium,0.4741,0,0.648668020547127,0.2586998,0.4741,0.4968,Retain_Urgent,Visita urgente - oferta de retencion,Medium
2309-OSFEU,0.5004,High,23.26,High,0.3775,0,0.5750806355274161,0.44474187,0.3775,0.4965,Retain_HighValue,Retencion urgente + oferta personalizada (cliente de alto valor),Medium
7526-BEZQB,0.7899,High,0.17,Low,0.175,0,0.9209174531119342,0.003250478,0.175,0.4964,Retain_Urgent,Visita urgente - oferta de retencion,Medium
7442-YGZFK,0.5997,High,8.64,Medium,0.5,0,0.693704455859515,0.16520077,0.5,0.4964,Retain_Urgent,Visita urgente - oferta de retencion,Medium
8337-UPOAQ,0.7655,High,5.45,Medium,0.0955,0,0.8917692032015291,0.1042065,0.0955,0.4962,Retain_Urgent,Visita urgente - oferta de retencion,Medium
8720-RQSBJ,0.5541,High,14.3,Medium,0.4699,0,0.6392306773384303,0.27342257,0.4699,0.4956,Retain_Urgent,Visita urgente - oferta de retencion,Medium
1450-GALXR,0.7392,High,0.0,Low,0.3266,0,0.8603512125194123,0.0,0.3266,0.4955,Retain_Urgent,Visita urgente - oferta de retencion,Medium
4587-NUKOX,0.5047,High,16.23,Medium,0.5609,0,0.580217417273922,0.31032506,0.5609,0.4954,Retain_Urgent,Visita urgente - oferta de retencion,Medium
7851-FLGGQ,0.5186,High,14.79,Medium,0.5609,0,0.5968223629196033,0.28279158,0.5609,0.4954,Retain_Urgent,Visita urgente - oferta de retencion,Medium
0248-IPDFW,0.6038,High,8.11,Medium,0.4971,0,0.698602317524788,0.15506692,0.4971,0.4952,Retain_Urgent,Visita urgente - oferta de retencion,Medium
0133-BMFZO,0.5483,High,9.55,Medium,0.6215,1,0.6323019949826784,0.1826004,0.6215,0.4952,Retain_InvestigateBill,Retencion urgente + revision de facturacion,Medium
7638-QVMVY,0.6374,High,16.47,Medium,0.1558,0,0.738740891171903,0.31491396,0.1558,0.495,Retain_Urgent,Visita urgente - oferta de retencion,Medium
1268-ASBGA,0.6856,High,9.94,Medium,0.1988,0,0.7963206307490145,0.19005735,0.1988,0.4949,Retain_Urgent,Visita urgente - oferta de retencion,Medium
2929-ERCFZ,0.7752,High,1.15,Low,0.1828,0,0.9033568271413213,0.021988528,0.1828,0.4948,Retain_Urgent,Visita urgente - oferta de retencion,Medium
0325-XBFAC,0.7954,High,0.57,Low,0.1378,0,0.9274877553458368,0.010898662,0.1378,0.4946,Retain_Urgent,Visita urgente - oferta de retencion,Medium
0641-EVBOJ,0.4883,High,13.72,Medium,0.6778,1,0.56062597061283,0.2623327,0.6778,0.4946,Retain_InvestigateBill,Retencion urgente + revision de facturacion,Medium
1583-IHQZE,0.679,High,0.0,Low,0.5002,0,0.7884362680683312,0.0,0.5002,0.4943,Retain_Urgent,Visita urgente - oferta de retencion,Medium
6689-TCZHQ,0.6333,High,16.81,Medium,0.1548,0,0.73384302950663,0.32141492,0.1548,0.4943,Retain_Urgent,Visita urgente - oferta de retencion,Medium
0439-IFYUN,0.5896,High,20.5,High,0.1792,0,0.6816389917572573,0.3919694,0.1792,0.4943,Retain_HighValue,Retencion urgente + oferta personalizada (cliente de alto valor),Medium
9741-YLNTD,0.7325,High,7.18,Medium,0.1339,0,0.8523473897981126,0.13728489,0.1339,0.4941,Retain_Urgent,Visita urgente - oferta de retencion,Medium
0880-TKATG,0.7398,High,0.0,Low,0.3174,0,0.8610679727631108,0.0,0.3174,0.494,Retain_Urgent,Visita urgente - oferta de retencion,Medium
1077-HUUJM,0.4589,Medium,24.6,High,0.4502,0,0.5255047186716043,0.4703633,0.4502,0.4939,Nurture_Upsell,Contacto proactivo + propuesta de ampliacion de servicios,Medium
1010-DIAUQ,0.7721,High,0.22,Low,0.2135,0,0.8996535658822125,0.004206501,0.2135,0.4938,Retain_Urgent,Visita urgente - oferta de retencion,Medium
3398-FSHON,0.773,High,4.25,Low,0.0935,0,0.9007287062477601,0.08126195,0.0935,0.4934,Retain_Urgent,Visita urgente - oferta de retencion,Medium
9185-TQCVP,0.6692,High,10.21,Medium,0.2324,0,0.7767291840879227,0.19521989,0.2324,0.4934,Retain_Urgent,Visita urgente - oferta de retencion,Medium
2528-HFYZX,0.5896,High,19.16,Medium,0.2118,0,0.6816389917572573,0.366348,0.2118,0.4931,Retain_Urgent,Visita urgente - oferta de retencion,Medium
0330-IVZHA,0.4494,Medium,25.44,High,0.4502,0,0.5141560148130451,0.4864245,0.4502,0.493,Nurture_Upsell,Contacto proactivo + propuesta de ampliacion de servicios,Medium
5698-BQJOH,0.78,High,1.14,Low,0.1598,0,0.9090909090909092,0.021797324,0.1598,0.493,Retain_Urgent,Visita urgente - oferta de retencion,Medium
8485-GJCDN,0.4176,Medium,26.21,High,0.5225,0,0.4761677218970255,0.5011472,0.5225,0.4929,Nurture_Upsell,Contacto proactivo + propuesta de ampliacion de servicios,Medium
6551-GNYDG,0.6532,High,14.87,Medium,0.1431,0,0.7576155775892964,0.28432122,0.1431,0.4927,Retain_Urgent,Visita urgente - oferta de retencion,Medium
6969-MVBAI,0.7587,High,5.44,Medium,0.0971,0,0.883645920439613,0.1040153,0.0971,0.4924,Retain_Urgent,Visita urgente - oferta de retencion,Medium
2754-VDLTR,0.7773,High,0.28,Low,0.189,0,0.9058654879942659,0.005353729,0.189,0.4923,Retain_Urgent,Visita urgente - oferta de retencion,Medium
6326-MTTXK,0.7699,High,0.0,Low,0.218,0,0.8970254449886513,0.0,0.218,0.4921,Retain_Urgent,Visita urgente - oferta de retencion,Medium
5605-IYGFG,0.4305,Medium,25.59,High,0.4966,0,0.49157806713654284,0.48929256,0.4966,0.4919,Nurture_Upsell,Contacto proactivo + propuesta de ampliacion de servicios,Medium
2660-EMUBI,0.7461,High,0.24,Low,0.2797,0,0.8685939553219448,0.00458891,0.2797,0.4916,Retain_Urgent,Visita urgente - oferta de retencion,Medium
3462-BJQQA,0.734,High,5.46,Medium,0.1657,0,0.8541392904073587,0.10439771,0.1657,0.4915,Retain_Urgent,Visita urgente - oferta de retencion,Medium
3793-MMFUH,0.7504,High,0.52,Low,0.2574,0,0.8737307370684506,0.009942639,0.2574,0.4913,Retain_Urgent,Visita urgente - oferta de retencion,Medium
3672-YITQD,0.633,High,11.38,Medium,0.2961,0,0.7334846493847809,0.21759082,0.2961,0.4912,Retain_Urgent,Visita urgente - oferta de retencion,Medium
6608-QQLVK,0.6506,High,8.18,Medium,0.3353,0,0.7545096165332695,0.15640536,0.3353,0.4912,Retain_Urgent,Visita urgente - oferta de retencion,Medium
3744-ZRRDZ,0.5781,High,13.76,Medium,0.3905,0,0.6679010870863695,0.26309752,0.3905,0.491,Retain_Urgent,Visita urgente - oferta de retencion,Medium
9819-FBNSV,0.3696,Medium,24.33,High,0.7102,1,0.4188269024011468,0.46520078,0.7102,0.491,Nurture_Upsell,Contacto proactivo + propuesta de ampliacion de servicios,Medium
9722-UJOJR,0.4002,Medium,24.87,High,0.6016,0,0.45538167482976943,0.47552583,0.6016,0.4907,Nurture_Upsell,Contacto proactivo + propuesta de ampliacion de servicios,Medium
7240-ETPTR,0.6853,High,9.42,Medium,0.1918,0,0.7959622506271653,0.18011473,0.1918,0.4904,Retain_Urgent,Visita urgente - oferta de retencion,Medium
7394-FKDNK,0.714,High,5.92,Medium,0.2064,0,0.830247282284076,0.11319312,0.2064,0.4904,Retain_Urgent,Visita urgente - oferta de retencion,Medium
2815-CPTUL,0.4483,Medium,25.2,High,0.4472,0,0.5128419543662645,0.48183557,0.4472,0.4904,Nurture_Upsell,Contacto proactivo + propuesta de ampliacion de servicios,Medium
2962-XPMCQ,0.5289,High,13.29,Medium,0.5479,0,0.6091267471030941,0.2541109,0.5479,0.4904,Retain_Urgent,Visita urgente - oferta de retencion,Medium
4929-BSTRX,0.6753,High,5.63,Medium,0.3299,0,0.7840162465655238,0.10764819,0.3299,0.4903,Retain_Urgent,Visita urgente - oferta de retencion,Medium
6496-JDSSB,0.6511,High,15.39,Medium,0.1225,0,0.7551069167363518,0.29426387,0.1225,0.4903,Retain_Urgent,Visita urgente - oferta de retencion,Medium
5650-VDUDS,0.4731,High,34.12,High,0.1159,0,0.5424680444391351,0.65239006,0.1159,0.4901,Retain_HighValue,Retencion urgente + oferta personalizada (cliente de alto valor),Medium
9572-WUKSB,0.4256,Medium,28.75,High,0.4101,0,0.4857245251463385,0.5497132,0.4101,0.4898,Nurture_Upsell,Contacto proactivo + propuesta de ampliacion de servicios,Medium
3932-CMDTD,0.6462,High,0.81,Low,0.5526,0,0.7492533747461474,0.015487572,0.5526,0.4898,Retain_Urgent,Visita urgente - oferta de retencion,Medium
9606-PBKBQ,0.6278,High,10.2,Medium,0.3361,0,0.7272727272727273,0.19502868,0.3361,0.4894,Retain_Urgent,Visita urgente - oferta de retencion,Medium
1262-OPMFY,0.6023,High,19.51,Medium,0.144,0,0.6968104169155417,0.37304017,0.144,0.4891,Retain_Urgent,Visita urgente - oferta de retencion,Medium
1092-GANHU,0.6148,High,19.14,Medium,0.1155,0,0.7117429219925935,0.36596557,0.1155,0.4888,Retain_Urgent,Visita urgente - oferta de retencion,Medium
2079-FBMZK,0.445,Medium,26.0,High,0.4257,0,0.5088997730259228,0.49713194,0.4257,0.4887,Nurture_Upsell,Contacto proactivo + propuesta de ampliacion de servicios,Medium
6543-CPZMK,0.4795,High,28.39,High,0.254,0,0.5501134870385855,0.5428298,0.254,0.4887,Retain_HighValue,Retencion urgente + oferta personalizada (cliente de alto valor),Medium
6982-SSHFK,0.5444,High,14.04,Medium,0.4715,0,0.6276430533986381,0.26845124,0.4715,0.4887,Retain_Urgent,Visita urgente - oferta de retencion,Medium
0871-URUWO,0.7559,High,0.19,Low,0.2351,0,0.8803010393023534,0.0036328873,0.2351,0.4883,Retain_Urgent,Visita urgente - oferta de retencion,Medium
3855-ONCAR,0.6203,High,16.47,Medium,0.1717,0,0.7183132242264962,0.31491396,0.1717,0.488,Retain_Urgent,Visita urgente - oferta de retencion,Medium
7503-QQRVF,0.5987,High,20.96,High,0.1071,0,0.6925098554533509,0.4007648,0.1071,0.4879,Retain_HighValue,Retencion urgente + oferta personalizada (cliente de alto valor),Medium
2956-GGUCQ,0.5432,High,17.03,Medium,0.3845,0,0.6262095329112413,0.32562143,0.3845,0.4877,Retain_Urgent,Visita urgente - oferta de retencion,Medium
9121-PHQSR,0.655,High,10.23,Medium,0.2459,0,0.7597658583203919,0.19560228,0.2459,0.4877,Retain_Urgent,Visita urgente - oferta de retencion,Medium
0876-WDUUZ,0.705,High,9.74,Medium,0.1083,0,0.8194958786285987,0.18623327,0.1083,0.4873,Retain_Urgent,Visita urgente - oferta de retencion,Medium
5729-KLZAR,0.622,High,14.84,Medium,0.2095,0,0.7203440449169752,0.2837476,0.2095,0.4872,Retain_Urgent,Visita urgente - oferta de retencion,Medium
4112-LUEIZ,0.7326,High,5.87,Medium,0.1329,0,0.852466849838729,0.112237096,0.1329,0.4865,Retain_Urgent,Visita urgente - oferta de retencion,Medium
2265-CYWIV,0.7018,High,0.0,Low,0.3934,0,0.8156731573288735,0.0,0.3934,0.4865,Retain_Urgent,Visita urgente - oferta de retencion,Medium
6918-UMQCG,0.6317,High,15.21,Medium,0.1662,0,0.7319316688567675,0.29082218,0.1662,0.4865,Retain_Urgent,Visita urgente - oferta de retencion,Medium
5168-MSWXT,0.7865,High,0.55,Low,0.1225,0,0.916855811730976,0.010516252,0.1225,0.4861,Retain_Urgent,Visita urgente - oferta de retencion,Medium
8445-DNBAE,0.588,High,8.17,Medium,0.4971,0,0.6797276311073945,0.15621415,0.4971,0.4861,Retain_Urgent,Visita urgente - oferta de retencion,Medium
7924-GJZFI,0.3669,Medium,26.02,High,0.6443,1,0.41560148130450364,0.49751437,0.6443,0.4859,Nurture_Upsell,Contacto proactivo + propuesta de ampliacion de servicios,Medium
1226-IENZN,0.6146,High,16.84,Medium,0.1675,0,0.7115040019113608,0.32198852,0.1675,0.4858,Retain_Urgent,Visita urgente - oferta de retencion,Medium
6595-COKXZ,0.5395,High,13.89,Medium,0.4764,0,0.6217895114084339,0.2655832,0.4764,0.4858,Retain_Urgent,Visita urgente - oferta de retencion,Medium
3318-OSATS,0.7013,High,0.34,Low,0.3813,0,0.8150758571257914,0.006500956,0.3813,0.4857,Retain_Urgent,Visita urgente - oferta de retencion,Medium
2362-IBOOY,0.621,High,11.0,Medium,0.3146,0,0.7191494445108112,0.21032505,0.3146,0.4856,Retain_Urgent,Visita urgente - oferta de retencion,Medium
4369-HTUIF,0.692,High,10.11,Medium,0.1278,0,0.8039660733484649,0.19330783,0.1278,0.4855,Retain_Urgent,Visita urgente - oferta de retencion,Medium
2359-KMGLI,0.6089,High,15.26,Medium,0.2283,0,0.7046947795962251,0.2917782,0.2283,0.4855,Retain_Urgent,Visita urgente - oferta de retencion,Medium
3143-JQEGI,0.696,High,6.96,Medium,0.2051,0,0.8087444749731214,0.1330784,0.2051,0.4853,Retain_Urgent,Visita urgente - oferta de retencion,Medium
0927-LCSMG,0.5773,High,20.84,High,0.1588,0,0.6669454067614383,0.39847037,0.1588,0.4848,Retain_HighValue,Retencion urgente + oferta personalizada (cliente de alto valor),Medium
7326-RIGQZ,0.4075,Medium,25.56,High,0.5307,0,0.4641022577947676,0.48871893,0.5307,0.4848,Nurture_Upsell,Contacto proactivo + propuesta de ampliacion de servicios,Medium
9025-AOMKI,0.7301,High,1.95,Low,0.2445,0,0.8494803488233186,0.037284896,0.2445,0.4848,Retain_Urgent,Visita urgente - oferta de retencion,Medium
0302-JOIVN,0.7072,High,0.11,Low,0.3644,0,0.82212399952216,0.0021032505,0.3644,0.4846,Retain_Urgent,Visita urgente - oferta de retencion,Medium
7249-WBIYX,0.6506,High,9.93,Medium,0.2514,0,0.7545096165332695,0.18986617,0.2514,0.4845,Retain_Urgent,Visita urgente - oferta de retencion,Medium
9061-TIHDA,0.7745,High,0.27,Low,0.1576,0,0.9025206068570063,0.005162524,0.1576,0.4843,Retain_Urgent,Visita urgente - oferta de retencion,Medium
8519-QJGJD,0.5905,High,19.93,Medium,0.1413,0,0.682714132122805,0.38107076,0.1413,0.4839,Retain_Urgent,Visita urgente - oferta de retencion,Medium
4145-UQXUQ,0.7701,High,2.33,Low,0.1089,0,0.8972643650698842,0.04455067,0.1089,0.4838,Retain_Urgent,Visita urgente - oferta de retencion,Medium
0875-CABNR,0.6949,High,10.77,Medium,0.0904,0,0.8074304145263409,0.20592736,0.0904,0.4836,Retain_Urgent,Visita urgente - oferta de retencion,Medium
9239-ZBZZV,0.628,High,10.05,Medium,0.3102,0,0.7275116473539601,0.19216062,0.3102,0.4834,Retain_Urgent,Visita urgente - oferta de retencion,Medium
7967-HYCDE,0.4522,Medium,24.85,High,0.4094,0,0.5175008959503046,0.4751434,0.4094,0.4832,Nurture_Upsell,Contacto proactivo + propuesta de ampliacion de servicios,Medium
8481-YYXWG,0.7097,High,6.16,Medium,0.1765,0,0.8251105005375702,0.11778203,0.1765,0.4832,Retain_Urgent,Visita urgente - oferta de retencion,Medium
8242-SOQUO,0.6535,High,10.89,Medium,0.2086,0,0.7579739577111456,0.20822181,0.2086,0.4832,Retain_Urgent,Visita urgente - oferta de retencion,Medium
3317-VLGQT,0.6092,High,17.2,Medium,0.1594,0,0.7050531597180743,0.3288719,0.1594,0.4831,Retain_Urgent,Visita urgente - oferta de retencion,Medium
0722-SVSFK,0.7193,High,0.11,Low,0.3197,0,0.836578664436746,0.0021032505,0.3197,0.4829,Retain_Urgent,Visita urgente - oferta de retencion,Medium
4146-SVFUD,0.5359,High,13.9,Medium,0.4706,0,0.617488949946243,0.26577437,0.4706,0.4826,Retain_Urgent,Visita urgente - oferta de retencion,Medium
2454-RPBRZ,0.6921,High,0.5,Low,0.3873,0,0.8040855333890814,0.009560229,0.3873,0.4824,Retain_Urgent,Visita urgente - oferta de retencion,Medium
7861-UVUFT,0.6789,High,11.06,Medium,0.1224,0,0.7883168080277146,0.21147229,0.1224,0.4821,Retain_Urgent,Visita urgente - oferta de retencion,Medium
3096-IZETN,0.6275,High,17.18,Medium,0.0997,0,0.726914347150878,0.32848948,0.0997,0.4819,Retain_Urgent,Visita urgente - oferta de retencion,Medium
0067-DKWBL,0.5856,High,9.25,Medium,0.4522,0,0.6768605901326007,0.17686425,0.4522,0.4819,Retain_Urgent,Visita urgente - oferta de retencion,Medium
1271-SJBGZ,0.6112,High,14.89,Medium,0.2132,0,0.7074423605304025,0.28470364,0.2132,0.4818,Retain_Urgent,Visita urgente - oferta de retencion,Medium
5858-EAFCZ,0.5327,High,13.9,Medium,0.4764,0,0.6136662286465177,0.26577437,0.4764,0.4818,Retain_Urgent,Visita urgente - oferta de retencion,Medium
7831-QGOXH,0.6582,High,10.19,Medium,0.2073,0,0.7635885796201171,0.19483747,0.2073,0.4817,Retain_Urgent,Visita urgente - oferta de retencion,Medium
2235-DWLJU,0.6343,High,14.27,Medium,0.1612,0,0.7350376299127942,0.27284896,0.1612,0.4816,Retain_Urgent,Visita urgente - oferta de retencion,Medium
2372-HWUHI,0.4992,High,13.93,Medium,0.5735,0,0.5736471150400191,0.266348,0.5735,0.4814,Retain_Urgent,Visita urgente - oferta de retencion,Medium
5931-FLJJF,0.432,Medium,25.28,High,0.4475,0,0.493369967745789,0.4833652,0.4475,0.4812,Nurture_Upsell,Contacto proactivo + propuesta de ampliacion de servicios,Medium
9112-WSNPU,0.3909,Medium,24.81,High,0.5838,0,0.44427189105244297,0.4743786,0.5838,0.4812,Nurture_Upsell,Contacto proactivo + propuesta de ampliacion de servicios,Medium
1918-ZBFQJ,0.5989,High,15.77,Medium,0.2202,0,0.6927487755345837,0.30152965,0.2202,0.4809,Retain_Urgent,Visita urgente - oferta de retencion,Medium
7718-RXDGG,0.3675,Medium,26.4,High,0.6062,1,0.41631824154820213,0.5047801,0.6062,0.4808,Nurture_Upsell,Contacto proactivo + propuesta de ampliacion de servicios,Medium
2386-LAHRK,0.6591,High,5.63,Medium,0.3299,0,0.7646637199856648,0.10764819,0.3299,0.4806,Retain_Urgent,Visita urgente - oferta de retencion,Medium
0689-NKYLF,0.6897,High,11.47,Medium,0.0708,0,0.8012184924142874,0.21931167,0.0708,0.4806,Retain_Urgent,Visita urgente - oferta de retencion,Medium
9505-SQFSW,0.392,Medium,18.74,Medium,0.7518,1,0.44558595149922353,0.3583174,0.7518,0.4806,Investigate_Billing,Revision de facturacion / condiciones especiales,Medium
1660-HSOOQ,0.6229,High,9.11,Medium,0.3379,0,0.721419185282523,0.17418738,0.3379,0.4805,Retain_Urgent,Visita urgente - oferta de retencion,Medium
3957-LXOLK,0.6549,High,0.0,Low,0.503,0,0.7596463982797754,0.0,0.503,0.4804,Retain_Urgent,Visita urgente - oferta de retencion,Medium
2027-FECZV,0.7194,High,0.0,Low,0.3099,0,0.8366981244773624,0.0,0.3099,0.4803,Retain_Urgent,Visita urgente - oferta de retencion,Medium
3874-EQOEP,0.7504,High,0.5,Low,0.2025,0,0.8737307370684506,0.009560229,0.2025,0.4802,Retain_Urgent,Visita urgente - oferta de retencion,Medium
3085-QUOZK,0.5278,High,14.28,Medium,0.4699,0,0.6078126866563135,0.27304015,0.4699,0.4798,Retain_Urgent,Visita urgente - oferta de retencion,Medium
5091-HFAZW,0.5562,High,4.3,Low,0.6715,1,0.6417393381913751,0.08221798,0.6715,0.4798,Retain_InvestigateBill,Retencion urgente + revision de facturacion,Medium
0778-NELLA,0.5378,High,23.21,High,0.1836,0,0.6197586907179548,0.44378585,0.1836,0.4797,Retain_HighValue,Retencion urgente + oferta personalizada (cliente de alto valor),Medium
8020-BWHYL,0.5864,High,20.11,High,0.1261,0,0.677816270457532,0.38451245,0.1261,0.4795,Retain_HighValue,Retencion urgente + oferta personalizada (cliente de alto valor),Medium
8224-DWCKX,0.4388,Medium,21.88,High,0.5158,0,0.5014932505077052,0.41835564,0.5158,0.4794,Nurture_Upsell,Contacto proactivo + propuesta de ampliacion de servicios,Medium
2325-NBPZG,0.4312,Medium,20.8,High,0.5689,0,0.49241428742085774,0.39770553,0.5689,0.4793,Nurture_Upsell,Contacto proactivo + propuesta de ampliacion de servicios,Medium
6311-UEUME,0.5614,High,16.54,Medium,0.3019,0,0.6479512603034285,0.3162524,0.3019,0.4792,Retain_Urgent,Visita urgente - oferta de retencion,Medium
9564-KCLHR,0.6373,High,7.33,Medium,0.337,0,0.7386214311312865,0.14015296,0.337,0.4788,Retain_Urgent,Visita urgente - oferta de retencion,Medium
7112-OPOTK,0.3514,Medium,26.19,High,0.6489,1,0.3970851750089595,0.50076485,0.6489,0.4786,Nurture_Upsell,Contacto proactivo + propuesta de ampliacion de servicios,Medium
2903-YYTBW,0.527,High,13.9,Medium,0.4773,0,0.6068570063313822,0.26577437,0.4773,0.4786,Retain_Urgent,Visita urgente - oferta de retencion,Medium
2446-BEGGB,0.7356,High,0.0,Low,0.2513,0,0.8560506510572214,0.0,0.2513,0.4783,Retain_Urgent,Visita urgente - oferta de retencion,Medium
2612-RANWT,0.7531,High,0.0,Low,0.1984,0,0.8769561581650938,0.0,0.1984,0.4782,Retain_Urgent,Visita urgente - oferta de retencion,Medium
9221-OTIVJ,0.6941,High,0.0,Low,0.3746,0,0.8064747342014097,0.0,0.3746,0.4782,Retain_Urgent,Visita urgente - oferta de retencion,Medium
4919-IKATY,0.6393,High,11.09,Medium,0.2199,0,0.7410106319436148,0.2120459,0.2199,0.4781,Retain_Urgent,Visita urgente - oferta de retencion,Medium
0362-ZBZWJ,0.6144,High,10.13,Medium,0.3206,0,0.7112650818301278,0.19369026,0.3206,0.4779,Retain_Urgent,Visita urgente - oferta de retencion,Medium
7841-TZDMQ,0.5055,High,12.77,Medium,0.5682,0,0.5811730975988532,0.24416827,0.5682,0.4775,Retain_Urgent,Visita urgente - oferta de retencion,Medium
0139-IVFJG,0.5404,High,5.21,Medium,0.6783,1,0.6228646517739816,0.09961759,0.6783,0.477,Retain_InvestigateBill,Retencion urgente + revision de facturacion,Medium
4884-ZTHVF,0.685,High,9.17,Medium,0.1308,0,0.7956038705053161,0.17533462,0.1308,0.4766,Retain_Urgent,Visita urgente - oferta de retencion,Medium
7794-JASDG,0.628,High,8.03,Medium,0.3334,0,0.7275116473539601,0.15353729,0.3334,0.4765,Retain_Urgent,Visita urgente - oferta de retencion,Medium
5599-HVLTW,0.5958,High,15.22,Medium,0.2228,0,0.6890455142754749,0.2910134,0.2228,0.4764,Retain_Urgent,Visita urgente - oferta de retencion,Medium
4137-BTIKL,0.5759,High,4.68,Low,0.5848,0,0.6652729661928085,0.089483745,0.5848,0.4764,Retain_Urgent,Visita urgente - oferta de retencion,Medium
5293-WXJAK,0.7282,High,0.0,Low,0.2642,0,0.8472106080516068,0.0,0.2642,0.4764,Retain_Urgent,Visita urgente - oferta de retencion,Medium
6180-YBIQI,0.3723,Medium,34.01,High,0.3509,0,0.42205232349779004,0.6502868,0.3509,0.4763,Nurture_Upsell,Contacto proactivo + propuesta de ampliacion de servicios,Medium
2636-OHFMN,0.6282,High,9.84,Medium,0.2787,0,0.727750567435193,0.18814532,0.2787,0.4761,Retain_Urgent,Visita urgente - oferta de retencion,Medium
0702-PGIBZ,0.6902,High,0.0,Low,0.375,0,0.8018157926173696,0.0,0.375,0.4759,Retain_Urgent,Visita urgente - oferta de retencion,Medium
0958-YHXGP,0.4301,Medium,25.58,High,0.418,0,0.4911002269740772,0.48910135,0.418,0.4759,Nurture_Upsell,Contacto proactivo + propuesta de ampliacion de servicios,Medium
7675-OZCZG,0.5029,High,13.42,Medium,0.5489,0,0.5780671365428265,0.25659657,0.5489,0.4758,Retain_Urgent,Visita urgente - oferta de retencion,Medium
1478-VPOAD,0.5198,High,14.3,Medium,0.4722,0,0.5982558834070004,0.27342257,0.4722,0.4756,Retain_Urgent,Visita urgente - oferta de retencion,Medium
8819-IMISP,0.5902,High,14.9,Medium,0.2434,0,0.6823557520009557,0.28489482,0.2434,0.4753,Retain_Urgent,Visita urgente - oferta de retencion,Medium
3550-SAHFP,0.6173,High,11.69,Medium,0.2539,0,0.7147294230080038,0.22351816,0.2539,0.4752,Retain_Urgent,Visita urgente - oferta de retencion,Medium
5204-QZXPU,0.5699,High,19.11,Medium,0.182,0,0.6581053637558236,0.365392,0.182,0.4751,Retain_Urgent,Visita urgente - oferta de retencion,Medium
5536-SLHPM,0.446,Medium,17.6,Medium,0.5937,0,0.510094373432087,0.33652008,0.5937,0.4747,Maintain,Mantenimiento - comunicacion periodica,Medium
4317-VTEOA,0.6238,High,8.15,Medium,0.3334,0,0.7224943256480708,0.15583174,0.3334,0.4747,Retain_Urgent,Visita urgente - oferta de retencion,Medium
9448-REEVD,0.5221,High,13.87,Medium,0.473,0,0.6010034643411779,0.26520076,0.473,0.4747,Retain_Urgent,Visita urgente - oferta de retencion,Medium
6888-SBYAI,0.6243,High,8.1,Medium,0.3334,0,0.7230916258511527,0.15487573,0.3334,0.4747,Retain_Urgent,Visita urgente - oferta de retencion,Medium
4021-RQSNY,0.6999,High,0.0,Low,0.3392,0,0.8134034165571616,0.0,0.3392,0.4745,Retain_Urgent,Visita urgente - oferta de retencion,Medium
9172-ANCRX,0.7622,High,0.0,Low,0.1522,0,0.8878270218611874,0.0,0.1522,0.4744,Retain_Urgent,Visita urgente - oferta de retencion,Medium
0727-IWKVK,0.6335,High,15.5,Medium,0.0904,0,0.7340819495878628,0.2963671,0.0904,0.474,Retain_Urgent,Visita urgente - oferta de retencion,Medium
2207-NHRJK,0.6281,High,7.51,Medium,0.3352,0,0.7276311073945765,0.14359465,0.3352,0.4739,Retain_Urgent,Visita urgente - oferta de retencion,Medium
8630-FJLIB,0.4124,Medium,25.53,High,0.4615,0,0.46995579978497193,0.48814532,0.4615,0.4737,Nurture_Upsell,Contacto proactivo + propuesta de ampliacion de servicios,Medium
5923-GXUOC,0.652,High,0.06,Low,0.4759,0,0.7561820571018995,0.0011472275,0.4759,0.4736,Retain_Urgent,Visita urgente - oferta de retencion,Medium
4115-NZRKS,0.6669,High,6.29,Medium,0.2518,0,0.7739816031537452,0.12026769,0.2518,0.4734,Retain_Urgent,Visita urgente - oferta de retencion,Medium
7379-FNIUJ,0.5562,High,0.07,Low,0.7603,1,0.6417393381913751,0.0013384322,0.7603,0.4733,Retain_InvestigateBill,Retencion urgente + revision de facturacion,Medium
8132-YPVBX,0.6804,High,9.43,Medium,0.1197,0,0.7901087086369609,0.18030594,0.1197,0.4731,Retain_Urgent,Visita urgente - oferta de retencion,Medium
2955-BJZHG,0.6193,High,14.47,Medium,0.1571,0,0.7171186238203321,0.27667305,0.1571,0.473,Retain_Urgent,Visita urgente - oferta de retencion,Medium
3798-EPWRR,0.5073,High,14.09,Medium,0.5027,0,0.5833233783299486,0.26940727,0.5027,0.473,Retain_Urgent,Visita urgente - oferta de retencion,Medium
7156-MHUGY,0.7278,High,4.7,Low,0.1118,0,0.8467327678891411,0.089866154,0.1118,0.4727,Retain_Urgent,Visita urgente - oferta de retencion,Medium
7952-OBOYL,0.5198,High,5.56,Medium,0.7072,1,0.5982558834070004,0.10630975,0.7072,0.4725,Retain_InvestigateBill,Retencion urgente + revision de facturacion,Medium
7892-POOKP,0.694,High,0.0,Low,0.3453,0,0.8063552741607932,0.0,0.3453,0.4722,Retain_Urgent,Visita urgente - oferta de retencion,Medium
8718-PTMEZ,0.3977,Medium,27.0,High,0.4558,0,0.4523951738143591,0.5162524,0.4558,0.4722,Nurture_Upsell,Contacto proactivo + propuesta de ampliacion de servicios,Medium
9846-GKXAS,0.724,High,4.63,Low,0.1213,0,0.8421932863457173,0.08852773,0.1213,0.4719,Retain_Urgent,Visita urgente - oferta de retencion,Medium
8266-VBFQL,0.703,High,5.29,Medium,0.1631,0,0.8171066778162704,0.10114723,0.1631,0.4715,Retain_Urgent,Visita urgente - oferta de retencion,Medium
1565-RHDJD,0.6589,High,11.27,Medium,0.123,0,0.764424799904432,0.21548758,0.123,0.4715,Retain_Urgent,Visita urgente - oferta de retencion,Medium
4315-MURBD,0.7052,High,0.03,Low,0.3074,0,0.8197347987098317,0.00057361374,0.3074,0.4715,Retain_Urgent,Visita urgente - oferta de retencion,Medium
7278-CKDNC,0.5237,High,14.87,Medium,0.4229,0,0.6029148249910405,0.28432122,0.4229,0.4713,Retain_Urgent,Visita urgente - oferta de retencion,Medium
2657-VPXTA,0.6926,High,6.81,Medium,0.1477,0,0.8046828335921634,0.13021033,0.1477,0.4709,Retain_Urgent,Visita urgente - oferta de retencion,Medium
3671-SHRSP,0.6287,High,14.86,Medium,0.1073,0,0.7283478676382751,0.28413,0.1073,0.4709,Retain_Urgent,Visita urgente - oferta de retencion,Medium
0650-BWOZN,0.5478,High,21.62,High,0.1546,0,0.6317046947795962,0.41338435,0.1546,0.4708,Retain_HighValue,Retencion urgente + oferta personalizada (cliente de alto valor),Medium
0621-TWIEM,0.5294,High,13.03,Medium,0.4555,0,0.609724047306176,0.24913958,0.4555,0.4707,Retain_Urgent,Visita urgente - oferta de retencion,Medium
1731-TVIUK,0.727,High,1.95,Low,0.1821,0,0.8457770875642098,0.037284896,0.1821,0.4705,Retain_Urgent,Visita urgente - oferta de retencion,Medium
4395-PZMSN,0.66,High,9.8,Medium,0.1546,0,0.7657388603512125,0.18738051,0.1546,0.47,Retain_Urgent,Visita urgente - oferta de retencion,Medium
9214-EKVXR,0.5112,High,14.28,Medium,0.4699,0,0.5879823199139887,0.27304015,0.4699,0.4699,Retain_Urgent,Visita urgente - oferta de retencion,Medium
2947-DOMLJ,0.6166,High,8.08,Medium,0.3331,0,0.713893202723689,0.1544933,0.3331,0.4699,Retain_Urgent,Visita urgente - oferta de retencion,Medium
4503-BDXBD,0.58,High,20.18,High,0.0954,0,0.6701708278580815,0.38585088,0.0954,0.4699,Retain_HighValue,Retencion urgente + oferta personalizada (cliente de alto valor),Medium
2018-PZKMU,0.6772,High,0.42,Low,0.371,0,0.7862859873372358,0.008030592,0.371,0.4698,Retain_Urgent,Visita urgente - oferta de retencion,Medium
7389-KBFIT,0.3875,Medium,28.14,High,0.4416,0,0.4402102496714849,0.5380497,0.4416,0.4698,Nurture_Upsell,Contacto proactivo + propuesta de ampliacion de servicios,Medium
5299-RULOA,0.6962,High,0.0,Low,0.3263,0,0.8089833950543543,0.0,0.3263,0.4698,Retain_Urgent,Visita urgente - oferta de retencion,Medium
0947-IDHRQ,0.5968,High,15.16,Medium,0.1877,0,0.690240114681639,0.28986615,0.1877,0.4696,Retain_Urgent,Visita urgente - oferta de retencion,Medium
8695-WDYEA,0.6219,High,7.25,Medium,0.337,0,0.7202245848763589,0.13862333,0.337,0.4691,Retain_Urgent,Visita urgente - oferta de retencion,Medium
7145-FEJWU,0.7132,High,0.0,Low,0.2725,0,0.8292916019591446,0.0,0.2725,0.4691,Retain_Urgent,Visita urgente - oferta de retencion,Medium
3606-TWKGI,0.704,High,0.0,Low,0.2982,0,0.8183012782224346,0.0,0.2982,0.4688,Retain_Urgent,Visita urgente - oferta de retencion,Medium
3440-JPSCL,0.6669,High,0.05,Low,0.4072,0,0.7739816031537452,0.000956023,0.4072,0.4687,Retain_Urgent,Visita urgente - oferta de retencion,Medium
1579-KLYDT,0.6716,High,5.0,Low,0.2477,0,0.7795962250627165,0.0956023,0.2477,0.468,Retain_Urgent,Visita urgente - oferta de retencion,Medium
5673-TIYIB,0.4156,Medium,19.52,Medium,0.5952,0,0.4737785210846972,0.37323138,0.5952,0.4679,Maintain,Mantenimiento - comunicacion periodica,Medium
5108-ADXWO,0.5613,High,21.52,High,0.1024,0,0.6478318002628122,0.4114723,0.1024,0.4678,Retain_HighValue,Retencion urgente + oferta personalizada (cliente de alto valor),Medium
9776-CLUJA,0.4611,Medium,17.44,Medium,0.5176,0,0.5281328395651654,0.3334608,0.5176,0.4676,Maintain,Mantenimiento - comunicacion periodica,Medium
8128-YVJRG,0.5656,High,15.7,Medium,0.255,0,0.6529685820093178,0.3001912,0.255,0.4675,Retain_Urgent,Visita urgente - oferta de retencion,Medium
7928-VJYAB,0.7144,High,4.71,Low,0.1256,0,0.8307251224465417,0.090057366,0.1256,0.4675,Retain_Urgent,Visita urgente - oferta de retencion,Medium
9430-FRQOC,0.663,High,8.85,Medium,0.1589,0,0.769322661569705,0.16921607,0.1589,0.4672,Retain_Urgent,Visita urgente - oferta de retencion,Medium
6101-IMRMM,0.7394,High,0.77,Low,0.1613,0,0.8605901326006451,0.014722753,0.1613,0.467,Retain_Urgent,Visita urgente - oferta de retencion,Medium
7018-WBJNK,0.605,High,16.77,Medium,0.1041,0,0.7000358380121849,0.3206501,0.1041,0.467,Retain_Urgent,Visita urgente - oferta de retencion,Medium
5228-EXCET,0.5988,High,14.79,Medium,0.1784,0,0.6926293154939673,0.28279158,0.1784,0.4668,Retain_Urgent,Visita urgente - oferta de retencion,Medium
7783-YKGDV,0.6941,High,0.0,Low,0.3172,0,0.8064747342014097,0.0,0.3172,0.4667,Retain_Urgent,Visita urgente - oferta de retencion,Medium
1567-DSCIC,0.7312,High,1.41,Low,0.1656,0,0.8507944092700991,0.026959848,0.1656,0.4666,Retain_Urgent,Visita urgente - oferta de retencion,Medium
4373-VVHQL,0.5108,High,13.56,Medium,0.4741,0,0.5875044797515232,0.25927344,0.4741,0.4664,Retain_Urgent,Visita urgente - oferta de retencion,Medium
8705-WZCYL,0.5108,High,13.55,Medium,0.4733,0,0.5875044797515232,0.25908223,0.4733,0.4661,Retain_Urgent,Visita urgente - oferta de retencion,Medium
0135-NMXAP,0.7105,High,5.43,Medium,0.1093,0,0.8260661808625015,0.10382409,0.1093,0.466,Retain_Urgent,Visita urgente - oferta de retencion,Medium
3943-KDREE,0.365,Medium,20.42,High,0.7102,1,0.41333174053279176,0.39043978,0.7102,0.4658,Nurture_Upsell,Contacto proactivo + propuesta de ampliacion de servicios,Medium
6899-PPEEA,0.7275,High,0.11,Low,0.2094,0,0.8463743877672919,0.0021032505,0.2094,0.4657,Retain_Urgent,Visita urgente - oferta de retencion,Medium
0836-SEYLU,0.5025,High,19.26,Medium,0.3308,0,0.5775892963803607,0.36826006,0.3308,0.4654,Retain_Urgent,Visita urgente - oferta de retencion,Medium
9191-MYQKX,0.5537,High,20.03,High,0.1556,0,0.6387528371759646,0.38298282,0.1556,0.4654,Retain_HighValue,Retencion urgente + oferta personalizada (cliente de alto valor),Medium
9796-BPKIW,0.4192,Medium,25.41,High,0.4024,0,0.4780790825468881,0.48585087,0.4024,0.4653,Nurture_Upsell,Contacto proactivo + propuesta de ampliacion de servicios,Medium
0475-RIJEP,0.5383,High,17.42,Medium,0.274,0,0.6203559909210369,0.3330784,0.274,0.4649,Retain_Urgent,Visita urgente - oferta de retencion,Medium
8685-WHQPW,0.3934,Medium,21.19,High,0.5974,0,0.44725839206785334,0.40516254,0.5974,0.4647,Nurture_Upsell,Contacto proactivo + propuesta de ampliacion de servicios,Medium
2135-DQWAQ,0.6583,High,9.88,Medium,0.131,0,0.7637080396607335,0.18891014,0.131,0.4647,Retain_Urgent,Visita urgente - oferta de retencion,Medium
2501-XWWTZ,0.4215,Medium,25.24,High,0.396,0,0.48082666348106556,0.4826004,0.396,0.4644,Nurture_Upsell,Contacto proactivo + propuesta de ampliacion de servicios,Medium
4566-NECEV,0.7108,High,0.06,Low,0.2542,0,0.8264245609843508,0.0011472275,0.2542,0.4644,Retain_Urgent,Visita urgente - oferta de retencion,Medium
8837-VVWLQ,0.6637,High,10.2,Medium,0.1038,0,0.7701588818540198,0.19502868,0.1038,0.4643,Retain_Urgent,Visita urgente - oferta de retencion,Medium
0680-DFNNY,0.7342,High,0.0,Low,0.1858,0,0.8543782104885915,0.0,0.1858,0.4643,Retain_Urgent,Visita urgente - oferta de retencion,Medium
6331-EWIEB,0.6201,High,10.2,Medium,0.2331,0,0.7180743041452634,0.19502868,0.2331,0.4642,Retain_Urgent,Visita urgente - oferta de retencion,Medium
4361-JEIVL,0.5032,High,14.07,Medium,0.4715,0,0.5784255166646757,0.26902485,0.4715,0.4642,Retain_Urgent,Visita urgente - oferta de retencion,Medium
7901-HXJVA,0.5487,High,19.2,Medium,0.188,0,0.6327798351451439,0.36711285,0.188,0.4641,Retain_Urgent,Visita urgente - oferta de retencion,Medium
8443-WVPSS,0.7218,High,0.08,Low,0.219,0,0.8395651654521563,0.0015296367,0.219,0.464,Retain_Urgent,Visita urgente - oferta de retencion,Medium
2845-HSJCY,0.6904,High,7.22,Medium,0.1079,0,0.8020547126986024,0.1380497,0.1079,0.464,Retain_Urgent,Visita urgente - oferta de retencion,Medium
4299-SIMNS,0.5729,High,14.45,Medium,0.2513,0,0.6616891649743161,0.27629063,0.2513,0.464,Retain_Urgent,Visita urgente - oferta de retencion,Medium
6328-ZPBGN,0.7082,High,0.24,Low,0.2538,0,0.823318599928324,0.00458891,0.2538,0.4638,Retain_Urgent,Visita urgente - oferta de retencion,Medium
1942-OQFRW,0.5005,High,14.3,Medium,0.4699,0,0.5752000955680324,0.27342257,0.4699,0.4636,Retain_Urgent,Visita urgente - oferta de retencion,Medium
0082-LDZUE,0.502,High,14.04,Medium,0.4723,0,0.5769919961772787,0.26845124,0.4723,0.4635,Retain_Urgent,Visita urgente - oferta de retencion,Medium
0306-JAELE,0.7182,High,0.08,Low,0.2266,0,0.8352646039899653,0.0015296367,0.2266,0.4634,Retain_Urgent,Visita urgente - oferta de retencion,Medium
2959-FENLU,0.6708,High,9.76,Medium,0.0896,0,0.7786405447377852,0.18661569,0.0896,0.4632,Retain_Urgent,Visita urgente - oferta de retencion,Medium
1195-OIYEJ,0.6914,High,4.37,Low,0.1825,0,0.8032493131047665,0.083556406,0.1825,0.4632,Retain_Urgent,Visita urgente - oferta de retencion,Medium
8981-FJGLA,0.597,High,17.34,Medium,0.0927,0,0.6904790347628718,0.33154875,0.0927,0.4632,Retain_Urgent,Visita urgente - oferta de retencion,Medium
9547-ITEFG,0.6924,High,0.0,Low,0.3044,0,0.8044439135109306,0.0,0.3044,0.4631,Retain_Urgent,Visita urgente - oferta de retencion,Medium
8622-ZLFKO,0.6663,High,4.76,Low,0.2435,0,0.7732648429100466,0.09101339,0.2435,0.4626,Retain_Urgent,Visita urgente - oferta de retencion,Medium
4855-SNKMY,0.5009,High,14.14,Medium,0.4684,0,0.5756779357304982,0.2703633,0.4684,0.4626,Retain_Urgent,Visita urgente - oferta de retencion,Medium
4480-QQRHC,0.5579,High,21.03,High,0.0992,0,0.643770158881854,0.40210328,0.0992,0.4624,Retain_HighValue,Retencion urgente + oferta personalizada (cliente de alto valor),Medium
3338-CVVEH,0.712,High,1.0,Low,0.2135,0,0.8278580814717477,0.019120459,0.2135,0.4624,Retain_Urgent,Visita urgente - oferta de retencion,Medium
1730-ZMAME,0.5075,High,15.96,Medium,0.3954,0,0.5835622984111815,0.30516252,0.3954,0.4624,Retain_Urgent,Visita urgente - oferta de retencion,Medium
4597-NUCQV,0.7441,High,0.0,Low,0.1464,0,0.8662047545096165,0.0,0.1464,0.4624,Retain_Urgent,Visita urgente - oferta de retencion,Medium
9763-PDTKK,0.6851,High,1.33,Low,0.283,0,0.7957233305459325,0.025430212,0.283,0.4621,Retain_Urgent,Visita urgente - oferta de retencion,Medium
9921-ZVRHG,0.5831,High,14.97,Medium,0.1962,0,0.6738740891171903,0.28623328,0.1962,0.462,Retain_Urgent,Visita urgente - oferta de retencion,Medium
5968-VXZLG,0.4888,High,12.77,Medium,0.5406,0,0.5612232708159121,0.24416827,0.5406,0.462,Retain_Urgent,Visita urgente - oferta de retencion,Medium
5522-JBWMO,0.4975,High,14.31,Medium,0.4699,0,0.5716162943495401,0.27361378,0.4699,0.4619,Retain_Urgent,Visita urgente - oferta de retencion,Medium
2180-DXNEG,0.7045,High,0.18,Low,0.2564,0,0.8188985784255167,0.0034416828,0.2564,0.4618,Retain_Urgent,Visita urgente - oferta de retencion,Medium
0749-IRGQE,0.5542,High,13.12,Medium,0.334,0,0.6393501373790468,0.25086042,0.334,0.4617,Retain_Urgent,Visita urgente - oferta de retencion,Medium
8063-GBATB,0.6163,High,10.16,Medium,0.2323,0,0.7135348226018396,0.19426386,0.2323,0.4615,Retain_Urgent,Visita urgente - oferta de retencion,Medium
3884-HCSWG,0.3897,Medium,25.41,High,0.4706,0,0.442838370565046,0.48585087,0.4706,0.4613,Nurture_Upsell,Contacto proactivo + propuesta de ampliacion de servicios,Medium
5940-NFXKV,0.547,High,11.54,Medium,0.3983,0,0.630749014454665,0.22065009,0.3983,0.4612,Retain_Urgent,Visita urgente - oferta de retencion,Medium
9389-ACWBI,0.3768,Medium,25.41,High,0.5082,0,0.42742802532552865,0.48585087,0.5082,0.4611,Nurture_Upsell,Contacto proactivo + propuesta de ampliacion de servicios,Medium
5117-IFGPS,0.5739,High,11.34,Medium,0.3209,0,0.6628837653804802,0.216826,0.3209,0.4607,Retain_Urgent,Visita urgente - oferta de retencion,Medium
9537-VHDTA,0.6077,High,7.26,Medium,0.337,0,0.7032612591088281,0.13881454,0.337,0.4607,Retain_Urgent,Visita urgente - oferta de retencion,Medium
9565-JSNFM,0.239,Low,34.42,High,0.6582,1,0.2628120893561104,0.6581262,0.6582,0.4605,Grow_Upsell,Campana de upsell / cross-sell,Medium
6142-VSJQO,0.4969,High,14.02,Medium,0.4723,0,0.5708995341058416,0.26806885,0.4723,0.4603,Retain_Urgent,Visita urgente - oferta de retencion,Medium
6338-AVWCY,0.4355,Medium,18.32,Medium,0.5318,0,0.4975510691673635,0.3502868,0.5318,0.4602,Maintain,Mantenimiento - comunicacion periodica,Medium
6615-NGGZJ,0.7315,High,0.0,Low,0.1715,0,0.8511527893919485,0.0,0.1715,0.4599,Retain_Urgent,Visita urgente - oferta de retencion,Medium
9540-JYROE,0.4145,Medium,25.29,High,0.3926,0,0.4724644606379166,0.48355642,0.3926,0.4598,Nurture_Upsell,Contacto proactivo + propuesta de ampliacion de servicios,Medium
5747-PMBSQ,0.7088,High,3.03,Low,0.1512,0,0.8240353601720225,0.057934992,0.1512,0.4596,Retain_Urgent,Visita urgente - oferta de retencion,Medium
1450-SKCVI,0.4486,Medium,21.61,High,0.3947,0,0.5132003344881138,0.41319314,0.3947,0.4595,Nurture_Upsell,Contacto proactivo + propuesta de ampliacion de servicios,Medium
6352-TWCAU,0.5812,High,9.2,Medium,0.3543,0,0.6716043483454786,0.17590822,0.3543,0.4594,Retain_Urgent,Visita urgente - oferta de retencion,Medium
6876-ADESB,0.5775,High,9.54,Medium,0.355,0,0.6671843268426711,0.18240918,0.355,0.4593,Retain_Urgent,Visita urgente - oferta de retencion,Medium
8337-MSSXB,0.6647,High,9.37,Medium,0.099,0,0.771353482260184,0.1791587,0.099,0.4592,Retain_Urgent,Visita urgente - oferta de retencion,Medium
8637-XJIVR,0.585,High,16.98,Medium,0.1184,0,0.6761438298889021,0.3246654,0.1184,0.4592,Retain_Urgent,Visita urgente - oferta de retencion,Medium
4818-QIUFN,0.5505,High,16.95,Medium,0.2216,0,0.6349301158762394,0.3240918,0.2216,0.459,Retain_Urgent,Visita urgente - oferta de retencion,Medium
5271-DBYSJ,0.5664,High,16.85,Medium,0.1769,0,0.6539242623342493,0.32217973,0.1769,0.459,Retain_Urgent,Visita urgente - oferta de retencion,Medium
1391-UBDAR,0.5414,High,21.8,High,0.1097,0,0.6240592521801458,0.416826,0.1097,0.459,Retain_HighValue,Retencion urgente + oferta personalizada (cliente de alto valor),Medium
8802-UNOJF,0.6428,High,11.61,Medium,0.098,0,0.7451917333651894,0.22198853,0.098,0.4588,Retain_Urgent,Visita urgente - oferta de retencion,Medium
1475-VWVDO,0.5376,High,20.14,High,0.1659,0,0.619519770636722,0.38508603,0.1659,0.4585,Retain_HighValue,Retencion urgente + oferta personalizada (cliente de alto valor),Medium
4060-LDNLU,0.687,High,0.18,Low,0.2914,0,0.7979930713176443,0.0034416828,0.2914,0.4583,Retain_Urgent,Visita urgente - oferta de retencion,Medium
1212-GLHMD,0.5032,High,9.3,Medium,0.5781,0,0.5784255166646757,0.17782028,0.5781,0.4582,Retain_Urgent,Visita urgente - oferta de retencion,Medium
5216-WASFJ,0.591,High,10.95,Medium,0.2687,0,0.683311432325887,0.20936902,0.2687,0.4582,Retain_Urgent,Visita urgente - oferta de retencion,Medium
6689-KXGBO,0.5961,High,8.15,Medium,0.3338,0,0.6894038943973241,0.15583174,0.3338,0.4582,Retain_Urgent,Visita urgente - oferta de retencion,Medium
2774-LVQUS,0.6463,High,12.5,Medium,0.0593,0,0.7493728347867639,0.23900574,0.0593,0.4582,Retain_Urgent,Visita urgente - oferta de retencion,Medium
4013-TLDHQ,0.6126,High,16.57,Medium,0.0421,0,0.7091148010990325,0.31682602,0.0421,0.458,Retain_Urgent,Visita urgente - oferta de retencion,Medium
2344-JMOGN,0.6775,High,0.98,Low,0.2949,0,0.786644367459085,0.01873805,0.2949,0.4579,Retain_Urgent,Visita urgente - oferta de retencion,Medium
0928-XUTSN,0.5908,High,15.19,Medium,0.1448,0,0.6830725122446542,0.29043975,0.1448,0.4576,Retain_Urgent,Visita urgente - oferta de retencion,Medium
8180-AKMJV,0.4916,High,13.89,Medium,0.4773,0,0.5645681519531717,0.2655832,0.4773,0.4574,Retain_Urgent,Visita urgente - oferta de retencion,Medium
9851-KIELU,0.5761,High,0.0,Low,0.6222,1,0.6655118862740412,0.0,0.6222,0.4572,Retain_InvestigateBill,Retencion urgente + revision de facturacion,Medium
8510-AWCXC,0.7272,High,0.0,Low,0.1708,0,0.8460160076454426,0.0,0.1708,0.4572,Retain_Urgent,Visita urgente - oferta de retencion,Medium
7855-DIWPO,0.3386,Medium,26.45,High,0.572,0,0.38179428981005853,0.5057362,0.572,0.457,Nurture_Upsell,Contacto proactivo + propuesta de ampliacion de servicios,Medium
8993-IZEUX,0.3872,Medium,26.28,High,0.431,0,0.4398518695496356,0.5024857,0.431,0.4569,Nurture_Upsell,Contacto proactivo + propuesta de ampliacion de servicios,Medium
9552-TGUZV,0.4873,High,20.09,High,0.3086,0,0.5594313702066659,0.38413003,0.3086,0.4567,Retain_HighValue,Retencion urgente + oferta personalizada (cliente de alto valor),Medium
9465-RWMXL,0.5263,High,17.11,Medium,0.276,0,0.6060207860470672,0.32715106,0.276,0.4564,Retain_Urgent,Visita urgente - oferta de retencion,Medium
1596-BBVTG,0.3888,Medium,20.1,High,0.6011,0,0.44176323019949826,0.38432124,0.6011,0.4564,Nurture_Upsell,Contacto proactivo + propuesta de ampliacion de servicios,Medium
6692-YQHXC,0.34,Medium,25.39,High,0.5945,0,0.38346673037868834,0.48546845,0.5945,0.4563,Nurture_Upsell,Contacto proactivo + propuesta de ampliacion de servicios,Medium
5087-SUURX,0.5166,High,19.84,Medium,0.2257,0,0.594433162107275,0.37934992,0.2257,0.4562,Retain_Urgent,Visita urgente - oferta de retencion,Medium
5590-YRFJT,0.4291,Medium,33.86,High,0.0852,0,0.48990562656791303,0.64741874,0.0852,0.4562,Nurture_Upsell,Contacto proactivo + propuesta de ampliacion de servicios,Medium
1112-CUNAO,0.6568,High,5.36,Medium,0.2194,0,0.7619161390514874,0.102485664,0.2194,0.4556,Retain_Urgent,Visita urgente - oferta de retencion,Medium
5365-LLFYV,0.439,Medium,12.71,Medium,0.6591,1,0.501732170588938,0.24302104,0.6591,0.4556,Investigate_Billing,Revision de facturacion / condiciones especiales,Medium
7969-AULMZ,0.6748,High,0.7,Low,0.2977,0,0.7834189463624417,0.013384321,0.2977,0.4553,Retain_Urgent,Visita urgente - oferta de retencion,Medium
4546-FOKWR,0.4036,Medium,20.67,High,0.532,0,0.45944331621072754,0.3952199,0.532,0.4547,Nurture_Upsell,Contacto proactivo + propuesta de ampliacion de servicios,Medium
5956-YHHRX,0.6803,High,0.0,Low,0.2984,0,0.7899892485963446,0.0,0.2984,0.4547,Retain_Urgent,Visita urgente - oferta de retencion,Medium
3088-LHEFH,0.5366,High,17.08,Medium,0.2361,0,0.6183251702305579,0.32657745,0.2361,0.4544,Retain_Urgent,Visita urgente - oferta de retencion,Medium
7663-RGWBC,0.4849,High,14.13,Medium,0.4748,0,0.5565643292318719,0.2701721,0.4748,0.4543,Retain_Urgent,Visita urgente - oferta de retencion,Medium
4236-XPXAV,0.6642,High,0.06,Low,0.3416,0,0.770756182057102,0.0011472275,0.3416,0.454,Retain_Urgent,Visita urgente - oferta de retencion,Medium
2249-YPRNG,0.6323,High,0.0,Low,0.4386,0,0.7326484291004659,0.0,0.4386,0.454,Retain_Urgent,Visita urgente - oferta de retencion,Medium
1624-WOIWJ,0.6482,High,10.91,Medium,0.0781,0,0.7516425755584757,0.2086042,0.0781,0.454,Retain_Urgent,Visita urgente - oferta de retencion,Medium
6557-BZXLQ,0.3529,Medium,25.71,High,0.5353,0,0.3988770756182057,0.49158698,0.5353,0.454,Nurture_Upsell,Contacto proactivo + propuesta de ampliacion de servicios,Medium
0818-OCPZO,0.5536,High,14.28,Medium,0.2636,0,0.6386333771353482,0.27304015,0.2636,0.4539,Retain_Urgent,Visita urgente - oferta de retencion,Medium
5650-YLIBA,0.5089,High,14.4,Medium,0.3929,0,0.5852347389798113,0.2753346,0.3929,0.4538,Retain_Urgent,Visita urgente - oferta de retencion,Medium
0064-YIJGF,0.3478,Medium,19.69,Medium,0.7224,1,0.3927846135467686,0.37648186,0.7224,0.4538,Investigate_Billing,Revision de facturacion / condiciones especiales,Medium
8708-XPXHZ,0.5874,High,1.18,Low,0.5369,0,0.6790108708636962,0.02256214,0.5369,0.4537,Retain_Urgent,Visita urgente - oferta de retencion,Medium
2969-QWUBZ,0.5238,High,6.73,Medium,0.568,0,0.603034285031657,0.12868069,0.568,0.4537,Retain_Urgent,Visita urgente - oferta de retencion,Medium
5519-NPHVG,0.6685,High,1.15,Low,0.2953,0,0.7758929638036077,0.021988528,0.2953,0.4536,Retain_Urgent,Visita urgente - oferta de retencion,Medium
3320-VEOYC,0.6855,High,0.15,Low,0.273,0,0.796201170708398,0.002868069,0.273,0.4536,Retain_Urgent,Visita urgente - oferta de retencion,Medium
5138-WVKYJ,0.7147,High,0.0,Low,0.1883,0,0.8310835025683909,0.0,0.1883,0.4532,Retain_Urgent,Visita urgente - oferta de retencion,Medium
4671-LXRDQ,0.4654,Medium,13.42,Medium,0.5475,0,0.5332696213116712,0.25659657,0.5475,0.4531,Maintain,Mantenimiento - comunicacion periodica,Medium
6393-WRYZE,0.6485,High,0.7,Low,0.3656,0,0.7520009556803249,0.013384321,0.3656,0.4531,Retain_Urgent,Visita urgente - oferta de retencion,Medium
8844-TONUD,0.688,High,0.18,Low,0.2603,0,0.7991876717238083,0.0034416828,0.2603,0.4527,Retain_Urgent,Visita urgente - oferta de retencion,Medium
4074-SJFFA,0.6321,High,3.45,Low,0.3335,0,0.7324095090192331,0.065965585,0.3335,0.4527,Retain_Urgent,Visita urgente - oferta de retencion,Medium
7511-YMXVQ,0.6035,High,13.09,Medium,0.142,0,0.6982439374029388,0.25028682,0.142,0.4526,Retain_Urgent,Visita urgente - oferta de retencion,Medium
4132-KALRO,0.6923,High,0.0,Low,0.2521,0,0.8043244534703142,0.0,0.2521,0.4526,Retain_Urgent,Visita urgente - oferta de retencion,Medium
5035-BVCXS,0.5356,High,19.49,Medium,0.1605,0,0.6171305698243937,0.37265775,0.1605,0.4525,Retain_Urgent,Visita urgente - oferta de retencion,Medium
6158-DWPZT,0.1744,Low,47.38,High,0.4393,0,0.18564090311790707,0.90592736,0.4393,0.4525,Grow_Upsell,Campana de upsell / cross-sell,Medium
0256-LTHVJ,0.5649,High,14.81,Medium,0.2061,0,0.652132361725003,0.283174,0.2061,0.4522,Retain_Urgent,Visita urgente - oferta de retencion,Medium
9992-RRAMN,0.6053,High,10.16,Medium,0.2183,0,0.7003942181340341,0.19426386,0.2183,0.4521,Retain_Urgent,Visita urgente - oferta de retencion,Medium
1907-UBQFC,0.5139,High,21.81,High,0.1566,0,0.591207741010632,0.4170172,0.1566,0.452,Retain_HighValue,Retencion urgente + oferta personalizada (cliente de alto valor),Medium
0581-BXBUB,0.4887,High,21.81,High,0.2317,0,0.5611038107752957,0.4170172,0.2317,0.452,Retain_HighValue,Retencion urgente + oferta personalizada (cliente de alto valor),Medium
6145-NNPNO,0.4808,High,14.12,Medium,0.4748,0,0.551666467566599,0.26998088,0.4748,0.4518,Retain_Urgent,Visita urgente - oferta de retencion,Medium
7587-RZNME,0.4568,Medium,14.57,Medium,0.5331,0,0.5229960578186597,0.27858508,0.5331,0.4517,Maintain,Mantenimiento - comunicacion periodica,Medium
8118-TJAFG,0.6861,High,0.12,Low,0.26,0,0.7969179309520966,0.002294455,0.26,0.4511,Retain_Urgent,Visita urgente - oferta de retencion,Medium
4559-UWIHT,0.6251,High,12.43,Medium,0.0885,0,0.7240473061760841,0.2376673,0.0885,0.451,Retain_Urgent,Visita urgente - oferta de retencion,Medium
9365-SRSZE,0.3586,Medium,24.98,High,0.524,0,0.40568629793334127,0.47762907,0.524,0.4509,Nurture_Upsell,Contacto proactivo + propuesta de ampliacion de servicios,Medium
6818-DJXAA,0.6647,High,4.59,Low,0.1945,0,0.771353482260184,0.08776291,0.1945,0.4509,Retain_Urgent,Visita urgente - oferta de retencion,Medium
6817-WTYHE,0.3961,Medium,13.42,Medium,0.7428,1,0.4504838131644965,0.25659657,0.7428,0.4508,Investigate_Billing,Revision de facturacion / condiciones especiales,Medium
5565-FILXA,0.7135,High,0.17,Low,0.1746,0,0.8296499820809939,0.003250478,0.1746,0.4507,Retain_Urgent,Visita urgente - oferta de retencion,Medium
3748-FVMZZ,0.5303,High,18.0,Medium,0.2095,0,0.6107991876717238,0.34416828,0.2095,0.4506,Retain_Urgent,Visita urgente - oferta de retencion,Medium
9889-TMAHG,0.6571,High,0.07,Low,0.3454,0,0.7622745191733366,0.0013384322,0.3454,0.4506,Retain_Urgent,Visita urgente - oferta de retencion,Medium
1689-MRZQR,0.493,High,16.86,Medium,0.3516,0,0.5662405925218015,0.32237095,0.3516,0.4502,Retain_Urgent,Visita urgente - oferta de retencion,Medium
7321-PKUYW,0.6907,High,5.41,Medium,0.088,0,0.8024130928204516,0.10344168,0.088,0.4498,Retain_Urgent,Visita urgente - oferta de retencion,Medium
1508-DFXCU,0.5514,High,14.29,Medium,0.249,0,0.6360052562417872,0.27323136,0.249,0.4498,Retain_Urgent,Visita urgente - oferta de retencion,Medium
4472-LVYGI,0.1708,Low,31.17,High,0.8991,1,0.1813403416557162,0.5959847,0.8991,0.4493,Grow_Upsell,Campana de upsell / cross-sell,Medium
1895-QTKDO,0.4764,High,14.28,Medium,0.4699,0,0.5464102257794767,0.27304015,0.4699,0.4491,Retain_Urgent,Visita urgente - oferta de retencion,Medium
4633-MKHYU,0.669,High,6.95,Medium,0.1045,0,0.7764902640066899,0.13288718,0.1045,0.449,Retain_Urgent,Visita urgente - oferta de retencion,Medium
9637-EIHEQ,0.5864,High,7.45,Medium,0.3352,0,0.677816270457532,0.14244741,0.3352,0.4487,Retain_Urgent,Visita urgente - oferta de retencion,Medium
0975-VOOVL,0.3189,Low,28.98,High,0.5162,0,0.35826066180862504,0.5541109,0.5162,0.4486,Grow_Upsell,Campana de upsell / cross-sell,Medium
0322-CHQRU,0.4806,High,13.07,Medium,0.489,0,0.5514275474853662,0.2499044,0.489,0.4485,Retain_Urgent,Visita urgente - oferta de retencion,Medium
1728-BQDMA,0.4526,Medium,13.79,Medium,0.5514,0,0.5179787361127703,0.26367113,0.5514,0.4484,Maintain,Mantenimiento - comunicacion periodica,Medium
9290-SHCMB,0.7264,High,0.2,Low,0.1224,0,0.8450603273205114,0.003824092,0.1224,0.4482,Retain_Urgent,Visita urgente - oferta de retencion,Medium
9490-DFPMD,0.5477,High,11.08,Medium,0.3433,0,0.6315852347389798,0.21185468,0.3433,0.448,Retain_Urgent,Visita urgente - oferta de retencion,Medium
2232-DMLXU,0.6277,High,3.03,Low,0.3347,0,0.7271532672321109,0.057934992,0.3347,0.4479,Retain_Urgent,Visita urgente - oferta de retencion,Medium
1571-SAVHK,0.6804,High,0.0,Low,0.2636,0,0.7901087086369609,0.0,0.2636,0.4478,Retain_Urgent,Visita urgente - oferta de retencion,Medium
8714-CTZJW,0.6022,High,12.28,Medium,0.1439,0,0.6966909568749253,0.23479924,0.1439,0.4476,Retain_Urgent,Visita urgente - oferta de retencion,Medium
6034-YMTOB,0.5132,High,19.83,Medium,0.1927,0,0.590371520726317,0.3791587,0.1927,0.4475,Retain_Urgent,Visita urgente - oferta de retencion,Medium
8118-LSUEL,0.6972,High,0.0,Low,0.2121,0,0.8101779954605185,0.0,0.2121,0.4475,Retain_Urgent,Visita urgente - oferta de retencion,Medium
4537-DKTAL,0.4585,Medium,13.03,Medium,0.5506,0,0.5250268785091388,0.24913958,0.5506,0.4474,Maintain,Mantenimiento - comunicacion periodica,Medium
5339-PXDVH,0.6727,High,4.7,Low,0.1489,0,0.780910285509497,0.089866154,0.1489,0.4472,Retain_Urgent,Visita urgente - oferta de retencion,Medium
4067-HLYQI,0.3036,Low,25.1,High,0.6662,1,0.3399832755943137,0.47992355,0.6662,0.4472,Grow_Upsell,Campana de upsell / cross-sell,Medium
5019-GQVCR,0.5376,High,10.96,Medium,0.3725,0,0.619519770636722,0.20956023,0.3725,0.4471,Retain_Urgent,Visita urgente - oferta de retencion,Medium
0988-JRWWP,0.5334,High,4.92,Low,0.5568,0,0.6145024489308326,0.09407266,0.5568,0.4468,Retain_Urgent,Visita urgente - oferta de retencion,Medium
3346-BRMIS,0.5588,High,10.54,Medium,0.3195,0,0.6448452992474017,0.20152964,0.3195,0.4468,Retain_Urgent,Visita urgente - oferta de retencion,Medium
3217-FZDMN,0.7163,High,0.78,Low,0.1284,0,0.8329948632182536,0.014913958,0.1284,0.4467,Retain_Urgent,Visita urgente - oferta de retencion,Medium
1960-UYCNN,0.664,High,0.19,Low,0.3007,0,0.7705172619758691,0.0036328873,0.3007,0.4465,Retain_Urgent,Visita urgente - oferta de retencion,Medium
2154-KVJFF,0.5229,High,15.79,Medium,0.2743,0,0.6019591446661092,0.30191204,0.2743,0.4464,Retain_Urgent,Visita urgente - oferta de retencion,Medium
8417-FMLZI,0.6057,High,11.26,Medium,0.1563,0,0.7008720582964999,0.21529637,0.1563,0.4463,Retain_Urgent,Visita urgente - oferta de retencion,Medium
8182-BJDSI,0.6413,High,5.41,Medium,0.2171,0,0.7433998327559431,0.10344168,0.2171,0.4462,Retain_Urgent,Visita urgente - oferta de retencion,Medium
5628-FCGYG,0.5847,High,11.4,Medium,0.2148,0,0.6757854497670529,0.21797323,0.2148,0.4462,Retain_Urgent,Visita urgente - oferta de retencion,Medium
8008-HAWED,0.6455,High,7.77,Medium,0.1366,0,0.7484171544618325,0.14856596,0.1366,0.4461,Retain_Urgent,Visita urgente - oferta de retencion,Medium
1173-XZPYF,0.6823,High,6.09,Medium,0.0722,0,0.7923784494086729,0.1164436,0.0722,0.4456,Retain_Urgent,Visita urgente - oferta de retencion,Medium
1589-AGTLK,0.4619,Medium,13.05,Medium,0.5301,0,0.5290885198900968,0.249522,0.5301,0.4454,Maintain,Mantenimiento - comunicacion periodica,Medium
8364-TRMMK,0.5157,High,7.9,Medium,0.5165,0,0.5933580217417275,0.15105163,0.5165,0.4453,Retain_Urgent,Visita urgente - oferta de retencion,Medium
2025-JKFWI,0.7133,High,0.0,Low,0.153,0,0.8294110619997611,0.0,0.153,0.4453,Retain_Urgent,Visita urgente - oferta de retencion,Medium
6379-RXJRQ,0.3611,Medium,25.31,High,0.4784,0,0.40867279894875164,0.4839388,0.4784,0.4452,Nurture_Upsell,Contacto proactivo + propuesta de ampliacion de servicios,Medium
9355-NPPFS,0.5398,High,16.89,Medium,0.1859,0,0.622147891530283,0.32294455,0.1859,0.4451,Retain_Urgent,Visita urgente - oferta de retencion,Medium
8064-RAVOH,0.5644,High,9.01,Medium,0.3379,0,0.651535061521921,0.17227533,0.3379,0.445,Retain_Urgent,Visita urgente - oferta de retencion,Medium
3714-NTNFO,0.4378,Medium,11.23,Medium,0.6505,1,0.5002986501015411,0.21472275,0.6505,0.4447,Investigate_Billing,Revision de facturacion / condiciones especiales,Medium
4813-HQMGZ,0.6562,High,5.4,Medium,0.1646,0,0.7611993788077889,0.10325048,0.1646,0.4445,Retain_Urgent,Visita urgente - oferta de retencion,Medium
0916-QOFDP,0.7046,High,0.18,Low,0.1689,0,0.8190180384661331,0.0034416828,0.1689,0.4443,Retain_Urgent,Visita urgente - oferta de retencion,Medium
2694-CIUMO,0.5775,High,15.83,Medium,0.0977,0,0.6671843268426711,0.30267686,0.0977,0.4439,Retain_Urgent,Visita urgente - oferta de retencion,Medium
9732-KPKBW,0.5855,High,5.05,Medium,0.3827,0,0.6767411300919842,0.096558325,0.3827,0.4439,Retain_Urgent,Visita urgente - oferta de retencion,Medium
8272-ONJLV,0.6165,High,8.91,Medium,0.1784,0,0.7137737426830726,0.17036329,0.1784,0.4437,Retain_Urgent,Visita urgente - oferta de retencion,Medium
2057-ZBLPD,0.5899,High,9.27,Medium,0.247,0,0.6819973718791065,0.17724666,0.247,0.4436,Retain_Urgent,Visita urgente - oferta de retencion,Medium
7395-IGJOS,0.5511,High,14.65,Medium,0.2084,0,0.635646876119938,0.2801147,0.2084,0.4435,Retain_Urgent,Visita urgente - oferta de retencion,Medium
0637-UBJRP,0.6314,High,11.09,Medium,0.0695,0,0.7315732887349181,0.2120459,0.0695,0.4433,Retain_Urgent,Visita urgente - oferta de retencion,Medium
7853-OETYL,0.3647,Medium,29.34,High,0.342,0,0.41297336041094257,0.56099427,0.342,0.4432,Nurture_Upsell,Contacto proactivo + propuesta de ampliacion de servicios,Medium
3677-TNKIO,0.3271,Medium,24.55,High,0.591,0,0.36805638513917094,0.46940726,0.591,0.4431,Nurture_Upsell,Contacto proactivo + propuesta de ampliacion de servicios,Medium
3797-FKOGQ,0.5683,High,9.41,Medium,0.3049,0,0.6561940031059611,0.17992352,0.3049,0.4431,Retain_Urgent,Visita urgente - oferta de retencion,Medium
3621-CEOVK,0.6988,High,0.0,Low,0.1843,0,0.812089356110381,0.0,0.1843,0.4429,Retain_Urgent,Visita urgente - oferta de retencion,Medium
3815-SLMEF,0.2753,Low,23.07,High,0.7863,1,0.3061760840998686,0.441109,0.7863,0.4427,Grow_Upsell,Campana de upsell / cross-sell,Medium
1453-RZFON,0.5609,High,8.99,Medium,0.3372,0,0.6473539601003464,0.17189293,0.3372,0.4427,Retain_Urgent,Visita urgente - oferta de retencion,Medium
6877-LGWXO,0.5552,High,17.13,Medium,0.1191,0,0.6405447377852109,0.32753345,0.1191,0.4424,Retain_Urgent,Visita urgente - oferta de retencion,Medium
9773-PEQBZ,0.5842,High,15.43,Medium,0.0813,0,0.6751881495639709,0.2950287,0.0813,0.4424,Retain_Urgent,Visita urgente - oferta de retencion,Medium
6650-VJONK,0.4646,Medium,14.28,Medium,0.4714,0,0.53231394098674,0.27304015,0.4714,0.4423,Maintain,Mantenimiento - comunicacion periodica,Medium
2038-OEQZH,0.5721,High,9.35,Medium,0.2916,0,0.6607334846493849,0.1787763,0.2916,0.4423,Retain_Urgent,Visita urgente - oferta de retencion,Medium
6502-HCJTI,0.7032,High,0.6,Low,0.1484,0,0.8173455978975034,0.011472276,0.1484,0.4418,Retain_Urgent,Visita urgente - oferta de retencion,Medium
6087-MVHJH,0.673,High,6.86,Medium,0.0582,0,0.7812686656313463,0.13116635,0.0582,0.4416,Retain_Urgent,Visita urgente - oferta de retencion,Medium
3045-XETSH,0.726,High,0.45,Low,0.0826,0,0.8445824871580456,0.008604206,0.0826,0.4414,Retain_Urgent,Visita urgente - oferta de retencion,Medium
1379-FRVEB,0.6431,High,4.49,Low,0.2135,0,0.7455501134870386,0.08585086,0.2135,0.4412,Retain_Urgent,Visita urgente - oferta de retencion,Medium
3753-TSEMP,0.6302,High,7.1,Medium,0.1771,0,0.7301397682475212,0.13575526,0.1771,0.4412,Retain_Urgent,Visita urgente - oferta de retencion,Medium
2739-CACDQ,0.5352,High,14.05,Medium,0.2615,0,0.6166527296619281,0.26864246,0.2615,0.4412,Retain_Urgent,Visita urgente - oferta de retencion,Medium
4822-YCXMX,0.5551,High,10.98,Medium,0.2891,0,0.6404252777445945,0.20994264,0.2891,0.441,Retain_Urgent,Visita urgente - oferta de retencion,Medium
8625-AZYZY,0.6963,High,0.0,Low,0.181,0,0.8091028550949708,0.0,0.181,0.4408,Retain_Urgent,Visita urgente - oferta de retencion,Medium
9874-QLCLH,0.6767,High,0.0,Low,0.2395,0,0.7856886871341536,0.0,0.2395,0.4407,Retain_Urgent,Visita urgente - oferta de retencion,Medium
7315-WYOAW,0.6981,High,0.0,Low,0.1744,0,0.8112531358260663,0.0,0.1744,0.4405,Retain_Urgent,Visita urgente - oferta de retencion,Medium
4351-QLCSU,0.6146,High,3.05,Low,0.3354,0,0.7115040019113608,0.0583174,0.3354,0.4403,Retain_Urgent,Visita urgente - oferta de retencion,Medium
5429-LWCMV,0.6679,High,6.23,Medium,0.0838,0,0.7751762035599092,0.119120464,0.0838,0.4401,Retain_Urgent,Visita urgente - oferta de retencion,Medium
1251-STYSZ,0.5474,High,15.28,Medium,0.183,0,0.6312268546171306,0.2921606,0.183,0.4399,Retain_Urgent,Visita urgente - oferta de retencion,Medium
4678-DVQEO,0.5741,High,7.22,Medium,0.3341,0,0.6631226854617132,0.1380497,0.3341,0.4398,Retain_Urgent,Visita urgente - oferta de retencion,Medium
8149-AIQCG,0.2819,Low,22.12,High,0.7765,1,0.3140604467805519,0.42294458,0.7765,0.4392,Grow_Upsell,Campana de upsell / cross-sell,Medium
0396-YCHWO,0.6815,High,0.3,Low,0.2076,0,0.7914227690837415,0.005736138,0.2076,0.439,Retain_Urgent,Visita urgente - oferta de retencion,Medium
3452-SRFEG,0.3025,Low,21.21,High,0.7399,1,0.3386692151475331,0.4055449,0.7399,0.439,Grow_Upsell,Campana de upsell / cross-sell,Medium
7517-LDMPS,0.6303,High,10.78,Medium,0.0597,0,0.7302592282881376,0.20611854,0.0597,0.4389,Retain_Urgent,Visita urgente - oferta de retencion,Medium
5842-POCOP,0.638,High,6.95,Medium,0.1462,0,0.7394576514156015,0.13288718,0.1462,0.4388,Retain_Urgent,Visita urgente - oferta de retencion,Medium
0599-XNYDO,0.25,Low,25.54,High,0.7688,1,0.2759526938239159,0.48833653,0.7688,0.4382,Grow_Upsell,Campana de upsell / cross-sell,Medium
4971-PUYQO,0.5976,High,0.97,Low,0.4347,0,0.6911957950065704,0.018546846,0.4347,0.4381,Retain_Urgent,Visita urgente - oferta de retencion,Medium
6078-VESFR,0.3345,Medium,25.08,High,0.5283,0,0.3768964281447856,0.47954112,0.5283,0.438,Nurture_Upsell,Contacto proactivo + propuesta de ampliacion de servicios,Medium
1236-WFCDV,0.6828,High,4.7,Low,0.073,0,0.7929757496117549,0.089866154,0.073,0.438,Retain_Urgent,Visita urgente - oferta de retencion,Medium
7377-DMMRI,0.5266,High,9.93,Medium,0.388,0,0.6063791661689164,0.18986617,0.388,0.4377,Retain_Urgent,Visita urgente - oferta de retencion,Medium
3292-PBZEJ,0.5871,High,0.06,Low,0.4892,0,0.6786524907418469,0.0011472275,0.4892,0.4375,Retain_Urgent,Visita urgente - oferta de retencion,Medium
3956-MGXOG,0.5557,High,15.17,Medium,0.1492,0,0.641142037988293,0.29005736,0.1492,0.4374,Retain_Urgent,Visita urgente - oferta de retencion,Medium
2685-SREOM,0.5863,High,6.15,Medium,0.3164,0,0.6776968104169157,0.11759082,0.3164,0.4374,Retain_Urgent,Visita urgente - oferta de retencion,Medium
0023-XUOPT,0.7187,High,1.22,Low,0.0612,0,0.8358619041930475,0.023326961,0.0612,0.4372,Retain_Urgent,Visita urgente - oferta de retencion,Medium
3914-FDRHP,0.6346,High,9.36,Medium,0.0787,0,0.7353960100346435,0.17896749,0.0787,0.4371,Retain_Urgent,Visita urgente - oferta de retencion,Medium
7586-ZATGZ,0.533,High,10.22,Medium,0.3546,0,0.6140246087683671,0.1954111,0.3546,0.4366,Retain_Urgent,Visita urgente - oferta de retencion,Medium
8245-UMPYT,0.6667,High,0.23,Low,0.2409,0,0.7737426830725123,0.0043977057,0.2409,0.4364,Retain_Urgent,Visita urgente - oferta de retencion,Medium
5167-GBFRE,0.3904,Medium,33.73,High,0.1052,0,0.4436745908493609,0.6449331,0.1052,0.4364,Nurture_Upsell,Contacto proactivo + propuesta de ampliacion de servicios,Medium
3961-SXAXY,0.4557,Medium,14.15,Medium,0.4722,0,0.5216819973718791,0.27055448,0.4722,0.4364,Maintain,Mantenimiento - comunicacion periodica,Medium
8111-SLLHI,0.6107,High,0.0,Low,0.4145,0,0.7068450603273205,0.0,0.4145,0.4363,Retain_Urgent,Visita urgente - oferta de retencion,Medium
3644-QXEHN,0.6585,High,0.26,Low,0.2639,0,0.7639469597419662,0.0049713193,0.2639,0.4362,Retain_Urgent,Visita urgente - oferta de retencion,Medium
1075-BGWOH,0.7011,High,0.0,Low,0.144,0,0.8148369370445585,0.0,0.144,0.4362,Retain_Urgent,Visita urgente - oferta de retencion,Medium
1871-MOWRM,0.5068,High,14.46,Medium,0.3075,0,0.5827260781268666,0.27648184,0.3075,0.4358,Retain_Urgent,Visita urgente - oferta de retencion,Medium
0804-XBFBV,0.2902,Low,33.63,High,0.4026,0,0.32397563015171427,0.64302105,0.4026,0.4354,Grow_Upsell,Campana de upsell / cross-sell,Medium
1522-VVDMG,0.6379,High,5.5,Medium,0.1711,0,0.7393381913749851,0.10516252,0.1711,0.4354,Retain_Urgent,Visita urgente - oferta de retencion,Medium
9588-OZDMQ,0.4627,Medium,13.45,Medium,0.4658,0,0.5300442002150281,0.25717017,0.4658,0.4353,Maintain,Mantenimiento - comunicacion periodica,Medium
9795-VOWON,0.2152,Low,46.91,High,0.2431,0,0.23438059968940392,0.8969407,0.2431,0.4349,Grow_Upsell,Campana de upsell / cross-sell,Medium
6432-TWQLB,0.5921,High,9.76,Medium,0.183,0,0.6846254927726675,0.18661569,0.183,0.4349,Retain_Urgent,Visita urgente - oferta de retencion,Medium
7623-TRNQN,0.5463,High,9.02,Medium,0.3372,0,0.6299127941703501,0.17246655,0.3372,0.4341,Retain_Urgent,Visita urgente - oferta de retencion,Medium
9800-ONTFE,0.355,Medium,19.69,Medium,0.6022,0,0.4013857364711504,0.37648186,0.6022,0.4341,Maintain,Mantenimiento - comunicacion periodica,Medium
7137-RYLPP,0.5394,High,9.5,Medium,0.3441,0,0.6216700513678175,0.18164437,0.3441,0.4341,Retain_Urgent,Visita urgente - oferta de retencion,Medium
5606-AMZBO,0.5454,High,17.24,Medium,0.1035,0,0.6288376538048023,0.32963672,0.1035,0.434,Retain_Urgent,Visita urgente - oferta de retencion,Medium
4123-DVHPH,0.6452,High,7.18,Medium,0.0936,0,0.7480587743399832,0.13728489,0.0936,0.4339,Retain_Urgent,Visita urgente - oferta de retencion,Medium
1792-UXAFY,0.6566,High,6.55,Medium,0.0766,0,0.7616772189702544,0.12523901,0.0766,0.4337,Retain_Urgent,Visita urgente - oferta de retencion,Medium
4154-AQUGT,0.6615,High,6.53,Medium,0.0615,0,0.7675307609604587,0.1248566,0.0615,0.4335,Retain_Urgent,Visita urgente - oferta de retencion,Medium
8901-HJXTF,0.3297,Medium,28.84,High,0.4105,0,0.3711623461951977,0.55143404,0.4105,0.4331,Nurture_Upsell,Contacto proactivo + propuesta de ampliacion de servicios,Medium
8868-WOZGU,0.6858,High,0.0,Low,0.1734,0,0.7965595508302472,0.0,0.1734,0.433,Retain_Urgent,Visita urgente - oferta de retencion,Medium
0207-MDKNV,0.6192,High,0.06,Low,0.3694,0,0.7169991637797156,0.0011472275,0.3694,0.4327,Retain_Urgent,Visita urgente - oferta de retencion,Medium
4360-PNRQB,0.3711,Medium,20.04,High,0.5344,0,0.420618803010393,0.38317403,0.5344,0.4321,Nurture_Upsell,Contacto proactivo + propuesta de ampliacion de servicios,Medium
3071-VBYPO,0.4633,Medium,5.59,Medium,0.6731,1,0.5307609604587266,0.10688337,0.6731,0.4321,Investigate_Billing,Revision de facturacion / condiciones especiales,Medium
4323-SADQS,0.3384,Medium,24.14,High,0.5128,0,0.3815553697288257,0.46156788,0.5128,0.4318,Nurture_Upsell,Contacto proactivo + propuesta de ampliacion de servicios,Medium
8648-PFRMP,0.572,High,12.18,Medium,0.1575,0,0.6606140246087683,0.2328872,0.1575,0.4317,Retain_Urgent,Visita urgente - oferta de retencion,Medium
2506-CLAKW,0.5958,High,0.16,Low,0.4311,0,0.6890455142754749,0.0030592734,0.4311,0.4317,Retain_Urgent,Visita urgente - oferta de retencion,Medium
6202-DYYFX,0.2276,Low,28.95,High,0.7045,1,0.24919364472583924,0.5535373,0.7045,0.4316,Grow_Upsell,Campana de upsell / cross-sell,Medium
3082-VQXNH,0.3216,Medium,28.4,High,0.4395,0,0.3614860829052682,0.543021,0.4395,0.4315,Nurture_Upsell,Contacto proactivo + propuesta de ampliacion de servicios,Medium
9253-QXKBE,0.6571,High,0.95,Low,0.2243,0,0.7622745191733366,0.018164435,0.2243,0.4314,Retain_Urgent,Visita urgente - oferta de retencion,Medium
2722-JMONI,0.54,High,9.15,Medium,0.3388,0,0.622386811611516,0.1749522,0.3388,0.4314,Retain_Urgent,Visita urgente - oferta de retencion,Medium
6400-BWQKW,0.4996,High,17.0,Medium,0.2329,0,0.5741249552024847,0.3250478,0.2329,0.4312,Retain_Urgent,Visita urgente - oferta de retencion,Medium
8270-RKSAP,0.3437,Medium,25.11,High,0.4651,0,0.38788675188149563,0.48011473,0.4651,0.431,Nurture_Upsell,Contacto proactivo + propuesta de ampliacion de servicios,Medium
8087-LGYHQ,0.6697,High,1.71,Low,0.1627,0,0.7773264842910046,0.032695986,0.1627,0.431,Retain_Urgent,Visita urgente - oferta de retencion,Medium
9940-HPQPG,0.6392,High,3.76,Low,0.1945,0,0.7408911719029985,0.071892925,0.1945,0.4309,Retain_Urgent,Visita urgente - oferta de retencion,Medium
4536-PLEQY,0.6147,High,10.07,Medium,0.0856,0,0.7116234619519771,0.19254301,0.0856,0.4307,Retain_Urgent,Visita urgente - oferta de retencion,Medium
6172-FECYY,0.4544,Medium,11.28,Medium,0.5299,0,0.5201290168438658,0.21567878,0.5299,0.4307,Maintain,Mantenimiento - comunicacion periodica,Medium
3018-TFTSU,0.4781,High,14.28,Medium,0.3724,0,0.5484410464699558,0.27304015,0.3724,0.4306,Retain_Urgent,Visita urgente - oferta de retencion,Medium
8017-LXHFA,0.6472,High,0.68,Low,0.2559,0,0.7504479751523115,0.013001912,0.2559,0.4303,Retain_Urgent,Visita urgente - oferta de retencion,Medium
4094-NSEDU,0.694,High,1.15,Low,0.1,0,0.8063552741607932,0.021988528,0.1,0.4298,Retain_Urgent,Visita urgente - oferta de retencion,Medium
7504-UWHNB,0.3343,Medium,25.69,High,0.4707,0,0.37665750806355275,0.49120462,0.4707,0.4298,Nurture_Upsell,Contacto proactivo + propuesta de ampliacion de servicios,Medium
0524-IAVZO,0.5201,High,10.17,Medium,0.3609,0,0.5986142635288496,0.19445507,0.3609,0.4298,Retain_Urgent,Visita urgente - oferta de retencion,Medium
3254-YRILK,0.5989,High,6.87,Medium,0.2195,0,0.6927487755345837,0.13135755,0.2195,0.4297,Retain_Urgent,Visita urgente - oferta de retencion,Medium
0221-WMXNQ,0.4585,Medium,19.84,Medium,0.2663,0,0.5250268785091388,0.37934992,0.2663,0.4296,Maintain,Mantenimiento - comunicacion periodica,Medium
9108-EJFJP,0.5576,High,5.33,Medium,0.3864,0,0.6434117787600048,0.101912044,0.3864,0.4296,Retain_Urgent,Visita urgente - oferta de retencion,Medium
0125-LZQXK,0.6464,High,0.12,Low,0.2686,0,0.7494922948273802,0.002294455,0.2686,0.4292,Retain_Urgent,Visita urgente - oferta de retencion,Medium
6637-KYRCV,0.3692,Medium,28.21,High,0.2897,0,0.4183490622386811,0.5393881,0.2897,0.4289,Nurture_Upsell,Contacto proactivo + propuesta de ampliacion de servicios,Medium
5883-GTGVD,0.6752,High,0.0,Low,0.184,0,0.7838967865249075,0.0,0.184,0.4287,Retain_Urgent,Visita urgente - oferta de retencion,Medium
1216-JWVUX,0.4946,High,19.98,Medium,0.1494,0,0.5681519531716641,0.38202676,0.1494,0.4286,Retain_Urgent,Visita urgente - oferta de retencion,Medium
3223-WZWJM,0.5177,High,11.56,Medium,0.3215,0,0.5957472225540558,0.22103252,0.3215,0.4285,Retain_Urgent,Visita urgente - oferta de retencion,Medium
3904-UKFRE,0.518,High,15.3,Medium,0.2121,0,0.596105602675905,0.29254302,0.2121,0.4282,Retain_Urgent,Visita urgente - oferta de retencion,Medium
9809-IMGCQ,0.6703,High,0.16,Low,0.1908,0,0.7780432445347032,0.0030592734,0.1908,0.4281,Retain_Urgent,Visita urgente - oferta de retencion,Medium
9189-JWSHV,0.6761,High,1.92,Low,0.1217,0,0.7849719268904553,0.03671128,0.1217,0.4278,Retain_Urgent,Visita urgente - oferta de retencion,Medium
6178-KFNHS,0.5246,High,17.23,Medium,0.1348,0,0.6039899653565882,0.3294455,0.1348,0.4278,Retain_Urgent,Visita urgente - oferta de retencion,Medium
6987-XQSJT,0.4392,Medium,16.0,Medium,0.425,0,0.5019710906701708,0.30592734,0.425,0.4278,Maintain,Mantenimiento - comunicacion periodica,Medium
1658-BYGOY,0.66,High,0.32,Low,0.2155,0,0.7657388603512125,0.0061185467,0.2155,0.4278,Retain_Urgent,Visita urgente - oferta de retencion,Medium
1406-PUQVY,0.5348,High,9.08,Medium,0.3372,0,0.6161748894994625,0.17361377,0.3372,0.4276,Retain_Urgent,Visita urgente - oferta de retencion,Medium
6240-EURKS,0.3672,Medium,23.41,High,0.4254,0,0.41595986142635294,0.44760996,0.4254,0.4273,Nurture_Upsell,Contacto proactivo + propuesta de ampliacion de servicios,Medium
8875-AKBYH,0.5268,High,11.41,Medium,0.2925,0,0.6066180862501493,0.21816443,0.2925,0.4273,Retain_Urgent,Visita urgente - oferta de retencion,Medium
9796-MVYXX,0.0789,Low,43.63,High,0.7051,1,0.07155656432923187,0.83422565,0.7051,0.4271,Grow_Upsell,Campana de upsell / cross-sell,Medium
9734-UYXQI,0.4537,Medium,8.52,Medium,0.5925,0,0.5192927965595509,0.16290632,0.5925,0.427,Maintain,Mantenimiento - comunicacion periodica,Medium
5995-SNNEW,0.5537,High,0.0,Low,0.5371,0,0.6387528371759646,0.0,0.5371,0.4268,Retain_Urgent,Visita urgente - oferta de retencion,Medium
6892-XPFPU,0.6574,High,0.0,Low,0.2276,0,0.7626328992951857,0.0,0.2276,0.4268,Retain_Urgent,Visita urgente - oferta de retencion,Medium
3540-RZJYU,0.6137,High,9.41,Medium,0.0869,0,0.710428861545813,0.17992352,0.0869,0.4266,Retain_Urgent,Visita urgente - oferta de retencion,Medium
0011-IGKFF,0.6546,High,0.03,Low,0.2338,0,0.7592880181579261,0.00057361374,0.2338,0.4266,Retain_Urgent,Visita urgente - oferta de retencion,Medium
3055-MJDSB,0.3083,Low,33.8,High,0.2991,0,0.3455978975032852,0.6462715,0.2991,0.4265,Grow_Upsell,Campana de upsell / cross-sell,Medium
1996-DBMUS,0.2261,Low,24.79,High,0.8012,1,0.24740174411659302,0.4739962,0.8012,0.4261,Grow_Upsell,Campana de upsell / cross-sell,Medium
0236-HFWSV,0.6483,High,2.08,Low,0.1908,0,0.7517620355990922,0.039770555,0.1908,0.426,Retain_Urgent,Visita urgente - oferta de retencion,Medium
7225-CBZPL,0.6635,High,0.62,Low,0.1872,0,0.769919961772787,0.011854685,0.1872,0.426,Retain_Urgent,Visita urgente - oferta de retencion,Medium
7410-OIEDU,0.4792,High,15.28,Medium,0.3167,0,0.5497551069167363,0.2921606,0.3167,0.4259,Retain_Urgent,Visita urgente - oferta de retencion,Medium
7729-JTEEC,0.4379,Medium,13.82,Medium,0.4814,0,0.5004181101421574,0.26424474,0.4814,0.4258,Maintain,Mantenimiento - comunicacion periodica,Medium
3094-JOJAI,0.3404,Medium,21.34,High,0.5565,0,0.38394457054115394,0.4080306,0.5565,0.4257,Nurture_Upsell,Contacto proactivo + propuesta de ampliacion de servicios,Medium
7825-ECJRF,0.5691,High,0.0,Low,0.4849,0,0.6571496834308924,0.0,0.4849,0.4256,Retain_Urgent,Visita urgente - oferta de retencion,Medium
5655-JSMZM,0.6298,High,0.65,Low,0.2825,0,0.7296619280850556,0.012428298,0.2825,0.4251,Retain_Urgent,Visita urgente - oferta de retencion,Medium
1371-DWPAZ,0.1359,Low,27.44,High,0.9892,1,0.13964878748058773,0.5246654,0.9892,0.4251,Grow_Upsell,Campana de upsell / cross-sell,Medium
1041-RXHRA,0.2964,Low,24.95,High,0.5807,0,0.33138215266993193,0.47705546,0.5807,0.4249,Grow_Upsell,Campana de upsell / cross-sell,Medium
5895-QSXOD,0.3277,Medium,25.43,High,0.4733,0,0.3687731453828694,0.4862333,0.4733,0.4249,Nurture_Upsell,Contacto proactivo + propuesta de ampliacion de servicios,Medium
5649-VUKMC,0.603,High,9.22,Medium,0.1157,0,0.6976466371998566,0.17629063,0.1157,0.4249,Retain_Urgent,Visita urgente - oferta de retencion,Medium
6100-QQHEB,0.6476,High,2.12,Low,0.1834,0,0.7509258153147772,0.04053537,0.1834,0.4243,Retain_Urgent,Visita urgente - oferta de retencion,Medium
4581-LNWUM,0.5783,High,9.27,Medium,0.1848,0,0.6681400071676025,0.17724666,0.1848,0.4242,Retain_Urgent,Visita urgente - oferta de retencion,Medium
8035-PWSEV,0.5723,High,6.23,Medium,0.2896,0,0.6609724047306177,0.119120464,0.2896,0.4241,Retain_Urgent,Visita urgente - oferta de retencion,Medium
0601-WZHJF,0.5639,High,12.0,Medium,0.1478,0,0.6509377613188388,0.22944552,0.1478,0.4239,Retain_Urgent,Visita urgente - oferta de retencion,Medium
3707-LRWZD,0.3973,Medium,21.51,High,0.3728,0,0.4519173336518934,0.41128108,0.3728,0.4239,Nurture_Upsell,Contacto proactivo + propuesta de ampliacion de servicios,Medium
4905-JEFDW,0.3672,Medium,31.12,High,0.1844,0,0.41595986142635294,0.5950287,0.1844,0.4234,Nurture_Upsell,Contacto proactivo + propuesta de ampliacion de servicios,Medium
6543-XRMYR,0.6891,High,0.0,Low,0.1155,0,0.8005017321705891,0.0,0.1155,0.4234,Retain_Urgent,Visita urgente - oferta de retencion,Medium
3518-PZXZQ,0.5874,High,2.96,Low,0.3347,0,0.6790108708636962,0.05659656,0.3347,0.4234,Retain_Urgent,Visita urgente - oferta de retencion,Medium
1309-BXVOQ,0.6575,High,0.0,Low,0.2093,0,0.7627523593358022,0.0,0.2093,0.4232,Retain_Urgent,Visita urgente - oferta de retencion,Medium
9436-ZBZCT,0.5972,High,5.49,Medium,0.2313,0,0.6907179548441046,0.10497132,0.2313,0.4231,Retain_Urgent,Visita urgente - oferta de retencion,Medium
9360-OMDZZ,0.6445,High,1.18,Low,0.2128,0,0.7472225540556684,0.02256214,0.2128,0.4229,Retain_Urgent,Visita urgente - oferta de retencion,Medium
3583-EKAPL,0.5832,High,3.26,Low,0.3354,0,0.6739935491578067,0.062332697,0.3354,0.4228,Retain_Urgent,Visita urgente - oferta de retencion,Medium
6633-MPWBS,0.5463,High,9.15,Medium,0.2762,0,0.6299127941703501,0.1749522,0.2762,0.4227,Retain_Urgent,Visita urgente - oferta de retencion,Medium
7079-QRCBC,0.6769,High,0.0,Low,0.1482,0,0.7859276072153865,0.0,0.1482,0.4226,Retain_Urgent,Visita urgente - oferta de retencion,Medium
6986-IXNDM,0.6279,High,4.26,Low,0.1723,0,0.7273921873133438,0.08145316,0.1723,0.4226,Retain_Urgent,Visita urgente - oferta de retencion,Medium
4349-GFQHK,0.5738,High,4.41,Low,0.3292,0,0.6627643053398639,0.08432122,0.3292,0.4225,Retain_Urgent,Visita urgente - oferta de retencion,Medium
5389-FFVKB,0.4745,High,15.48,Medium,0.3078,0,0.5441404850077649,0.2959847,0.3078,0.4224,Retain_Urgent,Visita urgente - oferta de retencion,Medium
1513-XNPPH,0.6402,High,6.17,Medium,0.0796,0,0.7420857723091626,0.11797324,0.0796,0.4224,Retain_Urgent,Visita urgente - oferta de retencion,Medium
3237-AJGEH,0.3246,Medium,28.11,High,0.3923,0,0.3650698841237606,0.5374761,0.3923,0.4222,Nurture_Upsell,Contacto proactivo + propuesta de ampliacion de servicios,Medium
7402-EYFXX,0.665,High,1.9,Low,0.1256,0,0.7717118623820333,0.03632887,0.1256,0.4219,Retain_Urgent,Visita urgente - oferta de retencion,Medium
6537-OTKMY,0.391,Medium,21.8,High,0.3718,0,0.4443913510930594,0.416826,0.3718,0.4216,Nurture_Upsell,Contacto proactivo + propuesta de ampliacion de servicios,Medium
0322-YINQP,0.5135,High,9.89,Medium,0.3472,0,0.5907299008481662,0.18910135,0.3472,0.4215,Retain_Urgent,Visita urgente - oferta de retencion,Medium
9026-RNUJS,0.5982,High,8.21,Medium,0.1407,0,0.6919125552502687,0.15697896,0.1407,0.4212,Retain_Urgent,Visita urgente - oferta de retencion,Medium
5419-JKZNQ,0.3475,Medium,18.98,Medium,0.579,0,0.39242623342491934,0.3629063,0.579,0.4209,Maintain,Mantenimiento - comunicacion periodica,Medium
0623-IIHUG,0.4888,High,17.19,Medium,0.2077,0,0.5612232708159121,0.3286807,0.2077,0.4208,Retain_Urgent,Visita urgente - oferta de retencion,Medium
0674-EYYZV,0.5807,High,3.28,Low,0.3319,0,0.6710070481423964,0.062715106,0.3319,0.4207,Retain_Urgent,Visita urgente - oferta de retencion,Medium
9779-DPNEJ,0.5231,High,15.54,Medium,0.1512,0,0.602198064747342,0.29713193,0.1512,0.4205,Retain_Urgent,Visita urgente - oferta de retencion,Medium
8155-IBNHG,0.3246,Medium,20.13,High,0.6123,1,0.3650698841237606,0.38489482,0.6123,0.4205,Nurture_Upsell,Contacto proactivo + propuesta de ampliacion de servicios,Medium
0378-NHQXU,0.621,High,6.87,Medium,0.1068,0,0.7191494445108112,0.13135755,0.1068,0.4203,Retain_Urgent,Visita urgente - oferta de retencion,Medium
2842-BCQGE,0.2839,Low,20.04,High,0.7357,1,0.31644964759288013,0.38317403,0.7357,0.4203,Grow_Upsell,Campana de upsell / cross-sell,Medium
4430-UZIPO,0.3426,Medium,22.18,High,0.4987,0,0.3865726914347151,0.4240918,0.4987,0.4203,Nurture_Upsell,Contacto proactivo + propuesta de ampliacion de servicios,Medium
1113-IUJYX,0.502,High,0.54,Low,0.6412,1,0.5769919961772787,0.010325048,0.6412,0.4198,Retain_InvestigateBill,Retencion urgente + revision de facturacion,Medium
5934-RMPOV,0.5345,High,11.06,Medium,0.242,0,0.6158165093776131,0.21147229,0.242,0.4197,Retain_Urgent,Visita urgente - oferta de retencion,Medium
4822-NGOCH,0.5799,High,11.26,Medium,0.099,0,0.670051367817465,0.21529637,0.099,0.4194,Retain_Urgent,Visita urgente - oferta de retencion,Medium
4298-OYIFC,0.6478,High,0.0,Low,0.2187,0,0.7511647353960101,0.0,0.2187,0.4193,Retain_Urgent,Visita urgente - oferta de retencion,Medium
4412-YLTKF,0.4979,High,17.37,Medium,0.168,0,0.5720941345120057,0.3321224,0.168,0.4193,Retain_Urgent,Visita urgente - oferta de retencion,Medium
9631-XEYKE,0.4309,Medium,8.04,Medium,0.6351,1,0.4920559072990085,0.15372849,0.6351,0.4192,Investigate_Billing,Revision de facturacion / condiciones especiales,Medium
6583-KQJLK,0.5847,High,0.54,Low,0.3906,0,0.6757854497670529,0.010325048,0.3906,0.4191,Retain_Urgent,Visita urgente - oferta de retencion,Medium
8714-EUHJO,0.5539,High,4.22,Low,0.3752,0,0.6389917572571974,0.080688335,0.3752,0.4187,Retain_Urgent,Visita urgente - oferta de retencion,Medium
8988-ECPJR,0.4987,High,15.75,Medium,0.2086,0,0.5730498148369371,0.30114722,0.2086,0.4186,Retain_Urgent,Visita urgente - oferta de retencion,Medium
2845-AFFTX,0.591,High,0.02,Low,0.3836,0,0.683311432325887,0.00038240917,0.3836,0.4185,Retain_Urgent,Visita urgente - oferta de retencion,Medium
0374-IOEGQ,0.3949,Medium,13.79,Medium,0.5724,0,0.4490502926770995,0.26367113,0.5724,0.4181,Maintain,Mantenimiento - comunicacion periodica,Medium
5882-CMAZQ,0.3896,Medium,23.48,High,0.3073,0,0.4427189105244296,0.44894838,0.3073,0.4175,Nurture_Upsell,Contacto proactivo + propuesta de ampliacion de servicios,Medium
9584-EXCDZ,0.3308,Medium,25.06,High,0.4372,0,0.37247640664197823,0.4791587,0.4372,0.4174,Nurture_Upsell,Contacto proactivo + propuesta de ampliacion de servicios,Medium
4883-QICIH,0.2306,Low,25.65,High,0.7188,1,0.25277744594433166,0.49043977,0.7188,0.4173,Grow_Upsell,Campana de upsell / cross-sell,Medium
1396-QWFBJ,0.4701,High,21.17,High,0.131,0,0.5388842432206428,0.40478012,0.131,0.4171,Retain_HighValue,Retencion urgente + oferta personalizada (cliente de alto valor),Medium
0617-FHSGK,0.292,Low,20.23,High,0.6894,1,0.3261259108828097,0.38680688,0.6894,0.417,Grow_Upsell,Campana de upsell / cross-sell,Medium
6029-WTIPC,0.6639,High,0.0,Low,0.1584,0,0.7703978019352528,0.0,0.1584,0.4169,Retain_Urgent,Visita urgente - oferta de retencion,Medium
9625-QSTYE,0.475,High,14.38,Medium,0.3103,0,0.5447377852108469,0.2749522,0.3103,0.4169,Retain_Urgent,Visita urgente - oferta de retencion,Medium
5207-PLSTK,0.5033,High,9.86,Medium,0.354,0,0.578544976705292,0.18852772,0.354,0.4166,Retain_Urgent,Visita urgente - oferta de retencion,Medium
2476-YGEFM,0.3378,Medium,19.59,Medium,0.5686,0,0.3808386094851272,0.3745698,0.5686,0.4165,Maintain,Mantenimiento - comunicacion periodica,Medium
1264-BYWMS,0.5889,High,0.8,Low,0.3577,0,0.6808027714729423,0.015296368,0.3577,0.4165,Retain_Urgent,Visita urgente - oferta de retencion,Medium
3063-QFSZL,0.5728,High,3.15,Low,0.3378,0,0.6615697049336997,0.060229447,0.3378,0.4164,Retain_Urgent,Visita urgente - oferta de retencion,Medium
7147-AYBAA,0.2765,Low,24.97,High,0.5969,0,0.3076096045872656,0.47743785,0.5969,0.4164,Grow_Upsell,Campana de upsell / cross-sell,Medium
8757-TFHHJ,0.5157,High,9.03,Medium,0.3386,0,0.5933580217417275,0.17265774,0.3386,0.4162,Retain_Urgent,Visita urgente - oferta de retencion,Medium
6821-BUXUX,0.6834,High,0.0,Low,0.0965,0,0.7936925098554534,0.0,0.0965,0.4161,Retain_Urgent,Visita urgente - oferta de retencion,Medium
6581-NQCBA,0.5809,High,8.76,Medium,0.1491,0,0.6712459682236291,0.16749522,0.1491,0.4157,Retain_Urgent,Visita urgente - oferta de retencion,Medium
3733-LSYCE,0.4876,High,19.95,Medium,0.1061,0,0.5597897503285151,0.3814532,0.1061,0.4156,Retain_Urgent,Visita urgente - oferta de retencion,Medium
5671-RQRLP,0.0869,Low,35.13,High,0.867,1,0.08111336757854498,0.6717017,0.867,0.4155,Grow_Upsell,Campana de upsell / cross-sell,Medium
6133-OZILE,0.4013,Medium,23.3,High,0.2668,0,0.45669573527655,0.4455067,0.2668,0.4154,Nurture_Upsell,Contacto proactivo + propuesta de ampliacion de servicios,Medium
3716-UVSPD,0.5087,High,9.2,Medium,0.3499,0,0.5849958188985784,0.17590822,0.3499,0.4153,Retain_Urgent,Visita urgente - oferta de retencion,Medium
9272-LSVYH,0.3102,Low,25.33,High,0.4797,0,0.347867638274997,0.48432124,0.4797,0.4152,Grow_Upsell,Campana de upsell / cross-sell,Medium
5156-UMKOW,0.3074,Low,28.16,High,0.4058,0,0.34452275713773745,0.5384321,0.4058,0.415,Grow_Upsell,Campana de upsell / cross-sell,Medium
4373-MAVJG,0.6333,High,4.58,Low,0.1084,0,0.73384302950663,0.0875717,0.1084,0.4149,Retain_Urgent,Visita urgente - oferta de retencion,Medium
1766-GKNMI,0.5118,High,10.17,Medium,0.3113,0,0.5886990801576873,0.19445507,0.3113,0.4149,Retain_Urgent,Visita urgente - oferta de retencion,Medium
0537-QYZZN,0.4932,High,15.3,Medium,0.2189,0,0.5664795126030343,0.29254302,0.2189,0.4148,Retain_Urgent,Visita urgente - oferta de retencion,Medium
8286-AFUYI,0.4991,High,9.92,Medium,0.3553,0,0.5735276549994027,0.18967496,0.3553,0.4147,Retain_Urgent,Visita urgente - oferta de retencion,Medium
9992-UJOEL,0.4876,High,8.2,Medium,0.4377,0,0.5597897503285151,0.15678777,0.4377,0.4145,Retain_Urgent,Visita urgente - oferta de retencion,Medium
2273-QCKXA,0.5036,High,9.61,Medium,0.3493,0,0.5789033568271413,0.1837476,0.3493,0.4144,Retain_Urgent,Visita urgente - oferta de retencion,Medium
7129-CAKJW,0.5287,High,15.4,Medium,0.1075,0,0.6088878270218612,0.29445505,0.1075,0.4143,Retain_Urgent,Visita urgente - oferta de retencion,Medium
5453-AXEPF,0.5229,High,14.97,Medium,0.1372,0,0.6019591446661092,0.28623328,0.1372,0.4143,Retain_Urgent,Visita urgente - oferta de retencion,Medium
3374-LXDEV,0.6159,High,6.36,Medium,0.1055,0,0.7130569824393741,0.12160613,0.1055,0.4141,Retain_Urgent,Visita urgente - oferta de retencion,Medium
4592-IWTJI,0.2975,Low,28.67,High,0.4147,0,0.33269621311671244,0.54818356,0.4147,0.4137,Grow_Upsell,Campana de upsell / cross-sell,Medium
3097-NNSPB,0.4705,High,9.64,Medium,0.4437,0,0.5393620833831083,0.18432124,0.4437,0.4137,Retain_Urgent,Visita urgente - oferta de retencion,Medium
5244-IRFIH,0.6492,High,0.97,Low,0.1578,0,0.7528371759646398,0.018546846,0.1578,0.4135,Retain_Urgent,Visita urgente - oferta de retencion,Medium
8903-WMRNW,0.5198,High,0.08,Low,0.5691,0,0.5982558834070004,0.0015296367,0.5691,0.4134,Retain_Urgent,Visita urgente - oferta de retencion,Medium
8739-WWKDU,0.6204,High,6.03,Medium,0.0975,0,0.7184326842671126,0.11529637,0.0975,0.4133,Retain_Urgent,Visita urgente - oferta de retencion,Medium
1303-SRDOK,0.0643,Low,41.31,High,0.7463,1,0.05411539839923545,0.7898662,0.7463,0.4133,Grow_Upsell,Campana de upsell / cross-sell,Medium
1254-IZEYF,0.6373,High,0.0,Low,0.2201,0,0.7386214311312865,0.0,0.2201,0.4133,Retain_Urgent,Visita urgente - oferta de retencion,Medium
0112-QAWRZ,0.6344,High,4.76,Low,0.0919,0,0.7351570899534106,0.09101339,0.0919,0.4133,Retain_Urgent,Visita urgente - oferta de retencion,Medium
2357-COQEK,0.6609,High,0.0,Low,0.1491,0,0.7668140007167603,0.0,0.1491,0.4132,Retain_Urgent,Visita urgente - oferta de retencion,Medium
1866-RZZQS,0.6044,High,0.03,Low,0.3158,0,0.6993190777684866,0.00057361374,0.3158,0.413,Retain_Urgent,Visita urgente - oferta de retencion,Medium
6692-UDPJC,0.6418,High,4.04,Low,0.0889,0,0.7439971329590253,0.07724665,0.0889,0.413,Retain_Urgent,Visita urgente - oferta de retencion,Medium
8922-LIEGH,0.6136,High,5.99,Medium,0.1169,0,0.7103094015051966,0.11453155,0.1169,0.4129,Retain_Urgent,Visita urgente - oferta de retencion,Medium
5382-SOYZL,0.621,High,0.53,Low,0.2508,0,0.7191494445108112,0.010133843,0.2508,0.4128,Retain_Urgent,Visita urgente - oferta de retencion,Medium
7562-UXTPG,0.319,Low,25.27,High,0.443,0,0.35838012184924145,0.48317403,0.443,0.4127,Grow_Upsell,Campana de upsell / cross-sell,Medium
9752-ZNQUT,0.4983,High,9.93,Medium,0.3472,0,0.5725719746744714,0.18986617,0.3472,0.4127,Retain_Urgent,Visita urgente - oferta de retencion,Medium
3663-MITLP,0.6095,High,0.06,Low,0.298,0,0.7054115398399237,0.0011472275,0.298,0.4126,Retain_Urgent,Visita urgente - oferta de retencion,Medium
4077-CROMM,0.6634,High,0.0,Low,0.137,0,0.7698005017321706,0.0,0.137,0.4123,Retain_Urgent,Visita urgente - oferta de retencion,Medium
9369-XFEHK,0.4993,High,14.85,Medium,0.201,0,0.5737665750806356,0.28393883,0.201,0.4123,Retain_Urgent,Visita urgente - oferta de retencion,Medium
5947-SGKCL,0.6204,High,0.0,Low,0.2626,0,0.7184326842671126,0.0,0.2626,0.4117,Retain_Urgent,Visita urgente - oferta de retencion,Medium
2718-GAXQD,0.4833,High,12.8,Medium,0.3037,0,0.5546529685820093,0.24474189,0.3037,0.4115,Retain_Urgent,Visita urgente - oferta de retencion,Medium
5980-NOPLP,0.5631,High,0.23,Low,0.4233,0,0.6499820809939076,0.0043977057,0.4233,0.411,Retain_Urgent,Visita urgente - oferta de retencion,Medium
6825-UYPFK,0.3313,Medium,20.06,High,0.5469,0,0.3730737068450603,0.3835564,0.5469,0.411,Nurture_Upsell,Contacto proactivo + propuesta de ampliacion de servicios,Medium
0793-TWELN,0.517,High,15.32,Medium,0.1277,0,0.5949110022697408,0.29292542,0.1277,0.4109,Retain_Urgent,Visita urgente - oferta de retencion,Medium
7693-QPEFS,0.2491,Low,22.03,High,0.7351,1,0.2748775534583682,0.42122373,0.7351,0.4108,Grow_Upsell,Campana de upsell / cross-sell,Medium
2108-XWMPY,0.3229,Medium,22.88,High,0.49,0,0.3630390634332816,0.4374761,0.49,0.4108,Nurture_Upsell,Contacto proactivo + propuesta de ampliacion de servicios,Medium
3945-GFWQL,0.4319,Medium,13.79,Medium,0.4253,0,0.49325050770517265,0.26367113,0.4253,0.4108,Maintain,Mantenimiento - comunicacion periodica,Medium
0939-YAPAF,0.658,High,0.0,Low,0.1457,0,0.7633496595388843,0.0,0.1457,0.4108,Retain_Urgent,Visita urgente - oferta de retencion,Medium
4727-MCYZG,0.5628,High,3.05,Low,0.3416,0,0.6496237008720582,0.0583174,0.3416,0.4106,Retain_Urgent,Visita urgente - oferta de retencion,Medium
3393-FMZPV,0.5931,High,0.0,Low,0.3378,0,0.6858200931788316,0.0,0.3378,0.4105,Retain_Urgent,Visita urgente - oferta de retencion,Medium
7128-GGCNO,0.2478,Low,22.1,High,0.7344,1,0.27332457293035484,0.42256215,0.7344,0.4103,Grow_Upsell,Campana de upsell / cross-sell,Medium
5914-DVBWJ,0.5864,High,9.73,Medium,0.0779,0,0.677816270457532,0.18604206,0.0779,0.4103,Retain_Urgent,Visita urgente - oferta de retencion,Medium
8800-JOOCF,0.5228,High,11.43,Medium,0.2183,0,0.6018396846254929,0.21854685,0.2183,0.4101,Retain_Urgent,Visita urgente - oferta de retencion,Medium
2114-MGINA,0.5315,High,5.28,Medium,0.3678,0,0.6122327081591208,0.10095603,0.3678,0.41,Retain_Urgent,Visita urgente - oferta de retencion,Medium
5935-FCCNB,0.6501,High,1.15,Low,0.1314,0,0.7539123163301876,0.021988528,0.1314,0.4098,Retain_Urgent,Visita urgente - oferta de retencion,Medium
0621-JFHOL,0.1338,Low,52.3,High,0.2057,0,0.13714012662764305,1.0,0.2057,0.4097,Grow_Upsell,Campana de upsell / cross-sell,Medium
4718-DHSMV,0.4223,Medium,22.64,High,0.1938,0,0.48178234380599694,0.4328872,0.1938,0.4095,Nurture_Upsell,Contacto proactivo + propuesta de ampliacion de servicios,Medium
9450-TRJUU,0.4891,High,11.7,Medium,0.3074,0,0.5615816509377614,0.22370937,0.3074,0.4094,Retain_Urgent,Visita urgente - oferta de retencion,Medium
9402-ORRAH,0.6252,High,4.28,Low,0.1136,0,0.7241667662167005,0.08183557,0.1136,0.4094,Retain_Urgent,Visita urgente - oferta de retencion,Medium
5955-ERIHD,0.6505,High,0.72,Low,0.1395,0,0.7543901564926532,0.013766731,0.1395,0.4092,Retain_Urgent,Visita urgente - oferta de retencion,Medium
5501-TVMGM,0.5606,High,3.23,Low,0.3347,0,0.6469955799784972,0.061759084,0.3347,0.409,Retain_Urgent,Visita urgente - oferta de retencion,Medium
8290-YWKHZ,0.6258,High,1.97,Low,0.1733,0,0.724883526460399,0.037667304,0.1733,0.4084,Retain_Urgent,Visita urgente - oferta de retencion,Medium
4116-TZAQJ,0.4565,Medium,20.85,High,0.1365,0,0.5226376776968105,0.39866158,0.1365,0.4082,Nurture_Upsell,Contacto proactivo + propuesta de ampliacion de servicios,Medium
2082-OJVTK,0.5692,High,6.07,Medium,0.2231,0,0.6572691434715089,0.11606119,0.2231,0.4081,Retain_Urgent,Visita urgente - oferta de retencion,Medium
1228-ZLNBX,0.3336,Medium,20.34,High,0.5172,0,0.37582128777923784,0.38891014,0.5172,0.408,Nurture_Upsell,Contacto proactivo + propuesta de ampliacion de servicios,Medium
4081-DYXAV,0.376,Medium,27.19,High,0.1924,0,0.42647234500059733,0.5198853,0.1924,0.4077,Nurture_Upsell,Contacto proactivo + propuesta de ampliacion de servicios,Medium
3481-JHUZH,0.398,Medium,15.36,Medium,0.4637,0,0.45275355393620836,0.29369023,0.4637,0.4072,Maintain,Mantenimiento - comunicacion periodica,Medium
7978-DKUQH,0.4211,Medium,21.02,High,0.2317,0,0.4803488233185999,0.40191206,0.2317,0.4071,Nurture_Upsell,Contacto proactivo + propuesta de ampliacion de servicios,Medium
3587-PMCOY,0.5015,High,5.61,Medium,0.4331,0,0.5763946959741966,0.10726578,0.4331,0.407,Retain_Urgent,Visita urgente - oferta de retencion,Medium
5349-AZPEW,0.3432,Medium,33.54,High,0.1048,0,0.38728945167841355,0.6413002,0.1048,0.407,Nurture_Upsell,Contacto proactivo + propuesta de ampliacion de servicios,Medium
9647-ERGBE,0.6422,High,0.0,Low,0.1722,0,0.7444749731214909,0.0,0.1722,0.4067,Retain_Urgent,Visita urgente - oferta de retencion,Medium
5989-PGKJB,0.58,High,9.36,Medium,0.0891,0,0.6701708278580815,0.17896749,0.0891,0.4066,Retain_Urgent,Visita urgente - oferta de retencion,Medium
5533-NHFRF,0.3888,Medium,15.15,Medium,0.4926,0,0.44176323019949826,0.28967494,0.4926,0.4063,Maintain,Mantenimiento - comunicacion periodica,Medium
4423-YLHDV,0.6352,High,0.0,Low,0.191,0,0.7361127702783419,0.0,0.191,0.4063,Retain_Urgent,Visita urgente - oferta de retencion,Medium
9822-OAOVB,0.5564,High,3.09,Low,0.3378,0,0.6419782582726078,0.059082218,0.3378,0.4063,Retain_Urgent,Visita urgente - oferta de retencion,Medium
3096-GKWEB,0.6482,High,0.66,Low,0.1326,0,0.7516425755584757,0.012619504,0.1326,0.4061,Retain_Urgent,Visita urgente - oferta de retencion,Medium
1626-ERCMM,0.6453,High,0.95,Low,0.1323,0,0.7481782343805997,0.018164435,0.1323,0.406,Retain_Urgent,Visita urgente - oferta de retencion,Medium
3990-QYKBE,0.6145,High,2.05,Low,0.1927,0,0.7113845418707443,0.039196942,0.1927,0.406,Retain_Urgent,Visita urgente - oferta de retencion,Medium
5188-HGMLP,0.2256,Low,21.38,High,0.7979,1,0.24680444391351095,0.4087954,0.7979,0.4056,Grow_Upsell,Campana de upsell / cross-sell,Medium
4818-DRBQT,0.4716,High,15.32,Medium,0.2364,0,0.5406761438298889,0.29292542,0.2364,0.4055,Retain_Urgent,Visita urgente - oferta de retencion,Medium
7020-OZKXZ,0.4476,Medium,19.81,Medium,0.1793,0,0.5120057340819496,0.37877628,0.1793,0.4055,Maintain,Mantenimiento - comunicacion periodica,Medium
7916-VCCPB,0.4502,Medium,21.53,High,0.1224,0,0.5151116951379764,0.4116635,0.1224,0.4055,Nurture_Upsell,Contacto proactivo + propuesta de ampliacion de servicios,Medium
8329-GWVPJ,0.2106,Low,25.39,High,0.7264,1,0.2288854378210489,0.48546845,0.7264,0.4054,Grow_Upsell,Campana de upsell / cross-sell,Medium
7480-QNVZJ,0.589,High,0.7,Low,0.3045,0,0.6809222315135587,0.013384321,0.3045,0.4054,Retain_Urgent,Visita urgente - oferta de retencion,Medium
3269-ATYWD,0.6182,High,0.27,Low,0.2294,0,0.7158045633735516,0.005162524,0.2294,0.4053,Retain_Urgent,Visita urgente - oferta de retencion,Medium
6032-KRXXO,0.6059,High,5.21,Medium,0.1231,0,0.7011109783777326,0.09961759,0.1231,0.4051,Retain_Urgent,Visita urgente - oferta de retencion,Medium
9767-FFLEM,0.2528,Low,25.69,High,0.5899,0,0.2792975749611755,0.49120462,0.5899,0.405,Grow_Upsell,Campana de upsell / cross-sell,Medium
5909-ECHUI,0.555,High,2.57,Low,0.3439,0,0.6403058177039781,0.049139578,0.3439,0.4037,Retain_Urgent,Visita urgente - oferta de retencion,Medium
6712-OAWRH,0.6213,High,4.41,Low,0.0927,0,0.7195078246326604,0.08432122,0.0927,0.4036,Retain_Urgent,Visita urgente - oferta de retencion,Medium
9174-IHETN,0.0986,Low,38.52,High,0.6745,1,0.09509019233066539,0.7365201,0.6745,0.4034,Grow_Upsell,Campana de upsell / cross-sell,Medium
0623-GDISB,0.4831,High,9.89,Medium,0.3472,0,0.5544140485007765,0.18910135,0.3472,0.4034,Retain_Urgent,Visita urgente - oferta de retencion,Medium
1471-GIQKQ,0.4987,High,8.55,Medium,0.3389,0,0.5730498148369371,0.16347992,0.3389,0.4033,Retain_Urgent,Visita urgente - oferta de retencion,Medium
1536-HBSWP,0.4945,High,9.03,Medium,0.3372,0,0.5680324931310476,0.17265774,0.3372,0.4033,Retain_Urgent,Visita urgente - oferta de retencion,Medium
3640-PHQXK,0.6132,High,5.42,Medium,0.0861,0,0.7098315613427308,0.10363289,0.0861,0.4032,Retain_Urgent,Visita urgente - oferta de retencion,Medium
2770-NSVDG,0.3425,Medium,29.38,High,0.2071,0,0.3864532313940987,0.56175905,0.2071,0.4032,Nurture_Upsell,Contacto proactivo + propuesta de ampliacion de servicios,Medium
0365-BZUWY,0.6184,High,0.0,Low,0.2256,0,0.7160434834547843,0.0,0.2256,0.4031,Retain_Urgent,Visita urgente - oferta de retencion,Medium
6629-CZTTH,0.5525,High,2.86,Low,0.3391,0,0.6373193166885677,0.054684512,0.3391,0.4029,Retain_Urgent,Visita urgente - oferta de retencion,Medium
7312-XSBAT,0.4927,High,9.04,Medium,0.3386,0,0.5658822123999523,0.17284895,0.3386,0.4025,Retain_Urgent,Visita urgente - oferta de retencion,Medium
9330-IJWIO,0.6078,High,0.0,Low,0.2517,0,0.7033807191494446,0.0,0.2517,0.402,Retain_Urgent,Visita urgente - oferta de retencion,Medium
9661-MHUMO,0.4863,High,9.19,Medium,0.3507,0,0.5582367698005017,0.17571701,0.3507,0.402,Retain_Urgent,Visita urgente - oferta de retencion,Medium
8436-BJUMM,0.4623,Medium,11.6,Medium,0.3528,0,0.5295663600525624,0.22179733,0.3528,0.4019,Maintain,Mantenimiento - comunicacion periodica,Medium
2430-USGXP,0.6395,High,0.0,Low,0.1547,0,0.7412495520248477,0.0,0.1547,0.4016,Retain_Urgent,Visita urgente - oferta de retencion,Medium
5981-ITEMU,0.5169,High,0.76,Low,0.4991,0,0.5947915422291244,0.014531549,0.4991,0.4016,Retain_Urgent,Visita urgente - oferta de retencion,Medium
4735-ASGMA,0.6512,High,0.0,Low,0.1196,0,0.7552263767769681,0.0,0.1196,0.4015,Retain_Urgent,Visita urgente - oferta de retencion,Medium
6641-XRPSU,0.2516,Low,25.35,High,0.5851,0,0.27786405447377854,0.48470366,0.5851,0.4014,Grow_Upsell,Campana de upsell / cross-sell,Medium
1346-UFHAX,0.5113,High,15.36,Medium,0.095,0,0.5881017799546052,0.29369023,0.095,0.4012,Retain_Urgent,Visita urgente - oferta de retencion,Medium
8069-RHUXK,0.0298,Low,47.9,High,0.6001,0,0.012901684386572692,0.91587,0.6001,0.4012,Grow_Upsell,Campana de upsell / cross-sell,Medium
2606-RMDHZ,0.2852,Low,28.38,High,0.3935,0,0.3180026281208936,0.5426386,0.3935,0.4005,Grow_Upsell,Campana de upsell / cross-sell,Medium
4690-LLKUA,0.4596,Medium,13.33,Medium,0.304,0,0.5263409389559193,0.25487572,0.304,0.4004,Maintain,Mantenimiento - comunicacion periodica,Medium
6339-DKLMK,0.3544,Medium,27.6,High,0.2081,0,0.4006689762274519,0.5277247,0.2081,0.4003,Nurture_Upsell,Contacto proactivo + propuesta de ampliacion de servicios,Medium
5520-FVEWJ,0.4782,High,11.24,Medium,0.307,0,0.5485605065105722,0.21491395,0.307,0.4002,Retain_Urgent,Visita urgente - oferta de retencion,Medium
0369-ZGOVK,0.1856,Low,34.87,High,0.5029,0,0.19902042766694542,0.6667304,0.5029,0.4001,Grow_Upsell,Campana de upsell / cross-sell,Medium
2070-FNEXE,0.4502,Medium,19.08,Medium,0.1647,0,0.5151116951379764,0.36481836,0.1647,0.3999,Maintain,Mantenimiento - comunicacion periodica,Medium
2311-QYMUQ,0.6082,High,6.21,Medium,0.0607,0,0.7038585593119101,0.118738055,0.0607,0.3997,Retain_Urgent,Visita urgente - oferta de retencion,Medium
9518-XXBXE,0.4493,Medium,20.06,High,0.1382,0,0.5140365547724286,0.3835564,0.1382,0.3997,Nurture_Upsell,Contacto proactivo + propuesta de ampliacion de servicios,Medium
3866-MDTUB,0.5088,High,0.13,Low,0.5311,0,0.5851152789391949,0.0024856597,0.5311,0.3995,Retain_Urgent,Visita urgente - oferta de retencion,Medium
3955-JBZZM,0.4481,Medium,16.53,Medium,0.242,0,0.5126030342850316,0.3160612,0.242,0.3995,Maintain,Mantenimiento - comunicacion periodica,Medium
8544-GOQSH,0.5276,High,15.45,Medium,0.0349,0,0.6075737665750806,0.29541108,0.0349,0.3994,Retain_Urgent,Visita urgente - oferta de retencion,Medium
6227-HWPWX,0.2754,Low,26.31,High,0.4769,0,0.306295544140485,0.50305927,0.4769,0.3994,Grow_Upsell,Campana de upsell / cross-sell,Medium
3594-KADLU,0.2901,Low,23.47,High,0.5137,0,0.32385617011109785,0.44875717,0.5137,0.3993,Grow_Upsell,Campana de upsell / cross-sell,Medium
4873-ILOLJ,0.5822,High,5.22,Medium,0.1641,0,0.6727989487516427,0.09980879,0.1641,0.3992,Retain_Urgent,Visita urgente - oferta de retencion,Medium
4065-JJAVA,0.4847,High,9.19,Medium,0.341,0,0.5563254091506391,0.17571701,0.341,0.3991,Retain_Urgent,Visita urgente - oferta de retencion,Medium
7580-UGXNC,0.5104,High,3.39,Low,0.4307,0,0.5870266395890574,0.06481836,0.4307,0.3991,Retain_Urgent,Visita urgente - oferta de retencion,Medium
1732-VHUBQ,0.2375,Low,24.73,High,0.633,1,0.26102018874686417,0.47284895,0.633,0.399,Grow_Upsell,Campana de upsell / cross-sell,Medium
5153-RTHKF,0.4937,High,9.86,Medium,0.2939,0,0.5670768128061164,0.18852772,0.2939,0.3989,Retain_Urgent,Visita urgente - oferta de retencion,Medium
5301-GAUUY,0.4691,Medium,15.15,Medium,0.2147,0,0.5376896428144786,0.28967494,0.2147,0.3987,Maintain,Mantenimiento - comunicacion periodica,Medium
4853-OITSN,0.55,High,6.22,Medium,0.2273,0,0.6343328156731574,0.11892925,0.2273,0.3983,Retain_Urgent,Visita urgente - oferta de retencion,Medium
5839-SUYVZ,0.4424,Medium,20.9,High,0.1267,0,0.5057938119698961,0.39961758,0.1267,0.3981,Nurture_Upsell,Contacto proactivo + propuesta de ampliacion de servicios,Medium
9172-JITSM,0.6144,High,4.8,Low,0.0735,0,0.7112650818301278,0.09177821,0.0735,0.3979,Retain_Urgent,Visita urgente - oferta de retencion,Medium
4817-VYYWS,0.6417,High,0.0,Low,0.1297,0,0.7438776729184089,0.0,0.1297,0.3979,Retain_Urgent,Visita urgente - oferta de retencion,Medium
9057-MSWCO,0.3349,Medium,28.47,High,0.2289,0,0.3773742683072512,0.54435945,0.2289,0.3978,Nurture_Upsell,Contacto proactivo + propuesta de ampliacion de servicios,Medium
6719-OXYBR,0.5434,High,9.88,Medium,0.1393,0,0.626448452992474,0.18891014,0.1393,0.3978,Retain_Urgent,Visita urgente - oferta de retencion,Medium
8313-NDOIA,0.6311,High,0.0,Low,0.1604,0,0.7312149086130689,0.0,0.1604,0.3977,Retain_Urgent,Visita urgente - oferta de retencion,Medium
5397-TUPSH,0.1023,Low,34.31,High,0.7544,1,0.09951021383347271,0.65602297,0.7544,0.3974,Grow_Upsell,Campana de upsell / cross-sell,Medium
6137-NICCO,0.5777,High,1.47,Low,0.2762,0,0.667423246923904,0.028107075,0.2762,0.3974,Retain_Urgent,Visita urgente - oferta de retencion,Medium
5449-FIBXJ,0.601,High,0.0,Low,0.2478,0,0.6952574363875283,0.0,0.2478,0.3972,Retain_Urgent,Visita urgente - oferta de retencion,Medium
5701-YVSVF,0.5331,High,12.44,Medium,0.0934,0,0.6141440688089834,0.2378585,0.0934,0.3971,Retain_Urgent,Visita urgente - oferta de retencion,Medium
6005-OBZPH,0.5942,High,6.2,Medium,0.0891,0,0.6871341536256121,0.11854684,0.0891,0.397,Retain_Urgent,Visita urgente - oferta de retencion,Medium
2824-MYYBN,0.5144,High,0.28,Low,0.4973,0,0.591805041213714,0.005353729,0.4973,0.397,Retain_Urgent,Visita urgente - oferta de retencion,Medium
3668-QPYBK,0.502,High,5.16,Medium,0.3937,0,0.5769919961772787,0.098661564,0.3937,0.3968,Retain_Urgent,Visita urgente - oferta de retencion,Medium
1226-UDFZR,0.4108,Medium,9.3,Medium,0.5458,0,0.4680444391351093,0.17782028,0.5458,0.3965,Maintain,Mantenimiento - comunicacion periodica,Medium
8212-DJRCH,0.5662,High,5.21,Medium,0.1977,0,0.6536853422530164,0.09961759,0.1977,0.3963,Retain_Urgent,Visita urgente - oferta de retencion,Medium
7426-RHZGU,0.6266,High,0.09,Low,0.1642,0,0.7258392067853304,0.0017208414,0.1642,0.3963,Retain_Urgent,Visita urgente - oferta de retencion,Medium
3536-IQCTX,0.4764,High,9.93,Medium,0.3303,0,0.5464102257794767,0.18986617,0.3303,0.3962,Retain_Urgent,Visita urgente - oferta de retencion,Medium
2894-QOJRX,0.3964,Medium,23.63,High,0.1745,0,0.45084219328634567,0.45181644,0.1745,0.3959,Nurture_Upsell,Contacto proactivo + propuesta de ampliacion de servicios,Medium
0257-ZESQC,0.3772,Medium,20.11,High,0.3332,0,0.42790586548799425,0.38451245,0.3332,0.3959,Nurture_Upsell,Contacto proactivo + propuesta de ampliacion de servicios,Medium
3629-ZNKXA,0.6013,High,0.16,Low,0.2342,0,0.6956158165093775,0.0030592734,0.2342,0.3956,Retain_Urgent,Visita urgente - oferta de retencion,Medium
4828-FAZPK,0.4969,High,15.41,Medium,0.108,0,0.5708995341058416,0.29464626,0.108,0.3954,Retain_Urgent,Visita urgente - oferta de retencion,Medium
8104-OSKWT,0.4704,High,15.38,Medium,0.1873,0,0.539242623342492,0.29407266,0.1873,0.3953,Retain_Urgent,Visita urgente - oferta de retencion,Medium
4450-MDZFX,0.2263,Low,21.36,High,0.7435,1,0.24764066419782585,0.40841302,0.7435,0.395,Grow_Upsell,Campana de upsell / cross-sell,Medium
8393-DLHGA,0.635,High,0.47,Low,0.1213,0,0.735873850197109,0.008986616,0.1213,0.3949,Retain_Urgent,Visita urgente - oferta de retencion,Medium
8205-OTCHB,0.3021,Low,28.31,High,0.3158,0,0.33819137498506746,0.5413002,0.3158,0.3946,Grow_Upsell,Campana de upsell / cross-sell,Medium
1658-TJVOA,0.4379,Medium,21.0,High,0.119,0,0.5004181101421574,0.40152964,0.119,0.3945,Nurture_Upsell,Contacto proactivo + propuesta de ampliacion de servicios,Medium
5937-EORGB,0.628,High,0.07,Low,0.1514,0,0.7275116473539601,0.0013384322,0.1514,0.3944,Retain_Urgent,Visita urgente - oferta de retencion,Medium
2034-CGRHZ,0.6255,High,0.0,Low,0.1605,0,0.7245251463385497,0.0,0.1605,0.3944,Retain_Urgent,Visita urgente - oferta de retencion,Medium
5590-BYNII,0.5579,High,0.0,Low,0.3621,0,0.643770158881854,0.0,0.3621,0.3943,Retain_Urgent,Visita urgente - oferta de retencion,Medium
0620-DLSLK,0.4891,High,14.27,Medium,0.1567,0,0.5615816509377614,0.27284896,0.1567,0.394,Retain_Urgent,Visita urgente - oferta de retencion,Medium
3620-MWJNE,0.4159,Medium,3.97,Low,0.6709,1,0.4741369012065464,0.07590822,0.6709,0.394,Investigate_Billing,Revision de facturacion / condiciones especiales,Medium
6464-KEXXH,0.306,Low,33.51,High,0.1512,0,0.34285031656910764,0.64072657,0.1512,0.3939,Grow_Upsell,Campana de upsell / cross-sell,Medium
3235-ETOOB,0.4337,Medium,20.79,High,0.1346,0,0.49540078843626806,0.39751437,0.1346,0.3939,Nurture_Upsell,Contacto proactivo + propuesta de ampliacion de servicios,Medium
4598-XLKNJ,0.6081,High,0.48,Low,0.1954,0,0.7037390992712937,0.00917782,0.1954,0.3937,Retain_Urgent,Visita urgente - oferta de retencion,Medium
2252-ISRNH,0.4606,Medium,15.68,Medium,0.1999,0,0.5275355393620834,0.2998088,0.1999,0.3937,Maintain,Mantenimiento - comunicacion periodica,Medium
8456-QDAVC,0.4803,High,16.52,Medium,0.1168,0,0.551069167363517,0.31587,0.1168,0.3937,Retain_Urgent,Visita urgente - oferta de retencion,Medium
6683-VLCTZ,0.5603,High,0.0,Low,0.3521,0,0.646637199856648,0.0,0.3521,0.3937,Retain_Urgent,Visita urgente - oferta de retencion,Medium
5364-EVNIB,0.4773,High,15.47,Medium,0.1551,0,0.5474853661450245,0.2957935,0.1551,0.3935,Retain_Urgent,Visita urgente - oferta de retencion,Medium
1047-NNCBF,0.2369,Low,24.92,High,0.602,0,0.26030342850316573,0.47648185,0.602,0.3935,Grow_Upsell,Campana de upsell / cross-sell,Medium
2607-FBDFF,0.4654,Medium,9.61,Medium,0.355,0,0.5332696213116712,0.1837476,0.355,0.3928,Maintain,Mantenimiento - comunicacion periodica,Medium
3806-DXQOM,0.3436,Medium,24.01,High,0.305,0,0.38776729184087927,0.45908222,0.305,0.3926,Nurture_Upsell,Contacto proactivo + propuesta de ampliacion de servicios,Medium
5998-VVEJY,0.4884,High,14.91,Medium,0.1337,0,0.5607454306534464,0.28508604,0.1337,0.3926,Retain_Urgent,Visita urgente - oferta de retencion,Medium
4257-GAESD,0.4529,Medium,13.44,Medium,0.2812,0,0.5183371162346195,0.25697896,0.2812,0.3925,Maintain,Mantenimiento - comunicacion periodica,Medium
7421-ZLUPA,0.3302,Medium,28.85,High,0.2047,0,0.37175964639827974,0.55162525,0.2047,0.3923,Nurture_Upsell,Contacto proactivo + propuesta de ampliacion de servicios,Medium
1442-BQPVU,0.3219,Medium,28.92,High,0.2268,0,0.3618444630271174,0.5529637,0.2268,0.3922,Nurture_Upsell,Contacto proactivo + propuesta de ampliacion de servicios,Medium
5948-UJZLF,0.4592,Medium,9.25,Medium,0.3812,0,0.5258630987934536,0.17686425,0.3812,0.3922,Maintain,Mantenimiento - comunicacion periodica,Medium
2640-PMGFL,0.4616,Medium,15.8,Medium,0.1853,0,0.5287301397682476,0.30210325,0.1853,0.3921,Maintain,Mantenimiento - comunicacion periodica,Medium
0952-KMEEH,0.6124,High,0.0,Low,0.1877,0,0.7088758810177996,0.0,0.1877,0.392,Retain_Urgent,Visita urgente - oferta de retencion,Medium
8601-QACRS,0.4857,High,7.9,Medium,0.3374,0,0.5575200095568033,0.15105163,0.3374,0.3916,Retain_Urgent,Visita urgente - oferta de retencion,Medium
6907-FLBER,0.5237,High,4.17,Low,0.3292,0,0.6029148249910405,0.079732314,0.3292,0.3912,Retain_Urgent,Visita urgente - oferta de retencion,Medium
0921-OHLVP,0.4907,High,12.59,Medium,0.1849,0,0.563493011587624,0.24072659,0.1849,0.3909,Retain_Urgent,Visita urgente - oferta de retencion,Medium
5348-CAGXB,0.5602,High,6.05,Medium,0.1641,0,0.6465177398160316,0.11567878,0.1641,0.3908,Retain_Urgent,Visita urgente - oferta de retencion,Medium
3565-UNOCC,0.6031,High,0.0,Low,0.2091,0,0.697766097240473,0.0,0.2091,0.3907,Retain_Urgent,Visita urgente - oferta de retencion,Medium
6103-BOCOU,0.4239,Medium,14.66,Medium,0.3235,0,0.4836937044558595,0.28030592,0.3235,0.3906,Maintain,Mantenimiento - comunicacion periodica,Medium
2568-OIADY,0.6054,High,0.0,Low,0.1997,0,0.7005136781746506,0.0,0.1997,0.3902,Retain_Urgent,Visita urgente - oferta de retencion,Medium
6595-YGXIT,0.5546,High,6.8,Medium,0.1557,0,0.6398279775415123,0.13001913,0.1557,0.3901,Retain_Urgent,Visita urgente - oferta de retencion,Medium
3194-ORPIK,0.3853,Medium,11.32,Medium,0.5302,0,0.43758212877792374,0.2164436,0.5302,0.3898,Maintain,Mantenimiento - comunicacion periodica,Medium
9094-AZPHK,0.5734,High,0.0,Low,0.2925,0,0.6622864651773982,0.0,0.2925,0.3896,Retain_Urgent,Visita urgente - oferta de retencion,Medium
9462-MJUAW,0.4727,High,7.95,Medium,0.3649,0,0.5419902042766694,0.15200764,0.3649,0.3896,Retain_Urgent,Visita urgente - oferta de retencion,Medium
0224-HJAPT,0.4634,Medium,9.3,Medium,0.3527,0,0.5308804204993429,0.17782028,0.3527,0.3893,Maintain,Mantenimiento - comunicacion periodica,Medium
4009-ALQFH,0.5505,High,0.34,Low,0.3491,0,0.6349301158762394,0.006500956,0.3491,0.3892,Retain_Urgent,Visita urgente - oferta de retencion,Medium
8610-WFCJF,0.5517,High,0.77,Low,0.3324,0,0.6363636363636364,0.014722753,0.3324,0.3891,Retain_Urgent,Visita urgente - oferta de retencion,Medium
7396-VJUZB,0.3763,Medium,13.2,Medium,0.4998,0,0.4268307251224466,0.25239006,0.4998,0.3891,Maintain,Mantenimiento - comunicacion periodica,Medium
4484-GLZOU,0.5491,High,0.0,Low,0.3618,0,0.6332576753076097,0.0,0.3618,0.389,Retain_Urgent,Visita urgente - oferta de retencion,Medium
3969-GYXEL,0.4561,Medium,19.12,Medium,0.0906,0,0.5221598375343448,0.36558318,0.0906,0.3889,Maintain,Mantenimiento - comunicacion periodica,Medium
4987-GQWPO,0.2784,Low,33.52,High,0.2078,0,0.3098793453589774,0.6409178,0.2078,0.3888,Grow_Upsell,Campana de upsell / cross-sell,Medium
5175-WLYXL,0.3664,Medium,17.08,Medium,0.4159,0,0.41500418110142157,0.32657745,0.4159,0.3887,Maintain,Mantenimiento - comunicacion periodica,Medium
5183-SNMJQ,0.5672,High,0.27,Low,0.2977,0,0.6548799426591806,0.005162524,0.2977,0.3885,Retain_Urgent,Visita urgente - oferta de retencion,Medium
7594-LZNWR,0.2008,Low,26.73,High,0.6319,1,0.21717835384064033,0.51108986,0.6319,0.3883,Grow_Upsell,Campana de upsell / cross-sell,Medium
3551-GAEGL,0.1142,Low,42.03,High,0.4506,0,0.11372595866682594,0.80363286,0.4506,0.3881,Grow_Upsell,Campana de upsell / cross-sell,Medium
1625-JAIIY,0.2771,Low,22.48,High,0.5239,0,0.30832636483096404,0.4298279,0.5239,0.3879,Grow_Upsell,Campana de upsell / cross-sell,Medium
4201-JMNGR,0.5155,High,2.91,Low,0.3716,0,0.5931191016604945,0.055640537,0.3716,0.3876,Retain_Urgent,Visita urgente - oferta de retencion,Medium
7730-IUTDZ,0.3772,Medium,20.14,High,0.2903,0,0.42790586548799425,0.38508603,0.2903,0.3875,Nurture_Upsell,Contacto proactivo + propuesta de ampliacion de servicios,Medium
0817-HSUSE,0.4719,High,0.0,Low,0.5836,0,0.5410345239517381,0.0,0.5836,0.3872,Retain_Urgent,Visita urgente - oferta de retencion,Medium
3417-TSCIC,0.1161,Low,46.75,High,0.3052,0,0.11599569943853781,0.89388144,0.3052,0.3872,Grow_Upsell,Campana de upsell / cross-sell,Medium
8885-QSQBX,0.4662,Medium,9.13,Medium,0.3388,0,0.5342253016366025,0.1745698,0.3388,0.3872,Maintain,Mantenimiento - comunicacion periodica,Medium
8654-DHAOW,0.4857,High,4.6,Low,0.4098,0,0.5575200095568033,0.08795411,0.4098,0.3871,Retain_Urgent,Visita urgente - oferta de retencion,Medium
6599-GZWCM,0.3439,Medium,30.67,High,0.0845,0,0.38812567196272846,0.58642447,0.0845,0.3869,Nurture_Upsell,Contacto proactivo + propuesta de ampliacion de servicios,Medium
0420-BWTPW,0.2914,Low,33.49,High,0.1606,0,0.3254091506391112,0.6403442,0.1606,0.3869,Grow_Upsell,Campana de upsell / cross-sell,Medium
8725-JEDFD,0.2169,Low,26.32,High,0.587,0,0.23641142037988297,0.5032505,0.587,0.3866,Grow_Upsell,Campana de upsell / cross-sell,Medium
9048-JVYVF,0.4615,Medium,0.0,Low,0.6105,1,0.5286106797276311,0.0,0.6105,0.3864,Investigate_Billing,Revision de facturacion / condiciones especiales,Medium
0374-AACSZ,0.4751,High,8.16,Medium,0.3342,0,0.5448572452514634,0.15602295,0.3342,0.3861,Retain_Urgent,Visita urgente - oferta de retencion,Medium
9701-CDXHR,0.1437,Low,26.16,High,0.8073,1,0.14896667064866803,0.5001912,0.8073,0.386,Grow_Upsell,Campana de upsell / cross-sell,Medium
5141-ZUVBH,0.5513,High,2.85,Low,0.258,0,0.6358857962011707,0.054493308,0.258,0.3859,Retain_Urgent,Visita urgente - oferta de retencion,Medium
8397-MVTAZ,0.5966,High,0.0,Low,0.2038,0,0.6900011946004062,0.0,0.2038,0.3858,Retain_Urgent,Visita urgente - oferta de retencion,Medium
1025-FALIX,0.2339,Low,26.37,High,0.5311,0,0.2567196272846733,0.50420654,0.5311,0.3858,Grow_Upsell,Campana de upsell / cross-sell,Medium
1329-VHWNP,0.2818,Low,33.7,High,0.1768,0,0.3139409867399355,0.64435947,0.1768,0.3856,Grow_Upsell,Campana de upsell / cross-sell,Medium
9600-NAXZN,0.5361,High,0.0,Low,0.3831,0,0.6177278700274759,0.0,0.3831,0.3855,Retain_Urgent,Visita urgente - oferta de retencion,Medium
1794-HBQTJ,0.4532,Medium,9.89,Medium,0.3472,0,0.5186954963564687,0.18910135,0.3472,0.3855,Maintain,Mantenimiento - comunicacion periodica,Medium
0168-XZKBB,0.4603,Medium,9.28,Medium,0.3429,0,0.5271771592402341,0.17743786,0.3429,0.3854,Maintain,Mantenimiento - comunicacion periodica,Medium
6080-TCMYC,0.4248,Medium,14.48,Medium,0.2994,0,0.48476884482140725,0.27686423,0.2994,0.3853,Maintain,Mantenimiento - comunicacion periodica,Medium
0354-WYROK,0.5349,High,0.47,Low,0.372,0,0.6162943495400789,0.008986616,0.372,0.3852,Retain_Urgent,Visita urgente - oferta de retencion,Medium
0420-HLGXF,0.5549,High,0.02,Low,0.3213,0,0.6401863576633615,0.00038240917,0.3213,0.3845,Retain_Urgent,Visita urgente - oferta de retencion,Medium
8878-HMWBV,0.3872,Medium,9.69,Medium,0.5419,0,0.4398518695496356,0.18527724,0.5419,0.3839,Maintain,Mantenimiento - comunicacion periodica,Medium
4385-GZQXV,0.6289,High,0.71,Low,0.0762,0,0.7285867877195079,0.013575526,0.0762,0.3836,Retain_Urgent,Visita urgente - oferta de retencion,Medium
8634-MPHTR,0.5376,High,0.0,Low,0.3685,0,0.619519770636722,0.0,0.3685,0.3835,Retain_Urgent,Visita urgente - oferta de retencion,Medium
5692-ICXLW,0.5817,High,4.72,Low,0.1008,0,0.6722016485485606,0.09024856,0.1008,0.3833,Retain_Urgent,Visita urgente - oferta de retencion,Medium
0458-HEUZG,0.1281,Low,48.08,High,0.2117,0,0.13033090431250746,0.9193117,0.2117,0.3833,Grow_Upsell,Campana de upsell / cross-sell,Medium
4433-JCGCG,0.6035,High,0.0,Low,0.1705,0,0.6982439374029388,0.0,0.1705,0.3832,Retain_Urgent,Visita urgente - oferta de retencion,Medium
3891-PUQOD,0.5322,High,0.35,Low,0.3732,0,0.6130689284434357,0.0066921604,0.3732,0.3832,Retain_Urgent,Visita urgente - oferta de retencion,Medium
1096-ADRUX,0.0987,Low,30.4,High,0.8058,1,0.0952096523712818,0.58126193,0.8058,0.3831,Grow_Upsell,Campana de upsell / cross-sell,Medium
3058-WQDRE,0.3069,Low,33.55,High,0.0928,0,0.34392545693465537,0.6414914,0.0928,0.383,Grow_Upsell,Campana de upsell / cross-sell,Medium
2809-ZMYOQ,0.5781,High,0.0,Low,0.244,0,0.6679010870863695,0.0,0.244,0.3828,Retain_Urgent,Visita urgente - oferta de retencion,Medium
6923-EFPNL,0.4748,High,6.9,Medium,0.3539,0,0.5444988651296142,0.13193117,0.3539,0.3826,Retain_Urgent,Visita urgente - oferta de retencion,Medium
9420-LOJKX,0.567,High,0.0,Low,0.2757,0,0.6546410225779477,0.0,0.2757,0.3825,Retain_Urgent,Visita urgente - oferta de retencion,Medium
7517-SAWMO,0.3836,Medium,21.8,High,0.1982,0,0.43555130808744474,0.416826,0.1982,0.3825,Nurture_Upsell,Contacto proactivo + propuesta de ampliacion de servicios,Medium
6896-SRVYQ,0.3033,Low,21.51,High,0.4458,0,0.3396248954724645,0.41128108,0.4458,0.3824,Grow_Upsell,Campana de upsell / cross-sell,Medium
3577-AMVUX,0.5038,High,3.28,Low,0.3697,0,0.5791422769083742,0.062715106,0.3697,0.3823,Retain_Urgent,Visita urgente - oferta de retencion,Medium
6624-JDRDS,0.2747,Low,29.07,High,0.3138,0,0.3054593238561701,0.55583173,0.3138,0.3822,Grow_Upsell,Campana de upsell / cross-sell,Medium
3001-CBHLQ,0.6071,High,0.0,Low,0.1545,0,0.7025444988651296,0.0,0.1545,0.3822,Retain_Urgent,Visita urgente - oferta de retencion,Medium
3285-UCQVC,0.244,Low,29.12,High,0.4032,0,0.2687850913869311,0.5567878,0.4032,0.3821,Grow_Upsell,Campana de upsell / cross-sell,Medium
5133-VRSAB,0.286,Low,29.07,High,0.2791,0,0.31895830844582485,0.55583173,0.2791,0.382,Grow_Upsell,Campana de upsell / cross-sell,Medium
2637-FKFSY,0.3481,Medium,12.75,Medium,0.5603,0,0.3931429936686179,0.24378586,0.5603,0.3818,Maintain,Mantenimiento - comunicacion periodica,Medium
9626-WEQRM,0.2954,Low,29.06,High,0.2501,0,0.3301875522637678,0.5556405,0.2501,0.3818,Grow_Upsell,Campana de upsell / cross-sell,Medium
9943-VSZUV,0.2093,Low,19.99,Medium,0.7661,1,0.22733245729303553,0.38221797,0.7661,0.3816,Investigate_Billing,Revision de facturacion / condiciones especiales,Medium
8728-SKJLR,0.362,Medium,21.07,High,0.2783,0,0.40974793931429937,0.40286806,0.2783,0.3814,Nurture_Upsell,Contacto proactivo + propuesta de ampliacion de servicios,Medium
1891-UAWWU,0.5012,High,4.65,Low,0.3332,0,0.5760363158523474,0.08891014,0.3332,0.3813,Retain_Urgent,Visita urgente - oferta de retencion,Medium
5307-DZCVC,0.412,Medium,9.5,Medium,0.4591,0,0.46947795962250627,0.18164437,0.4591,0.3811,Maintain,Mantenimiento - comunicacion periodica,Medium
0587-DMGBH,0.515,High,9.07,Medium,0.1636,0,0.5925218014574125,0.17342256,0.1636,0.381,Retain_Urgent,Visita urgente - oferta de retencion,Medium
4183-WCSEP,0.4798,High,16.58,Medium,0.0519,0,0.5504718671604348,0.3170172,0.0519,0.3807,Retain_Urgent,Visita urgente - oferta de retencion,Medium
0337-CNPZE,0.5724,High,0.0,Low,0.2506,0,0.661091864771234,0.0,0.2506,0.3807,Retain_Urgent,Visita urgente - oferta de retencion,Medium
2178-PMGCJ,0.2329,Low,25.68,High,0.5262,0,0.25552502687850914,0.4910134,0.5262,0.3803,Grow_Upsell,Campana de upsell / cross-sell,Medium
2259-OUUSZ,0.2218,Low,37.1,High,0.2317,0,0.24226496237008724,0.709369,0.2317,0.3803,Grow_Upsell,Campana de upsell / cross-sell,Medium
2523-EWWZL,0.4053,Medium,19.56,Medium,0.1857,0,0.46147413690120653,0.37399617,0.1857,0.3801,Maintain,Mantenimiento - comunicacion periodica,Medium
2371-JQHZZ,0.6007,High,2.03,Low,0.1045,0,0.6948990562656792,0.03881453,0.1045,0.38,Retain_Urgent,Visita urgente - oferta de retencion,Medium
1597-FZREH,0.4403,Medium,0.0,Low,0.641,1,0.5032851511169514,0.0,0.641,0.3798,Investigate_Billing,Revision de facturacion / condiciones especiales,Medium
5208-HFSBT,0.4695,Medium,3.22,Low,0.4612,0,0.5381674829769442,0.06156788,0.4612,0.3798,Maintain,Mantenimiento - comunicacion periodica,Medium
3987-KQDDU,0.424,Medium,19.79,Medium,0.1216,0,0.48381316449647593,0.37839392,0.1216,0.3797,Maintain,Mantenimiento - comunicacion periodica,Medium
4398-HSCJH,0.4278,Medium,0.0,Low,0.6736,1,0.4883526460398997,0.0,0.6736,0.3789,Investigate_Billing,Revision de facturacion / condiciones especiales,Medium
4325-NFSKC,0.5559,High,4.89,Low,0.1502,0,0.6413809580695257,0.09349904,0.1502,0.3788,Retain_Urgent,Visita urgente - oferta de retencion,Medium
1666-JXLKU,0.5661,High,0.0,Low,0.2597,0,0.6535658822124,0.0,0.2597,0.3787,Retain_Urgent,Visita urgente - oferta de retencion,Medium
8910-LEDAG,0.2301,Low,24.45,High,0.5612,0,0.2521801457412496,0.46749523,0.5612,0.3786,Grow_Upsell,Campana de upsell / cross-sell,Medium
9979-RGMZT,0.4878,High,10.72,Medium,0.1852,0,0.5600286704097479,0.20497133,0.1852,0.3785,Retain_Urgent,Visita urgente - oferta de retencion,Medium
4061-UKJWL,0.3498,Medium,13.04,Medium,0.5301,0,0.3951738143590969,0.24933079,0.5301,0.3784,Maintain,Mantenimiento - comunicacion periodica,Medium
1670-SVOWZ,0.5532,High,6.12,Medium,0.1208,0,0.6381555369728826,0.11701721,0.1208,0.3783,Retain_Urgent,Visita urgente - oferta de retencion,Medium
9862-KJTYK,0.1568,Low,33.65,High,0.5147,0,0.16461593596941826,0.6434035,0.5147,0.3783,Grow_Upsell,Campana de upsell / cross-sell,Medium
0027-KWYKW,0.4481,Medium,11.61,Medium,0.2769,0,0.5126030342850316,0.22198853,0.2769,0.3783,Maintain,Mantenimiento - comunicacion periodica,Medium
4612-SSVHJ,0.4354,Medium,14.73,Medium,0.2243,0,0.4974316091267471,0.28164434,0.2243,0.3781,Maintain,Mantenimiento - comunicacion periodica,Medium
6833-JMZYP,0.5369,High,1.7,Low,0.2944,0,0.6186835503524072,0.032504782,0.2944,0.378,Retain_Urgent,Visita urgente - oferta de retencion,Medium
0315-LVCRK,0.5069,High,10.83,Medium,0.1218,0,0.582845538167483,0.20707457,0.1218,0.3779,Retain_Urgent,Visita urgente - oferta de retencion,Medium
1261-FWTTE,0.359,Medium,23.46,High,0.2001,0,0.4061641380958069,0.44856596,0.2001,0.3777,Nurture_Upsell,Contacto proactivo + propuesta de ampliacion de servicios,Medium
9898-KZQDZ,0.5124,High,1.01,Low,0.3856,0,0.5894158404013857,0.019311663,0.3856,0.3776,Retain_Urgent,Visita urgente - oferta de retencion,Medium
6416-YJTTB,0.4155,Medium,15.57,Medium,0.2574,0,0.47365906104408073,0.29770553,0.2574,0.3776,Maintain,Mantenimiento - comunicacion periodica,Medium
5760-FXFVO,0.444,Medium,16.22,Medium,0.1522,0,0.5077051726197587,0.31013384,0.1522,0.3773,Maintain,Mantenimiento - comunicacion periodica,Medium
9560-BBZXK,0.0762,Low,51.94,High,0.2261,0,0.06833114323258871,0.9931166,0.2261,0.3773,Grow_Upsell,Campana de upsell / cross-sell,Medium
5022-JNQEQ,0.4111,Medium,19.5,Medium,0.1564,0,0.4684028192569586,0.37284896,0.1564,0.3773,Maintain,Mantenimiento - comunicacion periodica,Medium
3956-CJUST,0.3658,Medium,19.93,Medium,0.2781,0,0.41428742085772313,0.38107076,0.2781,0.3771,Maintain,Mantenimiento - comunicacion periodica,Medium
4776-XSKYQ,0.1841,Low,42.19,High,0.1823,0,0.19722852705769925,0.8066921,0.1823,0.3771,Grow_Upsell,Campana de upsell / cross-sell,Medium
7627-JKIAZ,0.3751,Medium,17.07,Medium,0.332,0,0.42539720463504954,0.32638624,0.332,0.377,Maintain,Mantenimiento - comunicacion periodica,Medium
9919-KNPOO,0.595,High,1.08,Low,0.1318,0,0.6880898339505436,0.020650096,0.1318,0.3766,Retain_Urgent,Visita urgente - oferta de retencion,Medium
7029-RPUAV,0.5496,High,0.0,Low,0.298,0,0.6338549755106917,0.0,0.298,0.3765,Retain_Urgent,Visita urgente - oferta de retencion,Medium
1910-FMXJM,0.4133,Medium,15.5,Medium,0.2606,0,0.47103094015051966,0.2963671,0.2606,0.3765,Maintain,Mantenimiento - comunicacion periodica,Medium
3313-QKNKB,0.2795,Low,19.9,Medium,0.5325,0,0.311193405805758,0.38049713,0.5325,0.3762,Maintain,Mantenimiento - comunicacion periodica,Medium
7240-FQLHE,0.578,High,0.0,Low,0.211,0,0.6677816270457532,0.0,0.211,0.3761,Retain_Urgent,Visita urgente - oferta de retencion,Medium
5380-WJKOV,0.5734,High,0.0,Low,0.2245,0,0.6622864651773982,0.0,0.2245,0.376,Retain_Urgent,Visita urgente - oferta de retencion,Medium
7878-JGDKK,0.3109,Low,13.69,Medium,0.6149,1,0.3487038585593119,0.26175907,0.6149,0.3759,Investigate_Billing,Revision de facturacion / condiciones especiales,Medium
6946-LMSQS,0.454,Medium,16.57,Medium,0.1051,0,0.5196511766814002,0.31682602,0.1051,0.3759,Maintain,Mantenimiento - comunicacion periodica,Medium
5295-PCJOO,0.5102,High,9.18,Medium,0.1484,0,0.5867877195078246,0.17552581,0.1484,0.3757,Retain_Urgent,Visita urgente - oferta de retencion,Medium
4803-AXVYP,0.5976,High,0.0,Low,0.1481,0,0.6911957950065704,0.0,0.1481,0.3752,Retain_Urgent,Visita urgente - oferta de retencion,Medium
9714-EDSUC,0.5322,High,0.69,Low,0.3236,0,0.6130689284434357,0.0131931165,0.3236,0.3752,Retain_Urgent,Visita urgente - oferta de retencion,Medium
6518-LGAOV,0.5895,High,0.0,Low,0.1721,0,0.6815195317166408,0.0,0.1721,0.3752,Retain_Urgent,Visita urgente - oferta de retencion,Medium
5959-BELXA,0.5669,High,0.3,Low,0.2313,0,0.6545215625373312,0.005736138,0.2313,0.3752,Retain_Urgent,Visita urgente - oferta de retencion,Medium
8660-BUETV,0.3131,Low,13.5,Medium,0.6099,1,0.351331979452873,0.2581262,0.6099,0.3751,Investigate_Billing,Revision de facturacion / condiciones especiales,Medium
8124-NZVGJ,0.2793,Low,22.52,High,0.4521,0,0.3109544857245251,0.43059275,0.4521,0.3751,Grow_Upsell,Campana de upsell / cross-sell,Medium
4860-IJUDE,0.4129,Medium,21.18,High,0.0919,0,0.470553099988054,0.40497133,0.0919,0.3751,Nurture_Upsell,Contacto proactivo + propuesta de ampliacion de servicios,Medium
0115-TFERT,0.5306,High,0.0,Low,0.3452,0,0.611157567793573,0.0,0.3452,0.3746,Retain_Urgent,Visita urgente - oferta de retencion,Medium
5373-SFODM,0.4202,Medium,10.15,Medium,0.3833,0,0.4792736829530522,0.19407265,0.3833,0.3745,Maintain,Mantenimiento - comunicacion periodica,Medium
7668-XCFYV,0.5644,High,2.16,Low,0.181,0,0.651535061521921,0.041300192,0.181,0.3744,Retain_Urgent,Visita urgente - oferta de retencion,Medium
2107-FBPTK,0.5958,High,0.0,Low,0.1472,0,0.6890455142754749,0.0,0.1472,0.374,Retain_Urgent,Visita urgente - oferta de retencion,Medium
5022-KVDQT,0.4003,Medium,14.51,Medium,0.3139,0,0.45550113487038585,0.27743787,0.3139,0.3738,Maintain,Mantenimiento - comunicacion periodica,Medium
3404-JNXAX,0.3884,Medium,14.56,Medium,0.3483,0,0.44128539003703265,0.2783939,0.3483,0.3738,Maintain,Mantenimiento - comunicacion periodica,Medium
5519-YLDGW,0.5457,High,0.0,Low,0.2951,0,0.6291960339266515,0.0,0.2951,0.3736,Retain_Urgent,Visita urgente - oferta de retencion,Medium
5146-CBVOE,0.4114,Medium,20.21,High,0.1153,0,0.4687611993788078,0.38642445,0.1153,0.3734,Nurture_Upsell,Contacto proactivo + propuesta de ampliacion de servicios,Medium
6927-WTFIV,0.245,Low,24.5,High,0.4887,0,0.2699796917930952,0.46845126,0.4887,0.3733,Grow_Upsell,Campana de upsell / cross-sell,Medium
4658-HCOHW,0.5318,High,0.06,Low,0.3327,0,0.6125910882809701,0.0011472275,0.3327,0.3732,Retain_Urgent,Visita urgente - oferta de retencion,Medium
0282-NVSJS,0.2976,Low,29.18,High,0.1949,0,0.33281567315732885,0.557935,0.1949,0.3728,Grow_Upsell,Campana de upsell / cross-sell,Medium
8614-VGMMV,0.4095,Medium,9.13,Medium,0.4356,0,0.4664914586070959,0.1745698,0.4356,0.3727,Maintain,Mantenimiento - comunicacion periodica,Medium
9758-MFWGD,0.1204,Low,42.33,High,0.3452,0,0.12113248118504359,0.8093691,0.3452,0.3724,Grow_Upsell,Campana de upsell / cross-sell,Medium
6907-NZZIJ,0.5846,High,0.0,Low,0.1725,0,0.6756659897264365,0.0,0.1725,0.3723,Retain_Urgent,Visita urgente - oferta de retencion,Medium
8387-MOJJT,0.3564,Medium,16.78,Medium,0.3715,0,0.4030581770397802,0.3208413,0.3715,0.3721,Maintain,Mantenimiento - comunicacion periodica,Medium
1260-TTRXI,0.5192,High,4.99,Low,0.223,0,0.5975391231633019,0.095411085,0.223,0.372,Retain_Urgent,Visita urgente - oferta de retencion,Medium
7056-IMHCC,0.5325,High,0.0,Low,0.3264,0,0.6134273085652849,0.0,0.3264,0.372,Retain_Urgent,Visita urgente - oferta de retencion,Medium
2316-ESMLS,0.123,Low,38.26,High,0.4511,0,0.12423844224107036,0.7315487,0.4511,0.3718,Grow_Upsell,Campana de upsell / cross-sell,Medium
3384-CTMSF,0.4618,Medium,0.11,Low,0.5331,0,0.5289690598494804,0.0021032505,0.5331,0.3717,Maintain,Mantenimiento - comunicacion periodica,Medium
4248-QPAVC,0.5256,High,9.61,Medium,0.0692,0,0.6051845657627524,0.1837476,0.0692,0.3716,Retain_Urgent,Visita urgente - oferta de retencion,Medium
6260-ONULR,0.5185,High,0.0,Low,0.3659,0,0.596702902878987,0.0,0.3659,0.3715,Retain_Urgent,Visita urgente - oferta de retencion,Medium
4881-JVQOD,0.3424,Medium,24.06,High,0.2008,0,0.38633377135348224,0.46003824,0.2008,0.3713,Nurture_Upsell,Contacto proactivo + propuesta de ampliacion de servicios,Medium
9269-CQOOL,0.469,Medium,3.29,Low,0.4175,0,0.5375701827738621,0.06290631,0.4175,0.3712,Maintain,Mantenimiento - comunicacion periodica,Medium
8229-TNIQA,0.396,Medium,13.28,Medium,0.3476,0,0.45036435312388007,0.2539197,0.3476,0.3709,Maintain,Mantenimiento - comunicacion periodica,Medium
1307-TVUFB,0.4027,Medium,15.94,Medium,0.2512,0,0.4583681758451798,0.30478013,0.2512,0.3709,Maintain,Mantenimiento - comunicacion periodica,Medium
7716-YTYHG,0.2729,Low,22.58,High,0.4483,0,0.3033090431250746,0.43173996,0.4483,0.3708,Grow_Upsell,Campana de upsell / cross-sell,Medium
4566-QVRRW,0.4094,Medium,13.96,Medium,0.2874,0,0.4663719985664795,0.2669216,0.2874,0.3707,Maintain,Mantenimiento - comunicacion periodica,Medium
0643-OKLRP,0.3757,Medium,15.1,Medium,0.3547,0,0.42611396487874803,0.28871894,0.3547,0.3706,Maintain,Mantenimiento - comunicacion periodica,Medium
3658-KIBGF,0.4846,High,3.21,Low,0.3697,0,0.5562059491100226,0.061376676,0.3697,0.3705,Retain_Urgent,Visita urgente - oferta de retencion,Medium
4628-CTTLA,0.2749,Low,19.2,Medium,0.5372,0,0.3056982439374029,0.36711285,0.5372,0.3704,Maintain,Mantenimiento - comunicacion periodica,Medium
3001-UNBTL,0.577,High,0.1,Low,0.182,0,0.666587026639589,0.001912046,0.182,0.3703,Retain_Urgent,Visita urgente - oferta de retencion,Medium
0886-QGENL,0.5851,High,0.38,Low,0.1494,0,0.6762632899295186,0.0072657745,0.1494,0.3702,Retain_Urgent,Visita urgente - oferta de retencion,Medium
2162-FRZAA,0.0445,Low,44.81,High,0.4891,0,0.03046231035718552,0.8567878,0.4891,0.3701,Grow_Upsell,Campana de upsell / cross-sell,Medium
7816-VGHTO,0.0904,Low,42.47,High,0.4193,0,0.08529446900011946,0.81204593,0.4193,0.3701,Grow_Upsell,Campana de upsell / cross-sell,Medium
8063-RJYNF,0.5999,High,1.07,Low,0.084,0,0.6939433759407478,0.020458892,0.084,0.3699,Retain_Urgent,Visita urgente - oferta de retencion,Medium
5176-LDKUH,0.1808,Low,29.74,High,0.5127,0,0.19328634571735756,0.56864244,0.5127,0.3698,Grow_Upsell,Campana de upsell / cross-sell,Medium
0811-GSDTP,0.3069,Low,28.04,High,0.1852,0,0.34392545693465537,0.5361377,0.1852,0.3698,Grow_Upsell,Campana de upsell / cross-sell,Medium
3473-XIIIT,0.5591,High,0.0,Low,0.2352,0,0.645203679369251,0.0,0.2352,0.3696,Retain_Urgent,Visita urgente - oferta de retencion,Medium
6583-QGCSI,0.4877,High,7.15,Medium,0.2433,0,0.5599092103691315,0.13671128,0.2433,0.3696,Retain_Urgent,Visita urgente - oferta de retencion,Medium
6715-OFDBP,0.5955,High,0.0,Low,0.126,0,0.6886871341536257,0.0,0.126,0.3695,Retain_Urgent,Visita urgente - oferta de retencion,Medium
5896-NPFWW,0.3868,Medium,8.25,Medium,0.5118,0,0.43937402938716996,0.15774378,0.5118,0.3694,Maintain,Mantenimiento - comunicacion periodica,Medium
5219-YIPTK,0.582,High,0.0,Low,0.1651,0,0.6725600286704098,0.0,0.1651,0.3693,Retain_Urgent,Visita urgente - oferta de retencion,Medium
3500-RMZLT,0.5734,High,0.57,Low,0.1746,0,0.6622864651773982,0.010898662,0.1746,0.3693,Retain_Urgent,Visita urgente - oferta de retencion,Medium
8778-LMWTJ,0.387,Medium,20.14,High,0.1696,0,0.43961294946840285,0.38508603,0.1696,0.3693,Nurture_Upsell,Contacto proactivo + propuesta de ampliacion de servicios,Medium
4282-ACRXS,0.2682,Low,33.47,High,0.1412,0,0.29769442121610323,0.6399618,0.1412,0.3691,Grow_Upsell,Campana de upsell / cross-sell,Medium
7246-ZGQDF,0.4769,High,3.77,Low,0.3695,0,0.5470075259825589,0.07208413,0.3695,0.369,Retain_Urgent,Visita urgente - oferta de retencion,Medium
9601-BRXPO,0.5667,High,0.0,Low,0.2094,0,0.6542826424560985,0.0,0.2094,0.369,Retain_Urgent,Visita urgente - oferta de retencion,Medium
0771-WLCLA,0.4503,Medium,0.0,Low,0.5557,0,0.5152311551785927,0.0,0.5557,0.3688,Maintain,Mantenimiento - comunicacion periodica,Medium
0946-CLJTI,0.5659,High,0.13,Low,0.2044,0,0.6533269621311671,0.0024856597,0.2044,0.3683,Retain_Urgent,Visita urgente - oferta de retencion,Medium
2189-WWOEW,0.517,High,9.48,Medium,0.0823,0,0.5949110022697408,0.18126194,0.0823,0.3683,Retain_Urgent,Visita urgente - oferta de retencion,Medium
1384-RCUXW,0.441,Medium,14.88,Medium,0.1543,0,0.5041213714012663,0.28451243,0.1543,0.3683,Maintain,Mantenimiento - comunicacion periodica,Medium
9142-KZXOP,0.1423,Low,26.56,High,0.711,1,0.14729423008003825,0.5078394,0.711,0.3682,Grow_Upsell,Campana de upsell / cross-sell,Medium
9309-BZGNT,0.0672,Low,42.1,High,0.489,0,0.057579739577111454,0.8049713,0.489,0.3681,Grow_Upsell,Campana de upsell / cross-sell,Medium
5673-FSSMF,0.5162,High,0.0,Low,0.3544,0,0.5939553219448095,0.0,0.3544,0.3679,Retain_Urgent,Visita urgente - oferta de retencion,Medium
9851-QXEEQ,0.571,High,0.0,Low,0.1897,0,0.6594194242026041,0.0,0.1897,0.3676,Retain_Urgent,Visita urgente - oferta de retencion,Medium
8806-EAGWC,0.4749,High,2.95,Low,0.3912,0,0.5446183251702306,0.056405354,0.3912,0.3675,Retain_Urgent,Visita urgente - oferta de retencion,Medium
5130-IEKQT,0.5788,High,0.0,Low,0.1655,0,0.6687373073706845,0.0,0.1655,0.3675,Retain_Urgent,Visita urgente - oferta de retencion,Medium
3415-TAILE,0.4931,High,0.69,Low,0.3995,0,0.5663600525624178,0.0131931165,0.3995,0.367,Retain_Urgent,Visita urgente - oferta de retencion,Medium
3503-TYDAY,0.3863,Medium,14.9,Medium,0.31,0,0.4387767291840879,0.28489482,0.31,0.3669,Maintain,Mantenimiento - comunicacion periodica,Medium
0979-MOZQI,0.0634,Low,44.32,High,0.4306,0,0.053040258033687726,0.8474187,0.4306,0.3669,Grow_Upsell,Campana de upsell / cross-sell,Medium
3452-GWUIN,0.5714,High,0.64,Low,0.1661,0,0.6598972643650699,0.012237093,0.1661,0.3668,Retain_Urgent,Visita urgente - oferta de retencion,Medium
7703-ZEKEF,0.4113,Medium,14.57,Medium,0.2439,0,0.46864173933819137,0.27858508,0.2439,0.3667,Maintain,Mantenimiento - comunicacion periodica,Medium
4391-RESHN,0.5362,High,0.0,Low,0.2887,0,0.6178473300680922,0.0,0.2887,0.3667,Retain_Urgent,Visita urgente - oferta de retencion,Medium
2957-JIRMN,0.1797,Low,21.25,High,0.7443,1,0.19197228527057703,0.40630975,0.7443,0.3667,Grow_Upsell,Campana de upsell / cross-sell,Medium
6267-DCFFZ,0.5271,High,5.34,Medium,0.1622,0,0.6069764663719986,0.102103256,0.1622,0.3666,Retain_Urgent,Visita urgente - oferta de retencion,Medium
0447-RXSGD,0.5914,High,0.0,Low,0.1234,0,0.6837892724883528,0.0,0.1234,0.3666,Retain_Urgent,Visita urgente - oferta de retencion,Medium
3757-NJYBX,0.5117,High,0.0,Low,0.3605,0,0.5885796201170709,0.0,0.3605,0.3664,Retain_Urgent,Visita urgente - oferta de retencion,Medium
3365-SAIGS,0.4461,Medium,11.48,Medium,0.2272,0,0.5102138334727034,0.21950287,0.2272,0.3664,Maintain,Mantenimiento - comunicacion periodica,Medium
4958-XCBDQ,0.5736,High,0.0,Low,0.1753,0,0.662525385258631,0.0,0.1753,0.3663,Retain_Urgent,Visita urgente - oferta de retencion,Medium
7593-JNWRU,0.3912,Medium,13.81,Medium,0.3231,0,0.4446302711742922,0.26405355,0.3231,0.3662,Maintain,Mantenimiento - comunicacion periodica,Medium
3023-GFLBR,0.4007,Medium,9.39,Medium,0.4219,0,0.4559789750328515,0.17954111,0.4219,0.3662,Maintain,Mantenimiento - comunicacion periodica,Medium
7470-MCQTK,0.4784,High,9.43,Medium,0.1882,0,0.548799426591805,0.18030594,0.1882,0.3661,Retain_Urgent,Visita urgente - oferta de retencion,Medium
2979-SXESE,0.5989,High,0.96,Low,0.0705,0,0.6927487755345837,0.01835564,0.0705,0.366,Retain_Urgent,Visita urgente - oferta de retencion,Medium
7748-UMTRK,0.5691,High,0.0,Low,0.1857,0,0.6571496834308924,0.0,0.1857,0.3657,Retain_Urgent,Visita urgente - oferta de retencion,Medium
3452-ABWRL,0.3348,Medium,9.4,Medium,0.6159,1,0.37725480826663477,0.17973231,0.6159,0.3657,Investigate_Billing,Revision de facturacion / condiciones especiales,Medium
0570-BFQHT,0.4003,Medium,14.88,Medium,0.2625,0,0.45550113487038585,0.28451243,0.2625,0.3656,Maintain,Mantenimiento - comunicacion periodica,Medium
0946-FKYTX,0.0971,Low,42.38,High,0.3791,0,0.0932982917214192,0.8103251,0.3791,0.3656,Grow_Upsell,Campana de upsell / cross-sell,Medium
9948-YPTDG,0.4507,Medium,15.54,Medium,0.0923,0,0.5157089953410584,0.29713193,0.0923,0.3655,Maintain,Mantenimiento - comunicacion periodica,Medium
6507-ZJSUR,0.5503,High,4.86,Low,0.101,0,0.6346911957950065,0.09292544,0.101,0.3654,Retain_Urgent,Visita urgente - oferta de retencion,Medium
1771-OADNZ,0.6045,High,0.1,Low,0.0757,0,0.6994385378091029,0.001912046,0.0757,0.3654,Retain_Urgent,Visita urgente - oferta de retencion,Medium
3580-REOAC,0.3988,Medium,13.51,Medium,0.3046,0,0.4537092342611396,0.2583174,0.3046,0.3653,Maintain,Mantenimiento - comunicacion periodica,Medium
6116-RFVHN,0.5821,High,0.0,Low,0.1442,0,0.6726794887110261,0.0,0.1442,0.3652,Retain_Urgent,Visita urgente - oferta de retencion,Medium
4662-EKDPQ,0.4803,High,0.53,Low,0.4324,0,0.551069167363517,0.010133843,0.4324,0.3651,Retain_Urgent,Visita urgente - oferta de retencion,Medium
6029-CSMJE,0.2798,Low,33.25,High,0.0926,0,0.3115517859276072,0.63575524,0.0926,0.365,Grow_Upsell,Campana de upsell / cross-sell,Medium
9381-NDKME,0.3776,Medium,18.43,Medium,0.2248,0,0.4283837056504599,0.35239008,0.2248,0.3649,Maintain,Mantenimiento - comunicacion periodica,Medium
0867-MKZVY,0.4253,Medium,13.69,Medium,0.2178,0,0.4853661450244893,0.26175907,0.2178,0.3648,Maintain,Mantenimiento - comunicacion periodica,Medium
9208-OLGAQ,0.4662,Medium,10.04,Medium,0.2006,0,0.5342253016366025,0.19196941,0.2006,0.3648,Maintain,Mantenimiento - comunicacion periodica,Medium
8919-FYFQZ,0.2681,Low,27.54,High,0.2889,0,0.2975749611754868,0.5265775,0.2889,0.3645,Grow_Upsell,Campana de upsell / cross-sell,Medium
7780-OTDSO,0.5724,High,0.0,Low,0.1688,0,0.661091864771234,0.0,0.1688,0.3643,Retain_Urgent,Visita urgente - oferta de retencion,Medium
9845-PEEKO,0.1576,Low,32.68,High,0.4701,0,0.16557161629434955,0.6248566,0.4701,0.3643,Grow_Upsell,Campana de upsell / cross-sell,Medium
2439-LYPMQ,0.5396,High,0.0,Low,0.2661,0,0.6219089714490502,0.0,0.2661,0.3642,Retain_Urgent,Visita urgente - oferta de retencion,Medium
5392-AKEMH,0.3942,Medium,13.43,Medium,0.3153,0,0.4482140723927846,0.25678778,0.3153,0.3642,Maintain,Mantenimiento - comunicacion periodica,Medium
1809-DMJHQ,0.3929,Medium,12.82,Medium,0.3342,0,0.44666109186477126,0.24512428,0.3342,0.3637,Maintain,Mantenimiento - comunicacion periodica,Medium
6242-MBHPK,0.5115,High,0.54,Low,0.3295,0,0.5883407000358379,0.010325048,0.3295,0.3632,Retain_Urgent,Visita urgente - oferta de retencion,Medium
9026-LHEVG,0.3872,Medium,18.96,Medium,0.1722,0,0.4398518695496356,0.36252388,0.1722,0.3631,Maintain,Mantenimiento - comunicacion periodica,Medium
2115-BFTIW,0.2278,Low,24.87,High,0.4783,0,0.24943256480707207,0.47552583,0.4783,0.363,Grow_Upsell,Campana de upsell / cross-sell,Medium
4976-LNFVV,0.233,Low,23.39,High,0.5039,0,0.2556444869191256,0.44722754,0.5039,0.3628,Grow_Upsell,Campana de upsell / cross-sell,Medium
2277-VWCNI,0.4062,Medium,9.19,Medium,0.3943,0,0.46254927726675427,0.17571701,0.3943,0.3628,Maintain,Mantenimiento - comunicacion periodica,Medium
5366-IJEQJ,0.5395,High,6.85,Medium,0.0607,0,0.6217895114084339,0.13097514,0.0607,0.3623,Retain_Urgent,Visita urgente - oferta de retencion,Medium
7142-HVGBG,0.5801,High,0.0,Low,0.1345,0,0.6702902878986978,0.0,0.1345,0.362,Retain_Urgent,Visita urgente - oferta de retencion,Medium
0578-SKVMF,0.4989,High,11.43,Medium,0.0491,0,0.5732887349181699,0.21854685,0.0491,0.362,Retain_Urgent,Visita urgente - oferta de retencion,Medium
2108-YKQTY,0.3893,Medium,8.08,Medium,0.4704,0,0.44236053040258033,0.1544933,0.4704,0.3616,Maintain,Mantenimiento - comunicacion periodica,Medium
2826-DXLQO,0.2625,Low,28.92,High,0.2514,0,0.29088519890096765,0.5529637,0.2514,0.3616,Grow_Upsell,Campana de upsell / cross-sell,Medium
7321-ZNSLA,0.0552,Low,42.63,High,0.4768,0,0.043244534703141796,0.8151052,0.4768,0.3615,Grow_Upsell,Campana de upsell / cross-sell,Medium
7340-KEFQE,0.032,Low,49.23,High,0.3552,0,0.015529805280133797,0.9413002,0.3552,0.3612,Grow_Upsell,Campana de upsell / cross-sell,Medium
1751-NCDLI,0.5797,High,0.0,Low,0.1271,0,0.6698124477362323,0.0,0.1271,0.3603,Retain_Urgent,Visita urgente - oferta de retencion,Medium
6599-CEBNN,0.3547,Medium,21.26,High,0.1891,0,0.4010273563493012,0.40650097,0.1891,0.3603,Nurture_Upsell,Contacto proactivo + propuesta de ampliacion de servicios,Medium
3132-TVFDZ,0.3968,Medium,13.87,Medium,0.2747,0,0.4513200334488114,0.26520076,0.2747,0.3602,Maintain,Mantenimiento - comunicacion periodica,Medium
6556-DBKZF,0.1229,Low,34.63,High,0.4971,0,0.12411898220045395,0.6621415,0.4971,0.3601,Grow_Upsell,Campana de upsell / cross-sell,Medium
9236-NDUCW,0.0592,Low,48.51,High,0.2888,0,0.04802293632779835,0.92753345,0.2888,0.36,Grow_Upsell,Campana de upsell / cross-sell,Medium
5027-XWQHA,0.3936,Medium,13.51,Medium,0.2931,0,0.44749731214908617,0.2583174,0.2931,0.3599,Maintain,Mantenimiento - comunicacion periodica,Medium
3426-NIYYL,0.4445,Medium,6.95,Medium,0.3283,0,0.5083024728228408,0.13288718,0.3283,0.3597,Maintain,Mantenimiento - comunicacion periodica,Medium
4958-GZWIY,0.5006,High,9.88,Medium,0.0756,0,0.575319555608649,0.18891014,0.0756,0.3595,Retain_Urgent,Visita urgente - oferta de retencion,Medium
8490-BXHEO,0.4278,Medium,14.9,Medium,0.1492,0,0.4883526460398997,0.28489482,0.1492,0.3595,Maintain,Mantenimiento - comunicacion periodica,Medium
2831-EBWRN,0.3748,Medium,12.81,Medium,0.3669,0,0.42503882451320035,0.24493308,0.3669,0.3594,Maintain,Mantenimiento - comunicacion periodica,Medium
8584-KMVXD,0.3214,Medium,19.83,Medium,0.3248,0,0.3612471628240354,0.3791587,0.3248,0.3593,Maintain,Mantenimiento - comunicacion periodica,Medium
6402-ZFPPI,0.527,High,0.0,Low,0.2796,0,0.6068570063313822,0.0,0.2796,0.3593,Retain_Urgent,Visita urgente - oferta de retencion,Medium
4039-HEUNW,0.5895,High,0.0,Low,0.0918,0,0.6815195317166408,0.0,0.0918,0.3591,Retain_Urgent,Visita urgente - oferta de retencion,Medium
9524-EGPJC,0.5434,High,5.37,Medium,0.0749,0,0.626448452992474,0.10267686,0.0749,0.359,Retain_Urgent,Visita urgente - oferta de retencion,Medium
4238-HFHSN,0.311,Low,13.72,Medium,0.5288,0,0.3488233185999283,0.2623327,0.5288,0.3589,Maintain,Mantenimiento - comunicacion periodica,Medium
3934-HXCFZ,0.5221,High,0.0,Low,0.2909,0,0.6010034643411779,0.0,0.2909,0.3587,Retain_Urgent,Visita urgente - oferta de retencion,Medium
3859-CVCET,0.3849,Medium,12.8,Medium,0.3327,0,0.43710428861545814,0.24474189,0.3327,0.3585,Maintain,Mantenimiento - comunicacion periodica,Medium
8242-PDSGJ,0.0348,Low,44.25,High,0.4756,0,0.018874686417393382,0.8460803,0.4756,0.3584,Grow_Upsell,Campana de upsell / cross-sell,Medium
7016-BPGEU,0.2641,Low,33.49,High,0.0997,0,0.2927965595508303,0.6403442,0.0997,0.3584,Grow_Upsell,Campana de upsell / cross-sell,Medium
8903-XEBGX,0.4663,Medium,3.07,Low,0.3678,0,0.534344761677219,0.05869981,0.3678,0.3583,Maintain,Mantenimiento - comunicacion periodica,Medium
5119-KEPFY,0.5514,High,0.48,Low,0.1876,0,0.6360052562417872,0.00917782,0.1876,0.3583,Retain_Urgent,Visita urgente - oferta de retencion,Medium
7579-OOPEC,0.3584,Medium,8.31,Medium,0.5375,0,0.4054473778521085,0.15889102,0.5375,0.3579,Maintain,Mantenimiento - comunicacion periodica,Medium
2219-MVUSO,0.2744,Low,13.19,Medium,0.6482,1,0.30510094373432084,0.25219885,0.6482,0.3579,Investigate_Billing,Revision de facturacion / condiciones especiales,Medium
2840-XANRC,0.5836,High,2.44,Low,0.0329,0,0.6744713893202724,0.046653923,0.0329,0.3578,Retain_Urgent,Visita urgente - oferta de retencion,Medium
3908-MKIMJ,0.0562,Low,41.62,High,0.4839,0,0.04443913510930594,0.7957935,0.4839,0.3577,Grow_Upsell,Campana de upsell / cross-sell,Medium
4685-ERGHK,0.2602,Low,19.39,Medium,0.5114,0,0.2881376179667901,0.3707457,0.5114,0.3576,Maintain,Mantenimiento - comunicacion periodica,Medium
7963-GQRMY,0.321,Medium,13.97,Medium,0.4852,0,0.3607693226615697,0.26711282,0.4852,0.3576,Maintain,Mantenimiento - comunicacion periodica,Medium
0909-SDHNU,0.2721,Low,28.6,High,0.2119,0,0.30235336280014335,0.54684514,0.2119,0.3576,Grow_Upsell,Campana de upsell / cross-sell,Medium
9003-CPATH,0.3743,Medium,15.37,Medium,0.2858,0,0.4244415243101183,0.29388145,0.2858,0.3575,Maintain,Mantenimiento - comunicacion periodica,Medium
4607-CHPCA,0.405,Medium,16.03,Medium,0.175,0,0.46111575677935734,0.30650097,0.175,0.3575,Maintain,Mantenimiento - comunicacion periodica,Medium
7129-AZJDE,0.2853,Low,26.28,High,0.2374,0,0.31812208816151,0.5024857,0.2374,0.3573,Grow_Upsell,Campana de upsell / cross-sell,Medium
3096-JRDSO,0.5494,High,0.0,Low,0.2023,0,0.6336160554294589,0.0,0.2023,0.3573,Retain_Urgent,Visita urgente - oferta de retencion,Medium
6360-SVNWV,0.2411,Low,21.73,High,0.4996,0,0.2653207502090551,0.41548756,0.4996,0.3572,Grow_Upsell,Campana de upsell / cross-sell,Medium
4198-VFOEA,0.1328,Low,38.47,High,0.3429,0,0.13594552622147893,0.7355641,0.3429,0.3572,Grow_Upsell,Campana de upsell / cross-sell,Medium
0402-CQAJN,0.4634,Medium,0.0,Low,0.4582,0,0.5308804204993429,0.0,0.4582,0.3571,Maintain,Mantenimiento - comunicacion periodica,Medium
3034-ZBEQN,0.1169,Low,37.64,High,0.4131,0,0.11695137976346913,0.7196941,0.4131,0.357,Grow_Upsell,Campana de upsell / cross-sell,Medium
4999-IEZLT,0.075,Low,42.15,High,0.4088,0,0.06689762274519173,0.8059274,0.4088,0.357,Grow_Upsell,Campana de upsell / cross-sell,Medium
0191-EQUUH,0.0657,Low,48.49,High,0.2535,0,0.05578783896786524,0.9271511,0.2535,0.3567,Grow_Upsell,Campana de upsell / cross-sell,Medium
2181-UAESM,0.3855,Medium,5.04,Medium,0.5424,0,0.4378210488591566,0.09636711,0.5424,0.3563,Maintain,Mantenimiento - comunicacion periodica,Medium
8709-KRDVL,0.5708,High,0.0,Low,0.1319,0,0.6591805041213714,0.0,0.1319,0.356,Retain_Urgent,Visita urgente - oferta de retencion,Medium
1623-NLDOT,0.14,Low,37.46,High,0.3444,0,0.14454664914586074,0.7162524,0.3444,0.356,Grow_Upsell,Campana de upsell / cross-sell,Medium
9600-UDOPK,0.5421,High,1.36,Low,0.1782,0,0.6248954724644606,0.026003825,0.1782,0.3559,Retain_Urgent,Visita urgente - oferta de retencion,Medium
4223-WOZCM,0.3802,Medium,8.6,Medium,0.4543,0,0.43148966670648664,0.16443595,0.4543,0.3559,Maintain,Mantenimiento - comunicacion periodica,Medium
8882-TLVRW,0.0307,Low,44.16,High,0.4769,0,0.013976824752120419,0.84435946,0.4769,0.3557,Grow_Upsell,Campana de upsell / cross-sell,Medium
3884-UEBXB,0.0298,Low,47.87,High,0.3734,0,0.012901684386572692,0.9152964,0.3734,0.3557,Grow_Upsell,Campana de upsell / cross-sell,Medium
3665-JATSN,0.3483,Medium,18.83,Medium,0.2541,0,0.39338191374985065,0.36003825,0.2541,0.3555,Maintain,Mantenimiento - comunicacion periodica,Medium
7270-BDIOA,0.5414,High,5.42,Medium,0.0612,0,0.6240592521801458,0.10363289,0.0612,0.3554,Retain_Urgent,Visita urgente - oferta de retencion,Medium
3312-ZWLGF,0.3382,Medium,15.98,Medium,0.3648,0,0.38131644964759287,0.30554494,0.3648,0.3553,Maintain,Mantenimiento - comunicacion periodica,Medium
8627-ZYGSZ,0.2463,Low,26.68,High,0.3325,0,0.2715326723211086,0.51013386,0.3325,0.3553,Grow_Upsell,Campana de upsell / cross-sell,Medium
9927-DSWDF,0.4446,Medium,0.0,Low,0.5049,0,0.5084219328634572,0.0,0.5049,0.3552,Maintain,Mantenimiento - comunicacion periodica,Medium
8374-XGEJJ,0.551,High,0.0,Low,0.1874,0,0.6355274160793215,0.0,0.1874,0.3552,Retain_Urgent,Visita urgente - oferta de retencion,Medium
8012-SOUDQ,0.4976,High,5.29,Medium,0.1939,0,0.5717357543901564,0.10114723,0.1939,0.355,Retain_Urgent,Visita urgente - oferta de retencion,Medium
4628-WQCQQ,0.3678,Medium,20.08,High,0.1564,0,0.4166766216700514,0.38393882,0.1564,0.3548,Nurture_Upsell,Contacto proactivo + propuesta de ampliacion de servicios,Medium
3509-GWQGF,0.1789,Low,25.38,High,0.5683,0,0.1910166049456457,0.48527724,0.5683,0.3548,Grow_Upsell,Campana de upsell / cross-sell,Medium
3144-AUDBS,0.4646,Medium,9.5,Medium,0.1703,0,0.53231394098674,0.18164437,0.1703,0.3547,Maintain,Mantenimiento - comunicacion periodica,Medium
7614-QVWQL,0.3526,Medium,20.3,High,0.1943,0,0.3985186954963565,0.3881453,0.1943,0.3546,Nurture_Upsell,Contacto proactivo + propuesta de ampliacion de servicios,Medium
8652-YHIYU,0.33,Medium,26.02,High,0.0981,0,0.37152072631704697,0.49751437,0.0981,0.3546,Nurture_Upsell,Contacto proactivo + propuesta de ampliacion de servicios,Medium
6122-EFVKN,0.0708,Low,48.07,High,0.2381,0,0.06188030103930236,0.9191205,0.2381,0.3543,Grow_Upsell,Campana de upsell / cross-sell,Medium
9279-CJEOJ,0.5565,High,0.29,Low,0.1581,0,0.6420977183132243,0.005544933,0.1581,0.3543,Retain_Urgent,Visita urgente - oferta de retencion,Medium
5472-CVMDX,0.0312,Low,44.39,High,0.4618,0,0.014574124955202484,0.84875715,0.4618,0.3543,Grow_Upsell,Campana de upsell / cross-sell,Medium
8727-XDPUD,0.0984,Low,47.23,High,0.1798,0,0.09485127224943257,0.9030593,0.1798,0.3543,Grow_Upsell,Campana de upsell / cross-sell,Medium
0147-ESWWR,0.561,High,0.01,Low,0.1518,0,0.6474734201409629,0.00019120458,0.1518,0.3542,Retain_Urgent,Visita urgente - oferta de retencion,Medium
0308-IVGOK,0.2066,Low,31.47,High,0.3056,0,0.22410703619639233,0.6017208,0.3056,0.3537,Grow_Upsell,Campana de upsell / cross-sell,Medium
5433-KYGHE,0.4872,High,9.3,Medium,0.1032,0,0.5593119101660495,0.17782028,0.1032,0.3536,Retain_Urgent,Visita urgente - oferta de retencion,Medium
6413-XKKPU,0.533,High,6.12,Medium,0.0573,0,0.6140246087683671,0.11701721,0.0573,0.3536,Retain_Urgent,Visita urgente - oferta de retencion,Medium
0823-HSCDJ,0.4376,Medium,9.23,Medium,0.2533,0,0.5000597300203082,0.17648183,0.2533,0.3536,Maintain,Mantenimiento - comunicacion periodica,Medium
4869-EPIUS,0.2371,Low,25.13,High,0.3953,0,0.26054234858439856,0.48049712,0.3953,0.3535,Grow_Upsell,Campana de upsell / cross-sell,Medium
5649-TJHOV,0.3152,Low,22.85,High,0.2269,0,0.3538406403058177,0.4369025,0.2269,0.3534,Grow_Upsell,Campana de upsell / cross-sell,Medium
6351-SCJKT,0.1981,Low,16.83,Medium,0.7496,1,0.21395293274399715,0.32179734,0.7496,0.3534,Investigate_Billing,Revision de facturacion / condiciones especiales,Medium
5144-TVGLP,0.5247,High,0.77,Low,0.234,0,0.6041094253972047,0.014722753,0.234,0.3533,Retain_Urgent,Visita urgente - oferta de retencion,Medium
3787-TRIAL,0.2356,Low,32.97,High,0.1737,0,0.25875044797515234,0.63040155,0.1737,0.3532,Grow_Upsell,Campana de upsell / cross-sell,Medium
5609-IMCGG,0.4675,Medium,11.14,Medium,0.1057,0,0.535778282164616,0.21300192,0.1057,0.3529,Maintain,Mantenimiento - comunicacion periodica,Medium
3669-LVWZB,0.3801,Medium,7.25,Medium,0.4782,0,0.4313702066658703,0.13862333,0.4782,0.3529,Maintain,Mantenimiento - comunicacion periodica,Medium
5480-TBGPH,0.542,High,0.31,Low,0.1933,0,0.6247760124238443,0.0059273425,0.1933,0.3528,Retain_Urgent,Visita urgente - oferta de retencion,Medium
1723-HKXJQ,0.5595,High,0.0,Low,0.15,0,0.6456815195317166,0.0,0.15,0.3528,Retain_Urgent,Visita urgente - oferta de retencion,Medium
2382-BCKQJ,0.405,Medium,5.6,Medium,0.4501,0,0.46111575677935734,0.107074566,0.4501,0.3527,Maintain,Mantenimiento - comunicacion periodica,Medium
9750-BOOHV,0.1132,Low,42.07,High,0.2749,0,0.11253135826066181,0.8043977,0.2749,0.3526,Grow_Upsell,Campana de upsell / cross-sell,Medium
3298-QEICA,0.0571,Low,48.67,High,0.2535,0,0.045514275474853656,0.9305927,0.2535,0.3526,Grow_Upsell,Campana de upsell / cross-sell,Medium
8158-WPEZG,0.2766,Low,23.1,High,0.3306,0,0.30772906462788197,0.4416826,0.3306,0.3525,Grow_Upsell,Campana de upsell / cross-sell,Medium
7993-PYKOF,0.3546,Medium,20.09,High,0.1836,0,0.4009078963086848,0.38413003,0.1836,0.3524,Nurture_Upsell,Contacto proactivo + propuesta de ampliacion de servicios,Medium
3951-NJCVI,0.5213,High,0.56,Low,0.246,0,0.6000477840162466,0.010707458,0.246,0.3524,Retain_Urgent,Visita urgente - oferta de retencion,Medium
3877-JRJIP,0.4904,High,0.0,Low,0.3531,0,0.5631346314657747,0.0,0.3531,0.3522,Retain_Urgent,Visita urgente - oferta de retencion,Medium
1591-NFNLQ,0.2723,Low,15.33,Medium,0.5641,0,0.3025922828813762,0.29311663,0.5641,0.3521,Maintain,Mantenimiento - comunicacion periodica,Medium
0576-WNXXC,0.5647,High,0.18,Low,0.1255,0,0.6518934416437702,0.0034416828,0.1255,0.3521,Retain_Urgent,Visita urgente - oferta de retencion,Medium
4452-QIIEB,0.3443,Medium,13.96,Medium,0.3878,0,0.3886035121251941,0.2669216,0.3878,0.3519,Maintain,Mantenimiento - comunicacion periodica,Medium
6319-IEJWJ,0.5303,High,5.12,Medium,0.0841,0,0.6107991876717238,0.09789675,0.0841,0.3516,Retain_Urgent,Visita urgente - oferta de retencion,Medium
6198-RTPMF,0.5526,High,2.13,Low,0.1028,0,0.637438776729184,0.04072658,0.1028,0.3515,Retain_Urgent,Visita urgente - oferta de retencion,Medium
1104-TNLZA,0.5396,High,0.0,Low,0.2016,0,0.6219089714490502,0.0,0.2016,0.3513,Retain_Urgent,Visita urgente - oferta de retencion,Medium
3791-LGQCY,0.5423,High,0.0,Low,0.1936,0,0.6251343925456935,0.0,0.1936,0.3513,Retain_Urgent,Visita urgente - oferta de retencion,Medium
7634-WSWDB,0.3314,Medium,19.4,Medium,0.2668,0,0.3731931668856767,0.3709369,0.2668,0.3512,Maintain,Mantenimiento - comunicacion periodica,Medium
9093-FPDLG,0.5117,High,1.64,Low,0.2368,0,0.5885796201170709,0.031357553,0.2368,0.3511,Retain_Urgent,Visita urgente - oferta de retencion,Medium
0786-VSSUD,0.3121,Low,19.33,Medium,0.325,0,0.3501373790467089,0.36959848,0.325,0.3509,Maintain,Mantenimiento - comunicacion periodica,Medium
9812-GHVRI,0.3031,Low,11.58,Medium,0.5725,0,0.3393859753912316,0.22141491,0.5725,0.3506,Maintain,Mantenimiento - comunicacion periodica,Medium
2122-YWVYA,0.3662,Medium,19.95,Medium,0.1436,0,0.4147652610201888,0.3814532,0.1436,0.3505,Maintain,Mantenimiento - comunicacion periodica,Medium
7622-NXQZR,0.2517,Low,28.6,High,0.2372,0,0.27798351451439496,0.54684514,0.2372,0.3505,Grow_Upsell,Campana de upsell / cross-sell,Medium
3370-GQEAL,0.4061,Medium,9.92,Medium,0.3121,0,0.4624298172261379,0.18967496,0.3121,0.3505,Maintain,Mantenimiento - comunicacion periodica,Medium
2480-SQIOB,0.3629,Medium,13.56,Medium,0.3349,0,0.4108230796798471,0.25927344,0.3349,0.3502,Maintain,Mantenimiento - comunicacion periodica,Medium
3814-MLAXC,0.3706,Medium,15.41,Medium,0.2573,0,0.42002150280731093,0.29464626,0.2573,0.3499,Maintain,Mantenimiento - comunicacion periodica,Medium
3511-BFTJW,0.0342,Low,44.35,High,0.4317,0,0.018157926173694904,0.84799236,0.4317,0.3498,Grow_Upsell,Campana de upsell / cross-sell,Medium
3933-DQPWX,0.0594,Low,43.44,High,0.3826,0,0.04826185640903119,0.8305927,0.3826,0.3498,Grow_Upsell,Campana de upsell / cross-sell,Medium
6851-WEFYX,0.5301,High,0.0,Low,0.2223,0,0.610560267590491,0.0,0.2223,0.3497,Retain_Urgent,Visita urgente - oferta de retencion,Medium
4902-OHLSK,0.5674,High,0.0,Low,0.1056,0,0.6551188627404133,0.0,0.1056,0.3487,Retain_Urgent,Visita urgente - oferta de retencion,Medium
4801-JZAZL,0.238,Low,28.87,High,0.2612,0,0.26161748894994624,0.5520077,0.2612,0.3487,Grow_Upsell,Campana de upsell / cross-sell,Medium
5175-AOBHI,0.3667,Medium,12.78,Medium,0.338,0,0.41536256122327087,0.24435946,0.338,0.3486,Maintain,Mantenimiento - comunicacion periodica,Medium
6967-QIQRV,0.3788,Medium,3.74,Low,0.5595,0,0.42981722613785694,0.071510516,0.5595,0.3483,Maintain,Mantenimiento - comunicacion periodica,Medium
6559-ILWKJ,0.1574,Low,34.46,High,0.3395,0,0.16533269621311675,0.658891,0.3395,0.3482,Grow_Upsell,Campana de upsell / cross-sell,Medium
1582-RAFML,0.4792,High,0.0,Low,0.3657,0,0.5497551069167363,0.0,0.3657,0.348,Retain_Urgent,Visita urgente - oferta de retencion,Medium
6143-JQKEA,0.3646,Medium,12.8,Medium,0.3402,0,0.4128539003703261,0.24474189,0.3402,0.3479,Maintain,Mantenimiento - comunicacion periodica,Medium
3635-JBPSG,0.1028,Low,44.41,High,0.2151,0,0.10010751403655478,0.8491396,0.2151,0.3478,Grow_Upsell,Campana de upsell / cross-sell,Medium
9610-WCESF,0.0433,Low,39.23,High,0.5409,0,0.029028789869788556,0.7500956,0.5409,0.3477,Grow_Upsell,Campana de upsell / cross-sell,Medium
5364-XYIRR,0.5019,High,1.1,Low,0.2644,0,0.5768725361366623,0.021032505,0.2644,0.3476,Retain_Urgent,Visita urgente - oferta de retencion,Medium
6174-NRBTZ,0.0653,Low,41.93,High,0.3959,0,0.055309998805399586,0.80172086,0.3959,0.3474,Grow_Upsell,Campana de upsell / cross-sell,Medium
4248-HCETZ,0.428,Medium,15.52,Medium,0.07,0,0.48859156612113247,0.29674953,0.07,0.3473,Maintain,Mantenimiento - comunicacion periodica,Medium
8046-DNVTL,0.029,Low,44.82,High,0.4209,0,0.011946004061641384,0.85697895,0.4209,0.3472,Grow_Upsell,Campana de upsell / cross-sell,Medium
8914-RBTSB,0.5176,High,1.95,Low,0.1909,0,0.5956277625134392,0.037284896,0.1909,0.3472,Retain_Urgent,Visita urgente - oferta de retencion,Medium
2346-DJQTB,0.2251,Low,33.85,High,0.1489,0,0.24620714371042887,0.6472275,0.1489,0.3471,Grow_Upsell,Campana de upsell / cross-sell,Medium
5916-QEWPT,0.4127,Medium,0.19,Low,0.5544,0,0.4703141799068212,0.0036328873,0.5544,0.3471,Maintain,Mantenimiento - comunicacion periodica,Medium
7636-OWBPG,0.2327,Low,28.91,High,0.2665,0,0.2552861067972763,0.55277246,0.2665,0.3468,Grow_Upsell,Campana de upsell / cross-sell,Medium
7126-RBHSD,0.4008,Medium,16.97,Medium,0.1072,0,0.4560984350734679,0.3244742,0.1072,0.3468,Maintain,Mantenimiento - comunicacion periodica,Medium
0549-CYCQN,0.2086,Low,25.68,High,0.4296,0,0.22649623700872062,0.4910134,0.4296,0.3465,Grow_Upsell,Campana de upsell / cross-sell,Medium
7508-SMHXL,0.4896,High,6.79,Medium,0.1323,0,0.5621789511408434,0.12982792,0.1323,0.3465,Retain_Urgent,Visita urgente - oferta de retencion,Medium
9274-UARKJ,0.3719,Medium,11.47,Medium,0.3491,0,0.4215744833353243,0.21931167,0.3491,0.3464,Maintain,Mantenimiento - comunicacion periodica,Medium
0727-BMPLR,0.4872,High,5.98,Medium,0.1615,0,0.5593119101660495,0.11434034,0.1615,0.3463,Retain_Urgent,Visita urgente - oferta de retencion,Medium
3589-PPVKW,0.307,Low,13.77,Medium,0.4756,0,0.3440449169752718,0.26328874,0.4756,0.3461,Maintain,Mantenimiento - comunicacion periodica,Medium
1696-MZVAU,0.0962,Low,45.99,High,0.1786,0,0.09222315135587146,0.87934995,0.1786,0.3456,Grow_Upsell,Campana de upsell / cross-sell,Medium
9053-EJUNL,0.4904,High,6.06,Medium,0.1458,0,0.5631346314657747,0.115869984,0.1458,0.3455,Retain_Urgent,Visita urgente - oferta de retencion,Medium
3694-DELSO,0.3272,Medium,19.97,Medium,0.234,0,0.36817584517978735,0.38183555,0.234,0.3454,Maintain,Mantenimiento - comunicacion periodica,Medium
2996-XAUVF,0.0658,Low,42.76,High,0.3603,0,0.05590729900848166,0.8175908,0.3603,0.3453,Grow_Upsell,Campana de upsell / cross-sell,Medium
3597-MVHJT,0.5418,High,0.13,Low,0.1605,0,0.6245370923426113,0.0024856597,0.1605,0.3451,Retain_Urgent,Visita urgente - oferta de retencion,Medium
0431-APWVY,0.3825,Medium,16.11,Medium,0.1779,0,0.4342372476406642,0.3080306,0.1779,0.3451,Maintain,Mantenimiento - comunicacion periodica,Medium
7492-TAFJD,0.0709,Low,43.57,High,0.3211,0,0.06199976107991877,0.8330784,0.3211,0.3451,Grow_Upsell,Campana de upsell / cross-sell,Medium
3891-NLXJB,0.0399,Low,42.51,High,0.4419,0,0.024967148488830485,0.81281066,0.4419,0.3447,Grow_Upsell,Campana de upsell / cross-sell,Medium
2335-GSODA,0.0583,Low,43.21,High,0.3661,0,0.046947795962250634,0.826195,0.3661,0.3446,Grow_Upsell,Campana de upsell / cross-sell,Medium
8775-CEBBJ,0.3649,Medium,13.95,Medium,0.2895,0,0.4132122804921754,0.2667304,0.2895,0.3445,Maintain,Mantenimiento - comunicacion periodica,Medium
6410-LEFEN,0.3647,Medium,13.32,Medium,0.3066,0,0.41297336041094257,0.2546845,0.3066,0.3442,Maintain,Mantenimiento - comunicacion periodica,Medium
4998-IKFSE,0.5151,High,0.0,Low,0.238,0,0.5926412614980289,0.0,0.238,0.3439,Retain_Urgent,Visita urgente - oferta de retencion,Medium
0618-XWMSS,0.3439,Medium,20.18,High,0.1699,0,0.38812567196272846,0.38585088,0.1699,0.3438,Nurture_Upsell,Contacto proactivo + propuesta de ampliacion de servicios,Medium
6030-REHUX,0.4347,Medium,0.0,Low,0.4768,0,0.4965953888424322,0.0,0.4768,0.3437,Maintain,Mantenimiento - comunicacion periodica,Medium
7176-WIONM,0.4344,Medium,9.1,Medium,0.217,0,0.49623700872058296,0.17399618,0.217,0.3437,Maintain,Mantenimiento - comunicacion periodica,Medium
1559-DTODC,0.2446,Low,33.5,High,0.0817,0,0.2695018516306296,0.64053535,0.0817,0.3433,Grow_Upsell,Campana de upsell / cross-sell,Medium
4940-KHCWD,0.0266,Low,45.01,High,0.4017,0,0.009078963086847448,0.86061186,0.4017,0.3431,Grow_Upsell,Campana de upsell / cross-sell,Medium
1902-XBTFB,0.5116,High,6.22,Medium,0.0661,0,0.5884601600764545,0.11892925,0.0661,0.3431,Retain_Urgent,Visita urgente - oferta de retencion,Medium
7839-QRKXN,0.538,High,0.29,Low,0.1574,0,0.6199976107991877,0.005544933,0.1574,0.3431,Retain_Urgent,Visita urgente - oferta de retencion,Medium
0654-HMSHN,0.5283,High,0.0,Low,0.1926,0,0.6084099868593955,0.0,0.1926,0.3427,Retain_Urgent,Visita urgente - oferta de retencion,Medium
5686-CMAWK,0.3538,Medium,19.65,Medium,0.1492,0,0.39995221598375347,0.375717,0.1492,0.3425,Maintain,Mantenimiento - comunicacion periodica,Medium
0526-SXDJP,0.0356,Low,41.57,High,0.4691,0,0.019830366742324693,0.7948375,0.4691,0.3422,Grow_Upsell,Campana de upsell / cross-sell,Medium
2070-XYMFH,0.3927,Medium,15.97,Medium,0.1367,0,0.4464221717835384,0.30535373,0.1367,0.3422,Maintain,Mantenimiento - comunicacion periodica,Medium
2832-KJCRD,0.5341,High,0.0,Low,0.1724,0,0.6153386692151476,0.0,0.1724,0.3421,Retain_Urgent,Visita urgente - oferta de retencion,Medium
7636-PEPNS,0.0638,Low,27.43,High,0.7897,1,0.05351809819615338,0.5244742,0.7897,0.342,Grow_Upsell,Campana de upsell / cross-sell,Medium
0265-PSUAE,0.4734,High,0.0,Low,0.352,0,0.5428264245609844,0.0,0.352,0.3418,Retain_Urgent,Visita urgente - oferta de retencion,Medium
5485-WUYWF,0.3143,Low,0.21,Low,0.8204,1,0.35276549994027,0.004015296,0.8204,0.3417,Investigate_Billing,Revision de facturacion / condiciones especiales,Medium
6537-QLGEX,0.3178,Low,19.29,Medium,0.2614,0,0.3569466013618445,0.36883366,0.2614,0.3414,Maintain,Mantenimiento - comunicacion periodica,Medium
4837-PZTIC,0.0377,Low,41.55,High,0.4594,0,0.02233902759526938,0.79445505,0.4594,0.3414,Grow_Upsell,Campana de upsell / cross-sell,Medium
2626-URJFX,0.3697,Medium,7.18,Medium,0.4533,0,0.4189463624417632,0.13728489,0.4533,0.3413,Maintain,Mantenimiento - comunicacion periodica,Medium
1432-FPAXX,0.2395,Low,28.16,High,0.2402,0,0.26340938955919246,0.5384321,0.2402,0.3413,Grow_Upsell,Campana de upsell / cross-sell,Medium
6345-HOVES,0.2341,Low,33.44,High,0.105,0,0.2569585473659061,0.63938814,0.105,0.3413,Grow_Upsell,Campana de upsell / cross-sell,Medium
2235-ZGKPT,0.3368,Medium,6.72,Medium,0.5645,0,0.37964400907896306,0.12848948,0.5645,0.3413,Maintain,Mantenimiento - comunicacion periodica,Medium
6549-NNDYT,0.2563,Low,28.41,High,0.1828,0,0.28347867638275,0.54321223,0.1828,0.3413,Grow_Upsell,Campana de upsell / cross-sell,Medium
1580-BMCMR,0.476,High,8.99,Medium,0.0814,0,0.5459323856170111,0.17189293,0.0814,0.3408,Retain_Urgent,Visita urgente - oferta de retencion,Medium
4570-QHXHL,0.3498,Medium,14.09,Medium,0.3121,0,0.3951738143590969,0.26940727,0.3121,0.3408,Maintain,Mantenimiento - comunicacion periodica,Medium
4343-EJVQB,0.3432,Medium,20.79,High,0.1396,0,0.38728945167841355,0.39751437,0.1396,0.3408,Nurture_Upsell,Contacto proactivo + propuesta de ampliacion de servicios,Medium
3845-JHAMY,0.3225,Medium,23.19,High,0.1323,0,0.3625612232708159,0.44340345,0.1323,0.3408,Nurture_Upsell,Contacto proactivo + propuesta de ampliacion de servicios,Medium
1636-NTNCO,0.4517,Medium,6.93,Medium,0.2123,0,0.5169035957472226,0.13250478,0.2123,0.3407,Maintain,Mantenimiento - comunicacion periodica,Medium
8949-JTMAY,0.5204,High,0.0,Low,0.2048,0,0.5989726436506988,0.0,0.2048,0.3404,Retain_Urgent,Visita urgente - oferta de retencion,Medium
8627-EHGIP,0.323,Medium,18.12,Medium,0.2737,0,0.363158523473898,0.34646273,0.2737,0.3403,Maintain,Mantenimiento - comunicacion periodica,Medium
1397-XKKWR,0.1244,Low,37.07,High,0.3233,0,0.12591088280970014,0.7087954,0.3233,0.3403,Grow_Upsell,Campana de upsell / cross-sell,Medium
7963-SHNDT,0.033,Low,44.41,High,0.3861,0,0.016724405686297936,0.8491396,0.3861,0.3403,Grow_Upsell,Campana de upsell / cross-sell,Medium
7028-DVOIQ,0.5339,High,0.0,Low,0.1631,0,0.6150997491339147,0.0,0.1631,0.3402,Retain_Urgent,Visita urgente - oferta de retencion,Medium
8059-UDZFY,0.5324,High,0.0,Low,0.1674,0,0.6133078485246685,0.0,0.1674,0.3401,Retain_Urgent,Visita urgente - oferta de retencion,Medium
4558-FANTW,0.5328,High,3.92,Low,0.0529,0,0.6137856886871342,0.0749522,0.0529,0.34,Retain_Urgent,Visita urgente - oferta de retencion,Medium
1685-VAYJF,0.3628,Medium,13.29,Medium,0.2923,0,0.4107036196392307,0.2541109,0.2923,0.34,Maintain,Mantenimiento - comunicacion periodica,Medium
6304-IJFSQ,0.3107,Low,9.1,Medium,0.5678,0,0.3484649384780791,0.17399618,0.5678,0.34,Maintain,Mantenimiento - comunicacion periodica,Medium
5493-SDRDQ,0.4151,Medium,3.29,Low,0.422,0,0.4731812208816151,0.06290631,0.422,0.3399,Maintain,Mantenimiento - comunicacion periodica,Medium
0434-CSFON,0.5315,High,0.0,Low,0.168,0,0.6122327081591208,0.0,0.168,0.3397,Retain_Urgent,Visita urgente - oferta de retencion,Medium
1635-FJFCC,0.3314,Medium,13.89,Medium,0.3669,0,0.3731931668856767,0.2655832,0.3669,0.3397,Maintain,Mantenimiento - comunicacion periodica,Medium
2011-TRQYE,0.2724,Low,23.81,High,0.2575,0,0.30271174292199254,0.45525813,0.2575,0.3394,Grow_Upsell,Campana de upsell / cross-sell,Medium
4075-WKNIU,0.1841,Low,10.28,Medium,0.9088,1,0.19722852705769925,0.19655831,0.9088,0.3393,Investigate_Billing,Revision de facturacion / condiciones especiales,Medium
6726-WEXXK,0.3244,Medium,19.92,Medium,0.2133,0,0.3648309640425278,0.38087955,0.2133,0.3393,Maintain,Mantenimiento - comunicacion periodica,Medium
6900-PXRMS,0.527,High,0.0,Low,0.1789,0,0.6068570063313822,0.0,0.1789,0.3392,Retain_Urgent,Visita urgente - oferta de retencion,Medium
0843-WTBXE,0.3363,Medium,9.88,Medium,0.4633,0,0.379046708875881,0.18891014,0.4633,0.3389,Maintain,Mantenimiento - comunicacion periodica,Medium
3234-VKACU,0.3998,Medium,0.0,Low,0.5568,0,0.4549038346673038,0.0,0.5568,0.3388,Maintain,Mantenimiento - comunicacion periodica,Medium
2504-DSHIH,0.4116,Medium,9.27,Medium,0.2549,0,0.46900011946004067,0.17724666,0.2549,0.3387,Maintain,Mantenimiento - comunicacion periodica,Medium
8938-UMKPI,0.4731,High,0.0,Low,0.3367,0,0.5424680444391351,0.0,0.3367,0.3386,Retain_Urgent,Visita urgente - oferta de retencion,Medium
1116-FRYVH,0.0273,Low,43.98,High,0.4061,0,0.009915183371162348,0.84091777,0.4061,0.3385,Grow_Upsell,Campana de upsell / cross-sell,Medium
7274-CGTOD,0.0333,Low,39.07,High,0.5287,0,0.01708278580814718,0.74703634,0.5287,0.3384,Grow_Upsell,Campana de upsell / cross-sell,Medium
4013-UBXWQ,0.5546,High,0.0,Low,0.0926,0,0.6398279775415123,0.0,0.0926,0.3384,Retain_Urgent,Visita urgente - oferta de retencion,Medium
0056-EPFBG,0.0559,Low,43.87,High,0.3218,0,0.0440807549874567,0.8388145,0.3218,0.338,Grow_Upsell,Campana de upsell / cross-sell,Medium
1894-IGFSG,0.493,High,6.01,Medium,0.1018,0,0.5662405925218015,0.11491396,0.1018,0.338,Retain_Urgent,Visita urgente - oferta de retencion,Medium
6212-ATMLK,0.4681,Medium,0.57,Low,0.332,0,0.5364950424083145,0.010898662,0.332,0.3379,Maintain,Mantenimiento - comunicacion periodica,Medium
3714-JTVOV,0.2488,Low,21.15,High,0.3956,0,0.27451917333651893,0.4043977,0.3956,0.3377,Grow_Upsell,Campana de upsell / cross-sell,Medium
4911-BANWH,0.3929,Medium,9.25,Medium,0.3062,0,0.44666109186477126,0.17686425,0.3062,0.3376,Maintain,Mantenimiento - comunicacion periodica,Medium
1213-NGCUN,0.4216,Medium,9.13,Medium,0.2221,0,0.480946123521682,0.1745698,0.2221,0.3373,Maintain,Mantenimiento - comunicacion periodica,Medium
7852-LECYP,0.5176,High,1.81,Low,0.1448,0,0.5956277625134392,0.03460803,0.1448,0.3372,Retain_Urgent,Visita urgente - oferta de retencion,Medium
6646-JPPHA,0.3762,Medium,16.23,Medium,0.1506,0,0.4267112650818301,0.31032506,0.1506,0.3366,Maintain,Mantenimiento - comunicacion periodica,Medium
7356-IWLFW,0.3033,Low,15.34,Medium,0.3933,0,0.3396248954724645,0.29330784,0.3933,0.3365,Maintain,Mantenimiento - comunicacion periodica,Medium
0723-VSOBE,0.1082,Low,37.39,High,0.3428,0,0.10655835622984113,0.71491396,0.3428,0.3363,Grow_Upsell,Campana de upsell / cross-sell,Medium
9206-GVPEQ,0.4678,Medium,3.34,Low,0.245,0,0.5361366622864652,0.06386233,0.245,0.3362,Maintain,Mantenimiento - comunicacion periodica,Medium
4918-QLLIW,0.3342,Medium,5.26,Medium,0.589,0,0.37653804802293633,0.10057362,0.589,0.3362,Maintain,Mantenimiento - comunicacion periodica,Medium
0343-QLUZP,0.0271,Low,43.96,High,0.3954,0,0.009676263289929519,0.84053534,0.3954,0.3361,Grow_Upsell,Campana de upsell / cross-sell,Medium
8496-EJAUI,0.3363,Medium,21.35,High,0.1204,0,0.379046708875881,0.4082218,0.1204,0.3361,Nurture_Upsell,Contacto proactivo + propuesta de ampliacion de servicios,Medium
0807-ZABDG,0.3935,Medium,3.01,Low,0.4734,0,0.44737785210846975,0.057552584,0.4734,0.3356,Maintain,Mantenimiento - comunicacion periodica,Medium
8543-MSDMF,0.3283,Medium,0.0,Low,0.7542,1,0.3694899056265679,0.0,0.7542,0.3356,Investigate_Billing,Revision de facturacion / condiciones especiales,Medium
3522-CDKHF,0.2826,Low,19.94,Medium,0.3191,0,0.3148966670648668,0.38126197,0.3191,0.3356,Maintain,Mantenimiento - comunicacion periodica,Medium
0668-OGMHD,0.2094,Low,29.18,High,0.2711,0,0.22745191733365192,0.557935,0.2711,0.3353,Grow_Upsell,Campana de upsell / cross-sell,Medium
9658-WYUFB,0.548,High,0.95,Low,0.0682,0,0.6319436148608292,0.018164435,0.0682,0.3351,Retain_Urgent,Visita urgente - oferta de retencion,Medium
7993-NQLJE,0.3363,Medium,20.08,High,0.151,0,0.379046708875881,0.38393882,0.151,0.3349,Nurture_Upsell,Contacto proactivo + propuesta de ampliacion de servicios,Medium
8563-IIOXK,0.3299,Medium,22.28,High,0.1067,0,0.37140126627643055,0.42600384,0.1067,0.3348,Nurture_Upsell,Contacto proactivo + propuesta de ampliacion de servicios,Medium
1965-DDBWU,0.4885,High,6.23,Medium,0.0922,0,0.5608648906940629,0.119120464,0.0922,0.3346,Retain_Urgent,Visita urgente - oferta de retencion,Medium
8805-JNRAZ,0.3417,Medium,9.31,Medium,0.4419,0,0.3854975510691674,0.17801148,0.4419,0.3345,Maintain,Mantenimiento - comunicacion periodica,Medium
0093-EXYQL,0.486,High,4.31,Low,0.1536,0,0.5578783896786524,0.08240918,0.1536,0.3344,Retain_Urgent,Visita urgente - oferta de retencion,Medium
3009-JWMPU,0.4159,Medium,7.87,Medium,0.2599,0,0.4741369012065464,0.150478,0.2599,0.3342,Maintain,Mantenimiento - comunicacion periodica,Medium
2043-WVTQJ,0.4263,Medium,2.89,Low,0.3716,0,0.4865607454306535,0.05525813,0.3716,0.3342,Maintain,Mantenimiento - comunicacion periodica,Medium
9327-QSDED,0.3394,Medium,14.07,Medium,0.3096,0,0.38274997013498985,0.26902485,0.3096,0.334,Maintain,Mantenimiento - comunicacion periodica,Medium
7339-POGZN,0.3792,Medium,7.65,Medium,0.372,0,0.43029506630032255,0.14627151,0.372,0.3334,Maintain,Mantenimiento - comunicacion periodica,Medium
5569-OUICF,0.5284,High,0.0,Low,0.1458,0,0.608529446900012,0.0,0.1458,0.3334,Retain_Urgent,Visita urgente - oferta de retencion,Medium
2073-QBVBI,0.1118,Low,36.41,High,0.3451,0,0.11085891769203202,0.69617593,0.3451,0.3333,Grow_Upsell,Campana de upsell / cross-sell,Medium
7021-XSNYE,0.0858,Low,33.35,High,0.5103,0,0.07979930713176443,0.6376673,0.5103,0.3333,Grow_Upsell,Campana de upsell / cross-sell,Medium
4115-UMJFQ,0.0922,Low,36.73,High,0.3937,0,0.08744474973121491,0.70229447,0.3937,0.3332,Grow_Upsell,Campana de upsell / cross-sell,Medium
6215-NQCPY,0.4823,High,0.0,Low,0.282,0,0.5534583681758452,0.0,0.282,0.3331,Retain_Urgent,Visita urgente - oferta de retencion,Medium
4465-VDKIQ,0.3816,Medium,16.56,Medium,0.1059,0,0.43316210727511645,0.3166348,0.1059,0.3328,Maintain,Mantenimiento - comunicacion periodica,Medium
2187-LZGPL,0.3201,Medium,18.65,Medium,0.2277,0,0.35969418229602196,0.35659656,0.2277,0.3324,Maintain,Mantenimiento - comunicacion periodica,Medium
2080-CAZNM,0.4726,High,0.04,Low,0.3032,0,0.5418707442360531,0.00076481834,0.3032,0.3318,Retain_Urgent,Visita urgente - oferta de retencion,Medium
6651-AZVTJ,0.5275,High,0.05,Low,0.1387,0,0.6074543065344642,0.000956023,0.1387,0.3318,Retain_Urgent,Visita urgente - oferta de retencion,Medium
6344-SFJVH,0.2192,Low,33.67,High,0.0946,0,0.23915900131406048,0.64378583,0.0946,0.3316,Grow_Upsell,Campana de upsell / cross-sell,Medium
5122-CYFXA,0.3446,Medium,0.0,Low,0.6858,1,0.38896189224704336,0.0,0.6858,0.3316,Investigate_Billing,Revision de facturacion / condiciones especiales,Medium
0114-PEGZZ,0.4641,Medium,0.0,Low,0.3287,0,0.5317166407836579,0.0,0.3287,0.3316,Maintain,Mantenimiento - comunicacion periodica,Medium
1000-AJSLD,0.5172,High,0.39,Low,0.157,0,0.5951499223509736,0.007456979,0.157,0.3312,Retain_Urgent,Visita urgente - oferta de retencion,Medium
1240-KNSEZ,0.5172,High,0.39,Low,0.157,0,0.5951499223509736,0.007456979,0.157,0.3312,Retain_Urgent,Visita urgente - oferta de retencion,Medium
9912-GVSEQ,0.5265,High,1.41,Low,0.099,0,0.6062597061283,0.026959848,0.099,0.331,Retain_Urgent,Visita urgente - oferta de retencion,Medium
7401-RUBNK,0.2895,Low,20.43,High,0.2614,0,0.3231394098673993,0.390631,0.2614,0.331,Grow_Upsell,Campana de upsell / cross-sell,Medium
7075-BNDVQ,0.2486,Low,23.84,High,0.2858,0,0.2742802532552861,0.45583174,0.2858,0.331,Grow_Upsell,Campana de upsell / cross-sell,Medium
9286-BHDQG,0.0297,Low,36.97,High,0.5623,0,0.01278222434595628,0.7068834,0.5623,0.3309,Grow_Upsell,Campana de upsell / cross-sell,Medium
9029-FEGVJ,0.3451,Medium,15.99,Medium,0.2216,0,0.38955919245012544,0.30573612,0.2216,0.3308,Maintain,Mantenimiento - comunicacion periodica,Medium
6729-GDNGC,0.3914,Medium,14.47,Medium,0.1268,0,0.44486919125552504,0.27667305,0.1268,0.3308,Maintain,Mantenimiento - comunicacion periodica,Medium
6646-VRFOL,0.5291,High,0.03,Low,0.1294,0,0.6093656671843268,0.00057361374,0.1294,0.3307,Retain_Urgent,Visita urgente - oferta de retencion,Medium
4307-KWMXE,0.2429,Low,22.61,High,0.3366,0,0.26747103094015057,0.4323136,0.3366,0.3307,Grow_Upsell,Campana de upsell / cross-sell,Medium
0305-SQECB,0.1444,Low,37.16,High,0.2125,0,0.14980289093298294,0.7105163,0.2125,0.3306,Grow_Upsell,Campana de upsell / cross-sell,Medium
7964-VEXDG,0.3461,Medium,15.1,Medium,0.2425,0,0.3907537928562896,0.28871894,0.2425,0.3305,Maintain,Mantenimiento - comunicacion periodica,Low
9581-GVBXT,0.0568,Low,37.45,High,0.4644,0,0.045155895353004426,0.71606123,0.4644,0.3303,Grow_Upsell,Campana de upsell / cross-sell,Low
7562-GSUHK,0.4543,Medium,3.85,Low,0.2404,0,0.5200095568032493,0.07361376,0.2404,0.3302,Maintain,Mantenimiento - comunicacion periodica,Low
8305-VHZBZ,0.5163,High,0.29,Low,0.1574,0,0.5940747819854258,0.005544933,0.1574,0.3302,Retain_Urgent,Visita urgente - oferta de retencion,Low
5356-RHIPP,0.5163,High,0.29,Low,0.1574,0,0.5940747819854258,0.005544933,0.1574,0.3302,Retain_Urgent,Visita urgente - oferta de retencion,Low
8450-JOVAH,0.4304,Medium,1.83,Low,0.3696,0,0.4914586070959264,0.03499044,0.3696,0.3301,Maintain,Mantenimiento - comunicacion periodica,Low
2860-RANUS,0.4011,Medium,9.59,Medium,0.2337,0,0.45645681519531717,0.18336521,0.2337,0.33,Maintain,Mantenimiento - comunicacion periodica,Low
3768-NLUBH,0.5153,High,0.0,Low,0.166,0,0.5928801815792617,0.0,0.166,0.3296,Retain_Urgent,Visita urgente - oferta de retencion,Low
6629-LADHQ,0.3028,Low,7.05,Medium,0.5976,0,0.3390275952693824,0.13479924,0.5976,0.3295,Maintain,Mantenimiento - comunicacion periodica,Low
0899-LIIBW,0.4849,High,0.0,Low,0.255,0,0.5565643292318719,0.0,0.255,0.3293,Retain_Urgent,Visita urgente - oferta de retencion,Low
5245-VDBUR,0.0421,Low,37.05,High,0.5148,0,0.02759526938239159,0.708413,0.5148,0.3293,Grow_Upsell,Campana de upsell / cross-sell,Low
2988-PLAHS,0.362,Medium,2.78,Low,0.5423,0,0.40974793931429937,0.053154875,0.5423,0.3293,Maintain,Mantenimiento - comunicacion periodica,Low
7434-SHXLS,0.5031,High,0.03,Low,0.1991,0,0.5783060566240592,0.00057361374,0.1991,0.3291,Retain_Urgent,Visita urgente - oferta de retencion,Low
0426-TIRNE,0.5031,High,0.03,Low,0.1991,0,0.5783060566240592,0.00057361374,0.1991,0.3291,Retain_Urgent,Visita urgente - oferta de retencion,Low
7243-LCGGZ,0.5031,High,0.03,Low,0.1991,0,0.5783060566240592,0.00057361374,0.1991,0.3291,Retain_Urgent,Visita urgente - oferta de retencion,Low
7665-NKLAV,0.0351,Low,42.84,High,0.368,0,0.019233066539242623,0.81912047,0.368,0.329,Grow_Upsell,Campana de upsell / cross-sell,Low
7596-LDUXP,0.3368,Medium,20.26,High,0.1149,0,0.37964400907896306,0.3873805,0.1149,0.329,Nurture_Upsell,Contacto proactivo + propuesta de ampliacion de servicios,Low
1251-KRREG,0.3827,Medium,4.13,Low,0.4394,0,0.434476167721897,0.0789675,0.4394,0.3288,Maintain,Mantenimiento - comunicacion periodica,Low
2775-SEFEE,0.1101,Low,19.14,Medium,0.8229,1,0.10882809700155299,0.36596557,0.8229,0.3288,Investigate_Billing,Revision de facturacion / condiciones especiales,Low
4143-HHPMK,0.3759,Medium,9.89,Medium,0.2934,0,0.4263528849599809,0.18910135,0.2934,0.3286,Maintain,Mantenimiento - comunicacion periodica,Low
2603-HVKCG,0.5192,High,0.36,Low,0.1386,0,0.5975391231633019,0.0068833656,0.1386,0.3286,Retain_Urgent,Visita urgente - oferta de retencion,Low
6119-SPUDB,0.0375,Low,44.35,High,0.3144,0,0.022100107514036554,0.84799236,0.3144,0.3283,Grow_Upsell,Campana de upsell / cross-sell,Low
0320-JDNQG,0.5078,High,0.16,Low,0.1752,0,0.5839206785330308,0.0030592734,0.1752,0.3279,Retain_Urgent,Visita urgente - oferta de retencion,Low
7521-AFHAB,0.3367,Medium,13.54,Medium,0.3023,0,0.37952454903834665,0.25889102,0.3023,0.3279,Maintain,Mantenimiento - comunicacion periodica,Low
9944-AEXBM,0.3567,Medium,9.6,Medium,0.3549,0,0.40341655716162944,0.18355642,0.3549,0.3278,Maintain,Mantenimiento - comunicacion periodica,Low
8267-ZNYVZ,0.4465,Medium,1.88,Low,0.3077,0,0.5106916736351691,0.035946462,0.3077,0.3277,Maintain,Mantenimiento - comunicacion periodica,Low
1028-FFNJK,0.4615,Medium,0.0,Low,0.3168,0,0.5286106797276311,0.0,0.3168,0.3277,Maintain,Mantenimiento - comunicacion periodica,Low
5899-OUVKV,0.5292,High,1.12,Low,0.0826,0,0.6094851272249433,0.021414915,0.0826,0.3277,Retain_Urgent,Visita urgente - oferta de retencion,Low
5857-TYBCJ,0.4145,Medium,5.94,Medium,0.2863,0,0.4724644606379166,0.113575526,0.2863,0.3276,Maintain,Mantenimiento - comunicacion periodica,Low
3256-EZDBI,0.169,Low,29.13,High,0.3548,0,0.17919006092462075,0.55697894,0.3548,0.3276,Grow_Upsell,Campana de upsell / cross-sell,Low
3336-JORSO,0.4571,Medium,0.0,Low,0.3276,0,0.523354437940509,0.0,0.3276,0.3272,Maintain,Mantenimiento - comunicacion periodica,Low
7743-EXURX,0.4674,Medium,7.42,Medium,0.0839,0,0.5356588221239995,0.1418738,0.0839,0.3272,Maintain,Mantenimiento - comunicacion periodica,Low
7758-UJWYS,0.0682,Low,42.97,High,0.2563,0,0.05877433998327559,0.82160616,0.2563,0.3271,Grow_Upsell,Campana de upsell / cross-sell,Low
9500-LTVBP,0.3372,Medium,15.38,Medium,0.2435,0,0.3801218492414287,0.29407266,0.2435,0.327,Maintain,Mantenimiento - comunicacion periodica,Low
7501-VTYLJ,0.3636,Medium,7.33,Medium,0.3934,0,0.41165929996416195,0.14015296,0.3934,0.3266,Maintain,Mantenimiento - comunicacion periodica,Low
0567-XRHCU,0.0417,Low,39.23,High,0.4372,0,0.027117429219925937,0.7500956,0.4372,0.326,Grow_Upsell,Campana de upsell / cross-sell,Low
5624-BQSSA,0.4959,High,0.01,Low,0.2052,0,0.5697049336996775,0.00019120458,0.2052,0.3259,Retain_Urgent,Visita urgente - oferta de retencion,Low
8818-XYFCQ,0.5199,High,0.0,Low,0.1333,0,0.5983753434476168,0.0,0.1333,0.3258,Retain_Urgent,Visita urgente - oferta de retencion,Low
6982-UQZLY,0.4967,High,0.08,Low,0.1991,0,0.5706606140246088,0.0015296367,0.1991,0.3256,Retain_Urgent,Visita urgente - oferta de retencion,Low
6713-OKOMC,0.2187,Low,28.7,High,0.2071,0,0.2385617011109784,0.5487572,0.2071,0.3253,Grow_Upsell,Campana de upsell / cross-sell,Low
0585-EGDDA,0.3745,Medium,15.42,Medium,0.1223,0,0.4246804443913511,0.29483747,0.1223,0.3253,Maintain,Mantenimiento - comunicacion periodica,Low
9348-YVOMK,0.33,Medium,13.53,Medium,0.3093,0,0.37152072631704697,0.2586998,0.3093,0.3252,Maintain,Mantenimiento - comunicacion periodica,Low
3249-VHRIP,0.0618,Low,39.59,High,0.3623,0,0.05112889738382512,0.756979,0.3623,0.3251,Grow_Upsell,Campana de upsell / cross-sell,Low
0895-DQHEW,0.3878,Medium,0.0,Low,0.5225,0,0.4405686297933341,0.0,0.5225,0.3248,Maintain,Mantenimiento - comunicacion periodica,Low
4797-AXPXK,0.3937,Medium,0.48,Low,0.4908,0,0.4476167721897025,0.00917782,0.4908,0.3247,Maintain,Mantenimiento - comunicacion periodica,Low
6481-LXPWL,0.0769,Low,37.16,High,0.3848,0,0.06916736351690358,0.7105163,0.3848,0.3247,Grow_Upsell,Campana de upsell / cross-sell,Low
9415-DPEWS,0.451,Medium,6.87,Medium,0.1358,0,0.5160673754629077,0.13135755,0.1358,0.3246,Maintain,Mantenimiento - comunicacion periodica,Low
0148-DCDOS,0.514,High,0.76,Low,0.123,0,0.5913272010512484,0.014531549,0.123,0.3246,Retain_Urgent,Visita urgente - oferta de retencion,Low
7892-QVYKW,0.3434,Medium,9.89,Medium,0.3705,0,0.3875283717596464,0.18910135,0.3705,0.3246,Maintain,Mantenimiento - comunicacion periodica,Low
4439-YRNVD,0.2601,Low,22.47,High,0.2586,0,0.28801815792617375,0.42963672,0.2586,0.3246,Grow_Upsell,Campana de upsell / cross-sell,Low
4138-NAXED,0.2945,Low,14.5,Medium,0.3834,0,0.32911241189822005,0.27724665,0.3834,0.3244,Maintain,Mantenimiento - comunicacion periodica,Low
2391-SOORI,0.3965,Medium,9.2,Medium,0.2295,0,0.45096165332696214,0.17590822,0.2295,0.3242,Maintain,Mantenimiento - comunicacion periodica,Low
8645-KWHJO,0.455,Medium,3.05,Low,0.2314,0,0.5208457770875642,0.0583174,0.2314,0.3242,Maintain,Mantenimiento - comunicacion periodica,Low
1322-AGOQM,0.2006,Low,27.96,High,0.2765,0,0.2169394337594075,0.534608,0.2765,0.3242,Grow_Upsell,Campana de upsell / cross-sell,Low
3995-WFCSM,0.3856,Medium,0.64,Low,0.5069,0,0.43794050889977304,0.012237093,0.5069,0.324,Maintain,Mantenimiento - comunicacion periodica,Low
2955-PSXOE,0.5059,High,0.29,Low,0.1574,0,0.5816509377613188,0.005544933,0.1574,0.324,Retain_Urgent,Visita urgente - oferta de retencion,Low
3427-GGZZI,0.4483,Medium,6.21,Medium,0.1598,0,0.5128419543662645,0.118738055,0.1598,0.324,Maintain,Mantenimiento - comunicacion periodica,Low
3058-HJCUY,0.4967,High,2.24,Low,0.1288,0,0.5706606140246088,0.04282983,0.1288,0.3239,Retain_Urgent,Visita urgente - oferta de retencion,Low
2369-FEVNO,0.5038,High,0.54,Low,0.1563,0,0.5791422769083742,0.010325048,0.1563,0.3239,Retain_Urgent,Visita urgente - oferta de retencion,Low
4289-DTDKW,0.4948,High,0.0,Low,0.1979,0,0.5683908732528969,0.0,0.1979,0.3238,Retain_Urgent,Visita urgente - oferta de retencion,Low
1302-UHBDD,0.3942,Medium,5.25,Medium,0.3463,0,0.4482140723927846,0.10038241,0.3463,0.3235,Maintain,Mantenimiento - comunicacion periodica,Low
6670-MFRPK,0.0893,Low,32.61,High,0.4724,0,0.08398040855333891,0.62351817,0.4724,0.3235,Grow_Upsell,Campana de upsell / cross-sell,Low
2921-XWDJH,0.4094,Medium,11.4,Medium,0.1241,0,0.4663719985664795,0.21797323,0.1241,0.3234,Maintain,Mantenimiento - comunicacion periodica,Low
0637-YLETY,0.5188,High,0.11,Low,0.1205,0,0.5970612830008363,0.0021032505,0.1205,0.3233,Retain_Urgent,Visita urgente - oferta de retencion,Low
4291-HYEBC,0.194,Low,33.09,High,0.1448,0,0.2090550710787242,0.632696,0.1448,0.3233,Grow_Upsell,Campana de upsell / cross-sell,Low
4661-NJEUX,0.5043,High,0.4,Low,0.155,0,0.5797395771114562,0.007648184,0.155,0.3232,Retain_Urgent,Visita urgente - oferta de retencion,Low
8069-YQQAJ,0.2274,Low,27.59,High,0.2023,0,0.24895472464460638,0.5275335,0.2023,0.3232,Grow_Upsell,Campana de upsell / cross-sell,Low
0756-MPZRL,0.0893,Low,38.27,High,0.308,0,0.08398040855333891,0.73174,0.308,0.3231,Grow_Upsell,Campana de upsell / cross-sell,Low
7110-BDTWG,0.0628,Low,36.77,High,0.43,0,0.052323497789989244,0.7030593,0.43,0.3231,Grow_Upsell,Campana de upsell / cross-sell,Low
9866-QEVEE,0.3479,Medium,9.51,Medium,0.3595,0,0.392904073587385,0.18183558,0.3595,0.3229,Maintain,Mantenimiento - comunicacion periodica,Low
0562-KBDVM,0.0314,Low,38.0,High,0.4876,0,0.01481304503643531,0.72657746,0.4876,0.3229,Grow_Upsell,Campana de upsell / cross-sell,Low
5343-SGUBI,0.1491,Low,25.37,High,0.4984,0,0.1554175128419544,0.48508605,0.4984,0.3229,Grow_Upsell,Campana de upsell / cross-sell,Low
3865-QBWSJ,0.2841,Low,14.83,Medium,0.3955,0,0.316688567674113,0.2835564,0.3955,0.3225,Maintain,Mantenimiento - comunicacion periodica,Low
8898-KASCD,0.0736,Low,37.13,High,0.3839,0,0.06522518217656194,0.7099427,0.3839,0.3224,Grow_Upsell,Campana de upsell / cross-sell,Low
2293-IJWPS,0.3482,Medium,4.78,Low,0.4903,0,0.3932624537092343,0.091395795,0.4903,0.3221,Maintain,Mantenimiento - comunicacion periodica,Low
1422-DGUBX,0.2046,Low,25.65,High,0.3203,0,0.22171783538406406,0.49043977,0.3203,0.3221,Grow_Upsell,Campana de upsell / cross-sell,Low
2778-OCLGR,0.3046,Low,19.31,Medium,0.2024,0,0.34117787600047783,0.36921605,0.2024,0.3218,Maintain,Mantenimiento - comunicacion periodica,Low
2720-FVBQP,0.3379,Medium,9.12,Medium,0.3944,0,0.3809580695257436,0.17437859,0.3944,0.3217,Maintain,Mantenimiento - comunicacion periodica,Low
0365-GXEZS,0.3557,Medium,16.57,Medium,0.1275,0,0.4022219567554653,0.31682602,0.1275,0.3217,Maintain,Mantenimiento - comunicacion periodica,Low
8799-OXZMD,0.1895,Low,28.77,High,0.274,0,0.20367936925098556,0.5500956,0.274,0.3217,Grow_Upsell,Campana de upsell / cross-sell,Low
3689-MOZGR,0.2084,Low,28.24,High,0.2326,0,0.2262573169274878,0.53996176,0.2326,0.3216,Grow_Upsell,Campana de upsell / cross-sell,Low
7089-XXAYG,0.1716,Low,33.56,High,0.1891,0,0.1822960219806475,0.6416826,0.1891,0.3215,Grow_Upsell,Campana de upsell / cross-sell,Low
5609-CEBID,0.465,Medium,1.19,Low,0.2409,0,0.5327917811492057,0.022753347,0.2409,0.3214,Maintain,Mantenimiento - comunicacion periodica,Low
1101-SSWAG,0.341,Medium,7.39,Medium,0.4325,0,0.3846613307848525,0.14130019,0.4325,0.3212,Maintain,Mantenimiento - comunicacion periodica,Low
9885-AIBVB,0.4322,Medium,9.42,Medium,0.1014,0,0.49360888782702184,0.18011473,0.1014,0.3211,Maintain,Mantenimiento - comunicacion periodica,Low
5716-LIBJC,0.4345,Medium,1.79,Low,0.3131,0,0.4963564687611994,0.03422562,0.3131,0.3211,Maintain,Mantenimiento - comunicacion periodica,Low
2692-BUCFV,0.5066,High,0.42,Low,0.1369,0,0.5824871580456338,0.008030592,0.1369,0.321,Retain_Urgent,Visita urgente - oferta de retencion,Low
5666-CYCYZ,0.4205,Medium,6.0,Medium,0.2338,0,0.4796320630749014,0.11472276,0.2338,0.321,Maintain,Mantenimiento - comunicacion periodica,Low
3349-ANQNH,0.4399,Medium,6.41,Medium,0.1637,0,0.5028073109544857,0.12256214,0.1637,0.3209,Maintain,Mantenimiento - comunicacion periodica,Low
5281-BUZGT,0.4463,Medium,4.47,Low,0.2003,0,0.5104527535539362,0.08546845,0.2003,0.3209,Maintain,Mantenimiento - comunicacion periodica,Low
2361-FJWNO,0.0979,Low,36.15,High,0.3322,0,0.0942539720463505,0.6912046,0.3322,0.3209,Grow_Upsell,Campana de upsell / cross-sell,Low
8108-UXRQN,0.4241,Medium,7.71,Medium,0.173,0,0.48393262453709235,0.14741874,0.173,0.3208,Maintain,Mantenimiento - comunicacion periodica,Low
5226-NOZFC,0.419,Medium,9.57,Medium,0.1348,0,0.47784016246565525,0.18298279,0.1348,0.3208,Maintain,Mantenimiento - comunicacion periodica,Low
0376-YMCJC,0.3959,Medium,5.01,Medium,0.3339,0,0.4502448930832636,0.09579351,0.3339,0.3206,Maintain,Mantenimiento - comunicacion periodica,Low
6486-LHTMA,0.382,Medium,14.69,Medium,0.0971,0,0.43363994743758216,0.28087953,0.0971,0.3205,Maintain,Mantenimiento - comunicacion periodica,Low
2240-HSJQD,0.3257,Medium,13.85,Medium,0.2892,0,0.36638394457054113,0.26481837,0.2892,0.3205,Maintain,Mantenimiento - comunicacion periodica,Low
5160-UXJED,0.1342,Low,26.95,High,0.4851,0,0.13761796679010874,0.5152964,0.4851,0.3204,Grow_Upsell,Campana de upsell / cross-sell,Low
6791-YBNAK,0.1981,Low,33.27,High,0.112,0,0.21395293274399715,0.63613766,0.112,0.3202,Grow_Upsell,Campana de upsell / cross-sell,Low
7284-BUYEC,0.3616,Medium,8.39,Medium,0.3373,0,0.4092700991518337,0.16042066,0.3373,0.3202,Maintain,Mantenimiento - comunicacion periodica,Low
4583-PARNH,0.4463,Medium,4.1,Low,0.2063,0,0.5104527535539362,0.078393884,0.2063,0.32,Maintain,Mantenimiento - comunicacion periodica,Low
9674-EHPPG,0.0405,Low,43.24,High,0.2956,0,0.025683908732528973,0.8267687,0.2956,0.32,Grow_Upsell,Campana de upsell / cross-sell,Low
7611-YKYTC,0.2733,Low,20.13,High,0.2615,0,0.3037868832875403,0.38489482,0.2615,0.3197,Grow_Upsell,Campana de upsell / cross-sell,Low
9526-JAWYF,0.4891,High,5.49,Medium,0.0369,0,0.5615816509377614,0.10497132,0.0369,0.3197,Retain_Urgent,Visita urgente - oferta de retencion,Low
6467-CHFZW,0.4876,High,0.0,Low,0.1988,0,0.5597897503285151,0.0,0.1988,0.3197,Retain_Urgent,Visita urgente - oferta de retencion,Low
3685-YLCMQ,0.4428,Medium,0.84,Low,0.3073,0,0.5062716521323618,0.016061185,0.3073,0.3194,Maintain,Mantenimiento - comunicacion periodica,Low
0963-ZBDRN,0.4752,High,0.59,Low,0.2173,0,0.5449767052920799,0.01128107,0.2173,0.3193,Retain_Urgent,Visita urgente - oferta de retencion,Low
2586-CWXVV,0.1783,Low,28.72,High,0.2969,0,0.19029984470194722,0.54913956,0.2969,0.3193,Grow_Upsell,Campana de upsell / cross-sell,Low
8259-NFJTV,0.237,Low,23.93,High,0.2569,0,0.2604228885437821,0.45755258,0.2569,0.3189,Grow_Upsell,Campana de upsell / cross-sell,Low
4897-QSUYC,0.4989,High,0.3,Low,0.152,0,0.5732887349181699,0.005736138,0.152,0.3188,Retain_Urgent,Visita urgente - oferta de retencion,Low
5950-AAAGJ,0.3754,Medium,11.41,Medium,0.2002,0,0.42575558475689884,0.21816443,0.2002,0.3184,Maintain,Mantenimiento - comunicacion periodica,Low
7909-FIOIY,0.1745,Low,33.62,High,0.1616,0,0.18576036315852348,0.64282984,0.1616,0.318,Grow_Upsell,Campana de upsell / cross-sell,Low
8050-WYBND,0.2508,Low,22.68,High,0.2474,0,0.2769083741488473,0.433652,0.2474,0.318,Grow_Upsell,Campana de upsell / cross-sell,Low
6664-FPDAC,0.3858,Medium,0.07,Low,0.4906,0,0.4381794289810058,0.0013384322,0.4906,0.3176,Maintain,Mantenimiento - comunicacion periodica,Low
6331-LWDTQ,0.4737,High,0.0,Low,0.2289,0,0.5431848046828336,0.0,0.2289,0.3174,Retain_Urgent,Visita urgente - oferta de retencion,Low
2911-WDXMV,0.3515,Medium,14.88,Medium,0.1661,0,0.39720463504957587,0.28451243,0.1661,0.3172,Maintain,Mantenimiento - comunicacion periodica,Low
5515-AKOAJ,0.4941,High,0.1,Low,0.1643,0,0.567554652968582,0.001912046,0.1643,0.3172,Retain_Urgent,Visita urgente - oferta de retencion,Low
6034-ZRYCV,0.1395,Low,29.26,High,0.3867,0,0.14394934894277867,0.55946463,0.3867,0.3172,Grow_Upsell,Campana de upsell / cross-sell,Low
4659-NZRUF,0.5237,High,0.12,Low,0.0749,0,0.6029148249910405,0.002294455,0.0749,0.3171,Retain_Urgent,Visita urgente - oferta de retencion,Low
4484-CGXFK,0.3184,Low,3.02,Low,0.603,0,0.35766336160554296,0.057743788,0.603,0.3168,Maintain,Mantenimiento - comunicacion periodica,Low
6743-HHQPF,0.156,Low,33.19,High,0.2219,0,0.16366025564448694,0.63460803,0.2219,0.3166,Grow_Upsell,Campana de upsell / cross-sell,Low
9710-ZUSHQ,0.4475,Medium,0.0,Low,0.3028,0,0.5118862740413332,0.0,0.3028,0.3165,Maintain,Mantenimiento - comunicacion periodica,Low
1319-YLZJG,0.3902,Medium,11.17,Medium,0.1532,0,0.44343567076812807,0.21357553,0.1532,0.3164,Maintain,Mantenimiento - comunicacion periodica,Low
9512-UIBFX,0.4746,High,0.3,Low,0.2123,0,0.5442599450483814,0.005736138,0.2123,0.3163,Retain_Urgent,Visita urgente - oferta de retencion,Low
9000-PLFUZ,0.1187,Low,33.48,High,0.3228,0,0.11910166049456457,0.640153,0.3228,0.3162,Grow_Upsell,Campana de upsell / cross-sell,Low
4937-QPZPO,0.3872,Medium,6.04,Medium,0.3072,0,0.4398518695496356,0.115487576,0.3072,0.316,Maintain,Mantenimiento - comunicacion periodica,Low
2507-QZPQS,0.5169,High,0.16,Low,0.0877,0,0.5947915422291244,0.0030592734,0.0877,0.3159,Retain_Urgent,Visita urgente - oferta de retencion,Low
4544-RXFMG,0.1846,Low,27.77,High,0.2877,0,0.19782582726078127,0.53097516,0.2877,0.3157,Grow_Upsell,Campana de upsell / cross-sell,Low
1541-ETJZO,0.4252,Medium,0.07,Low,0.3629,0,0.4852466849838729,0.0013384322,0.3629,0.3156,Maintain,Mantenimiento - comunicacion periodica,Low
6559-PDZLR,0.4995,High,0.52,Low,0.1282,0,0.5740054951618684,0.009942639,0.1282,0.3156,Retain_Urgent,Visita urgente - oferta de retencion,Low
8444-WRIDW,0.2384,Low,14.91,Medium,0.4943,0,0.2620953291124119,0.28508604,0.4943,0.3154,Maintain,Mantenimiento - comunicacion periodica,Low
2800-QQUSO,0.5006,High,0.0,Low,0.1387,0,0.575319555608649,0.0,0.1387,0.3154,Retain_Urgent,Visita urgente - oferta de retencion,Low
4177-JPDFU,0.1984,Low,24.36,High,0.3417,0,0.2143113128658464,0.4657744,0.3417,0.3152,Grow_Upsell,Campana de upsell / cross-sell,Low
2817-NTQDO,0.348,Medium,14.05,Medium,0.1906,0,0.3930235336280014,0.26864246,0.1906,0.3152,Maintain,Mantenimiento - comunicacion periodica,Low
6394-MFYNG,0.4747,High,0.0,Low,0.2153,0,0.5443794050889977,0.0,0.2153,0.3152,Retain_Urgent,Visita urgente - oferta de retencion,Low
3445-HXXGF,0.3283,Medium,12.21,Medium,0.3019,0,0.3694899056265679,0.23346081,0.3019,0.3152,Maintain,Mantenimiento - comunicacion periodica,Low
8095-WANWK,0.3061,Low,13.26,Medium,0.338,0,0.34296977660972405,0.2535373,0.338,0.3151,Maintain,Mantenimiento - comunicacion periodica,Low
9708-HPXWZ,0.3142,Low,13.92,Medium,0.2944,0,0.35264603989965354,0.2661568,0.2944,0.3151,Maintain,Mantenimiento - comunicacion periodica,Low
1641-RQDAY,0.4989,High,0.0,Low,0.1423,0,0.5732887349181699,0.0,0.1423,0.3151,Retain_Urgent,Visita urgente - oferta de retencion,Low
6458-CYIDZ,0.3442,Medium,14.55,Medium,0.1848,0,0.3884840520845777,0.27820268,0.1848,0.3147,Maintain,Mantenimiento - comunicacion periodica,Low
5243-SAOTC,0.2778,Low,15.4,Medium,0.3589,0,0.30916258511527894,0.29445505,0.3589,0.3147,Maintain,Mantenimiento - comunicacion periodica,Low
4819-HJPIW,0.176,Low,33.63,High,0.1391,0,0.18755226376776968,0.64302105,0.1391,0.3145,Grow_Upsell,Campana de upsell / cross-sell,Low
8189-XRIKE,0.4647,Medium,4.54,Low,0.1112,0,0.5324334010273564,0.086806886,0.1112,0.3145,Maintain,Mantenimiento - comunicacion periodica,Low
0848-ZGQIJ,0.4948,High,0.56,Low,0.1354,0,0.5683908732528969,0.010707458,0.1354,0.3145,Retain_Urgent,Visita urgente - oferta de retencion,Low
5701-GUXDC,0.0767,Low,37.02,High,0.3375,0,0.06892844343567077,0.7078394,0.3375,0.3143,Grow_Upsell,Campana de upsell / cross-sell,Low
4712-AUQZO,0.1684,Low,24.16,High,0.4321,0,0.17847330068092224,0.4619503,0.4321,0.3142,Grow_Upsell,Campana de upsell / cross-sell,Low
0895-UADGO,0.0823,Low,39.13,High,0.2594,0,0.07561820571018994,0.7481836,0.2594,0.3141,Grow_Upsell,Campana de upsell / cross-sell,Low
3583-KRKMD,0.316,Low,19.5,Medium,0.1239,0,0.354796320630749,0.37284896,0.1239,0.314,Maintain,Mantenimiento - comunicacion periodica,Low
3588-WSTTJ,0.4734,High,0.0,Low,0.2127,0,0.5428264245609844,0.0,0.2127,0.314,Retain_Urgent,Visita urgente - oferta de retencion,Low
9396-ZSFLL,0.2534,Low,9.15,Medium,0.606,1,0.280014335204874,0.1749522,0.606,0.3137,Investigate_Billing,Revision de facturacion / condiciones especiales,Low
9873-MNDKV,0.3009,Low,13.77,Medium,0.3317,0,0.33675785449767054,0.26328874,0.3317,0.3137,Maintain,Mantenimiento - comunicacion periodica,Low
2675-DHUTR,0.4835,High,0.13,Low,0.1768,0,0.5548918886632421,0.0024856597,0.1768,0.3136,Retain_Urgent,Visita urgente - oferta de retencion,Low
1608-GMEWB,0.4496,Medium,1.27,Low,0.2455,0,0.5143949348942779,0.024282983,0.2455,0.3136,Maintain,Mantenimiento - comunicacion periodica,Low
3352-ALMCK,0.5009,High,0.0,Low,0.1288,0,0.5756779357304982,0.0,0.1288,0.3136,Retain_Urgent,Visita urgente - oferta de retencion,Low
8378-LKJAF,0.4518,Medium,0.0,Low,0.2709,0,0.5170230557878389,0.0,0.2709,0.3127,Maintain,Mantenimiento - comunicacion periodica,Low
2037-SGXHH,0.5085,High,0.96,Low,0.0742,0,0.5847568988173456,0.01835564,0.0742,0.3127,Retain_Urgent,Visita urgente - oferta de retencion,Low
6365-MTGZX,0.4107,Medium,0.24,Low,0.3865,0,0.46792497909449293,0.00458891,0.3865,0.3126,Maintain,Mantenimiento - comunicacion periodica,Low
8640-SDGKB,0.4683,Medium,0.0,Low,0.2211,0,0.5367339624895473,0.0,0.2211,0.3126,Maintain,Mantenimiento - comunicacion periodica,Low
7173-TETGO,0.0564,Low,32.95,High,0.5058,0,0.044678055190538774,0.6300191,0.5058,0.3125,Grow_Upsell,Campana de upsell / cross-sell,Low
3683-QKIUE,0.4288,Medium,7.44,Medium,0.1246,0,0.4895472464460638,0.14225622,0.1246,0.3124,Maintain,Mantenimiento - comunicacion periodica,Low
2480-JZOSN,0.4794,High,0.08,Low,0.1844,0,0.5499940269979692,0.0015296367,0.1844,0.3123,Retain_Urgent,Visita urgente - oferta de retencion,Low
2253-KPMNB,0.0298,Low,36.73,High,0.4751,0,0.012901684386572692,0.70229447,0.4751,0.3122,Grow_Upsell,Campana de upsell / cross-sell,Low
9667-EQRXU,0.2916,Low,18.76,Medium,0.2084,0,0.3256480707203441,0.35869983,0.2084,0.3121,Maintain,Mantenimiento - comunicacion periodica,Low
1360-RCYRT,0.197,Low,28.73,High,0.2049,0,0.21263887229721662,0.5493308,0.2049,0.3121,Grow_Upsell,Campana de upsell / cross-sell,Low
4312-GVYNH,0.032,Low,33.89,High,0.5466,0,0.015529805280133797,0.6479924,0.5466,0.3115,Grow_Upsell,Campana de upsell / cross-sell,Low
5828-AVIPD,0.4333,Medium,4.73,Low,0.1847,0,0.49492294827380245,0.090439774,0.1847,0.3115,Maintain,Mantenimiento - comunicacion periodica,Low
2144-ESWKO,0.0678,Low,36.79,High,0.3558,0,0.058296499820809936,0.70344174,0.3558,0.3113,Grow_Upsell,Campana de upsell / cross-sell,Low
7426-WEIJX,0.2676,Low,14.46,Medium,0.3992,0,0.29697766097240474,0.27648184,0.3992,0.3113,Maintain,Mantenimiento - comunicacion periodica,Low
4521-YEEHE,0.4521,Medium,6.78,Medium,0.0676,0,0.5173814359096882,0.12963672,0.0676,0.3111,Maintain,Mantenimiento - comunicacion periodica,Low
6439-GTPCA,0.4024,Medium,8.85,Medium,0.1557,0,0.4580097957233305,0.16921607,0.1557,0.3109,Maintain,Mantenimiento - comunicacion periodica,Low
5018-GWURO,0.2508,Low,9.79,Medium,0.5813,0,0.2769083741488473,0.1871893,0.5813,0.3109,Maintain,Mantenimiento - comunicacion periodica,Low
2719-BDAQO,0.4895,High,1.7,Low,0.1,0,0.562059491100227,0.032504782,0.1,0.3108,Retain_Urgent,Visita urgente - oferta de retencion,Low
5202-IVJNU,0.1646,Low,28.43,High,0.3032,0,0.17393381913749853,0.54359466,0.3032,0.3107,Grow_Upsell,Campana de upsell / cross-sell,Low
5129-JLPIS,0.4277,Medium,0.34,Low,0.3233,0,0.4882331859992833,0.006500956,0.3233,0.3107,Maintain,Mantenimiento - comunicacion periodica,Low
9928-BZVLZ,0.0815,Low,33.38,High,0.4075,0,0.07466252538525864,0.63824093,0.4075,0.3103,Grow_Upsell,Campana de upsell / cross-sell,Low
1597-LHYNC,0.518,High,0.37,Low,0.0505,0,0.596105602675905,0.00707457,0.0505,0.3103,Retain_Urgent,Visita urgente - oferta de retencion,Low
5199-FPUSP,0.0954,Low,38.12,High,0.2294,0,0.09126747103094016,0.7288719,0.2294,0.3102,Grow_Upsell,Campana de upsell / cross-sell,Low
2027-CWDNU,0.3954,Medium,9.69,Medium,0.1489,0,0.4496475928801816,0.18527724,0.1489,0.3102,Maintain,Mantenimiento - comunicacion periodica,Low
3804-RVTGV,0.4256,Medium,0.0,Low,0.3364,0,0.4857245251463385,0.0,0.3364,0.3101,Maintain,Mantenimiento - comunicacion periodica,Low
8623-TMRBY,0.3153,Low,11.1,Medium,0.3462,0,0.35396010034643416,0.2122371,0.3462,0.3099,Maintain,Mantenimiento - comunicacion periodica,Low
9762-YAQAA,0.2049,Low,24.53,High,0.2907,0,0.2220762155059133,0.46902487,0.2907,0.3099,Grow_Upsell,Campana de upsell / cross-sell,Low
6259-WJQLC,0.3202,Medium,14.48,Medium,0.234,0,0.3598136423366384,0.27686423,0.234,0.3098,Maintain,Mantenimiento - comunicacion periodica,Low
8231-BSWXX,0.1094,Low,26.97,High,0.505,0,0.10799187671723809,0.51567876,0.505,0.3097,Grow_Upsell,Campana de upsell / cross-sell,Low
3016-KSVCP,0.2304,Low,23.94,High,0.2278,0,0.25253852586309883,0.4577438,0.2278,0.3092,Grow_Upsell,Campana de upsell / cross-sell,Low
9644-UMGQA,0.4126,Medium,9.65,Medium,0.0933,0,0.4701947198662048,0.18451242,0.0933,0.3091,Maintain,Mantenimiento - comunicacion periodica,Low
7554-AKDQF,0.2179,Low,12.71,Medium,0.587,0,0.23760602078604712,0.24302104,0.587,0.3091,Maintain,Mantenimiento - comunicacion periodica,Low
1493-AMTIE,0.4807,High,0.29,Low,0.1574,0,0.5515470075259826,0.005544933,0.1574,0.3089,Retain_Urgent,Visita urgente - oferta de retencion,Low
1845-CSBRZ,0.3269,Medium,9.96,Medium,0.3373,0,0.36781746505793816,0.19043978,0.3373,0.3085,Maintain,Mantenimiento - comunicacion periodica,Low
0019-GFNTW,0.0286,Low,37.89,High,0.4267,0,0.011468163899175727,0.7244742,0.4267,0.3084,Grow_Upsell,Campana de upsell / cross-sell,Low
4800-VHZKI,0.4776,High,0.54,Low,0.1563,0,0.5478437462668738,0.010325048,0.1563,0.3083,Retain_Urgent,Visita urgente - oferta de retencion,Low
3258-SANFR,0.2915,Low,13.8,Medium,0.3313,0,0.3255286106797276,0.26386234,0.3313,0.3082,Maintain,Mantenimiento - comunicacion periodica,Low
6844-DZKRF,0.2999,Low,8.23,Medium,0.4654,0,0.3355632540915064,0.15736137,0.4654,0.3081,Maintain,Mantenimiento - comunicacion periodica,Low
5222-IMUKT,0.4393,Medium,4.54,Low,0.1529,0,0.5020905507107872,0.086806886,0.1529,0.3077,Maintain,Mantenimiento - comunicacion periodica,Low
3005-NFMTA,0.4064,Medium,0.29,Low,0.3731,0,0.4627881973479871,0.005544933,0.3731,0.3077,Maintain,Mantenimiento - comunicacion periodica,Low
5227-JSCFE,0.0271,Low,36.53,High,0.4656,0,0.009676263289929519,0.69847035,0.4656,0.3075,Grow_Upsell,Campana de upsell / cross-sell,Low
9529-OFXHY,0.4023,Medium,7.29,Medium,0.1833,0,0.45789033568271414,0.13938814,0.1833,0.3074,Maintain,Mantenimiento - comunicacion periodica,Low
2853-CWQFQ,0.4085,Medium,0.28,Low,0.3652,0,0.46529685820093175,0.005353729,0.3652,0.3073,Maintain,Mantenimiento - comunicacion periodica,Low
7404-JLKQG,0.3699,Medium,0.63,Low,0.4707,0,0.4191852825229961,0.012045889,0.4707,0.3073,Maintain,Mantenimiento - comunicacion periodica,Low
9692-TUSXH,0.5016,High,0.25,Low,0.0875,0,0.5765141560148132,0.0047801146,0.0875,0.3072,Retain_Urgent,Visita urgente - oferta de retencion,Low
2856-NNASM,0.4216,Medium,6.05,Medium,0.1586,0,0.480946123521682,0.11567878,0.1586,0.3069,Maintain,Mantenimiento - comunicacion periodica,Low
1767-TGTKO,0.2323,Low,12.93,Medium,0.526,0,0.2548082666348107,0.24722755,0.526,0.3068,Maintain,Mantenimiento - comunicacion periodica,Low
1833-TCXKK,0.4578,Medium,0.0,Low,0.2237,0,0.5241906582248238,0.0,0.2237,0.3068,Maintain,Mantenimiento - comunicacion periodica,Low
5397-NSKQG,0.049,Low,33.06,High,0.4957,0,0.03583801218492415,0.6321224,0.4957,0.3067,Grow_Upsell,Campana de upsell / cross-sell,Low
7564-GHCVB,0.0515,Low,32.67,High,0.499,0,0.03882451320033449,0.6246654,0.499,0.3066,Grow_Upsell,Campana de upsell / cross-sell,Low
9495-REDIY,0.1494,Low,31.86,High,0.2299,0,0.15577589296380365,0.6091778,0.2299,0.3066,Grow_Upsell,Campana de upsell / cross-sell,Low
7567-ECMCM,0.2833,Low,15.75,Medium,0.2912,0,0.3157328873491817,0.30114722,0.2912,0.3065,Maintain,Mantenimiento - comunicacion periodica,Low
8212-CRQXP,0.3155,Low,15.31,Medium,0.2077,0,0.35419902042766693,0.29273424,0.2077,0.3065,Maintain,Mantenimiento - comunicacion periodica,Low
7136-RVDTZ,0.1325,Low,26.85,High,0.4232,0,0.13558714609962969,0.51338434,0.4232,0.3064,Grow_Upsell,Campana de upsell / cross-sell,Low
6723-CEGQI,0.058,Low,37.99,High,0.325,0,0.046589415840401396,0.72638625,0.325,0.3062,Grow_Upsell,Campana de upsell / cross-sell,Low
2037-XJFUP,0.3554,Medium,9.14,Medium,0.2636,0,0.40186357663361605,0.174761,0.2636,0.3061,Maintain,Mantenimiento - comunicacion periodica,Low
1395-OFUWC,0.1614,Low,28.01,High,0.3021,0,0.17011109783777328,0.53556406,0.3021,0.3061,Grow_Upsell,Campana de upsell / cross-sell,Low
2873-ZLIWT,0.3636,Medium,10.85,Medium,0.1898,0,0.41165929996416195,0.20745699,0.1898,0.306,Maintain,Mantenimiento - comunicacion periodica,Low
4057-FKCZK,0.1067,Low,27.98,High,0.4655,0,0.10476645562059492,0.53499043,0.4655,0.306,Grow_Upsell,Campana de upsell / cross-sell,Low
7599-FKVXZ,0.465,Medium,0.0,Low,0.1979,0,0.5327917811492057,0.0,0.1979,0.306,Maintain,Mantenimiento - comunicacion periodica,Low
2533-TIBIX,0.182,Low,28.5,High,0.2257,0,0.19471986620475454,0.5449331,0.2257,0.306,Grow_Upsell,Campana de upsell / cross-sell,Low
2599-CZABP,0.1562,Low,27.05,High,0.3429,0,0.16389917572571977,0.5172084,0.3429,0.3057,Grow_Upsell,Campana de upsell / cross-sell,Low
0015-UOCOJ,0.4101,Medium,9.99,Medium,0.0734,0,0.46720821885079444,0.19101338,0.0734,0.3056,Maintain,Mantenimiento - comunicacion periodica,Low
7721-JXEAW,0.2654,Low,16.39,Medium,0.3221,0,0.2943495400788437,0.31338432,0.3221,0.3056,Maintain,Mantenimiento - comunicacion periodica,Low
0734-OXWBT,0.3376,Medium,0.04,Low,0.5743,0,0.38059968940389444,0.00076481834,0.5743,0.3054,Maintain,Mantenimiento - comunicacion periodica,Low
5709-LVOEQ,0.1662,Low,3.05,Low,0.9989,1,0.17584517978736114,0.0583174,0.9989,0.3052,Investigate_Billing,Revision de facturacion / condiciones especiales,Low
6985-HAYWX,0.3126,Low,15.98,Medium,0.1903,0,0.3507346792497909,0.30554494,0.1903,0.3051,Maintain,Mantenimiento - comunicacion periodica,Low
8887-IPQNC,0.2969,Low,14.0,Medium,0.2934,0,0.33197945287301395,0.26768643,0.2934,0.305,Maintain,Mantenimiento - comunicacion periodica,Low
5180-UCIIQ,0.3048,Low,18.26,Medium,0.1452,0,0.34141679608171066,0.3491396,0.1452,0.3045,Maintain,Mantenimiento - comunicacion periodica,Low
5028-HTLJB,0.4728,High,0.4,Low,0.155,0,0.5421096643172859,0.007648184,0.155,0.3043,Retain_Urgent,Visita urgente - oferta de retencion,Low
3148-BLQJT,0.4718,High,0.39,Low,0.157,0,0.5409150639111218,0.007456979,0.157,0.3041,Retain_Urgent,Visita urgente - oferta de retencion,Low
7740-KKCXF,0.155,Low,28.63,High,0.2924,0,0.1624656552383228,0.5474187,0.2924,0.3039,Grow_Upsell,Campana de upsell / cross-sell,Low
2192-CKRLV,0.0459,Low,34.11,High,0.4603,0,0.032134750925815324,0.65219885,0.4603,0.3038,Grow_Upsell,Campana de upsell / cross-sell,Low
3692-JHONH,0.4485,Medium,0.25,Low,0.229,0,0.5130808744474973,0.0047801146,0.229,0.3038,Maintain,Mantenimiento - comunicacion periodica,Low
8904-OPDCK,0.146,Low,33.84,High,0.1689,0,0.15171425158284554,0.6470363,0.1689,0.3037,Grow_Upsell,Campana de upsell / cross-sell,Low
5640-CAXOA,0.1651,Low,31.62,High,0.1754,0,0.1745311193405806,0.6045889,0.1754,0.3037,Grow_Upsell,Campana de upsell / cross-sell,Low
9040-KZVWO,0.1714,Low,29.51,High,0.2169,0,0.18205710189941465,0.56424475,0.2169,0.3037,Grow_Upsell,Campana de upsell / cross-sell,Low
5356-CSVSQ,0.347,Medium,0.0,Low,0.5384,0,0.39182893322183726,0.0,0.5384,0.3036,Maintain,Mantenimiento - comunicacion periodica,Low
2519-FAKOD,0.484,High,0.0,Low,0.1283,0,0.5554891888663243,0.0,0.1283,0.3034,Retain_Urgent,Visita urgente - oferta de retencion,Low
6362-QHAFM,0.4375,Medium,0.69,Low,0.2474,0,0.4999402699796918,0.0131931165,0.2474,0.3034,Maintain,Mantenimiento - comunicacion periodica,Low
0621-HJWXJ,0.2202,Low,14.17,Medium,0.5094,0,0.24035360172022463,0.2709369,0.5094,0.3033,Maintain,Mantenimiento - comunicacion periodica,Low
0617-AQNWT,0.0422,Low,34.84,High,0.4481,0,0.027714729423008008,0.6661568,0.4481,0.3033,Grow_Upsell,Campana de upsell / cross-sell,Low
3092-IGHWF,0.2312,Low,19.34,Medium,0.3275,0,0.2534942061880301,0.3697897,0.3275,0.3032,Maintain,Mantenimiento - comunicacion periodica,Low
0280-XJGEX,0.4825,High,0.0,Low,0.1301,0,0.553697288257078,0.0,0.1301,0.3029,Retain_Urgent,Visita urgente - oferta de retencion,Low
0799-DDIHE,0.2612,Low,12.79,Medium,0.4244,0,0.28933221837295425,0.24455068,0.4244,0.3029,Maintain,Mantenimiento - comunicacion periodica,Low
3030-ZKIWL,0.4697,Medium,0.4,Low,0.155,0,0.5384064030581771,0.007648184,0.155,0.3025,Maintain,Mantenimiento - comunicacion periodica,Low
8749-CLJXC,0.4697,Medium,0.4,Low,0.155,0,0.5384064030581771,0.007648184,0.155,0.3025,Maintain,Mantenimiento - comunicacion periodica,Low
7096-UCLNH,0.4697,Medium,0.4,Low,0.155,0,0.5384064030581771,0.007648184,0.155,0.3025,Maintain,Mantenimiento - comunicacion periodica,Low
7460-ITWWP,0.3787,Medium,9.22,Medium,0.1738,0,0.4296977660972405,0.17629063,0.1738,0.3025,Maintain,Mantenimiento - comunicacion periodica,Low
6572-ADKRS,0.2011,Low,20.42,High,0.3823,0,0.21753673396248957,0.39043978,0.3823,0.3024,Grow_Upsell,Campana de upsell / cross-sell,Low
9058-MJLZC,0.4997,High,0.98,Low,0.0483,0,0.5742444152431012,0.01873805,0.0483,0.3024,Retain_Urgent,Visita urgente - oferta de retencion,Low
1763-WQFUK,0.3206,Medium,8.1,Medium,0.3783,0,0.36029148249910403,0.15487573,0.3783,0.3023,Maintain,Mantenimiento - comunicacion periodica,Low
1480-IVEVR,0.2027,Low,24.49,High,0.2607,0,0.21944809461235218,0.46826005,0.2607,0.3023,Grow_Upsell,Campana de upsell / cross-sell,Low
3055-OYMSE,0.1751,Low,21.4,High,0.4314,0,0.186477123402222,0.4091778,0.4314,0.3023,Grow_Upsell,Campana de upsell / cross-sell,Low
2929-QNSRW,0.4117,Medium,7.11,Medium,0.1347,0,0.469119579500657,0.13594647,0.1347,0.3023,Maintain,Mantenimiento - comunicacion periodica,Low
8985-OOPOS,0.3266,Medium,0.14,Low,0.5884,0,0.36745908493608886,0.0026768644,0.5884,0.3022,Maintain,Mantenimiento - comunicacion periodica,Low
4877-EVATK,0.4697,Medium,0.42,Low,0.153,0,0.5384064030581771,0.008030592,0.153,0.3022,Maintain,Mantenimiento - comunicacion periodica,Low
7698-YFGEZ,0.4697,Medium,0.42,Low,0.153,0,0.5384064030581771,0.008030592,0.153,0.3022,Maintain,Mantenimiento - comunicacion periodica,Low
4220-TINQT,0.3403,Medium,0.0,Low,0.5496,0,0.3838251105005376,0.0,0.5496,0.3018,Maintain,Mantenimiento - comunicacion periodica,Low
8800-ZKRFW,0.4302,Medium,0.0,Low,0.2796,0,0.4912196870146936,0.0,0.2796,0.3015,Maintain,Mantenimiento - comunicacion periodica,Low
3537-HPKQT,0.2357,Low,17.58,Medium,0.3558,0,0.25886990801576876,0.33613768,0.3558,0.3014,Maintain,Mantenimiento - comunicacion periodica,Low
8429-XIBUM,0.4324,Medium,0.0,Low,0.2717,0,0.4938478079082547,0.0,0.2717,0.3013,Maintain,Mantenimiento - comunicacion periodica,Low
7133-VBDCG,0.3604,Medium,15.45,Medium,0.0432,0,0.40783657866443673,0.29541108,0.0432,0.3012,Maintain,Mantenimiento - comunicacion periodica,Low
8070-AAWZP,0.2133,Low,24.39,High,0.2255,0,0.23211085891769204,0.466348,0.2255,0.3011,Grow_Upsell,Campana de upsell / cross-sell,Low
3638-DIMPH,0.1455,Low,27.26,High,0.3452,0,0.15111695137976347,0.5212237,0.3452,0.301,Grow_Upsell,Campana de upsell / cross-sell,Low
0121-SNYRK,0.0562,Low,37.18,High,0.3252,0,0.04443913510930594,0.7108987,0.3252,0.3005,Grow_Upsell,Campana de upsell / cross-sell,Low
5126-RCXYW,0.0582,Low,36.01,High,0.3526,0,0.04682833592163421,0.6885277,0.3526,0.3005,Grow_Upsell,Campana de upsell / cross-sell,Low
4619-EVPHY,0.3369,Medium,15.41,Medium,0.1094,0,0.3797634691195795,0.29464626,0.1094,0.3002,Maintain,Mantenimiento - comunicacion periodica,Low
9261-WDCAF,0.2988,Low,3.37,Low,0.5684,0,0.33424919364472583,0.064435944,0.5684,0.3001,Maintain,Mantenimiento - comunicacion periodica,Low
4032-RMHCI,0.0692,Low,36.8,High,0.2944,0,0.05996894038943973,0.7036329,0.2944,0.3,Grow_Upsell,Campana de upsell / cross-sell,Low
1929-ZCBHE,0.0481,Low,32.62,High,0.4769,0,0.034762871819376415,0.6237094,0.4769,0.2999,Grow_Upsell,Campana de upsell / cross-sell,Low
0230-UBYPQ,0.0491,Low,36.7,High,0.3567,0,0.035957472225540556,0.7017209,0.3567,0.2998,Grow_Upsell,Campana de upsell / cross-sell,Low
7774-OJSXI,0.3732,Medium,2.08,Low,0.3813,0,0.42312746386333766,0.039770555,0.3813,0.2998,Maintain,Mantenimiento - comunicacion periodica,Low
1282-IHQAC,0.0977,Low,28.32,High,0.4506,0,0.09401505196511767,0.5414914,0.4506,0.2996,Grow_Upsell,Campana de upsell / cross-sell,Low
4686-UXDML,0.4133,Medium,0.0,Low,0.3202,0,0.47103094015051966,0.0,0.3202,0.2996,Maintain,Mantenimiento - comunicacion periodica,Low
3739-YBWAB,0.0622,Low,37.01,High,0.3076,0,0.05160673754629077,0.70764816,0.3076,0.2996,Grow_Upsell,Campana de upsell / cross-sell,Low
1307-ATKGB,0.441,Medium,6.14,Medium,0.0615,0,0.5041213714012663,0.11739962,0.0615,0.2996,Maintain,Mantenimiento - comunicacion periodica,Low
6243-OZGFH,0.3353,Medium,13.57,Medium,0.1639,0,0.37785210846971684,0.25946462,0.1639,0.2995,Maintain,Mantenimiento - comunicacion periodica,Low
2580-ASVVY,0.047,Low,37.34,High,0.3416,0,0.033448811372595866,0.71395797,0.3416,0.2992,Grow_Upsell,Campana de upsell / cross-sell,Low
6348-SNFUS,0.0229,Low,27.89,High,0.6846,1,0.00465894158404014,0.5332696,0.6846,0.2992,Grow_Upsell,Campana de upsell / cross-sell,Low
4791-QRGMF,0.384,Medium,6.41,Medium,0.2209,0,0.4360291482499104,0.12256214,0.2209,0.299,Maintain,Mantenimiento - comunicacion periodica,Low
5076-YVXCM,0.238,Low,11.58,Medium,0.5076,0,0.26161748894994624,0.22141491,0.5076,0.2988,Maintain,Mantenimiento - comunicacion periodica,Low
2625-TRCZQ,0.3477,Medium,9.27,Medium,0.2467,0,0.3926651535061522,0.17724666,0.2467,0.2988,Maintain,Mantenimiento - comunicacion periodica,Low
1928-BXYIV,0.3983,Medium,0.0,Low,0.3608,0,0.45311193405805755,0.0,0.3608,0.2987,Maintain,Mantenimiento - comunicacion periodica,Low
0674-DGMAQ,0.4825,High,2.03,Low,0.0512,0,0.553697288257078,0.03881453,0.0512,0.2987,Retain_Urgent,Visita urgente - oferta de retencion,Low
1430-SFQSA,0.0672,Low,37.33,High,0.2789,0,0.057579739577111454,0.71376675,0.2789,0.2987,Grow_Upsell,Campana de upsell / cross-sell,Low
5651-YLPRD,0.3934,Medium,9.35,Medium,0.1068,0,0.44725839206785334,0.1787763,0.1068,0.2986,Maintain,Mantenimiento - comunicacion periodica,Low
7714-YXSMB,0.4755,High,0.0,Low,0.1299,0,0.545335085413929,0.0,0.1299,0.2986,Retain_Urgent,Visita urgente - oferta de retencion,Low
0233-FTHAV,0.1297,Low,26.72,High,0.3956,0,0.1322422649623701,0.51089865,0.3956,0.2985,Grow_Upsell,Campana de upsell / cross-sell,Low
1813-JYWTO,0.0564,Low,30.51,High,0.5048,0,0.044678055190538774,0.5833652,0.5048,0.2983,Grow_Upsell,Campana de upsell / cross-sell,Low
6968-MHOMU,0.1528,Low,26.37,High,0.3356,0,0.1598375343447617,0.50420654,0.3356,0.2983,Grow_Upsell,Campana de upsell / cross-sell,Low
2197-OMWGI,0.1096,Low,29.48,High,0.3748,0,0.10823079679847092,0.5636711,0.3748,0.2982,Grow_Upsell,Campana de upsell / cross-sell,Low
9801-GDWGV,0.4736,High,0.05,Low,0.1312,0,0.5430653446422172,0.000956023,0.1312,0.2981,Retain_Urgent,Visita urgente - oferta de retencion,Low
2810-FTLEM,0.39,Medium,8.19,Medium,0.1474,0,0.44319675068689524,0.15659656,0.1474,0.2981,Maintain,Mantenimiento - comunicacion periodica,Low
9054-FOWNV,0.4088,Medium,6.82,Medium,0.1299,0,0.46565523832278105,0.13040154,0.1299,0.2979,Maintain,Mantenimiento - comunicacion periodica,Low
7269-JISCY,0.0703,Low,26.69,High,0.5704,0,0.061283000836220285,0.5103251,0.5704,0.2978,Grow_Upsell,Campana de upsell / cross-sell,Low
5697-GOMBF,0.2421,Low,22.43,High,0.1795,0,0.26651535061521925,0.4288719,0.1795,0.2978,Grow_Upsell,Campana de upsell / cross-sell,Low
9961-JBNMK,0.4907,High,0.23,Low,0.0731,0,0.563493011587624,0.0043977057,0.0731,0.2977,Retain_Urgent,Visita urgente - oferta de retencion,Low
4513-CXYIX,0.0615,Low,29.81,High,0.5054,0,0.050770517261975866,0.56998086,0.5054,0.2975,Grow_Upsell,Campana de upsell / cross-sell,Low
4872-JCVCA,0.0297,Low,36.17,High,0.4175,0,0.01278222434595628,0.691587,0.4175,0.2974,Grow_Upsell,Campana de upsell / cross-sell,Low
9820-RMCQV,0.3739,Medium,9.91,Medium,0.1415,0,0.4239636841476526,0.18948375,0.1415,0.2971,Maintain,Mantenimiento - comunicacion periodica,Low
8780-YRMTT,0.0277,Low,36.25,High,0.4195,0,0.010393023533628,0.69311666,0.4195,0.297,Grow_Upsell,Campana de upsell / cross-sell,Low
0929-HYQEW,0.2869,Low,8.18,Medium,0.4503,0,0.3200334488113726,0.15640536,0.4503,0.297,Maintain,Mantenimiento - comunicacion periodica,Low
2826-UWHIS,0.2278,Low,14.35,Medium,0.4496,0,0.24943256480707207,0.2743786,0.4496,0.2969,Maintain,Mantenimiento - comunicacion periodica,Low
5536-RTPWK,0.4755,High,0.06,Low,0.119,0,0.545335085413929,0.0011472275,0.119,0.2968,Retain_Urgent,Visita urgente - oferta de retencion,Low
6286-SUUWT,0.4598,Medium,0.49,Low,0.1528,0,0.5265798590371521,0.009369025,0.1528,0.2967,Maintain,Mantenimiento - comunicacion periodica,Low
9138-EFSMO,0.2106,Low,26.47,High,0.1497,0,0.2288854378210489,0.50611854,0.1497,0.2962,Grow_Upsell,Campana de upsell / cross-sell,Low
4124-MMETB,0.4602,Medium,0.75,Low,0.1417,0,0.5270576991996178,0.014340345,0.1417,0.2962,Maintain,Mantenimiento - comunicacion periodica,Low
3566-CAAYU,0.0657,Low,34.5,High,0.3517,0,0.05578783896786524,0.65965587,0.3517,0.2961,Grow_Upsell,Campana de upsell / cross-sell,Low
1976-AZZPJ,0.1771,Low,23.76,High,0.3267,0,0.18886632421455027,0.4543021,0.3267,0.2961,Grow_Upsell,Campana de upsell / cross-sell,Low
9254-RBFON,0.3721,Medium,6.16,Medium,0.2488,0,0.42181340341655715,0.11778203,0.2488,0.296,Maintain,Mantenimiento - comunicacion periodica,Low
6447-GORXK,0.1546,Low,33.4,High,0.1168,0,0.16198781507585713,0.63862336,0.1168,0.2959,Grow_Upsell,Campana de upsell / cross-sell,Low
4826-TZEVA,0.2377,Low,20.5,High,0.2377,0,0.261259108828097,0.3919694,0.2377,0.2958,Grow_Upsell,Campana de upsell / cross-sell,Low
6128-AQBMT,0.3984,Medium,3.45,Low,0.247,0,0.45323139409867397,0.065965585,0.247,0.2958,Maintain,Mantenimiento - comunicacion periodica,Low
4238-JSSWH,0.4146,Medium,0.0,Low,0.2967,0,0.47258392067853305,0.0,0.2967,0.2956,Maintain,Mantenimiento - comunicacion periodica,Low
2495-KZNFB,0.4304,Medium,4.67,Low,0.1153,0,0.4914586070959264,0.08929255,0.1153,0.2956,Maintain,Mantenimiento - comunicacion periodica,Low
7957-RYHQD,0.3126,Low,16.2,Medium,0.1349,0,0.3507346792497909,0.30975145,0.1349,0.2953,Maintain,Mantenimiento - comunicacion periodica,Low
0397-GZBBC,0.3908,Medium,1.95,Low,0.308,0,0.4441524310118265,0.037284896,0.308,0.2949,Maintain,Mantenimiento - comunicacion periodica,Low
1936-CZAKF,0.1019,Low,33.66,High,0.2609,0,0.09903237367100705,0.6435947,0.2609,0.2948,Grow_Upsell,Campana de upsell / cross-sell,Low
1855-AGAWH,0.3826,Medium,11.76,Medium,0.0507,0,0.4343567076812806,0.2248566,0.0507,0.2948,Maintain,Mantenimiento - comunicacion periodica,Low
8023-QHAIO,0.217,Low,17.55,Medium,0.3794,0,0.23653088042049936,0.33556405,0.3794,0.2948,Maintain,Mantenimiento - comunicacion periodica,Low
4468-YDOVK,0.3787,Medium,9.85,Medium,0.1175,0,0.4296977660972405,0.18833654,0.1175,0.2948,Maintain,Mantenimiento - comunicacion periodica,Low
3648-GZPHF,0.0913,Low,36.74,High,0.2038,0,0.08636960936566719,0.7024857,0.2038,0.2947,Grow_Upsell,Campana de upsell / cross-sell,Low
0480-BIXDE,0.4302,Medium,0.22,Low,0.2392,0,0.4912196870146936,0.004206501,0.2392,0.2947,Maintain,Mantenimiento - comunicacion periodica,Low
0848-SOMKO,0.0247,Low,34.84,High,0.4569,0,0.006809222315135588,0.6661568,0.4569,0.2946,Grow_Upsell,Campana de upsell / cross-sell,Low
0670-KDOMA,0.4582,Medium,0.2,Low,0.1549,0,0.5246684983872895,0.003824092,0.1549,0.2945,Maintain,Mantenimiento - comunicacion periodica,Low
2876-VBBBL,0.4582,Medium,0.2,Low,0.1549,0,0.5246684983872895,0.003824092,0.1549,0.2945,Maintain,Mantenimiento - comunicacion periodica,Low
1066-JKSGK,0.458,Medium,0.31,Low,0.152,0,0.5244295783060566,0.0059273425,0.152,0.2944,Maintain,Mantenimiento - comunicacion periodica,Low
3941-XTSKM,0.1057,Low,25.42,High,0.4839,0,0.10357185521443078,0.48604208,0.4839,0.2944,Grow_Upsell,Campana de upsell / cross-sell,Low
1934-SJVJK,0.458,Medium,0.31,Low,0.152,0,0.5244295783060566,0.0059273425,0.152,0.2944,Maintain,Mantenimiento - comunicacion periodica,Low
7971-HLVXI,0.0575,Low,26.82,High,0.5846,0,0.04599211563731933,0.5128107,0.5846,0.2938,Grow_Upsell,Campana de upsell / cross-sell,Low
7248-VZQLC,0.3549,Medium,9.88,Medium,0.182,0,0.401266276430534,0.18891014,0.182,0.2937,Maintain,Mantenimiento - comunicacion periodica,Low
7850-VWJUU,0.247,Low,20.17,High,0.2084,0,0.2723688926054235,0.38565966,0.2084,0.2936,Grow_Upsell,Campana de upsell / cross-sell,Low
2957-LOLHO,0.2671,Low,13.05,Medium,0.3527,0,0.29638036076932267,0.249522,0.3527,0.2936,Maintain,Mantenimiento - comunicacion periodica,Low
2834-SPCJV,0.3354,Medium,10.99,Medium,0.2079,0,0.37797156851033326,0.21013384,0.2079,0.2936,Maintain,Mantenimiento - comunicacion periodica,Low
2040-OBMLJ,0.2052,Low,24.57,High,0.2073,0,0.22243459562776252,0.46978968,0.2073,0.2936,Grow_Upsell,Campana de upsell / cross-sell,Low
4128-ETESU,0.4473,Medium,0.0,Low,0.189,0,0.5116473539601003,0.0,0.189,0.2936,Maintain,Mantenimiento - comunicacion periodica,Low
4471-KXAUH,0.3495,Medium,11.13,Medium,0.1601,0,0.39481543423724763,0.21281071,0.1601,0.2933,Maintain,Mantenimiento - comunicacion periodica,Low
7739-LAXOG,0.4245,Medium,4.59,Low,0.1226,0,0.484410464699558,0.08776291,0.1226,0.2931,Maintain,Mantenimiento - comunicacion periodica,Low
1349-WXNGG,0.4538,Medium,0.4,Low,0.155,0,0.5194122566001672,0.007648184,0.155,0.293,Maintain,Mantenimiento - comunicacion periodica,Low
0504-HHAPI,0.3863,Medium,6.86,Medium,0.1708,0,0.4387767291840879,0.13116635,0.1708,0.2929,Maintain,Mantenimiento - comunicacion periodica,Low
5533-RJFTJ,0.1304,Low,28.47,High,0.3132,0,0.13307848524668497,0.54435945,0.3132,0.2925,Grow_Upsell,Campana de upsell / cross-sell,Low
9090-SGQXL,0.3926,Medium,0.0,Low,0.3455,0,0.446302711742922,0.0,0.3455,0.2923,Maintain,Mantenimiento - comunicacion periodica,Low
2697-NQBPF,0.4505,Medium,0.0,Low,0.1715,0,0.5154700752598256,0.0,0.1715,0.292,Maintain,Mantenimiento - comunicacion periodica,Low
9167-APMXZ,0.3244,Medium,11.46,Medium,0.2187,0,0.3648309640425278,0.21912046,0.2187,0.2919,Maintain,Mantenimiento - comunicacion periodica,Low
9693-XMUOB,0.3324,Medium,8.97,Medium,0.266,0,0.37438776729184087,0.17151052,0.266,0.2918,Maintain,Mantenimiento - comunicacion periodica,Low
8123-QBNAZ,0.4377,Medium,0.0,Low,0.2076,0,0.5001791900609246,0.0,0.2076,0.2916,Maintain,Mantenimiento - comunicacion periodica,Low
4892-VLANZ,0.4453,Medium,0.65,Low,0.1661,0,0.509258153147772,0.012428298,0.1661,0.2916,Maintain,Mantenimiento - comunicacion periodica,Low
5136-KCKGI,0.4296,Medium,1.93,Low,0.1764,0,0.4905029267709951,0.036902484,0.1764,0.2916,Maintain,Mantenimiento - comunicacion periodica,Low
1153-GNOLC,0.1309,Low,33.18,High,0.1709,0,0.13367578544976705,0.6344168,0.1709,0.2913,Grow_Upsell,Campana de upsell / cross-sell,Low
8745-PVESG,0.0587,Low,31.14,High,0.4446,0,0.047425636124716286,0.59541106,0.4446,0.2913,Grow_Upsell,Campana de upsell / cross-sell,Low
1600-DILPE,0.2725,Low,13.41,Medium,0.3143,0,0.302831202962609,0.25640535,0.3143,0.2912,Maintain,Mantenimiento - comunicacion periodica,Low
9170-CCKOU,0.3788,Medium,5.52,Medium,0.2218,0,0.42981722613785694,0.10554493,0.2218,0.2909,Maintain,Mantenimiento - comunicacion periodica,Low
9133-AYJZG,0.4664,Medium,0.0,Low,0.1178,0,0.5344642217178354,0.0,0.1178,0.2908,Maintain,Mantenimiento - comunicacion periodica,Low
6114-TCFID,0.083,Low,31.78,High,0.3508,0,0.07645442599450485,0.6076482,0.3508,0.2907,Grow_Upsell,Campana de upsell / cross-sell,Low
7881-INRLC,0.3562,Medium,0.0,Low,0.4465,0,0.40281925695854737,0.0,0.4465,0.2907,Maintain,Mantenimiento - comunicacion periodica,Low
2465-BLLEU,0.4419,Medium,0.71,Low,0.1681,0,0.505196511766814,0.013575526,0.1681,0.2903,Maintain,Mantenimiento - comunicacion periodica,Low
6986-IJDHX,0.341,Medium,9.39,Medium,0.2199,0,0.3846613307848525,0.17954111,0.2199,0.2902,Maintain,Mantenimiento - comunicacion periodica,Low
6810-VCAEX,0.0582,Low,32.29,High,0.4074,0,0.04682833592163421,0.61739963,0.4074,0.2901,Grow_Upsell,Campana de upsell / cross-sell,Low
7880-XSOJX,0.1822,Low,16.47,Medium,0.4901,0,0.19495878628598737,0.31491396,0.4901,0.29,Maintain,Mantenimiento - comunicacion periodica,Low
4676-WLUHT,0.042,Low,35.69,High,0.3577,0,0.02747580934177518,0.68240917,0.3577,0.29,Grow_Upsell,Campana de upsell / cross-sell,Low
7989-CHGTL,0.4394,Medium,0.82,Low,0.1712,0,0.5022100107514037,0.015678776,0.1712,0.29,Maintain,Mantenimiento - comunicacion periodica,Low
5170-PTRKA,0.0447,Low,36.87,High,0.3148,0,0.030701230438418346,0.7049713,0.3148,0.2898,Grow_Upsell,Campana de upsell / cross-sell,Low
3656-TKRVZ,0.3428,Medium,3.14,Low,0.3915,0,0.3868116115159479,0.060038242,0.3915,0.2897,Maintain,Mantenimiento - comunicacion periodica,Low
4716-HHKQH,0.4248,Medium,0.0,Low,0.2362,0,0.48476884482140725,0.0,0.2362,0.2896,Maintain,Mantenimiento - comunicacion periodica,Low
2683-BPJSO,0.3729,Medium,11.1,Medium,0.0719,0,0.42276908374148847,0.2122371,0.0719,0.2894,Maintain,Mantenimiento - comunicacion periodica,Low
9867-XOBQA,0.0483,Low,30.53,High,0.4833,0,0.03500179190060925,0.5837476,0.4833,0.2893,Grow_Upsell,Campana de upsell / cross-sell,Low
1729-VLAZJ,0.1061,Low,31.74,High,0.2757,0,0.10404969537689643,0.60688335,0.2757,0.2892,Grow_Upsell,Campana de upsell / cross-sell,Low
0577-WHMEV,0.3813,Medium,4.85,Low,0.2234,0,0.4328037271532672,0.092734225,0.2234,0.2889,Maintain,Mantenimiento - comunicacion periodica,Low
0298-XACET,0.0551,Low,32.83,High,0.395,0,0.043125074662525395,0.6277247,0.395,0.2889,Grow_Upsell,Campana de upsell / cross-sell,Low
9702-AIUJO,0.069,Low,26.39,High,0.5381,0,0.05973002030820691,0.5045889,0.5381,0.2889,Grow_Upsell,Campana de upsell / cross-sell,Low
7901-TBKJX,0.4353,Medium,0.0,Low,0.2001,0,0.4973121490861307,0.0,0.2001,0.2887,Maintain,Mantenimiento - comunicacion periodica,Low
0373-AIVNJ,0.0941,Low,31.56,High,0.3134,0,0.08971449050292678,0.60344166,0.3134,0.2886,Grow_Upsell,Campana de upsell / cross-sell,Low
6380-ARCEH,0.4466,Medium,0.29,Low,0.1574,0,0.5108111336757855,0.005544933,0.1574,0.2885,Maintain,Mantenimiento - comunicacion periodica,Low
3247-MHJKM,0.4466,Medium,0.29,Low,0.1574,0,0.5108111336757855,0.005544933,0.1574,0.2885,Maintain,Mantenimiento - comunicacion periodica,Low
8048-DSDFQ,0.4466,Medium,0.29,Low,0.1574,0,0.5108111336757855,0.005544933,0.1574,0.2885,Maintain,Mantenimiento - comunicacion periodica,Low
4786-UKSNZ,0.4466,Medium,0.29,Low,0.1574,0,0.5108111336757855,0.005544933,0.1574,0.2885,Maintain,Mantenimiento - comunicacion periodica,Low
9753-OYLBX,0.4423,Medium,0.1,Low,0.1751,0,0.5056743519292797,0.001912046,0.1751,0.2884,Maintain,Mantenimiento - comunicacion periodica,Low
2002-MZHWP,0.4423,Medium,0.1,Low,0.1751,0,0.5056743519292797,0.001912046,0.1751,0.2884,Maintain,Mantenimiento - comunicacion periodica,Low
6345-ULYRW,0.2841,Low,16.88,Medium,0.1655,0,0.316688567674113,0.32275334,0.1655,0.2883,Maintain,Mantenimiento - comunicacion periodica,Low
4947-DSMXK,0.4303,Medium,0.0,Low,0.2123,0,0.49133914705531,0.0,0.2123,0.2881,Maintain,Mantenimiento - comunicacion periodica,Low
7826-VVKWT,0.3262,Medium,14.82,Medium,0.0978,0,0.3669812447736232,0.2833652,0.0978,0.2881,Maintain,Mantenimiento - comunicacion periodica,Low
1814-WFGVS,0.0313,Low,34.18,High,0.4237,0,0.014693584995818902,0.6535373,0.4237,0.2881,Grow_Upsell,Campana de upsell / cross-sell,Low
6770-XUAGN,0.4322,Medium,0.04,Low,0.2044,0,0.49360888782702184,0.00076481834,0.2044,0.2879,Maintain,Mantenimiento - comunicacion periodica,Low
5502-RLUYV,0.3168,Low,0.13,Low,0.5463,0,0.3557520009556804,0.0024856597,0.5463,0.2879,Maintain,Mantenimiento - comunicacion periodica,Low
0093-XWZFY,0.3985,Medium,0.02,Low,0.3045,0,0.45335085413929044,0.00038240917,0.3045,0.2877,Maintain,Mantenimiento - comunicacion periodica,Low
5707-ORNDZ,0.4413,Medium,3.74,Low,0.07,0,0.5044797515231155,0.071510516,0.07,0.2877,Maintain,Mantenimiento - comunicacion periodica,Low
8722-NGNBH,0.1743,Low,18.98,Medium,0.4291,0,0.18552144307729068,0.3629063,0.4291,0.2875,Maintain,Mantenimiento - comunicacion periodica,Low
3813-DHBBB,0.0267,Low,33.08,High,0.4659,0,0.009198423127463867,0.6325048,0.4659,0.2875,Grow_Upsell,Campana de upsell / cross-sell,Low
0898-XCGTF,0.2058,Low,9.76,Medium,0.5996,0,0.22315135587146104,0.18661569,0.5996,0.2875,Maintain,Mantenimiento - comunicacion periodica,Low
6680-NENYN,0.252,Low,6.42,Medium,0.5556,0,0.2783418946362442,0.12275335,0.5556,0.2871,Maintain,Mantenimiento - comunicacion periodica,Low
8082-GHXOP,0.1568,Low,14.01,Medium,0.6219,1,0.16461593596941826,0.26787764,0.6219,0.2871,Investigate_Billing,Revision de facturacion / condiciones especiales,Low
2314-TNDJQ,0.0274,Low,27.87,High,0.6106,1,0.010034643411778761,0.5328872,0.6106,0.287,Grow_Upsell,Campana de upsell / cross-sell,Low
7997-EASSD,0.0773,Low,24.5,High,0.5568,0,0.06964520367936924,0.46845126,0.5568,0.2867,Grow_Upsell,Campana de upsell / cross-sell,Low
9574-RKJIF,0.4767,High,0.97,Low,0.0381,0,0.546768605901326,0.018546846,0.0381,0.2866,Retain_Urgent,Visita urgente - oferta de retencion,Low
1932-UEDCX,0.4428,Medium,0.0,Low,0.1666,0,0.5062716521323618,0.0,0.1666,0.2865,Maintain,Mantenimiento - comunicacion periodica,Low
4523-WXCEF,0.4202,Medium,0.14,Low,0.2301,0,0.4792736829530522,0.0026768644,0.2301,0.2865,Maintain,Mantenimiento - comunicacion periodica,Low
4690-PKDQG,0.4421,Medium,0.69,Low,0.149,0,0.5054354318480468,0.0131931165,0.149,0.2865,Maintain,Mantenimiento - comunicacion periodica,Low
8849-AYPTR,0.4013,Medium,4.4,Low,0.1642,0,0.45669573527655,0.08413002,0.1642,0.2864,Maintain,Mantenimiento - comunicacion periodica,Low
2916-BQZLN,0.3593,Medium,10.77,Medium,0.1066,0,0.4065225182176562,0.20592736,0.1066,0.2864,Maintain,Mantenimiento - comunicacion periodica,Low
9356-AXGMP,0.2768,Low,0.17,Low,0.6573,1,0.3079679847091148,0.003250478,0.6573,0.2864,Investigate_Billing,Revision de facturacion / condiciones especiales,Low
6434-TTGJP,0.0645,Low,29.99,High,0.4354,0,0.05435431848046828,0.57342255,0.4354,0.2863,Grow_Upsell,Campana de upsell / cross-sell,Low
2898-LSJGD,0.2611,Low,16.46,Medium,0.2366,0,0.28921275833233784,0.31472275,0.2366,0.2863,Maintain,Mantenimiento - comunicacion periodica,Low
4255-DDUOU,0.4382,Medium,0.12,Low,0.1751,0,0.5007764902640067,0.002294455,0.1751,0.2861,Maintain,Mantenimiento - comunicacion periodica,Low
2669-QVCRG,0.2026,Low,14.38,Medium,0.4689,0,0.2193286345717358,0.2749522,0.4689,0.2859,Maintain,Mantenimiento - comunicacion periodica,Low
1049-FYSYG,0.1715,Low,22.92,High,0.3169,0,0.1821765619400311,0.43824092,0.3169,0.2859,Grow_Upsell,Campana de upsell / cross-sell,Low
0080-OROZO,0.3797,Medium,5.93,Medium,0.1815,0,0.43089236650340457,0.11338432,0.1815,0.2858,Maintain,Mantenimiento - comunicacion periodica,Low
2203-GHNWN,0.2974,Low,15.79,Medium,0.1448,0,0.332576753076096,0.30191204,0.1448,0.2858,Maintain,Mantenimiento - comunicacion periodica,Low
2672-TGEFF,0.3782,Medium,6.8,Medium,0.16,0,0.4291004658941584,0.13001913,0.16,0.2856,Maintain,Mantenimiento - comunicacion periodica,Low
7159-FVYPK,0.2821,Low,0.0,Low,0.6412,1,0.3142993668617847,0.0,0.6412,0.2854,Investigate_Billing,Revision de facturacion / condiciones especiales,Low
3704-IEAXF,0.0519,Low,29.4,High,0.485,0,0.03930235336280014,0.5621415,0.485,0.2853,Grow_Upsell,Campana de upsell / cross-sell,Low
2190-BCXEC,0.2467,Low,17.13,Medium,0.2554,0,0.2720105124835743,0.32753345,0.2554,0.2853,Maintain,Mantenimiento - comunicacion periodica,Low
5371-VYLSX,0.3086,Low,11.5,Medium,0.2307,0,0.34595627762513437,0.21988527,0.2307,0.2851,Maintain,Mantenimiento - comunicacion periodica,Low
2479-BRAMR,0.2745,Low,11.38,Medium,0.3355,0,0.3052204037749373,0.21759082,0.3355,0.285,Maintain,Mantenimiento - comunicacion periodica,Low
7876-BEUTG,0.2952,Low,9.16,Medium,0.3357,0,0.32994863218253495,0.1751434,0.3357,0.2847,Maintain,Mantenimiento - comunicacion periodica,Low
1194-HVAIF,0.3958,Medium,0.5,Low,0.283,0,0.45012543304264724,0.009560229,0.283,0.2845,Maintain,Mantenimiento - comunicacion periodica,Low
0870-VEMYL,0.4026,Medium,5.03,Medium,0.1328,0,0.4582487158045634,0.09617592,0.1328,0.2845,Maintain,Mantenimiento - comunicacion periodica,Low
8587-XYZSF,0.0393,Low,29.33,High,0.5207,0,0.024250388245132006,0.56080306,0.5207,0.2845,Grow_Upsell,Campana de upsell / cross-sell,Low
7979-CORPM,0.3634,Medium,4.87,Low,0.2539,0,0.4114203798829292,0.09311663,0.2539,0.2844,Maintain,Mantenimiento - comunicacion periodica,Low
8242-JSVBO,0.256,Low,13.79,Medium,0.3189,0,0.28312029626090074,0.26367113,0.3189,0.2844,Maintain,Mantenimiento - comunicacion periodica,Low
8319-QBEHW,0.1332,Low,32.47,High,0.1495,0,0.1364233663839446,0.6208413,0.1495,0.2844,Grow_Upsell,Campana de upsell / cross-sell,Low
9667-TKTVZ,0.298,Low,4.28,Low,0.4657,0,0.3332935133197945,0.08183557,0.4657,0.2843,Maintain,Mantenimiento - comunicacion periodica,Low
9661-ACXBS,0.4431,Medium,0.01,Low,0.1542,0,0.506630032254211,0.00019120458,0.1542,0.2842,Maintain,Mantenimiento - comunicacion periodica,Low
4824-GUCBY,0.3414,Medium,14.12,Medium,0.0529,0,0.3851391709473181,0.26998088,0.0529,0.2841,Maintain,Mantenimiento - comunicacion periodica,Low
1867-TJHTS,0.1824,Low,15.38,Medium,0.4907,0,0.1951977063672202,0.29407266,0.4907,0.284,Maintain,Mantenimiento - comunicacion periodica,Low
4130-MZLCC,0.3744,Medium,8.15,Medium,0.1248,0,0.4245609843507347,0.15583174,0.1248,0.284,Maintain,Mantenimiento - comunicacion periodica,Low
4310-KEDTB,0.1434,Low,28.88,High,0.2197,0,0.1486082905268188,0.5521988,0.2197,0.2839,Grow_Upsell,Campana de upsell / cross-sell,Low
2582-FFFZR,0.3479,Medium,7.93,Medium,0.2091,0,0.392904073587385,0.15162523,0.2091,0.2838,Maintain,Mantenimiento - comunicacion periodica,Low
8224-UAXBZ,0.1028,Low,26.31,High,0.4135,0,0.10010751403655478,0.50305927,0.4135,0.2837,Grow_Upsell,Campana de upsell / cross-sell,Low
8651-ENBZX,0.4176,Medium,0.23,Low,0.2212,0,0.4761677218970255,0.0043977057,0.2212,0.2836,Maintain,Mantenimiento - comunicacion periodica,Low
7181-OQCUT,0.4279,Medium,0.0,Low,0.1962,0,0.48847210608051606,0.0,0.1962,0.2835,Maintain,Mantenimiento - comunicacion periodica,Low
0017-DINOC,0.0386,Low,37.12,High,0.2926,0,0.023414167960817113,0.7097514,0.2926,0.2832,Grow_Upsell,Campana de upsell / cross-sell,Low
5922-ABDVO,0.3881,Medium,6.01,Medium,0.1413,0,0.44092700991518335,0.11491396,0.1413,0.2832,Maintain,Mantenimiento - comunicacion periodica,Low
1644-IRKSF,0.3559,Medium,11.79,Medium,0.0698,0,0.4024608768366981,0.2254302,0.0698,0.2828,Maintain,Mantenimiento - comunicacion periodica,Low
2305-MRGLV,0.2232,Low,19.14,Medium,0.2542,0,0.24393740293871705,0.36596557,0.2542,0.2826,Maintain,Mantenimiento - comunicacion periodica,Low
5256-SKJGO,0.078,Low,28.83,High,0.41,0,0.07048142396368415,0.5512428,0.41,0.2826,Grow_Upsell,Campana de upsell / cross-sell,Low
2812-SFXMJ,0.4363,Medium,0.41,Low,0.155,0,0.49850674949229484,0.007839388,0.155,0.2826,Maintain,Mantenimiento - comunicacion periodica,Low
4829-AUOAX,0.3972,Medium,0.34,Low,0.2734,0,0.45179787361127705,0.006500956,0.2734,0.2825,Maintain,Mantenimiento - comunicacion periodica,Low
4851-BQDNX,0.2472,Low,20.06,High,0.1557,0,0.27260781268665635,0.3835564,0.1557,0.2825,Grow_Upsell,Campana de upsell / cross-sell,Low
9906-NHHVC,0.0807,Low,30.15,High,0.3636,0,0.07370684506032732,0.5764818,0.3636,0.2825,Grow_Upsell,Campana de upsell / cross-sell,Low
6591-QGOYB,0.2911,Low,0.0,Low,0.5992,0,0.325050770517262,0.0,0.5992,0.2824,Maintain,Mantenimiento - comunicacion periodica,Low
2874-YXVVA,0.3715,Medium,0.26,Low,0.3496,0,0.42109664317285866,0.0049713193,0.3496,0.282,Maintain,Mantenimiento - comunicacion periodica,Low
3566-VVORZ,0.2365,Low,12.73,Medium,0.3934,0,0.2598255883407001,0.24340343,0.3934,0.2816,Maintain,Mantenimiento - comunicacion periodica,Low
2665-NPTGL,0.453,Medium,0.0,Low,0.1109,0,0.518456576275236,0.0,0.1109,0.2814,Maintain,Mantenimiento - comunicacion periodica,Low
5385-SUIRI,0.3837,Medium,0.04,Low,0.3159,0,0.43567076812806116,0.00076481834,0.3159,0.2812,Maintain,Mantenimiento - comunicacion periodica,Low
4854-SSLTN,0.0825,Low,22.31,High,0.5761,0,0.07585712579142277,0.42657742,0.5761,0.2811,Grow_Upsell,Campana de upsell / cross-sell,Low
1337-BOZWO,0.1609,Low,26.53,High,0.2184,0,0.1695137976346912,0.5072658,0.2184,0.2806,Grow_Upsell,Campana de upsell / cross-sell,Low
8329-UTMVM,0.34,Medium,1.16,Low,0.4111,0,0.38346673037868834,0.022179732,0.4111,0.2806,Maintain,Mantenimiento - comunicacion periodica,Low
2239-JALAW,0.4226,Medium,2.01,Low,0.1399,0,0.4821407239278461,0.03843212,0.1399,0.2806,Maintain,Mantenimiento - comunicacion periodica,Low
6867-ACCZI,0.0397,Low,30.84,High,0.4569,0,0.02472822840759766,0.58967495,0.4569,0.2806,Grow_Upsell,Campana de upsell / cross-sell,Low
7599-NTMDP,0.0362,Low,34.32,High,0.367,0,0.020547126986023182,0.6562142,0.367,0.2805,Grow_Upsell,Campana de upsell / cross-sell,Low
1355-KUSBG,0.2934,Low,9.12,Medium,0.3205,0,0.3277983514514395,0.17437859,0.3205,0.2803,Maintain,Mantenimiento - comunicacion periodica,Low
4501-VCPFK,0.1217,Low,23.12,High,0.4311,0,0.12268546171305698,0.44206503,0.4311,0.2802,Grow_Upsell,Campana de upsell / cross-sell,Low
2585-KTFRE,0.302,Low,0.12,Low,0.5524,0,0.33807191494445105,0.002294455,0.5524,0.2802,Maintain,Mantenimiento - comunicacion periodica,Low
0742-MOABM,0.3338,Medium,8.48,Medium,0.2174,0,0.3760602078604707,0.16214149,0.2174,0.2802,Maintain,Mantenimiento - comunicacion periodica,Low
2208-UGTGR,0.4261,Medium,0.2,Low,0.179,0,0.4863218253494206,0.003824092,0.179,0.2801,Maintain,Mantenimiento - comunicacion periodica,Low
0111-KLBQG,0.3673,Medium,1.97,Low,0.3037,0,0.4160793214669693,0.037667304,0.3037,0.2801,Maintain,Mantenimiento - comunicacion periodica,Low
7878-RTCZG,0.4302,Medium,0.54,Low,0.1563,0,0.4912196870146936,0.010325048,0.1563,0.28,Maintain,Mantenimiento - comunicacion periodica,Low
3900-AQPHZ,0.4302,Medium,0.54,Low,0.1563,0,0.4912196870146936,0.010325048,0.1563,0.28,Maintain,Mantenimiento - comunicacion periodica,Low
6654-QGBZZ,0.4302,Medium,0.54,Low,0.1563,0,0.4912196870146936,0.010325048,0.1563,0.28,Maintain,Mantenimiento - comunicacion periodica,Low
7310-EGVHZ,0.4319,Medium,0.29,Low,0.1574,0,0.49325050770517265,0.005544933,0.1574,0.2798,Maintain,Mantenimiento - comunicacion periodica,Low
6701-DHKWQ,0.0381,Low,31.85,High,0.4287,0,0.022816867757735042,0.6089866,0.4287,0.2798,Grow_Upsell,Campana de upsell / cross-sell,Low
4062-HBMOS,0.4446,Medium,0.0,Low,0.1261,0,0.5084219328634572,0.0,0.1261,0.2794,Maintain,Mantenimiento - comunicacion periodica,Low
9626-VFRGG,0.3713,Medium,6.87,Medium,0.1476,0,0.4208577230916259,0.13135755,0.1476,0.2794,Maintain,Mantenimiento - comunicacion periodica,Low
5671-UUNXD,0.3212,Medium,4.96,Low,0.3505,0,0.3610082427428025,0.09483748,0.3505,0.2791,Maintain,Mantenimiento - comunicacion periodica,Low
5934-TSSAU,0.2389,Low,20.15,High,0.1603,0,0.262692629315494,0.38527724,0.1603,0.279,Grow_Upsell,Campana de upsell / cross-sell,Low
8276-MQBYC,0.4229,Medium,0.2,Low,0.1823,0,0.48249910404969537,0.003824092,0.1823,0.2789,Maintain,Mantenimiento - comunicacion periodica,Low
9738-QLWTP,0.2188,Low,24.07,High,0.1072,0,0.23868116115159482,0.46022946,0.1072,0.2788,Grow_Upsell,Campana de upsell / cross-sell,Low
7950-XWOVN,0.1847,Low,23.44,High,0.2269,0,0.1979452873013977,0.44818357,0.2269,0.2788,Grow_Upsell,Campana de upsell / cross-sell,Low
7529-ZDFXI,0.2753,Low,5.31,Medium,0.474,0,0.3061760840998686,0.101529635,0.474,0.2783,Maintain,Mantenimiento - comunicacion periodica,Low
2436-QBZFP,0.241,Low,19.88,Medium,0.1572,0,0.2652012901684387,0.3801147,0.1572,0.2781,Maintain,Mantenimiento - comunicacion periodica,Low
2233-TXSIU,0.1202,Low,28.55,High,0.2696,0,0.12089356110381078,0.5458891,0.2696,0.2781,Grow_Upsell,Campana de upsell / cross-sell,Low
6952-OMNWB,0.1505,Low,15.35,Medium,0.557,0,0.15708995341058418,0.29349905,0.557,0.278,Maintain,Mantenimiento - comunicacion periodica,Low
6661-EIPZC,0.1082,Low,29.14,High,0.2871,0,0.10655835622984113,0.55717015,0.2871,0.2779,Grow_Upsell,Campana de upsell / cross-sell,Low
9101-BWFSS,0.3057,Low,0.08,Low,0.5308,0,0.34249193644725845,0.0015296367,0.5308,0.2779,Maintain,Mantenimiento - comunicacion periodica,Low
8974-OVACP,0.4303,Medium,0.3,Low,0.152,0,0.49133914705531,0.005736138,0.152,0.2778,Maintain,Mantenimiento - comunicacion periodica,Low
7927-AUXBZ,0.363,Medium,10.01,Medium,0.0738,0,0.4109425397204635,0.1913958,0.0738,0.2777,Maintain,Mantenimiento - comunicacion periodica,Low
5515-IDEJJ,0.4258,Medium,0.56,Low,0.1563,0,0.4859634452275714,0.010707458,0.1563,0.2775,Maintain,Mantenimiento - comunicacion periodica,Low
7239-HZZCX,0.4203,Medium,0.71,Low,0.1681,0,0.47939314299366864,0.013575526,0.1681,0.2774,Maintain,Mantenimiento - comunicacion periodica,Low
3930-ZGWVE,0.4203,Medium,0.71,Low,0.1681,0,0.47939314299366864,0.013575526,0.1681,0.2774,Maintain,Mantenimiento - comunicacion periodica,Low
6661-HBGWL,0.4148,Medium,0.0,Low,0.2047,0,0.4728228407597659,0.0,0.2047,0.2774,Maintain,Mantenimiento - comunicacion periodica,Low
8784-CGILN,0.4272,Medium,0.0,Low,0.1664,0,0.4876358857962012,0.0,0.1664,0.2771,Maintain,Mantenimiento - comunicacion periodica,Low
8019-ENHXU,0.4324,Medium,0.7,Low,0.1302,0,0.4938478079082547,0.013384321,0.1302,0.277,Maintain,Mantenimiento - comunicacion periodica,Low
4654-GGUII,0.0939,Low,31.75,High,0.2501,0,0.08947557042169395,0.60707456,0.2501,0.2769,Grow_Upsell,Campana de upsell / cross-sell,Low
9445-SZLCH,0.4407,Medium,0.53,Low,0.1097,0,0.503762991279417,0.010133843,0.1097,0.2769,Maintain,Mantenimiento - comunicacion periodica,Low
4013-GUXND,0.4173,Medium,0.07,Low,0.193,0,0.4758093417751762,0.0013384322,0.193,0.2769,Maintain,Mantenimiento - comunicacion periodica,Low
2896-TBNBE,0.1667,Low,25.15,High,0.2215,0,0.1764424799904432,0.48087955,0.2215,0.2768,Grow_Upsell,Campana de upsell / cross-sell,Low
0277-ORXQS,0.066,Low,33.51,High,0.2818,0,0.0561462190897145,0.64072657,0.2818,0.2767,Grow_Upsell,Campana de upsell / cross-sell,Low
0430-IHCDJ,0.2778,Low,9.14,Medium,0.3468,0,0.30916258511527894,0.174761,0.3468,0.2764,Maintain,Mantenimiento - comunicacion periodica,Low
6164-HAQTX,0.0233,Low,29.38,High,0.5261,0,0.005136781746505796,0.56175905,0.5261,0.2763,Grow_Upsell,Campana de upsell / cross-sell,Low
3211-AAPKX,0.4104,Medium,0.0,Low,0.2123,0,0.46756659897264363,0.0,0.2123,0.2762,Maintain,Mantenimiento - comunicacion periodica,Low
8327-LZKAS,0.3881,Medium,0.48,Low,0.2644,0,0.44092700991518335,0.00917782,0.2644,0.2761,Maintain,Mantenimiento - comunicacion periodica,Low
4710-FDUIZ,0.3757,Medium,5.43,Medium,0.1591,0,0.42611396487874803,0.10382409,0.1591,0.276,Maintain,Mantenimiento - comunicacion periodica,Low
0319-QZTCO,0.3306,Medium,0.45,Low,0.4364,0,0.37223748656074546,0.008604206,0.4364,0.276,Maintain,Mantenimiento - comunicacion periodica,Low
1258-YMZNM,0.3122,Low,0.29,Low,0.4952,0,0.35025683908732524,0.005544933,0.4952,0.2758,Maintain,Mantenimiento - comunicacion periodica,Low
6088-BXMRG,0.4252,Medium,0.0,Low,0.1651,0,0.4852466849838729,0.0,0.1651,0.2756,Maintain,Mantenimiento - comunicacion periodica,Low
4588-YBNIB,0.4143,Medium,0.81,Low,0.1712,0,0.4722255405566838,0.015487572,0.1712,0.275,Maintain,Mantenimiento - comunicacion periodica,Low
0048-LUMLS,0.2266,Low,15.11,Medium,0.3216,0,0.2479990443196751,0.28891012,0.3216,0.275,Maintain,Mantenimiento - comunicacion periodica,Low
6988-CJEYV,0.4119,Medium,0.3,Low,0.1912,0,0.46935849958188985,0.005736138,0.1912,0.2746,Maintain,Mantenimiento - comunicacion periodica,Low
8621-MNIHH,0.4473,Medium,1.15,Low,0.0606,0,0.5116473539601003,0.021988528,0.0606,0.2745,Maintain,Mantenimiento - comunicacion periodica,Low
2657-ALMWY,0.3553,Medium,10.09,Medium,0.0766,0,0.40174411659299963,0.19292544,0.0766,0.2741,Maintain,Mantenimiento - comunicacion periodica,Low
9281-OFDMF,0.3321,Medium,4.83,Low,0.2964,0,0.3740293871699916,0.09235182,0.2964,0.274,Maintain,Mantenimiento - comunicacion periodica,Low
6284-AHOOQ,0.3699,Medium,4.91,Low,0.1814,0,0.4191852825229961,0.09388145,0.1814,0.274,Maintain,Mantenimiento - comunicacion periodica,Low
5294-DMSFH,0.3523,Medium,7.23,Medium,0.1647,0,0.39816031537450725,0.13824092,0.1647,0.2735,Maintain,Mantenimiento - comunicacion periodica,Low
2452-SNHFZ,0.1909,Low,19.9,Medium,0.2833,0,0.20535180981961534,0.38049713,0.2833,0.2735,Maintain,Mantenimiento - comunicacion periodica,Low
4291-HPAXL,0.4163,Medium,0.58,Low,0.1636,0,0.47461474136901205,0.011089866,0.1636,0.2734,Maintain,Mantenimiento - comunicacion periodica,Low
6771-XWBDM,0.428,Medium,0.03,Low,0.1446,0,0.48859156612113247,0.00057361374,0.1446,0.2734,Maintain,Mantenimiento - comunicacion periodica,Low
5071-FBJFS,0.338,Medium,8.15,Medium,0.178,0,0.3810775295663601,0.15583174,0.178,0.2729,Maintain,Mantenimiento - comunicacion periodica,Low
2081-KJSQF,0.4219,Medium,0.2,Low,0.1549,0,0.4813045036435312,0.003824092,0.1549,0.2728,Maintain,Mantenimiento - comunicacion periodica,Low
7191-ADRGF,0.102,Low,29.45,High,0.2709,0,0.09915183371162345,0.56309754,0.2709,0.2727,Grow_Upsell,Campana de upsell / cross-sell,Low
5110-CHOPY,0.0848,Low,29.84,High,0.3109,0,0.07860470672560028,0.5705545,0.3109,0.2726,Grow_Upsell,Campana de upsell / cross-sell,Low
7666-WKRON,0.1322,Low,31.05,High,0.1344,0,0.13522876597778044,0.5936902,0.1344,0.2726,Grow_Upsell,Campana de upsell / cross-sell,Low
0533-BNWKF,0.2357,Low,9.7,Medium,0.4364,0,0.25886990801576876,0.18546845,0.4364,0.2724,Maintain,Mantenimiento - comunicacion periodica,Low
0481-SUMCB,0.3228,Medium,4.03,Low,0.3386,0,0.3629196033926651,0.077055454,0.3386,0.2723,Maintain,Mantenimiento - comunicacion periodica,Low
0411-EZJZE,0.3231,Medium,0.19,Low,0.4473,0,0.3632779835145144,0.0036328873,0.4473,0.2722,Maintain,Mantenimiento - comunicacion periodica,Low
2478-EEWWM,0.2282,Low,14.34,Medium,0.3248,0,0.2499104049695377,0.2741874,0.3248,0.2722,Maintain,Mantenimiento - comunicacion periodica,Low
3428-MMGUB,0.1327,Low,21.63,High,0.4007,0,0.13582606618086251,0.41357553,0.4007,0.2721,Grow_Upsell,Campana de upsell / cross-sell,Low
2402-TAIRZ,0.1818,Low,25.58,High,0.1407,0,0.19448094612352168,0.48910135,0.1407,0.2721,Grow_Upsell,Campana de upsell / cross-sell,Low
3472-OAOOR,0.12,Low,23.26,High,0.3911,0,0.12065464102257795,0.44474187,0.3911,0.272,Grow_Upsell,Campana de upsell / cross-sell,Low
2195-ZRVAX,0.3181,Low,9.8,Medium,0.1852,0,0.3573049814836937,0.18738051,0.1852,0.2719,Maintain,Mantenimiento - comunicacion periodica,Low
7055-HNEOJ,0.2816,Low,2.93,Low,0.4909,0,0.3137020666587027,0.056022946,0.4909,0.2718,Maintain,Mantenimiento - comunicacion periodica,Low
7752-XUSCI,0.4063,Medium,0.0,Low,0.2008,0,0.4626687373073707,0.0,0.2008,0.2715,Maintain,Mantenimiento - comunicacion periodica,Low
3005-TYFRD,0.4322,Medium,0.01,Low,0.1233,0,0.49360888782702184,0.00019120458,0.1233,0.2715,Maintain,Mantenimiento - comunicacion periodica,Low
4012-ZTHBR,0.2311,Low,13.2,Medium,0.3451,0,0.25337474614741373,0.25239006,0.3451,0.2714,Maintain,Mantenimiento - comunicacion periodica,Low
8819-WFGGJ,0.0387,Low,29.45,High,0.4529,0,0.02353362800143352,0.56309754,0.4529,0.2713,Grow_Upsell,Campana de upsell / cross-sell,Low
8267-KFGYD,0.4044,Medium,0.02,Low,0.2044,0,0.4603989965356588,0.00038240917,0.2044,0.2712,Maintain,Mantenimiento - comunicacion periodica,Low
9508-ILZDG,0.4201,Medium,0.28,Low,0.1494,0,0.47915422291243576,0.005353729,0.1494,0.2711,Maintain,Mantenimiento - comunicacion periodica,Low
1298-PHBTI,0.0702,Low,27.15,High,0.4241,0,0.06116354079560387,0.51912045,0.4241,0.2711,Grow_Upsell,Campana de upsell / cross-sell,Low
6615-ZGEDR,0.4095,Medium,0.74,Low,0.168,0,0.4664914586070959,0.01414914,0.168,0.2711,Maintain,Mantenimiento - comunicacion periodica,Low
0187-WZNAB,0.2097,Low,20.96,High,0.1828,0,0.22781029745550116,0.4007648,0.1828,0.2707,Grow_Upsell,Campana de upsell / cross-sell,Low
9281-PKKZE,0.2595,Low,14.37,Medium,0.2225,0,0.28730139768247526,0.274761,0.2225,0.2706,Maintain,Mantenimiento - comunicacion periodica,Low
5498-TXHLF,0.328,Medium,7.23,Medium,0.2217,0,0.36913152550471867,0.13824092,0.2217,0.2704,Maintain,Mantenimiento - comunicacion periodica,Low
3164-AALRN,0.4049,Medium,2.69,Low,0.1215,0,0.4609962967387409,0.051434036,0.1215,0.2702,Maintain,Mantenimiento - comunicacion periodica,Low
0953-LGOVU,0.1843,Low,22.81,High,0.2023,0,0.19746744713893205,0.43613768,0.2023,0.27,Grow_Upsell,Campana de upsell / cross-sell,Low
5201-FRKKS,0.1727,Low,20.93,High,0.2908,0,0.18361008242742805,0.40019122,0.2908,0.27,Grow_Upsell,Campana de upsell / cross-sell,Low
2654-VBVPB,0.4134,Medium,0.54,Low,0.1563,0,0.4711504001911361,0.010325048,0.1563,0.2699,Maintain,Mantenimiento - comunicacion periodica,Low
3808-HFKDE,0.2126,Low,13.69,Medium,0.3781,0,0.23127463863337716,0.26175907,0.3781,0.2698,Maintain,Mantenimiento - comunicacion periodica,Low
1925-LFCZZ,0.183,Low,21.08,High,0.254,0,0.19591446661091866,0.40305927,0.254,0.2697,Grow_Upsell,Campana de upsell / cross-sell,Low
6769-DYBQN,0.3099,Low,9.92,Medium,0.195,0,0.34750925815314776,0.18967496,0.195,0.2697,Maintain,Mantenimiento - comunicacion periodica,Low
8190-ZTQFB,0.2129,Low,20.08,High,0.1931,0,0.2316330187552264,0.38393882,0.1931,0.2696,Grow_Upsell,Campana de upsell / cross-sell,Low
0096-BXERS,0.2698,Low,8.0,Medium,0.3677,0,0.2996057818659658,0.15296367,0.3677,0.2692,Maintain,Mantenimiento - comunicacion periodica,Low
2207-OBZNX,0.3719,Medium,7.56,Medium,0.0734,0,0.4215744833353243,0.14455067,0.0734,0.2688,Maintain,Mantenimiento - comunicacion periodica,Low
2761-XECQW,0.2176,Low,15.2,Medium,0.3151,0,0.23724764066419785,0.29063097,0.3151,0.2688,Maintain,Mantenimiento - comunicacion periodica,Low
0410-IPFTY,0.3063,Low,11.27,Medium,0.1627,0,0.3432086966909569,0.21548758,0.1627,0.2688,Maintain,Mantenimiento - comunicacion periodica,Low
5872-OEQNH,0.0671,Low,27.45,High,0.4123,0,0.05746027953649505,0.5248566,0.4123,0.2686,Grow_Upsell,Campana de upsell / cross-sell,Low
3325-FUYCG,0.3451,Medium,0.71,Low,0.3484,0,0.38955919245012544,0.013575526,0.3484,0.2685,Maintain,Mantenimiento - comunicacion periodica,Low
2111-DWYHN,0.3997,Medium,0.01,Low,0.2051,0,0.45478437462668736,0.00019120458,0.2051,0.2685,Maintain,Mantenimiento - comunicacion periodica,Low
8620-RJPZN,0.4077,Medium,0.08,Low,0.1795,0,0.4643411778760005,0.0015296367,0.1795,0.2685,Maintain,Mantenimiento - comunicacion periodica,Low
1919-RTPQD,0.2271,Low,13.53,Medium,0.3331,0,0.24859634452275717,0.2586998,0.3331,0.2685,Maintain,Mantenimiento - comunicacion periodica,Low
2782-JEEBU,0.1656,Low,22.6,High,0.2559,0,0.17512841954366265,0.43212238,0.2559,0.2684,Grow_Upsell,Campana de upsell / cross-sell,Low
4781-ZXYGU,0.4142,Medium,0.32,Low,0.152,0,0.4721060805160674,0.0061185467,0.152,0.2683,Maintain,Mantenimiento - comunicacion periodica,Low
5813-UECBU,0.3186,Low,11.44,Medium,0.1188,0,0.3579022816867758,0.21873805,0.1188,0.2683,Maintain,Mantenimiento - comunicacion periodica,Low
0407-BDJKB,0.4267,Medium,0.27,Low,0.1157,0,0.48703858559311913,0.005162524,0.1157,0.2682,Maintain,Mantenimiento - comunicacion periodica,Low
5143-WMWOG,0.4119,Medium,0.5,Low,0.1528,0,0.46935849958188985,0.009560229,0.1528,0.2681,Maintain,Mantenimiento - comunicacion periodica,Low
3842-QTGDL,0.3007,Low,14.49,Medium,0.0829,0,0.3365189344164377,0.27705544,0.0829,0.268,Maintain,Mantenimiento - comunicacion periodica,Low
1750-CSKKM,0.3596,Medium,2.96,Low,0.2381,0,0.4068808983395054,0.05659656,0.2381,0.268,Maintain,Mantenimiento - comunicacion periodica,Low
9492-TOKRI,0.3386,Medium,5.41,Medium,0.2297,0,0.38179428981005853,0.10344168,0.2297,0.2679,Maintain,Mantenimiento - comunicacion periodica,Low
6968-GMKPR,0.2639,Low,14.25,Medium,0.1993,0,0.29255763946959745,0.27246654,0.1993,0.2679,Maintain,Mantenimiento - comunicacion periodica,Low
2923-ARZLG,0.2566,Low,0.87,Low,0.6051,1,0.28383705650459923,0.0166348,0.6051,0.2679,Investigate_Billing,Revision de facturacion / condiciones especiales,Low
6778-YSNIH,0.3235,Medium,0.54,Low,0.4136,0,0.36375582367698006,0.010325048,0.4136,0.2677,Maintain,Mantenimiento - comunicacion periodica,Low
0634-SZPQA,0.3446,Medium,5.29,Medium,0.2137,0,0.38896189224704336,0.10114723,0.2137,0.2676,Maintain,Mantenimiento - comunicacion periodica,Low
7795-CFOCW,0.0462,Low,30.72,High,0.3746,0,0.032493131047664554,0.58738047,0.3746,0.2674,Grow_Upsell,Campana de upsell / cross-sell,Low
3803-KMQFW,0.4066,Medium,0.09,Low,0.1767,0,0.4630271174292199,0.0017208414,0.1767,0.2674,Maintain,Mantenimiento - comunicacion periodica,Low
8563-OYMQY,0.361,Medium,4.61,Low,0.1824,0,0.4085533389081352,0.088145316,0.1824,0.2672,Maintain,Mantenimiento - comunicacion periodica,Low
0999-QXNSA,0.2321,Low,12.77,Medium,0.333,0,0.2545693465535779,0.24416827,0.333,0.2671,Maintain,Mantenimiento - comunicacion periodica,Low
5067-WJEUN,0.0333,Low,27.68,High,0.4989,0,0.01708278580814718,0.5292543,0.4989,0.2671,Grow_Upsell,Campana de upsell / cross-sell,Low
6617-WLBQC,0.1525,Low,24.19,High,0.2423,0,0.15947915422291245,0.4625239,0.2423,0.267,Grow_Upsell,Campana de upsell / cross-sell,Low
7547-EKNFS,0.4307,Medium,0.69,Low,0.0859,0,0.49181698721777567,0.0131931165,0.0859,0.267,Maintain,Mantenimiento - comunicacion periodica,Low
6008-NAIXK,0.2129,Low,16.56,Medium,0.2809,0,0.2316330187552264,0.3166348,0.2809,0.267,Maintain,Mantenimiento - comunicacion periodica,Low
0541-FITGH,0.286,Low,0.6,Low,0.5193,0,0.31895830844582485,0.011472276,0.5193,0.2668,Maintain,Mantenimiento - comunicacion periodica,Low
1447-PJGGA,0.2787,Low,15.84,Medium,0.1042,0,0.3102377254808267,0.30286807,0.1042,0.2668,Maintain,Mantenimiento - comunicacion periodica,Low
2137-DQMEV,0.0651,Low,27.63,High,0.404,0,0.05507107872416677,0.52829826,0.404,0.2668,Grow_Upsell,Campana de upsell / cross-sell,Low
0141-YEAYS,0.3297,Medium,8.81,Medium,0.1522,0,0.3711623461951977,0.16845125,0.1522,0.2666,Maintain,Mantenimiento - comunicacion periodica,Low
8073-IJDCM,0.4113,Medium,0.17,Low,0.1558,0,0.46864173933819137,0.003250478,0.1558,0.2665,Maintain,Mantenimiento - comunicacion periodica,Low
5010-IPEAQ,0.0294,Low,29.53,High,0.453,0,0.012423844224107037,0.5646272,0.453,0.2662,Grow_Upsell,Campana de upsell / cross-sell,Low
9541-ZPSEA,0.0575,Low,31.08,High,0.324,0,0.04599211563731933,0.59426385,0.324,0.2661,Grow_Upsell,Campana de upsell / cross-sell,Low
6048-QBXKL,0.3031,Low,1.39,Low,0.4417,0,0.3393859753912316,0.026577437,0.4417,0.266,Maintain,Mantenimiento - comunicacion periodica,Low
8840-DQLGN,0.3472,Medium,0.17,Low,0.3445,0,0.39206785330307015,0.003250478,0.3445,0.2659,Maintain,Mantenimiento - comunicacion periodica,Low
6849-WLEYG,0.4008,Medium,0.73,Low,0.1681,0,0.4560984350734679,0.013957935,0.1681,0.2659,Maintain,Mantenimiento - comunicacion periodica,Low
2858-EIMXH,0.2528,Low,9.87,Medium,0.3471,0,0.2792975749611755,0.18871893,0.3471,0.2657,Maintain,Mantenimiento - comunicacion periodica,Low
5125-CNDSP,0.0353,Low,32.06,High,0.3585,0,0.01947198662047545,0.61300194,0.3585,0.2653,Grow_Upsell,Campana de upsell / cross-sell,Low
7486-KSRVI,0.3427,Medium,5.7,Medium,0.1962,0,0.3866921514753315,0.108986616,0.1962,0.2653,Maintain,Mantenimiento - comunicacion periodica,Low
7605-BDWDC,0.0414,Low,33.49,High,0.2975,0,0.026759049098076696,0.6403442,0.2975,0.265,Grow_Upsell,Campana de upsell / cross-sell,Low
7078-NVFAM,0.1175,Low,22.53,High,0.3849,0,0.11766814000716759,0.43078396,0.3849,0.265,Grow_Upsell,Campana de upsell / cross-sell,Low
8292-FRFZQ,0.0394,Low,30.46,High,0.39,0,0.024369848285748417,0.58240914,0.39,0.2649,Grow_Upsell,Campana de upsell / cross-sell,Low
1482-OXZSY,0.3957,Medium,0.0,Low,0.1986,0,0.4500059730020308,0.0,0.1986,0.2647,Maintain,Mantenimiento - comunicacion periodica,Low
2242-MFOTG,0.1396,Low,25.34,High,0.2366,0,0.14406880898339505,0.48451245,0.2366,0.2647,Grow_Upsell,Campana de upsell / cross-sell,Low
9835-ZIITK,0.2872,Low,0.0,Low,0.5227,0,0.3203918289332218,0.0,0.5227,0.2647,Maintain,Mantenimiento - comunicacion periodica,Low
2877-VDUER,0.0837,Low,31.02,High,0.2403,0,0.07729064627881974,0.59311664,0.2403,0.2646,Grow_Upsell,Campana de upsell / cross-sell,Low
1862-SKORY,0.1729,Low,19.2,Medium,0.3122,0,0.18384900250866087,0.36711285,0.3122,0.2645,Maintain,Mantenimiento - comunicacion periodica,Low
3030-YZADT,0.2177,Low,13.43,Medium,0.3436,0,0.23736710070481426,0.25678778,0.3436,0.2644,Maintain,Mantenimiento - comunicacion periodica,Low
0701-RFGFI,0.3501,Medium,0.82,Low,0.3096,0,0.3955321944809462,0.015678776,0.3096,0.2644,Maintain,Mantenimiento - comunicacion periodica,Low
3506-LCJDC,0.4051,Medium,0.51,Low,0.1528,0,0.46123521681997376,0.009751434,0.1528,0.2641,Maintain,Mantenimiento - comunicacion periodica,Low
2530-ENDWQ,0.1466,Low,17.38,Medium,0.4408,0,0.15243101182654406,0.33231357,0.4408,0.2641,Maintain,Mantenimiento - comunicacion periodica,Low
1784-EZDKJ,0.3857,Medium,0.25,Low,0.2176,0,0.43805996894038945,0.0047801146,0.2176,0.264,Maintain,Mantenimiento - comunicacion periodica,Low
1100-DDVRV,0.3228,Medium,8.76,Medium,0.1614,0,0.3629196033926651,0.16749522,0.1614,0.264,Maintain,Mantenimiento - comunicacion periodica,Low
6199-IWKGC,0.3017,Low,5.39,Medium,0.321,0,0.33771353482260186,0.10305927,0.321,0.264,Maintain,Mantenimiento - comunicacion periodica,Low
4039-PIMHX,0.0614,Low,31.22,High,0.2975,0,0.050651057221359465,0.5969407,0.2975,0.2639,Grow_Upsell,Campana de upsell / cross-sell,Low
5656-MJEFC,0.0363,Low,33.03,High,0.3198,0,0.02066658702663959,0.63154876,0.3198,0.2638,Grow_Upsell,Campana de upsell / cross-sell,Low
0107-WESLM,0.4002,Medium,0.58,Low,0.1636,0,0.45538167482976943,0.011089866,0.1636,0.2637,Maintain,Mantenimiento - comunicacion periodica,Low
1899-VXWXM,0.4025,Medium,0.29,Low,0.1642,0,0.458129255763947,0.005544933,0.1642,0.2636,Maintain,Mantenimiento - comunicacion periodica,Low
2604-XVDAM,0.2139,Low,14.07,Medium,0.3317,0,0.23282761916139055,0.26902485,0.3317,0.2635,Maintain,Mantenimiento - comunicacion periodica,Low
8455-HIRAQ,0.2193,Low,13.8,Medium,0.3229,0,0.23927846135467687,0.26386234,0.3229,0.2634,Maintain,Mantenimiento - comunicacion periodica,Low
5046-NUHWD,0.2167,Low,13.8,Medium,0.331,0,0.23617250029865014,0.26386234,0.331,0.2634,Maintain,Mantenimiento - comunicacion periodica,Low
2606-PKWJB,0.051,Low,31.46,High,0.3185,0,0.03822721299725242,0.6015296,0.3185,0.2633,Grow_Upsell,Campana de upsell / cross-sell,Low
8058-DMYRU,0.3246,Medium,5.35,Medium,0.2497,0,0.3650698841237606,0.10229445,0.2497,0.2632,Maintain,Mantenimiento - comunicacion periodica,Low
2320-JRSDE,0.4019,Medium,0.57,Low,0.1563,0,0.45741249552024843,0.010898662,0.1563,0.2632,Maintain,Mantenimiento - comunicacion periodica,Low
5386-THSLQ,0.0983,Low,26.57,High,0.317,0,0.09473181220881616,0.5080306,0.317,0.2632,Grow_Upsell,Campana de upsell / cross-sell,Low
3545-CNWRG,0.401,Medium,0.13,Low,0.1712,0,0.4563373551547008,0.0024856597,0.1712,0.2632,Maintain,Mantenimiento - comunicacion periodica,Low
3307-TLCUD,0.1515,Low,23.92,High,0.2335,0,0.1582845538167483,0.45736137,0.2335,0.2631,Grow_Upsell,Campana de upsell / cross-sell,Low
3331-HQDTW,0.2996,Low,0.0,Low,0.4777,0,0.33520487396965715,0.0,0.4777,0.2631,Maintain,Mantenimiento - comunicacion periodica,Low
0406-BPDVR,0.33,Medium,4.45,Low,0.2589,0,0.37152072631704697,0.08508604,0.2589,0.2631,Maintain,Mantenimiento - comunicacion periodica,Low
4488-KQFDT,0.3719,Medium,1.73,Low,0.2121,0,0.4215744833353243,0.033078395,0.2121,0.2631,Maintain,Mantenimiento - comunicacion periodica,Low
7674-YTAFD,0.1804,Low,25.61,High,0.0985,0,0.19280850555489193,0.489675,0.0985,0.263,Grow_Upsell,Campana de upsell / cross-sell,Low
3196-NVXLZ,0.2788,Low,11.15,Medium,0.2194,0,0.3103571855214431,0.21319312,0.2194,0.263,Maintain,Mantenimiento - comunicacion periodica,Low
6728-WYQBC,0.3904,Medium,0.01,Low,0.2052,0,0.4436745908493609,0.00019120458,0.2052,0.2629,Maintain,Mantenimiento - comunicacion periodica,Low
5439-WIKXB,0.4122,Medium,1.45,Low,0.098,0,0.4697168797037391,0.027724667,0.098,0.2628,Maintain,Mantenimiento - comunicacion periodica,Low
0178-SZBHO,0.308,Low,7.31,Medium,0.2406,0,0.3452395173814359,0.13977055,0.2406,0.2627,Maintain,Mantenimiento - comunicacion periodica,Low
9885-MFVSU,0.0295,Low,36.4,High,0.2375,0,0.01254330426472345,0.6959847,0.2375,0.2626,Grow_Upsell,Campana de upsell / cross-sell,Low
2208-NQBCT,0.2957,Low,13.67,Medium,0.0944,0,0.330545932385617,0.26137668,0.0944,0.2626,Maintain,Mantenimiento - comunicacion periodica,Low
3863-IUBJR,0.2124,Low,18.88,Medium,0.1941,0,0.23103571855214433,0.36099425,0.1941,0.2626,Maintain,Mantenimiento - comunicacion periodica,Low
8740-XLHDR,0.1817,Low,14.79,Medium,0.4013,0,0.1943614860829053,0.28279158,0.4013,0.2623,Maintain,Mantenimiento - comunicacion periodica,Low
9904-EHEVJ,0.3749,Medium,4.26,Low,0.126,0,0.42515828455381677,0.08145316,0.126,0.2622,Maintain,Mantenimiento - comunicacion periodica,Low
8208-EUMTE,0.052,Low,27.74,High,0.4166,0,0.039421813403416564,0.5304015,0.4166,0.2622,Grow_Upsell,Campana de upsell / cross-sell,Low
4446-BZKHU,0.3521,Medium,0.0,Low,0.3152,0,0.3979213952932744,0.0,0.3152,0.262,Maintain,Mantenimiento - comunicacion periodica,Low
6967-PEJLL,0.0482,Low,32.31,High,0.2961,0,0.034882331859992836,0.61778206,0.2961,0.262,Grow_Upsell,Campana de upsell / cross-sell,Low
2828-SLQPF,0.2217,Low,13.16,Medium,0.326,0,0.24214550232947082,0.25162524,0.326,0.2618,Maintain,Mantenimiento - comunicacion periodica,Low
1754-GKYPY,0.3807,Medium,5.31,Medium,0.0758,0,0.4320869669095687,0.101529635,0.0758,0.2617,Maintain,Mantenimiento - comunicacion periodica,Low
1209-VFFOC,0.0211,Low,27.29,High,0.5188,0,0.0025086608529446917,0.52179736,0.5188,0.2616,Grow_Upsell,Campana de upsell / cross-sell,Low
0682-USIXD,0.3508,Medium,9.32,Medium,0.0498,0,0.396368414765261,0.17820267,0.0498,0.2616,Maintain,Mantenimiento - comunicacion periodica,Low
0082-OQIQY,0.35,Medium,1.42,Low,0.2772,0,0.3954127344403297,0.027151052,0.2772,0.2613,Maintain,Mantenimiento - comunicacion periodica,Low
2773-MADBQ,0.0377,Low,30.39,High,0.379,0,0.02233902759526938,0.5810707,0.379,0.2613,Grow_Upsell,Campana de upsell / cross-sell,Low
7291-CDTMJ,0.3924,Medium,0.79,Low,0.168,0,0.4460637916616892,0.015105163,0.168,0.2612,Maintain,Mantenimiento - comunicacion periodica,Low
0913-XWSCN,0.1962,Low,9.92,Medium,0.4914,0,0.2116831919722853,0.18967496,0.4914,0.261,Maintain,Mantenimiento - comunicacion periodica,Low
2014-MKGMH,0.357,Medium,4.62,Low,0.1624,0,0.4037749372834787,0.08833652,0.1624,0.2609,Maintain,Mantenimiento - comunicacion periodica,Low
9443-JUBUO,0.0296,Low,17.95,Medium,0.7577,1,0.012662764305339866,0.34321225,0.7577,0.2608,Investigate_Billing,Revision de facturacion / condiciones especiales,Low
0739-UUAJR,0.0365,Low,29.26,High,0.412,0,0.020905507107872416,0.55946463,0.412,0.2607,Grow_Upsell,Campana de upsell / cross-sell,Low
7346-MEDWM,0.2607,Low,11.66,Medium,0.247,0,0.2887349181698722,0.22294456,0.247,0.2607,Maintain,Mantenimiento - comunicacion periodica,Low
6281-FKEWS,0.143,Low,21.04,High,0.3298,0,0.14813045036435313,0.4022945,0.3298,0.2607,Grow_Upsell,Campana de upsell / cross-sell,Low
2946-KIQSP,0.137,Low,24.32,High,0.2535,0,0.14096284792736832,0.46500957,0.2535,0.2607,Grow_Upsell,Campana de upsell / cross-sell,Low
6313-GIDIT,0.3195,Low,3.61,Low,0.3021,0,0.3589774220523235,0.06902485,0.3021,0.2606,Maintain,Mantenimiento - comunicacion periodica,Low
5482-VXSXJ,0.3582,Medium,2.31,Low,0.2237,0,0.40520845777087566,0.04416826,0.2237,0.2606,Maintain,Mantenimiento - comunicacion periodica,Low
6038-GCYEC,0.3073,Low,3.88,Low,0.3309,0,0.34440329709712103,0.07418738,0.3309,0.2606,Maintain,Mantenimiento - comunicacion periodica,Low
3446-QDSZF,0.3858,Medium,2.97,Low,0.1221,0,0.4381794289810058,0.056787763,0.1221,0.2605,Maintain,Mantenimiento - comunicacion periodica,Low
2153-MREFK,0.3169,Low,6.47,Medium,0.227,0,0.35587146099629674,0.123709366,0.227,0.2604,Maintain,Mantenimiento - comunicacion periodica,Low
5982-FPVQN,0.4267,Medium,0.4,Low,0.0725,0,0.48703858559311913,0.007648184,0.0725,0.2603,Maintain,Mantenimiento - comunicacion periodica,Low
3255-GRXMG,0.1758,Low,12.74,Medium,0.4676,0,0.1873133436865369,0.24359465,0.4676,0.2603,Maintain,Mantenimiento - comunicacion periodica,Low
3014-WJKSM,0.171,Low,20.14,High,0.2692,0,0.18157926173694902,0.38508603,0.2692,0.2602,Grow_Upsell,Campana de upsell / cross-sell,Low
8205-MQUGY,0.3366,Medium,9.24,Medium,0.0877,0,0.3794050889977303,0.17667304,0.0877,0.2602,Maintain,Mantenimiento - comunicacion periodica,Low
9576-SYUHJ,0.3637,Medium,4.15,Low,0.1521,0,0.4117787600047784,0.079349905,0.1521,0.2601,Maintain,Mantenimiento - comunicacion periodica,Low
6505-OZNPG,0.0661,Low,20.07,High,0.5841,0,0.05626567913033091,0.3837476,0.5841,0.2601,Grow_Upsell,Campana de upsell / cross-sell,Low
8824-RWFXJ,0.2962,Low,2.71,Low,0.395,0,0.3311432325886991,0.051816445,0.395,0.2601,Maintain,Mantenimiento - comunicacion periodica,Low
9971-ZWPBF,0.3328,Medium,0.0,Low,0.363,0,0.3748656074543065,0.0,0.363,0.26,Maintain,Mantenimiento - comunicacion periodica,Low
6954-OOYZZ,0.2027,Low,13.71,Medium,0.3579,0,0.21944809461235218,0.2621415,0.3579,0.2599,Maintain,Mantenimiento - comunicacion periodica,Low
7244-QWYHG,0.0811,Low,28.23,High,0.3037,0,0.07418468522279298,0.53977054,0.3037,0.2598,Grow_Upsell,Campana de upsell / cross-sell,Low
8785-CJSHH,0.3967,Medium,0.3,Low,0.1619,0,0.45120057340819497,0.005736138,0.1619,0.2597,Maintain,Mantenimiento - comunicacion periodica,Low
7279-BUYWN,0.3079,Low,0.0,Low,0.4357,0,0.3451200573408195,0.0,0.4357,0.2597,Maintain,Mantenimiento - comunicacion periodica,Low
9102-OXKFY,0.0496,Low,28.62,High,0.3858,0,0.03655477242862262,0.54722756,0.3858,0.2596,Grow_Upsell,Campana de upsell / cross-sell,Low
3717-OFRTN,0.3905,Medium,0.71,Low,0.1681,0,0.4437940508899773,0.013575526,0.1681,0.2596,Maintain,Mantenimiento - comunicacion periodica,Low
6141-OOXUQ,0.3893,Medium,0.79,Low,0.168,0,0.44236053040258033,0.015105163,0.168,0.2593,Maintain,Mantenimiento - comunicacion periodica,Low
3785-NRHYR,0.3893,Medium,0.79,Low,0.168,0,0.44236053040258033,0.015105163,0.168,0.2593,Maintain,Mantenimiento - comunicacion periodica,Low
7824-PANSQ,0.1339,Low,14.94,Medium,0.5251,0,0.13725958666825946,0.28565964,0.5251,0.2593,Maintain,Mantenimiento - comunicacion periodica,Low
4825-XJGDM,0.0388,Low,28.26,High,0.4261,0,0.02365308804204994,0.5403442,0.4261,0.2591,Grow_Upsell,Campana de upsell / cross-sell,Low
7325-ENZFI,0.0399,Low,31.42,High,0.3314,0,0.024967148488830485,0.6007648,0.3314,0.259,Grow_Upsell,Campana de upsell / cross-sell,Low
7639-SUPCW,0.3282,Medium,9.53,Medium,0.0979,0,0.3693704455859515,0.18221797,0.0979,0.2589,Maintain,Mantenimiento - comunicacion periodica,Low
4184-VODJZ,0.2158,Low,14.51,Medium,0.2901,0,0.2350973599331024,0.27743787,0.2901,0.2588,Maintain,Mantenimiento - comunicacion periodica,Low
3886-CERTZ,0.2299,Low,0.05,Low,0.6622,1,0.25194122566001675,0.000956023,0.6622,0.2587,Investigate_Billing,Revision de facturacion / condiciones especiales,Low
3640-JQGJG,0.2034,Low,13.53,Medium,0.3544,0,0.22028431489666708,0.2586998,0.3544,0.2586,Maintain,Mantenimiento - comunicacion periodica,Low
6598-KELSS,0.0641,Low,28.45,High,0.3425,0,0.05387647831800263,0.5439771,0.3425,0.2586,Grow_Upsell,Campana de upsell / cross-sell,Low
7009-LGECI,0.2593,Low,7.67,Medium,0.3547,0,0.28706247760124237,0.14665392,0.3547,0.2585,Maintain,Mantenimiento - comunicacion periodica,Low
7422-WNBTY,0.4129,Medium,2.1,Low,0.0549,0,0.470553099988054,0.040152963,0.0549,0.2583,Maintain,Mantenimiento - comunicacion periodica,Low
8963-JLGJT,0.2682,Low,2.54,Low,0.4741,0,0.29769442121610323,0.048565965,0.4741,0.2582,Maintain,Mantenimiento - comunicacion periodica,Low
2212-LYASK,0.1398,Low,26.59,High,0.1669,0,0.14430772906462788,0.508413,0.1669,0.2581,Grow_Upsell,Campana de upsell / cross-sell,Low
5049-GLYVG,0.3887,Medium,0.07,Low,0.1829,0,0.44164377015888184,0.0013384322,0.1829,0.2578,Maintain,Mantenimiento - comunicacion periodica,Low
3976-NLDEZ,0.3887,Medium,0.07,Low,0.1829,0,0.44164377015888184,0.0013384322,0.1829,0.2578,Maintain,Mantenimiento - comunicacion periodica,Low
4183-MYFRB,0.3756,Medium,5.43,Medium,0.0684,0,0.4259945048381316,0.10382409,0.0684,0.2578,Maintain,Mantenimiento - comunicacion periodica,Low
1324-NLTJE,0.3406,Medium,3.8,Low,0.219,0,0.3841834906223868,0.07265774,0.219,0.2577,Maintain,Mantenimiento - comunicacion periodica,Low
4868-AADLV,0.1989,Low,0.0,Low,0.7506,1,0.21490861306892847,0.0,0.7506,0.2576,Investigate_Billing,Revision de facturacion / condiciones especiales,Low
9139-TWBAS,0.095,Low,24.44,High,0.3589,0,0.0907896308684745,0.46730402,0.3589,0.2574,Grow_Upsell,Campana de upsell / cross-sell,Low
5906-CVLHP,0.1529,Low,18.5,Medium,0.3548,0,0.1599569943853781,0.3537285,0.3548,0.2571,Maintain,Mantenimiento - comunicacion periodica,Low
2533-QVMSK,0.2151,Low,16.9,Medium,0.2149,0,0.23426113964878753,0.32313576,0.2149,0.2571,Maintain,Mantenimiento - comunicacion periodica,Low
6773-LQTVT,0.1702,Low,22.31,High,0.1936,0,0.1806235814120177,0.42657742,0.1936,0.257,Grow_Upsell,Campana de upsell / cross-sell,Low
2869-ADAWR,0.3401,Medium,5.97,Medium,0.155,0,0.38358619041930475,0.11414914,0.155,0.257,Maintain,Mantenimiento - comunicacion periodica,Low
4361-BKAXE,0.2349,Low,0.0,Low,0.6399,1,0.25791422769083744,0.0,0.6399,0.2569,Investigate_Billing,Revision de facturacion / condiciones especiales,Low
6211-WHMYA,0.1672,Low,15.59,Medium,0.3945,0,0.1770397801935253,0.29808795,0.3945,0.2568,Maintain,Mantenimiento - comunicacion periodica,Low
5868-YTYKS,0.3949,Medium,0.21,Low,0.1549,0,0.4490502926770995,0.004015296,0.1549,0.2567,Maintain,Mantenimiento - comunicacion periodica,Low
5583-EJXRD,0.0367,Low,29.27,High,0.3908,0,0.02114442718910525,0.55965585,0.3908,0.2566,Grow_Upsell,Campana de upsell / cross-sell,Low
2834-JKOOW,0.093,Low,26.22,High,0.3095,0,0.08840043005614621,0.5013384,0.3095,0.2565,Grow_Upsell,Campana de upsell / cross-sell,Low
5730-RIITO,0.0887,Low,23.61,High,0.3968,0,0.08326364830964043,0.45143405,0.3968,0.2564,Grow_Upsell,Campana de upsell / cross-sell,Low
2786-GCDPI,0.3946,Medium,0.0,Low,0.1588,0,0.44869191255525026,0.0,0.1588,0.2561,Maintain,Mantenimiento - comunicacion periodica,Low
7682-AZNDK,0.3724,Medium,5.49,Medium,0.0673,0,0.4221717835384064,0.10497132,0.0673,0.256,Maintain,Mantenimiento - comunicacion periodica,Low
8812-ZRHFP,0.222,Low,19.13,Medium,0.1248,0,0.24250388245132007,0.36577436,0.1248,0.2559,Maintain,Mantenimiento - comunicacion periodica,Low
5016-IBERQ,0.3167,Low,11.21,Medium,0.0684,0,0.3556325409150639,0.21434034,0.0684,0.2558,Maintain,Mantenimiento - comunicacion periodica,Low
4026-SKKHW,0.2479,Low,8.2,Medium,0.3603,0,0.27344403297097125,0.15678777,0.3603,0.2558,Maintain,Mantenimiento - comunicacion periodica,Low
9375-MHRRS,0.3266,Medium,8.47,Medium,0.1164,0,0.36745908493608886,0.16195029,0.1164,0.2556,Maintain,Mantenimiento - comunicacion periodica,Low
3003-CMDUU,0.426,Medium,0.56,Low,0.0451,0,0.4862023653088042,0.010707458,0.0451,0.2553,Maintain,Mantenimiento - comunicacion periodica,Low
5647-FXOTP,0.379,Medium,0.0,Low,0.2005,0,0.4300561462190897,0.0,0.2005,0.2551,Maintain,Mantenimiento - comunicacion periodica,Low
5949-EBSQK,0.3831,Medium,0.46,Low,0.1747,0,0.43495400788436267,0.008795411,0.1747,0.2551,Maintain,Mantenimiento - comunicacion periodica,Low
5173-WXOQV,0.2452,Low,0.11,Low,0.5963,0,0.27021861187432805,0.0021032505,0.5963,0.255,Maintain,Mantenimiento - comunicacion periodica,Low
0356-ERHVT,0.2122,Low,12.79,Medium,0.3313,0,0.2307967984709115,0.24455068,0.3313,0.255,Maintain,Mantenimiento - comunicacion periodica,Low
6599-RCLCJ,0.3501,Medium,0.0,Low,0.2855,0,0.3955321944809462,0.0,0.2855,0.2549,Maintain,Mantenimiento - comunicacion periodica,Low
7691-XVTZH,0.0909,Low,21.26,High,0.4494,0,0.08589176920320152,0.40650097,0.4494,0.2548,Grow_Upsell,Campana de upsell / cross-sell,Low
1228-FZFRV,0.3763,Medium,0.0,Low,0.2064,0,0.4268307251224466,0.0,0.2064,0.2547,Maintain,Mantenimiento - comunicacion periodica,Low
0611-DFXKO,0.3459,Medium,6.76,Medium,0.1028,0,0.39051487277505675,0.12925431,0.1028,0.2546,Maintain,Mantenimiento - comunicacion periodica,Low
2675-OTVVJ,0.3572,Medium,5.94,Medium,0.0926,0,0.4040138573647115,0.113575526,0.0926,0.2546,Maintain,Mantenimiento - comunicacion periodica,Low
4611-ANLQC,0.0955,Low,20.65,High,0.4518,0,0.09138693107155657,0.39483747,0.4518,0.2545,Grow_Upsell,Campana de upsell / cross-sell,Low
6481-ESCNL,0.3984,Medium,0.0,Low,0.139,0,0.45323139409867397,0.0,0.139,0.2544,Maintain,Mantenimiento - comunicacion periodica,Low
5921-NGYRH,0.0935,Low,21.69,High,0.426,0,0.08899773025922829,0.41472277,0.426,0.2541,Grow_Upsell,Campana de upsell / cross-sell,Low
7789-HKSBS,0.2954,Low,0.62,Low,0.4266,0,0.3301875522637678,0.011854685,0.4266,0.254,Maintain,Mantenimiento - comunicacion periodica,Low
2133-TSRRM,0.2962,Low,0.06,Low,0.4393,0,0.3311432325886991,0.0011472275,0.4393,0.2538,Maintain,Mantenimiento - comunicacion periodica,Low
1139-WUOAH,0.0507,Low,29.82,High,0.3188,0,0.037868832875403186,0.5701721,0.3188,0.2537,Grow_Upsell,Campana de upsell / cross-sell,Low
2359-QWQUL,0.3333,Medium,1.1,Low,0.2982,0,0.3754629076573886,0.021032505,0.2982,0.2537,Maintain,Mantenimiento - comunicacion periodica,Low
4720-VSTSI,0.2353,Low,10.69,Medium,0.3159,0,0.2583920678533031,0.2043977,0.3159,0.2537,Maintain,Mantenimiento - comunicacion periodica,Low
5149-TGWDZ,0.3195,Low,1.09,Low,0.3392,0,0.3589774220523235,0.0208413,0.3392,0.2536,Maintain,Mantenimiento - comunicacion periodica,Low
1550-LOAHA,0.2602,Low,11.04,Medium,0.2311,0,0.2881376179667901,0.21108986,0.2311,0.2536,Maintain,Mantenimiento - comunicacion periodica,Low
9962-BFPDU,0.3874,Medium,0.42,Low,0.155,0,0.4400907896308685,0.008030592,0.155,0.2535,Maintain,Mantenimiento - comunicacion periodica,Low
6173-ITPWD,0.2191,Low,11.44,Medium,0.342,0,0.23903954127344404,0.21873805,0.342,0.2535,Maintain,Mantenimiento - comunicacion periodica,Low
2908-ZTPNF,0.1368,Low,23.2,High,0.2497,0,0.14072392784613547,0.44359466,0.2497,0.2534,Grow_Upsell,Campana de upsell / cross-sell,Low
8818-DOPVL,0.3819,Medium,0.11,Low,0.1802,0,0.43352048739696575,0.0021032505,0.1802,0.2534,Maintain,Mantenimiento - comunicacion periodica,Low
6522-OIQSX,0.0653,Low,27.18,High,0.3492,0,0.055309998805399586,0.5196941,0.3492,0.2534,Grow_Upsell,Campana de upsell / cross-sell,Low
8182-PNAGI,0.3393,Medium,8.18,Medium,0.0755,0,0.38263051009437343,0.15640536,0.0755,0.2533,Maintain,Mantenimiento - comunicacion periodica,Low
4800-CZMPC,0.3566,Medium,1.97,Low,0.2003,0,0.40329709712101297,0.037667304,0.2003,0.253,Maintain,Mantenimiento - comunicacion periodica,Low
5630-IXDXV,0.3398,Medium,0.0,Low,0.3059,0,0.3832278102974555,0.0,0.3059,0.2528,Maintain,Mantenimiento - comunicacion periodica,Low
4634-JLRJT,0.3855,Medium,0.14,Low,0.164,0,0.4378210488591566,0.0026768644,0.164,0.2525,Maintain,Mantenimiento - comunicacion periodica,Low
4647-XXZAM,0.2077,Low,13.05,Medium,0.3247,0,0.2254210966431729,0.249522,0.3247,0.2525,Maintain,Mantenimiento - comunicacion periodica,Low
1791-PQHBB,0.3016,Low,0.29,Low,0.4097,0,0.3375940747819854,0.005544933,0.4097,0.2524,Maintain,Mantenimiento - comunicacion periodica,Low
4692-NNQRU,0.1347,Low,26.2,High,0.1645,0,0.13821526699319076,0.50095606,0.1645,0.2523,Grow_Upsell,Campana de upsell / cross-sell,Low
7483-IQWIB,0.3909,Medium,2.17,Low,0.0884,0,0.44427189105244297,0.041491397,0.0884,0.2523,Maintain,Mantenimiento - comunicacion periodica,Low
6421-SZVEM,0.2102,Low,22.12,High,0.0559,0,0.22840759765858323,0.42294458,0.0559,0.2523,Grow_Upsell,Campana de upsell / cross-sell,Low
7722-VJRQD,0.0257,Low,22.41,High,0.5982,0,0.008003822721299727,0.42848948,0.5982,0.2522,Grow_Upsell,Campana de upsell / cross-sell,Low
4608-LCIMN,0.201,Low,13.78,Medium,0.3215,0,0.21741727392187318,0.26347992,0.3215,0.2521,Maintain,Mantenimiento - comunicacion periodica,Low
1448-CYWKC,0.3444,Medium,0.4,Low,0.2772,0,0.38872297216581053,0.007648184,0.2772,0.2521,Maintain,Mantenimiento - comunicacion periodica,Low
7629-WIXZF,0.2339,Low,12.55,Medium,0.2581,0,0.2567196272846733,0.23996177,0.2581,0.252,Maintain,Mantenimiento - comunicacion periodica,Low
6741-EGCBI,0.2955,Low,4.87,Low,0.2939,0,0.33030701230438414,0.09311663,0.2939,0.2519,Maintain,Mantenimiento - comunicacion periodica,Low
5572-ZDXHY,0.3161,Low,11.0,Medium,0.0568,0,0.3549157806713654,0.21032505,0.0568,0.2519,Maintain,Mantenimiento - comunicacion periodica,Low
4745-LSPLO,0.3812,Medium,0.1,Low,0.1751,0,0.4326842671126508,0.001912046,0.1751,0.2519,Maintain,Mantenimiento - comunicacion periodica,Low
4647-MUZON,0.4048,Medium,0.24,Low,0.0998,0,0.46087683669812446,0.00458891,0.0998,0.2518,Maintain,Mantenimiento - comunicacion periodica,Low
1785-BPHTP,0.2744,Low,9.81,Medium,0.2151,0,0.30510094373432084,0.18757172,0.2151,0.2518,Maintain,Mantenimiento - comunicacion periodica,Low
3174-RKMOW,0.3228,Medium,0.0,Low,0.3507,0,0.3629196033926651,0.0,0.3507,0.2516,Maintain,Mantenimiento - comunicacion periodica,Low
2565-JSLRY,0.3506,Medium,0.0,Low,0.2674,0,0.3961294946840282,0.0,0.2674,0.2515,Maintain,Mantenimiento - comunicacion periodica,Low
7048-GXDAY,0.3465,Medium,0.0,Low,0.2773,0,0.3912316330187552,0.0,0.2773,0.2511,Maintain,Mantenimiento - comunicacion periodica,Low
1837-YQUCE,0.0264,Low,24.52,High,0.5295,0,0.008840043005614622,0.46883366,0.5295,0.251,Grow_Upsell,Campana de upsell / cross-sell,Low
8035-BUYVG,0.0701,Low,29.91,High,0.2435,0,0.06104408075498745,0.5718929,0.2435,0.2508,Grow_Upsell,Campana de upsell / cross-sell,Low
2403-BCASL,0.3227,Medium,0.15,Low,0.3427,0,0.36280014335204874,0.002868069,0.3427,0.2508,Maintain,Mantenimiento - comunicacion periodica,Low
4831-EOBFE,0.3715,Medium,0.98,Low,0.1729,0,0.42109664317285866,0.01873805,0.1729,0.2507,Maintain,Mantenimiento - comunicacion periodica,Low
8328-SKJNO,0.0591,Low,31.77,High,0.2227,0,0.04790347628718194,0.607457,0.2227,0.2507,Grow_Upsell,Campana de upsell / cross-sell,Low
4274-DRSQT,0.1476,Low,16.66,Medium,0.3907,0,0.15362561223270818,0.31854686,0.3907,0.2505,Maintain,Mantenimiento - comunicacion periodica,Low
4480-MBMLB,0.3154,Low,0.91,Low,0.3409,0,0.3540795603870506,0.017399618,0.3409,0.2504,Maintain,Mantenimiento - comunicacion periodica,Low
6981-TDRFT,0.1454,Low,17.39,Medium,0.3753,0,0.15099749133914708,0.33250478,0.3753,0.2503,Maintain,Mantenimiento - comunicacion periodica,Low
1208-DNHLN,0.1084,Low,19.92,Medium,0.4125,0,0.10679727631107394,0.38087955,0.4125,0.2502,Maintain,Mantenimiento - comunicacion periodica,Low
6124-ACRHJ,0.3746,Medium,0.71,Low,0.1681,0,0.4247999044319675,0.013575526,0.1681,0.2501,Maintain,Mantenimiento - comunicacion periodica,Low
8807-ARQET,0.1919,Low,17.98,Medium,0.215,0,0.2065464102257795,0.34378585,0.215,0.2494,Maintain,Mantenimiento - comunicacion periodica,Low
2886-KEFUM,0.3317,Medium,0.43,Low,0.3003,0,0.37355154700752596,0.008221798,0.3003,0.2493,Maintain,Mantenimiento - comunicacion periodica,Low
0991-BRRFB,0.3223,Medium,9.14,Medium,0.0788,0,0.36232230318958303,0.174761,0.0788,0.2493,Maintain,Mantenimiento - comunicacion periodica,Low
4992-LTJNE,0.0327,Low,28.06,High,0.4003,0,0.016366025564448692,0.53652006,0.4003,0.2492,Grow_Upsell,Campana de upsell / cross-sell,Low
9839-ETQOE,0.0669,Low,18.37,Medium,0.5754,0,0.057221359455262216,0.35124284,0.5754,0.2491,Maintain,Mantenimiento - comunicacion periodica,Low
9323-HGFWY,0.3274,Medium,4.08,Low,0.2069,0,0.36841476526102024,0.078011476,0.2069,0.249,Maintain,Mantenimiento - comunicacion periodica,Low
6710-HSJRD,0.2354,Low,0.0,Low,0.5989,0,0.2585115278939195,0.0,0.5989,0.249,Maintain,Mantenimiento - comunicacion periodica,Low
5445-GLVOT,0.2961,Low,9.04,Medium,0.1577,0,0.33102377254808263,0.17284895,0.1577,0.2489,Maintain,Mantenimiento - comunicacion periodica,Low
1472-TNCWL,0.3667,Medium,0.93,Low,0.1782,0,0.41536256122327087,0.017782027,0.1782,0.2487,Maintain,Mantenimiento - comunicacion periodica,Low
9200-NLNPD,0.1424,Low,17.45,Medium,0.3746,0,0.14741369012065464,0.33365202,0.3746,0.2487,Maintain,Mantenimiento - comunicacion periodica,Low
0052-DCKON,0.1463,Low,0.0,Low,0.863,1,0.15207263170469482,0.0,0.863,0.2486,Investigate_Billing,Revision de facturacion / condiciones especiales,Low
7813-ZGGAW,0.3557,Medium,0.24,Low,0.23,0,0.4022219567554653,0.00458891,0.23,0.2485,Maintain,Mantenimiento - comunicacion periodica,Low
1135-LMECX,0.3748,Medium,0.56,Low,0.1636,0,0.42503882451320035,0.010707458,0.1636,0.2485,Maintain,Mantenimiento - comunicacion periodica,Low
5651-CPDND,0.1953,Low,12.78,Medium,0.3491,0,0.21060805160673757,0.24435946,0.3491,0.2484,Maintain,Mantenimiento - comunicacion periodica,Low
3197-ARFOY,0.327,Medium,0.0,Low,0.3219,0,0.3679369250985545,0.0,0.3219,0.2483,Maintain,Mantenimiento - comunicacion periodica,Low
9746-YKGXB,0.0707,Low,27.58,High,0.296,0,0.06176084099868594,0.52734226,0.296,0.2483,Grow_Upsell,Campana de upsell / cross-sell,Low
6115-ZTBFQ,0.0246,Low,18.53,Medium,0.6922,1,0.006689762274519175,0.3543021,0.6922,0.2481,Investigate_Billing,Revision de facturacion / condiciones especiales,Low
2683-JXWQQ,0.0499,Low,24.85,High,0.4341,0,0.03691315255047187,0.4751434,0.4341,0.2478,Grow_Upsell,Campana de upsell / cross-sell,Low
4553-DVPZG,0.3311,Medium,0.0,Low,0.3069,0,0.37283478676382753,0.0,0.3069,0.2478,Maintain,Mantenimiento - comunicacion periodica,Low
6576-FBXOJ,0.1853,Low,17.74,Medium,0.2332,0,0.19866204754509617,0.33919695,0.2332,0.2477,Maintain,Mantenimiento - comunicacion periodica,Low
5135-RDDQL,0.0343,Low,30.29,High,0.3234,0,0.01827738621431131,0.5791587,0.3234,0.2476,Grow_Upsell,Campana de upsell / cross-sell,Low
2433-KMEAS,0.3322,Medium,4.08,Low,0.1854,0,0.37414884721060804,0.078011476,0.1854,0.2476,Maintain,Mantenimiento - comunicacion periodica,Low
7272-QDCKA,0.2848,Low,5.22,Medium,0.2943,0,0.3175247879584279,0.09980879,0.2943,0.2476,Maintain,Mantenimiento - comunicacion periodica,Low
8314-DPQHL,0.1299,Low,21.27,High,0.2962,0,0.1324811850436029,0.40669218,0.2962,0.2475,Grow_Upsell,Campana de upsell / cross-sell,Low
5331-RGMTT,0.3788,Medium,0.17,Low,0.1577,0,0.42981722613785694,0.003250478,0.1577,0.2474,Maintain,Mantenimiento - comunicacion periodica,Low
9350-VLHMB,0.1569,Low,6.02,Medium,0.6527,1,0.16473539601003467,0.11510517,0.6527,0.2474,Investigate_Billing,Revision de facturacion / condiciones especiales,Low
3645-DEYGF,0.3702,Medium,0.08,Low,0.1851,0,0.41954366264484527,0.0015296367,0.1851,0.2473,Maintain,Mantenimiento - comunicacion periodica,Low
7853-GVUDZ,0.3789,Medium,0.32,Low,0.152,0,0.4299366861784733,0.0061185467,0.152,0.2472,Maintain,Mantenimiento - comunicacion periodica,Low
2460-FPSYH,0.2617,Low,2.28,Low,0.4442,0,0.2899295185760363,0.043594647,0.4442,0.2469,Maintain,Mantenimiento - comunicacion periodica,Low
5701-SVCWR,0.3428,Medium,0.0,Low,0.2672,0,0.3868116115159479,0.0,0.2672,0.2468,Maintain,Mantenimiento - comunicacion periodica,Low
6869-FGJJC,0.091,Low,25.59,High,0.2848,0,0.08601122924381795,0.48929256,0.2848,0.2468,Grow_Upsell,Campana de upsell / cross-sell,Low
5315-CKEQK,0.1021,Low,19.34,Medium,0.4308,0,0.09927129375223988,0.3697897,0.4308,0.2467,Maintain,Mantenimiento - comunicacion periodica,Low
2085-BOJKI,0.3062,Low,8.72,Medium,0.1256,0,0.34308923665034047,0.1667304,0.1256,0.2467,Maintain,Mantenimiento - comunicacion periodica,Low
0230-WEQUW,0.0224,Low,27.05,High,0.4471,0,0.00406164138095807,0.5172084,0.4471,0.2466,Grow_Upsell,Campana de upsell / cross-sell,Low
7746-AWNQW,0.126,Low,23.11,High,0.2506,0,0.12782224345956278,0.44187382,0.2506,0.2466,Grow_Upsell,Campana de upsell / cross-sell,Low
4612-THJBS,0.2483,Low,0.76,Low,0.5266,0,0.2739218731334369,0.014531549,0.5266,0.2466,Maintain,Mantenimiento - comunicacion periodica,Low
7688-AWMDX,0.0287,Low,27.96,High,0.4017,0,0.01158762393979214,0.534608,0.4017,0.2465,Grow_Upsell,Campana de upsell / cross-sell,Low
1310-QRITU,0.2419,Low,7.97,Medium,0.3375,0,0.2662764305339864,0.15239006,0.3375,0.2464,Maintain,Mantenimiento - comunicacion periodica,Low
4360-QRAVE,0.1295,Low,22.03,High,0.2699,0,0.13200334488113727,0.42122373,0.2699,0.2463,Grow_Upsell,Campana de upsell / cross-sell,Low
5057-LCOUI,0.2963,Low,7.9,Medium,0.1766,0,0.3312626926293155,0.15105163,0.1766,0.2463,Maintain,Mantenimiento - comunicacion periodica,Low
4176-FXYBO,0.2451,Low,0.0,Low,0.5558,0,0.2700991518337117,0.0,0.5558,0.2462,Maintain,Mantenimiento - comunicacion periodica,Low
8597-CWYHH,0.2052,Low,10.38,Medium,0.3773,0,0.22243459562776252,0.19847037,0.3773,0.2462,Maintain,Mantenimiento - comunicacion periodica,Low
6257-RJOHI,0.3244,Medium,7.5,Medium,0.1031,0,0.3648309640425278,0.14340344,0.1031,0.2461,Maintain,Mantenimiento - comunicacion periodica,Low
0774-RMNUW,0.0262,Low,23.93,High,0.5227,0,0.008601122924381796,0.45755258,0.5227,0.2461,Grow_Upsell,Campana de upsell / cross-sell,Low
6815-ABQFQ,0.3647,Medium,0.12,Low,0.1945,0,0.41297336041094257,0.002294455,0.1945,0.2461,Maintain,Mantenimiento - comunicacion periodica,Low
3312-UUMZW,0.3915,Medium,0.0,Low,0.1174,0,0.44498865129614146,0.0,0.1174,0.246,Maintain,Mantenimiento - comunicacion periodica,Low
8111-BKVDS,0.1156,Low,18.04,Medium,0.4235,0,0.11539839923545574,0.3449331,0.4235,0.2459,Maintain,Mantenimiento - comunicacion periodica,Low
5968-XQIVE,0.1258,Low,16.1,Medium,0.4482,0,0.12758332337832995,0.3078394,0.4482,0.2458,Maintain,Mantenimiento - comunicacion periodica,Low
1587-FKLZB,0.2486,Low,0.37,Low,0.5316,0,0.2742802532552861,0.00707457,0.5316,0.2456,Maintain,Mantenimiento - comunicacion periodica,Low
0454-OKRCT,0.1088,Low,30.94,High,0.0722,0,0.1072751164735396,0.591587,0.0722,0.2456,Grow_Upsell,Campana de upsell / cross-sell,Low
7029-IJEJK,0.0616,Low,27.96,High,0.2984,0,0.05088997730259229,0.534608,0.2984,0.2455,Grow_Upsell,Campana de upsell / cross-sell,Low
6538-POCHL,0.2382,Low,16.24,Medium,0.1064,0,0.26185640903117907,0.31051624,0.1064,0.2454,Maintain,Mantenimiento - comunicacion periodica,Low
3745-HRPHI,0.044,Low,28.43,High,0.3369,0,0.029865010154103453,0.54359466,0.3369,0.2454,Grow_Upsell,Campana de upsell / cross-sell,Low
5115-GZDEL,0.0281,Low,18.08,Medium,0.6813,1,0.010870863696093658,0.3456979,0.6813,0.2454,Investigate_Billing,Revision de facturacion / condiciones especiales,Low
8672-OAUPW,0.0725,Low,23.63,High,0.3883,0,0.06391112172978138,0.45181644,0.3883,0.2452,Grow_Upsell,Campana de upsell / cross-sell,Low
8152-UOBNY,0.3676,Medium,0.24,Low,0.1774,0,0.41643770158881854,0.00458891,0.1774,0.2451,Maintain,Mantenimiento - comunicacion periodica,Low
6377-WHAOX,0.362,Medium,0.0,Low,0.2006,0,0.40974793931429937,0.0,0.2006,0.245,Maintain,Mantenimiento - comunicacion periodica,Low
1956-YIFGE,0.259,Low,5.35,Medium,0.3542,0,0.2867040974793932,0.10229445,0.3542,0.2449,Maintain,Mantenimiento - comunicacion periodica,Low
1414-YADCW,0.0337,Low,26.04,High,0.4325,0,0.017560625970612833,0.49789676,0.4325,0.2446,Grow_Upsell,Campana de upsell / cross-sell,Low
8398-TBIYD,0.0415,Low,27.18,High,0.3759,0,0.02687850913869311,0.5196941,0.3759,0.2445,Grow_Upsell,Campana de upsell / cross-sell,Low
0442-ZXKVS,0.1835,Low,0.0,Low,0.7306,1,0.19651176681400073,0.0,0.7306,0.2444,Investigate_Billing,Revision de facturacion / condiciones especiales,Low
9591-YVTEB,0.1934,Low,13.65,Medium,0.3088,0,0.2083383108350257,0.26099426,0.3088,0.2442,Maintain,Mantenimiento - comunicacion periodica,Low
1550-EENBN,0.3762,Medium,0.0,Low,0.1544,0,0.4267112650818301,0.0,0.1544,0.2442,Maintain,Mantenimiento - comunicacion periodica,Low
9220-CXRSC,0.0297,Low,23.33,High,0.5194,0,0.01278222434595628,0.4460803,0.5194,0.2441,Grow_Upsell,Campana de upsell / cross-sell,Low
2542-HYGIQ,0.3717,Medium,0.48,Low,0.1528,0,0.4213355632540915,0.00917782,0.1528,0.244,Maintain,Mantenimiento - comunicacion periodica,Low
3569-EDBPQ,0.2615,Low,11.15,Medium,0.1761,0,0.28969059849480355,0.21319312,0.1761,0.244,Maintain,Mantenimiento - comunicacion periodica,Low
2074-GUHPQ,0.3631,Medium,4.0,Low,0.0774,0,0.4110619997610799,0.076481834,0.0774,0.244,Maintain,Mantenimiento - comunicacion periodica,Low
7064-FRRSW,0.3223,Medium,6.45,Medium,0.1286,0,0.36232230318958303,0.12332696,0.1286,0.2439,Maintain,Mantenimiento - comunicacion periodica,Low
2274-XUATA,0.0275,Low,19.89,Medium,0.6225,1,0.010154103452395175,0.38030592,0.6225,0.2437,Investigate_Billing,Revision de facturacion / condiciones especiales,Low
7245-JMTTQ,0.323,Medium,0.04,Low,0.3089,0,0.363158523473898,0.00076481834,0.3089,0.2436,Maintain,Mantenimiento - comunicacion periodica,Low
3043-TYBNO,0.2617,Low,0.43,Low,0.4807,0,0.2899295185760363,0.008221798,0.4807,0.2436,Maintain,Mantenimiento - comunicacion periodica,Low
4111-BNXIF,0.038,Low,23.57,High,0.4848,0,0.022697407717118624,0.45066923,0.4848,0.2435,Grow_Upsell,Campana de upsell / cross-sell,Low
2277-DJJDL,0.355,Medium,0.36,Low,0.2032,0,0.4013857364711504,0.0068833656,0.2032,0.2434,Maintain,Mantenimiento - comunicacion periodica,Low
9388-ZEYVT,0.072,Low,28.16,High,0.2504,0,0.06331382152669932,0.5384321,0.2504,0.2433,Grow_Upsell,Campana de upsell / cross-sell,Low
1024-KPRBB,0.2142,Low,16.93,Medium,0.147,0,0.23318599928323977,0.32370937,0.147,0.2431,Maintain,Mantenimiento - comunicacion periodica,Low
8348-JLBUG,0.0743,Low,25.11,High,0.3304,0,0.06606140246087684,0.48011473,0.3304,0.2431,Grow_Upsell,Campana de upsell / cross-sell,Low
6907-CQGPN,0.1295,Low,23.36,High,0.2149,0,0.13200334488113727,0.44665393,0.2149,0.243,Grow_Upsell,Campana de upsell / cross-sell,Low
1194-SPVSP,0.362,Medium,0.79,Low,0.168,0,0.40974793931429937,0.015105163,0.168,0.243,Maintain,Mantenimiento - comunicacion periodica,Low
3838-OZURD,0.2702,Low,0.0,Low,0.4641,0,0.3000836220284315,0.0,0.4641,0.2429,Maintain,Mantenimiento - comunicacion periodica,Low
3893-JRNFS,0.1051,Low,18.62,Medium,0.4235,0,0.1028550949707323,0.35602295,0.4235,0.2429,Maintain,Mantenimiento - comunicacion periodica,Low
7284-ZZLOH,0.0416,Low,28.5,High,0.3293,0,0.026997969179309522,0.5449331,0.3293,0.2428,Grow_Upsell,Campana de upsell / cross-sell,Low
7964-ZRKKG,0.1223,Low,16.57,Medium,0.4305,0,0.12340222195675547,0.31682602,0.4305,0.2428,Maintain,Mantenimiento - comunicacion periodica,Low
7148-XZPHA,0.1622,Low,15.65,Medium,0.3376,0,0.1710667781627046,0.29923517,0.3376,0.2428,Maintain,Mantenimiento - comunicacion periodica,Low
0247-SLUJI,0.3621,Medium,0.75,Low,0.168,0,0.40986739935491573,0.014340345,0.168,0.2428,Maintain,Mantenimiento - comunicacion periodica,Low
2325-WINES,0.3204,Medium,1.47,Low,0.2711,0,0.36005256241787126,0.028107075,0.2711,0.2427,Maintain,Mantenimiento - comunicacion periodica,Low
6950-TWMYB,0.0523,Low,31.55,High,0.2094,0,0.039780193525265795,0.60325044,0.2094,0.2427,Grow_Upsell,Campana de upsell / cross-sell,Low
6353-BRMMA,0.3762,Medium,0.04,Low,0.145,0,0.4267112650818301,0.00076481834,0.145,0.2426,Maintain,Mantenimiento - comunicacion periodica,Low
7814-LEEVE,0.3709,Medium,0.18,Low,0.1558,0,0.42037988292916023,0.0034416828,0.1558,0.2424,Maintain,Mantenimiento - comunicacion periodica,Low
1271-UODNO,0.0525,Low,27.73,High,0.3166,0,0.04001911360649863,0.5302103,0.3166,0.2424,Grow_Upsell,Campana de upsell / cross-sell,Low
2075-RMJIK,0.2888,Low,9.14,Medium,0.1431,0,0.32230318958308446,0.174761,0.1431,0.2422,Maintain,Mantenimiento - comunicacion periodica,Low
3162-KKZXO,0.2931,Low,5.52,Medium,0.2341,0,0.3274399713295903,0.10554493,0.2341,0.2422,Maintain,Mantenimiento - comunicacion periodica,Low
3115-JPJDD,0.0678,Low,24.49,High,0.3623,0,0.058296499820809936,0.46826005,0.3623,0.2421,Grow_Upsell,Campana de upsell / cross-sell,Low
5073-WXOYN,0.2629,Low,7.69,Medium,0.2614,0,0.29136303906343336,0.14703633,0.2614,0.2421,Maintain,Mantenimiento - comunicacion periodica,Low
8404-GFGCZ,0.3781,Medium,0.0,Low,0.1379,0,0.428981005853542,0.0,0.1379,0.2421,Maintain,Mantenimiento - comunicacion periodica,Low
9168-INPSZ,0.3587,Medium,0.07,Low,0.1927,0,0.40580575797395774,0.0013384322,0.1927,0.2418,Maintain,Mantenimiento - comunicacion periodica,Low
4859-ZSRDZ,0.0551,Low,27.72,High,0.306,0,0.043125074662525395,0.5300191,0.306,0.2418,Grow_Upsell,Campana de upsell / cross-sell,Low
6762-QVYJO,0.0243,Low,23.57,High,0.5162,0,0.006331382152669931,0.45066923,0.5162,0.2416,Grow_Upsell,Campana de upsell / cross-sell,Low
2604-IJPDU,0.3657,Medium,0.73,Low,0.1512,0,0.4141679608171067,0.013957935,0.1512,0.2415,Maintain,Mantenimiento - comunicacion periodica,Low
8203-XJZRC,0.3694,Medium,0.2,Low,0.1549,0,0.418587982319914,0.003824092,0.1549,0.2414,Maintain,Mantenimiento - comunicacion periodica,Low
4211-MMAZN,0.3694,Medium,0.2,Low,0.1549,0,0.418587982319914,0.003824092,0.1549,0.2414,Maintain,Mantenimiento - comunicacion periodica,Low
7182-OVLBJ,0.1144,Low,10.35,Medium,0.6248,1,0.11396487874805877,0.19789676,0.6248,0.2413,Investigate_Billing,Revision de facturacion / condiciones especiales,Low
8706-HRADD,0.1427,Low,14.11,Medium,0.4314,0,0.14777207024250388,0.26978967,0.4314,0.2411,Maintain,Mantenimiento - comunicacion periodica,Low
6874-SGLHU,0.2596,Low,8.77,Medium,0.2353,0,0.28742085772309167,0.16768643,0.2353,0.2411,Maintain,Mantenimiento - comunicacion periodica,Low
7883-ROJOC,0.1858,Low,13.27,Medium,0.326,0,0.19925934774817824,0.2537285,0.326,0.2409,Maintain,Mantenimiento - comunicacion periodica,Low
5626-MGTUK,0.2942,Low,6.13,Medium,0.207,0,0.3287540317763708,0.117208414,0.207,0.2409,Maintain,Mantenimiento - comunicacion periodica,Low
4640-UHDOS,0.3728,Medium,2.61,Low,0.0718,0,0.4226496237008721,0.049904395,0.0718,0.2407,Maintain,Mantenimiento - comunicacion periodica,Low
6778-JFCMK,0.1353,Low,20.73,High,0.2615,0,0.13893202723688927,0.3963671,0.2615,0.2407,Grow_Upsell,Campana de upsell / cross-sell,Low
7989-AWGEH,0.1052,Low,18.91,Medium,0.4039,0,0.10297455501134871,0.36156788,0.4039,0.2407,Maintain,Mantenimiento - comunicacion periodica,Low
5088-QZLRL,0.3594,Medium,0.08,Low,0.1844,0,0.4066419782582726,0.0015296367,0.1844,0.2407,Maintain,Mantenimiento - comunicacion periodica,Low
2322-VCZHZ,0.3438,Medium,5.38,Medium,0.079,0,0.38800621192211204,0.10286807,0.079,0.2407,Maintain,Mantenimiento - comunicacion periodica,Low
5889-JTMUL,0.3263,Medium,0.95,Low,0.2578,0,0.3671007048142396,0.018164435,0.2578,0.2406,Maintain,Mantenimiento - comunicacion periodica,Low
4554-YGZIH,0.2554,Low,5.36,Medium,0.3435,0,0.2824035360172023,0.102485664,0.3435,0.2406,Maintain,Mantenimiento - comunicacion periodica,Low
7077-XJMET,0.214,Low,0.0,Low,0.6203,1,0.23294707920200694,0.0,0.6203,0.2405,Investigate_Billing,Revision de facturacion / condiciones especiales,Low
4088-YLDSU,0.363,Medium,1.46,Low,0.1327,0,0.4109425397204635,0.02791587,0.1327,0.2404,Maintain,Mantenimiento - comunicacion periodica,Low
0212-ISBBF,0.2986,Low,8.03,Medium,0.1368,0,0.334010273563493,0.15353729,0.1368,0.2404,Maintain,Mantenimiento - comunicacion periodica,Low
4821-SJHJV,0.329,Medium,5.9,Medium,0.1061,0,0.3703261259108828,0.11281071,0.1061,0.2402,Maintain,Mantenimiento - comunicacion periodica,Low
7253-UVNDW,0.0893,Low,28.32,High,0.1788,0,0.08398040855333891,0.5414914,0.1788,0.2402,Grow_Upsell,Campana de upsell / cross-sell,Low
2474-BRUCM,0.3699,Medium,0.0,Low,0.1528,0,0.4191852825229961,0.0,0.1528,0.2402,Maintain,Mantenimiento - comunicacion periodica,Low
5734-EJKXG,0.196,Low,0.0,Low,0.6721,1,0.21144427189105247,0.0,0.6721,0.2401,Investigate_Billing,Revision de facturacion / condiciones especiales,Low
5445-PZWGX,0.2374,Low,4.28,Low,0.425,0,0.2609007287062478,0.08183557,0.425,0.24,Maintain,Mantenimiento - comunicacion periodica,Low
4190-MFLUW,0.36,Medium,3.12,Low,0.0914,0,0.4073587385019711,0.05965583,0.0914,0.2399,Maintain,Mantenimiento - comunicacion periodica,Low
4767-HZZHQ,0.2129,Low,13.61,Medium,0.2286,0,0.2316330187552264,0.26022944,0.2286,0.2396,Maintain,Mantenimiento - comunicacion periodica,Low
8908-NMQTX,0.0269,Low,17.73,Medium,0.6652,1,0.009437343208696693,0.33900574,0.6652,0.2395,Investigate_Billing,Revision de facturacion / condiciones especiales,Low
7853-WNZSY,0.3568,Medium,0.71,Low,0.1681,0,0.40353601720224586,0.013575526,0.1681,0.2395,Maintain,Mantenimiento - comunicacion periodica,Low
9831-BPFRI,0.2429,Low,16.01,Medium,0.0694,0,0.26747103094015057,0.30611855,0.0694,0.2395,Maintain,Mantenimiento - comunicacion periodica,Low
6128-DAFVY,0.1823,Low,14.23,Medium,0.3011,0,0.19507824632660375,0.27208412,0.3011,0.2394,Maintain,Mantenimiento - comunicacion periodica,Low
0326-VDYXE,0.2197,Low,7.72,Medium,0.3757,0,0.23975630151714256,0.14760993,0.3757,0.2393,Maintain,Mantenimiento - comunicacion periodica,Low
2519-LBNQL,0.3377,Medium,1.22,Low,0.2099,0,0.3807191494445108,0.023326961,0.2099,0.2393,Maintain,Mantenimiento - comunicacion periodica,Low
2227-JRSJX,0.2904,Low,0.13,Low,0.3822,0,0.32421455023294704,0.0024856597,0.3822,0.2393,Maintain,Mantenimiento - comunicacion periodica,Low
1206-EHBDD,0.0571,Low,31.26,High,0.1857,0,0.045514275474853656,0.59770554,0.1857,0.2392,Grow_Upsell,Campana de upsell / cross-sell,Low
1095-JUDTC,0.3764,Medium,0.88,Low,0.1032,0,0.426950185163063,0.016826004,0.1032,0.2392,Maintain,Mantenimiento - comunicacion periodica,Low
2302-ANTDP,0.1799,Low,0.0,Low,0.7148,1,0.19221120535180986,0.0,0.7148,0.2391,Investigate_Billing,Revision de facturacion / condiciones especiales,Low
7893-IXHRQ,0.3593,Medium,0.08,Low,0.1767,0,0.4065225182176562,0.0015296367,0.1767,0.2391,Maintain,Mantenimiento - comunicacion periodica,Low
4139-SUGLD,0.1234,Low,23.17,High,0.218,0,0.12471628240353602,0.44302103,0.218,0.2389,Grow_Upsell,Campana de upsell / cross-sell,Low
0869-PAPRP,0.2176,Low,9.55,Medium,0.3268,0,0.23724764066419785,0.1826004,0.3268,0.2388,Maintain,Mantenimiento - comunicacion periodica,Low
6173-GOLSU,0.1849,Low,1.57,Low,0.6528,1,0.19818420738263054,0.030019121,0.6528,0.2387,Investigate_Billing,Revision de facturacion / condiciones especiales,Low
0917-EZOLA,0.1937,Low,6.64,Medium,0.4793,0,0.20869669095687496,0.12695985,0.4793,0.2383,Maintain,Mantenimiento - comunicacion periodica,Low
0177-PXBAT,0.2815,Low,0.0,Low,0.4076,0,0.31358260661808623,0.0,0.4076,0.2383,Maintain,Mantenimiento - comunicacion periodica,Low
6646-QVXLR,0.3455,Medium,1.79,Low,0.1648,0,0.39003703261259104,0.03422562,0.1648,0.2382,Maintain,Mantenimiento - comunicacion periodica,Low
8039-EQPIM,0.0272,Low,23.14,High,0.503,0,0.009795723330545932,0.44244742,0.503,0.2382,Grow_Upsell,Campana de upsell / cross-sell,Low
1323-OOEPC,0.3619,Medium,0.21,Low,0.1605,0,0.40962847927368295,0.004015296,0.1605,0.2381,Maintain,Mantenimiento - comunicacion periodica,Low
6908-VVYHM,0.2688,Low,4.81,Low,0.3059,0,0.2984111814598017,0.09196941,0.3059,0.238,Maintain,Mantenimiento - comunicacion periodica,Low
1230-QAJDW,0.255,Low,0.0,Low,0.4833,0,0.28192569585473665,0.0,0.4833,0.2376,Maintain,Mantenimiento - comunicacion periodica,Low
4334-HOWRP,0.0352,Low,18.28,Medium,0.6136,1,0.01935252657985904,0.349522,0.6136,0.2373,Investigate_Billing,Revision de facturacion / condiciones especiales,Low
3946-JEWRQ,0.216,Low,10.01,Medium,0.3112,0,0.23533628001433524,0.1913958,0.3112,0.2373,Maintain,Mantenimiento - comunicacion periodica,Low
4840-ORQXB,0.3684,Medium,0.0,Low,0.1426,0,0.41739338191374986,0.0,0.1426,0.2372,Maintain,Mantenimiento - comunicacion periodica,Low
1334-PDUKM,0.0917,Low,19.51,Medium,0.4088,0,0.08684744952813285,0.37304017,0.4088,0.2371,Maintain,Mantenimiento - comunicacion periodica,Low
2157-MXBJS,0.3891,Medium,0.64,Low,0.0611,0,0.4421216103213475,0.012237093,0.0611,0.237,Maintain,Mantenimiento - comunicacion periodica,Low
0234-TEVTT,0.0602,Low,26.82,High,0.2922,0,0.049217536733962494,0.5128107,0.2922,0.2369,Grow_Upsell,Campana de upsell / cross-sell,Low
0691-IFBQW,0.2443,Low,0.07,Low,0.509,0,0.2691434715087803,0.0013384322,0.509,0.2368,Maintain,Mantenimiento - comunicacion periodica,Low
0769-MURVM,0.0268,Low,17.87,Medium,0.6477,1,0.00931788316808028,0.3416826,0.6477,0.2367,Investigate_Billing,Revision de facturacion / condiciones especiales,Low
7207-RMRDB,0.3025,Low,0.0,Low,0.3368,0,0.3386692151475331,0.0,0.3368,0.2367,Maintain,Mantenimiento - comunicacion periodica,Low
6504-VBLFL,0.0349,Low,24.59,High,0.4303,0,0.018994146458009797,0.4701721,0.4303,0.2366,Grow_Upsell,Campana de upsell / cross-sell,Low
0361-HJRDX,0.0227,Low,18.91,Medium,0.6288,1,0.004420021502807314,0.36156788,0.6288,0.2364,Investigate_Billing,Revision de facturacion / condiciones especiales,Low
1320-REHCS,0.2972,Low,0.0,Low,0.3507,0,0.33233783299486325,0.0,0.3507,0.2363,Maintain,Mantenimiento - comunicacion periodica,Low
6728-CZFEI,0.1554,Low,15.24,Medium,0.3366,0,0.16294349540078848,0.29139578,0.3366,0.2362,Maintain,Mantenimiento - comunicacion periodica,Low
4576-CSAJH,0.2416,Low,16.34,Medium,0.0469,0,0.2659180504121372,0.3124283,0.0469,0.2361,Maintain,Mantenimiento - comunicacion periodica,Low
8883-ANODQ,0.0559,Low,27.39,High,0.284,0,0.0440807549874567,0.52370936,0.284,0.236,Grow_Upsell,Campana de upsell / cross-sell,Low
5302-BDJNT,0.3605,Medium,0.38,Low,0.1481,0,0.40795603870505315,0.0072657745,0.1481,0.2358,Maintain,Mantenimiento - comunicacion periodica,Low
0380-NEAVX,0.3054,Low,5.56,Medium,0.1615,0,0.34213355632540915,0.10630975,0.1615,0.2353,Maintain,Mantenimiento - comunicacion periodica,Low
0970-QXPXW,0.3491,Medium,0.79,Low,0.168,0,0.394337594074782,0.015105163,0.168,0.2353,Maintain,Mantenimiento - comunicacion periodica,Low
8329-IBCTI,0.3491,Medium,0.79,Low,0.168,0,0.394337594074782,0.015105163,0.168,0.2353,Maintain,Mantenimiento - comunicacion periodica,Low
7721-DVEKZ,0.3491,Medium,0.79,Low,0.168,0,0.394337594074782,0.015105163,0.168,0.2353,Maintain,Mantenimiento - comunicacion periodica,Low
6682-VCIXC,0.0907,Low,21.24,High,0.3534,0,0.0856528491219687,0.40611854,0.3534,0.2353,Grow_Upsell,Campana de upsell / cross-sell,Low
3259-FDWOY,0.1932,Low,5.29,Medium,0.5042,0,0.20809939075379288,0.10114723,0.5042,0.2352,Maintain,Mantenimiento - comunicacion periodica,Low
7570-WELNY,0.0473,Low,26.97,High,0.3179,0,0.03380719149444511,0.51567876,0.3179,0.2352,Grow_Upsell,Campana de upsell / cross-sell,Low
4967-WPNCF,0.0259,Low,19.84,Medium,0.5857,0,0.008242742802532553,0.37934992,0.5857,0.2351,Maintain,Mantenimiento - comunicacion periodica,Low
2889-FPWRM,0.1403,Low,0.0,Low,0.8134,1,0.14490502926770996,0.0,0.8134,0.2351,Investigate_Billing,Revision de facturacion / condiciones especiales,Low
3807-XHCJH,0.357,Medium,0.45,Low,0.153,0,0.4037749372834787,0.008604206,0.153,0.2351,Maintain,Mantenimiento - comunicacion periodica,Low
0486-HECZI,0.3528,Medium,0.28,Low,0.1706,0,0.3987576155775893,0.005353729,0.1706,0.2351,Maintain,Mantenimiento - comunicacion periodica,Low
2432-TFSMK,0.2289,Low,16.45,Medium,0.077,0,0.2507466252538526,0.31453156,0.077,0.2351,Maintain,Mantenimiento - comunicacion periodica,Low
4957-TREIR,0.2422,Low,0.0,Low,0.5083,0,0.26663481065583566,0.0,0.5083,0.235,Maintain,Mantenimiento - comunicacion periodica,Low
3709-OIJEA,0.1934,Low,20.21,High,0.0742,0,0.2083383108350257,0.38642445,0.0742,0.2349,Grow_Upsell,Campana de upsell / cross-sell,Low
3190-XFANI,0.2532,Low,4.91,Low,0.3344,0,0.2797754151236411,0.09388145,0.3344,0.2349,Maintain,Mantenimiento - comunicacion periodica,Low
1832-PEUTS,0.0754,Low,21.82,High,0.3792,0,0.06737546290765738,0.4172084,0.3792,0.2347,Grow_Upsell,Campana de upsell / cross-sell,Low
3842-IYKUE,0.2641,Low,9.75,Medium,0.1613,0,0.2927965595508303,0.18642448,0.1613,0.2346,Maintain,Mantenimiento - comunicacion periodica,Low
9651-GTSAQ,0.2769,Low,0.22,Low,0.3966,0,0.3080874447497312,0.004206501,0.3966,0.2346,Maintain,Mantenimiento - comunicacion periodica,Low
4329-YPDDQ,0.2558,Low,0.0,Low,0.466,0,0.28288137617966796,0.0,0.466,0.2346,Maintain,Mantenimiento - comunicacion periodica,Low
6994-KERXL,0.3349,Medium,2.34,Low,0.1618,0,0.3773742683072512,0.044741873,0.1618,0.2345,Maintain,Mantenimiento - comunicacion periodica,Low
2904-GGUAZ,0.0418,Low,27.65,High,0.3107,0,0.02723688926054235,0.5286807,0.3107,0.2344,Grow_Upsell,Campana de upsell / cross-sell,Low
9470-XCCEM,0.3124,Low,5.99,Medium,0.1239,0,0.35049575916855813,0.11453155,0.1239,0.2344,Maintain,Mantenimiento - comunicacion periodica,Low
2710-WYVXG,0.0953,Low,12.63,Medium,0.5821,0,0.09114801099032373,0.2414914,0.5821,0.2344,Maintain,Mantenimiento - comunicacion periodica,Low
2027-OAQQC,0.2484,Low,8.69,Medium,0.2374,0,0.2740413331740533,0.16615678,0.2374,0.2343,Maintain,Mantenimiento - comunicacion periodica,Low
4377-VDHYI,0.1986,Low,14.32,Medium,0.2241,0,0.21455023294707923,0.27380496,0.2241,0.2342,Maintain,Mantenimiento - comunicacion periodica,Low
5651-CRHKQ,0.103,Low,19.38,Medium,0.3643,0,0.1003464341177876,0.37055448,0.3643,0.2342,Maintain,Mantenimiento - comunicacion periodica,Low
0842-IWYCP,0.0816,Low,13.6,Medium,0.5933,0,0.07478198542587505,0.26003826,0.5933,0.2341,Maintain,Mantenimiento - comunicacion periodica,Low
7233-IOQNP,0.0601,Low,24.25,High,0.351,0,0.04909807669334607,0.46367115,0.351,0.2339,Grow_Upsell,Campana de upsell / cross-sell,Low
8165-CBKXO,0.048,Low,26.69,High,0.3175,0,0.03464341177876001,0.5103251,0.3175,0.2339,Grow_Upsell,Campana de upsell / cross-sell,Low
0716-BQNDX,0.0904,Low,17.08,Medium,0.4661,0,0.08529446900011946,0.32657745,0.4661,0.2338,Maintain,Mantenimiento - comunicacion periodica,Low
1174-FGIFN,0.2317,Low,15.22,Medium,0.0967,0,0.25409150639111217,0.2910134,0.0967,0.2337,Maintain,Mantenimiento - comunicacion periodica,Low
0214-JHPFW,0.0292,Low,25.34,High,0.4103,0,0.01218492414287421,0.48451245,0.4103,0.2335,Grow_Upsell,Campana de upsell / cross-sell,Low
1094-BKOSX,0.0964,Low,21.13,High,0.3301,0,0.09246207143710429,0.40401527,0.3301,0.2335,Grow_Upsell,Campana de upsell / cross-sell,Low
9419-IPPBE,0.1732,Low,15.65,Medium,0.2577,0,0.18420738263051012,0.29923517,0.2577,0.2334,Maintain,Mantenimiento - comunicacion periodica,Low
3207-OYBWH,0.3696,Medium,0.84,Low,0.0958,0,0.4188269024011468,0.016061185,0.0958,0.2334,Maintain,Mantenimiento - comunicacion periodica,Low
8106-GWQOK,0.0337,Low,22.87,High,0.4668,0,0.017560625970612833,0.43728492,0.4668,0.2333,Grow_Upsell,Campana de upsell / cross-sell,Low
3647-GMGDH,0.2813,Low,0.57,Low,0.3663,0,0.3133436865368534,0.010898662,0.3663,0.2332,Maintain,Mantenimiento - comunicacion periodica,Low
8982-NHAVY,0.3125,Low,5.06,Medium,0.1444,0,0.35061521920917454,0.09674952,0.1444,0.2332,Maintain,Mantenimiento - comunicacion periodica,Low
9614-RMGHA,0.26,Low,4.13,Low,0.3261,0,0.28789869788555733,0.0789675,0.3261,0.2329,Maintain,Mantenimiento - comunicacion periodica,Low
4098-NAUKP,0.1941,Low,11.02,Medium,0.3249,0,0.2091745311193406,0.21070747,0.3249,0.2328,Maintain,Mantenimiento - comunicacion periodica,Low
7251-LJBQN,0.3385,Medium,1.83,Low,0.1569,0,0.38167482976944217,0.03499044,0.1569,0.2327,Maintain,Mantenimiento - comunicacion periodica,Low
9880-TDQAC,0.0401,Low,22.92,High,0.4432,0,0.02520606857006331,0.43824092,0.4432,0.2327,Grow_Upsell,Campana de upsell / cross-sell,Low
3143-ILDAL,0.3036,Low,1.26,Low,0.2773,0,0.3399832755943137,0.024091778,0.2773,0.2327,Maintain,Mantenimiento - comunicacion periodica,Low
1891-FZYSA,0.2432,Low,5.3,Medium,0.3417,0,0.2678294110619998,0.10133844,0.3417,0.2327,Maintain,Mantenimiento - comunicacion periodica,Low
5630-AHZIL,0.2032,Low,0.0,Low,0.6131,1,0.22004539481543425,0.0,0.6131,0.2326,Investigate_Billing,Revision de facturacion / condiciones especiales,Low
6284-KMNUF,0.1989,Low,7.28,Medium,0.4159,0,0.21490861306892847,0.13919695,0.4159,0.2324,Maintain,Mantenimiento - comunicacion periodica,Low
0114-IGABW,0.0292,Low,24.99,High,0.4143,0,0.01218492414287421,0.47782028,0.4143,0.2323,Grow_Upsell,Campana de upsell / cross-sell,Low
5816-QVHRX,0.2912,Low,0.0,Low,0.3484,0,0.3251702305578784,0.0,0.3484,0.2323,Maintain,Mantenimiento - comunicacion periodica,Low
1215-VFYVK,0.1714,Low,10.01,Medium,0.4181,0,0.18205710189941465,0.1913958,0.4181,0.2321,Maintain,Mantenimiento - comunicacion periodica,Low
9360-AHGNL,0.2522,Low,0.08,Low,0.4612,0,0.27858081471747703,0.0015296367,0.4612,0.232,Maintain,Mantenimiento - comunicacion periodica,Low
9408-HRXRK,0.3594,Medium,0.0,Low,0.1436,0,0.4066419782582726,0.0,0.1436,0.232,Maintain,Mantenimiento - comunicacion periodica,Low
5317-FLPJF,0.0266,Low,21.71,High,0.5146,0,0.009078963086847448,0.41510516,0.5146,0.232,Grow_Upsell,Campana de upsell / cross-sell,Low
1125-SNVCK,0.0986,Low,14.02,Medium,0.5196,0,0.09509019233066539,0.26806885,0.5196,0.2319,Maintain,Mantenimiento - comunicacion periodica,Low
5297-MDOIR,0.0697,Low,24.62,High,0.3013,0,0.060566240592521796,0.4707457,0.3013,0.2318,Grow_Upsell,Campana de upsell / cross-sell,Low
8582-KRHPJ,0.0657,Low,24.19,High,0.3251,0,0.05578783896786524,0.4625239,0.3251,0.2317,Grow_Upsell,Campana de upsell / cross-sell,Low
5461-QKNTN,0.3334,Medium,1.42,Low,0.1782,0,0.37558236769800496,0.027151052,0.1782,0.2316,Maintain,Mantenimiento - comunicacion periodica,Low
7895-VONWT,0.2001,Low,10.01,Medium,0.3292,0,0.21634213355632542,0.1913958,0.3292,0.2314,Maintain,Mantenimiento - comunicacion periodica,Low
8417-GSODA,0.2559,Low,12.23,Medium,0.097,0,0.2830008362202844,0.2338432,0.097,0.2311,Maintain,Mantenimiento - comunicacion periodica,Low
5394-SVGJV,0.2782,Low,0.0,Low,0.381,0,0.3096404252777446,0.0,0.381,0.231,Maintain,Mantenimiento - comunicacion periodica,Low
3181-VTHOE,0.0577,Low,21.08,High,0.4333,0,0.046231035718552145,0.40305927,0.4333,0.2307,Grow_Upsell,Campana de upsell / cross-sell,Low
9391-YZEJW,0.1698,Low,11.3,Medium,0.3788,0,0.18014574124955204,0.21606119,0.3788,0.2307,Maintain,Mantenimiento - comunicacion periodica,Low
8450-UYIBU,0.1507,Low,18.44,Medium,0.2307,0,0.157328873491817,0.35258126,0.2307,0.2306,Maintain,Mantenimiento - comunicacion periodica,Low
9530-EHPOH,0.3265,Medium,4.8,Low,0.0959,0,0.3673396248954725,0.09177821,0.0959,0.2304,Maintain,Mantenimiento - comunicacion periodica,Low
1205-WNWPJ,0.3815,Medium,0.24,Low,0.0625,0,0.4330426472345001,0.00458891,0.0625,0.2304,Maintain,Mantenimiento - comunicacion periodica,Low
0156-FVPTA,0.3249,Medium,4.94,Low,0.0961,0,0.36542826424560987,0.09445507,0.0961,0.2303,Maintain,Mantenimiento - comunicacion periodica,Low
8679-LZBMD,0.1937,Low,15.64,Medium,0.1814,0,0.20869669095687496,0.29904398,0.1814,0.2303,Maintain,Mantenimiento - comunicacion periodica,Low
1725-MIMXW,0.3327,Medium,0.97,Low,0.1863,0,0.3747461474136901,0.018546846,0.1863,0.2302,Maintain,Mantenimiento - comunicacion periodica,Low
4132-POCZS,0.1135,Low,18.26,Medium,0.344,0,0.11288973838251105,0.3491396,0.344,0.23,Maintain,Mantenimiento - comunicacion periodica,Low
0324-BRPCJ,0.3181,Low,0.24,Low,0.2499,0,0.3573049814836937,0.00458891,0.2499,0.23,Maintain,Mantenimiento - comunicacion periodica,Low
6704-UTUKK,0.2448,Low,12.82,Medium,0.1068,0,0.2697407717118624,0.24512428,0.1068,0.2298,Maintain,Mantenimiento - comunicacion periodica,Low
3567-PQTSO,0.3528,Medium,0.44,Low,0.1369,0,0.3987576155775893,0.008413002,0.1369,0.2293,Maintain,Mantenimiento - comunicacion periodica,Low
4139-DETXS,0.0255,Low,18.75,Medium,0.5884,0,0.007764902640066897,0.35850862,0.5884,0.2291,Maintain,Mantenimiento - comunicacion periodica,Low
8199-ZLLSA,0.2069,Low,0.0,Low,0.5842,0,0.22446541631824157,0.0,0.5842,0.2291,Maintain,Mantenimiento - comunicacion periodica,Low
5996-DAOQL,0.3456,Medium,0.1,Low,0.1669,0,0.3901564926532075,0.001912046,0.1669,0.229,Maintain,Mantenimiento - comunicacion periodica,Low
8262-COGGB,0.3456,Medium,0.1,Low,0.1669,0,0.3901564926532075,0.001912046,0.1669,0.229,Maintain,Mantenimiento - comunicacion periodica,Low
7820-ZYGNY,0.1358,Low,14.95,Medium,0.3663,0,0.13952932743997135,0.28585085,0.3663,0.2288,Maintain,Mantenimiento - comunicacion periodica,Low
9978-HYCIN,0.152,Low,20.09,High,0.1702,0,0.15888185401983038,0.38413003,0.1702,0.2287,Grow_Upsell,Campana de upsell / cross-sell,Low
5172-MIGPM,0.3207,Medium,0.0,Low,0.241,0,0.36041094253972045,0.0,0.241,0.2284,Maintain,Mantenimiento - comunicacion periodica,Low
6402-EJMWF,0.3198,Low,2.86,Low,0.1617,0,0.3593358021741727,0.054684512,0.1617,0.2284,Maintain,Mantenimiento - comunicacion periodica,Low
2386-OWURY,0.2198,Low,1.4,Low,0.5015,0,0.23987576155775894,0.026768642,0.5015,0.2283,Maintain,Mantenimiento - comunicacion periodica,Low
7771-ZONAT,0.055,Low,26.11,High,0.2829,0,0.04300561462190898,0.4992352,0.2829,0.2279,Grow_Upsell,Campana de upsell / cross-sell,Low
6711-VTNRE,0.2795,Low,7.49,Medium,0.1467,0,0.311193405805758,0.14321223,0.1467,0.2279,Maintain,Mantenimiento - comunicacion periodica,Low
2758-RNWXS,0.1733,Low,15.64,Medium,0.2284,0,0.18432684267112653,0.29904398,0.2284,0.2276,Maintain,Mantenimiento - comunicacion periodica,Low
6599-SFQVE,0.3266,Medium,3.32,Low,0.122,0,0.36745908493608886,0.06347992,0.122,0.2272,Maintain,Mantenimiento - comunicacion periodica,Low
6583-SZVGP,0.2463,Low,5.19,Medium,0.3083,0,0.2715326723211086,0.099235184,0.3083,0.2272,Maintain,Mantenimiento - comunicacion periodica,Low
6229-UOLQL,0.085,Low,20.81,High,0.3408,0,0.07884362680683313,0.39789674,0.3408,0.227,Grow_Upsell,Campana de upsell / cross-sell,Low
7074-STDCN,0.1014,Low,18.4,Medium,0.361,0,0.09843507346792499,0.35181645,0.361,0.227,Maintain,Mantenimiento - comunicacion periodica,Low
6614-YOLAC,0.0247,Low,24.7,High,0.4093,0,0.006809222315135588,0.47227535,0.4093,0.2269,Grow_Upsell,Campana de upsell / cross-sell,Low
4189-NAKJS,0.0755,Low,18.9,Medium,0.4236,0,0.0674949229482738,0.36137667,0.4236,0.2269,Maintain,Mantenimiento - comunicacion periodica,Low
3090-LETTY,0.2338,Low,0.0,Low,0.4923,0,0.2566001672440569,0.0,0.4923,0.2268,Maintain,Mantenimiento - comunicacion periodica,Low
3511-APPBJ,0.293,Low,5.36,Medium,0.1621,0,0.3273205112889738,0.102485664,0.1621,0.2268,Maintain,Mantenimiento - comunicacion periodica,Low
5566-SOEZD,0.1353,Low,25.28,High,0.0609,0,0.13893202723688927,0.4833652,0.0609,0.2267,Grow_Upsell,Campana de upsell / cross-sell,Low
8169-SAEJD,0.0292,Low,26.99,High,0.3285,0,0.01218492414287421,0.5160612,0.3285,0.2266,Grow_Upsell,Campana de upsell / cross-sell,Low
8644-XYTSV,0.1119,Low,18.7,Medium,0.3194,0,0.11097837773264843,0.3575526,0.3194,0.2266,Maintain,Mantenimiento - comunicacion periodica,Low
2794-XIMMO,0.1669,Low,11.89,Medium,0.3494,0,0.17668140007167604,0.22734226,0.3494,0.2264,Maintain,Mantenimiento - comunicacion periodica,Low
4680-KUTAJ,0.3215,Medium,3.4,Low,0.1311,0,0.36136662286465177,0.065009564,0.1311,0.2264,Maintain,Mantenimiento - comunicacion periodica,Low
5628-RKIFK,0.3199,Low,0.0,Low,0.233,0,0.3594552622147892,0.0,0.233,0.2263,Maintain,Mantenimiento - comunicacion periodica,Low
4835-YSJMR,0.0484,Low,30.44,High,0.1706,0,0.03512125194122566,0.5820268,0.1706,0.2263,Grow_Upsell,Campana de upsell / cross-sell,Low
6339-TBELP,0.0439,Low,25.23,High,0.3329,0,0.029745550113487042,0.48240918,0.3329,0.2262,Grow_Upsell,Campana de upsell / cross-sell,Low
9518-RWHZL,0.2273,Low,5.92,Medium,0.3392,0,0.24883526460399,0.11319312,0.3392,0.2262,Maintain,Mantenimiento - comunicacion periodica,Low
4320-QMLLA,0.3359,Medium,3.21,Low,0.0925,0,0.37856886871341533,0.061376676,0.0925,0.2262,Maintain,Mantenimiento - comunicacion periodica,Low
3351-NGXYI,0.3225,Medium,4.47,Low,0.0958,0,0.3625612232708159,0.08546845,0.0958,0.2261,Maintain,Mantenimiento - comunicacion periodica,Low
2636-SJDOU,0.0766,Low,21.43,High,0.3433,0,0.06880898339505435,0.40975145,0.3433,0.226,Grow_Upsell,Campana de upsell / cross-sell,Low
1051-GEJLJ,0.1834,Low,0.89,Low,0.6135,1,0.19639230677338435,0.017017208,0.6135,0.226,Investigate_Billing,Revision de facturacion / condiciones especiales,Low
5060-TQUQN,0.2356,Low,11.4,Medium,0.1564,0,0.25875044797515234,0.21797323,0.1564,0.226,Maintain,Mantenimiento - comunicacion periodica,Low
8735-IJJEG,0.2703,Low,8.21,Medium,0.143,0,0.3002030820690479,0.15697896,0.143,0.2258,Maintain,Mantenimiento - comunicacion periodica,Low
6598-RFFVI,0.1773,Low,1.3,Low,0.6188,1,0.1891052442957831,0.024856595,0.6188,0.2258,Investigate_Billing,Revision de facturacion / condiciones especiales,Low
9995-HOTOH,0.0432,Low,24.32,High,0.3586,0,0.028909329829172145,0.46500957,0.3586,0.2257,Grow_Upsell,Campana de upsell / cross-sell,Low
3606-SBKRY,0.1388,Low,20.72,High,0.1758,0,0.14311312865846376,0.3961759,0.1758,0.2256,Grow_Upsell,Campana de upsell / cross-sell,Low
0979-PHULV,0.2692,Low,0.37,Low,0.3699,0,0.2988890216222673,0.00707457,0.3699,0.2255,Maintain,Mantenimiento - comunicacion periodica,Low
5311-IHLEI,0.2214,Low,8.1,Medium,0.2898,0,0.24178712220762158,0.15487573,0.2898,0.2253,Maintain,Mantenimiento - comunicacion periodica,Low
0089-IIQKO,0.3016,Low,0.0,Low,0.2824,0,0.3375940747819854,0.0,0.2824,0.2253,Maintain,Mantenimiento - comunicacion periodica,Low
4355-CVPVS,0.1517,Low,17.71,Medium,0.222,0,0.15852347389798116,0.33862332,0.222,0.2252,Maintain,Mantenimiento - comunicacion periodica,Low
5780-INQIK,0.272,Low,9.28,Medium,0.1041,0,0.30223390275952694,0.17743786,0.1041,0.2252,Maintain,Mantenimiento - comunicacion periodica,Low
2974-GGUXS,0.3118,Low,3.95,Low,0.1383,0,0.34977899892485964,0.07552581,0.1383,0.2252,Maintain,Mantenimiento - comunicacion periodica,Low
0311-UNPFF,0.3,Low,6.93,Medium,0.0877,0,0.3356827141321228,0.13250478,0.0877,0.2251,Maintain,Mantenimiento - comunicacion periodica,Low
5906-BFOZT,0.3285,Medium,0.9,Low,0.1748,0,0.36972882570780075,0.017208412,0.1748,0.225,Maintain,Mantenimiento - comunicacion periodica,Low
0301-FIDRB,0.0223,Low,19.73,Medium,0.549,0,0.003942181340341657,0.37724665,0.549,0.2249,Maintain,Mantenimiento - comunicacion periodica,Low
0512-FLFDW,0.2855,Low,5.22,Medium,0.1784,0,0.31836100824274277,0.09980879,0.1784,0.2248,Maintain,Mantenimiento - comunicacion periodica,Low
1963-VAUKV,0.3388,Medium,0.11,Low,0.1653,0,0.38203320989129136,0.0021032505,0.1653,0.2247,Maintain,Mantenimiento - comunicacion periodica,Low
3727-JEZTU,0.3388,Medium,0.11,Low,0.1653,0,0.38203320989129136,0.0021032505,0.1653,0.2247,Maintain,Mantenimiento - comunicacion periodica,Low
6416-JNVRK,0.1042,Low,16.09,Medium,0.4075,0,0.10177995460518457,0.30764818,0.4075,0.2247,Maintain,Mantenimiento - comunicacion periodica,Low
7596-ZYWBB,0.0261,Low,23.92,High,0.4158,0,0.008481662883765383,0.45736137,0.4158,0.2246,Grow_Upsell,Campana de upsell / cross-sell,Low
9210-IAHGH,0.3043,Low,0.0,Low,0.2704,0,0.34081949587862864,0.0,0.2704,0.2245,Maintain,Mantenimiento - comunicacion periodica,Low
3474-BAFSJ,0.0326,Low,25.41,High,0.3527,0,0.016246565523832277,0.48585087,0.3527,0.2244,Grow_Upsell,Campana de upsell / cross-sell,Low
8571-ZCMCX,0.0367,Low,23.0,High,0.4097,0,0.02114442718910525,0.43977055,0.4097,0.2244,Grow_Upsell,Campana de upsell / cross-sell,Low
0310-MVLET,0.3333,Medium,0.31,Low,0.1738,0,0.3754629076573886,0.0059273425,0.1738,0.2243,Maintain,Mantenimiento - comunicacion periodica,Low
5862-BRIXZ,0.0317,Low,22.7,High,0.4327,0,0.015171425158284554,0.43403444,0.4327,0.2243,Grow_Upsell,Campana de upsell / cross-sell,Low
5285-MVEHD,0.261,Low,0.03,Low,0.3981,0,0.2890932982917215,0.00057361374,0.3981,0.2243,Maintain,Mantenimiento - comunicacion periodica,Low
0254-WWRKD,0.0516,Low,21.97,High,0.3936,0,0.03894397324095091,0.4200765,0.3936,0.2242,Grow_Upsell,Campana de upsell / cross-sell,Low
3192-LNKRK,0.2445,Low,10.97,Medium,0.1328,0,0.26938239159001315,0.20975144,0.1328,0.2242,Maintain,Mantenimiento - comunicacion periodica,Low
8468-EHYJA,0.277,Low,0.0,Low,0.3507,0,0.3082069047903477,0.0,0.3507,0.2242,Maintain,Mantenimiento - comunicacion periodica,Low
5762-TJXGK,0.0408,Low,24.36,High,0.356,0,0.026042288854378214,0.4657744,0.356,0.224,Grow_Upsell,Campana de upsell / cross-sell,Low
8761-NSOBC,0.3419,Medium,0.45,Low,0.1428,0,0.38573647115040016,0.008604206,0.1428,0.224,Maintain,Mantenimiento - comunicacion periodica,Low
9097-ZUBYC,0.2727,Low,9.65,Medium,0.0849,0,0.30307012304384184,0.18451242,0.0849,0.2239,Maintain,Mantenimiento - comunicacion periodica,Low
0014-BMAQU,0.0391,Low,26.82,High,0.2887,0,0.02401146816389918,0.5128107,0.2887,0.2236,Grow_Upsell,Campana de upsell / cross-sell,Low
2731-GJRDG,0.2316,Low,0.31,Low,0.4728,0,0.2539720463504958,0.0059273425,0.4728,0.2233,Maintain,Mantenimiento - comunicacion periodica,Low
2592-YKDIF,0.3361,Medium,0.14,Low,0.164,0,0.3788077887946482,0.0026768644,0.164,0.223,Maintain,Mantenimiento - comunicacion periodica,Low
2000-MPKCA,0.2971,Low,0.0,Low,0.2844,0,0.3322183729542468,0.0,0.2844,0.223,Maintain,Mantenimiento - comunicacion periodica,Low
1481-ZUWZA,0.3689,Medium,0.92,Low,0.043,0,0.41799068211683194,0.017590823,0.043,0.2229,Maintain,Mantenimiento - comunicacion periodica,Low
1099-BTKWT,0.1042,Low,17.85,Medium,0.3477,0,0.10177995460518457,0.3413002,0.3477,0.2228,Maintain,Mantenimiento - comunicacion periodica,Low
8920-NAVAY,0.2023,Low,0.09,Low,0.5635,0,0.21897025444988655,0.0017208414,0.5635,0.2227,Maintain,Mantenimiento - comunicacion periodica,Low
0117-LFRMW,0.1092,Low,19.11,Medium,0.296,0,0.10775295663600526,0.365392,0.296,0.2227,Maintain,Mantenimiento - comunicacion periodica,Low
7661-CPURM,0.1587,Low,19.31,Medium,0.1418,0,0.1668856767411301,0.36921605,0.1418,0.2226,Maintain,Mantenimiento - comunicacion periodica,Low
9830-ECLEN,0.0675,Low,21.64,High,0.3474,0,0.057938119698960705,0.4137667,0.3474,0.2226,Grow_Upsell,Campana de upsell / cross-sell,Low
2511-MORQY,0.0533,Low,16.99,Medium,0.5233,0,0.040974793931429936,0.3248566,0.5233,0.2226,Maintain,Mantenimiento - comunicacion periodica,Low
0201-MIBOL,0.1057,Low,9.33,Medium,0.5859,0,0.10357185521443078,0.17839389,0.5859,0.2225,Maintain,Mantenimiento - comunicacion periodica,Low
5701-ZIKJE,0.2517,Low,8.08,Medium,0.1848,0,0.27798351451439496,0.1544933,0.1848,0.2223,Maintain,Mantenimiento - comunicacion periodica,Low
1818-ESQMW,0.3109,Low,6.18,Medium,0.062,0,0.3487038585593119,0.118164435,0.062,0.2222,Maintain,Mantenimiento - comunicacion periodica,Low
2038-LLMLM,0.3453,Medium,0.16,Low,0.1315,0,0.38979811253135827,0.0030592734,0.1315,0.2221,Maintain,Mantenimiento - comunicacion periodica,Low
1452-KIOVK,0.3118,Low,6.21,Medium,0.0577,0,0.34977899892485964,0.118738055,0.0577,0.2221,Maintain,Mantenimiento - comunicacion periodica,Low
8631-WUXGY,0.2513,Low,0.74,Low,0.3951,0,0.27750567435192935,0.01414914,0.3951,0.222,Maintain,Mantenimiento - comunicacion periodica,Low
9644-KVCNC,0.1421,Low,14.55,Medium,0.3242,0,0.14705530999880542,0.27820268,0.3242,0.2218,Maintain,Mantenimiento - comunicacion periodica,Low
6693-FRIRW,0.314,Low,0.15,Low,0.2233,0,0.3524071198184207,0.002868069,0.2233,0.2217,Maintain,Mantenimiento - comunicacion periodica,Low
2700-LUEVA,0.3272,Medium,0.07,Low,0.1851,0,0.36817584517978735,0.0013384322,0.1851,0.2215,Maintain,Mantenimiento - comunicacion periodica,Low
7277-OZCGZ,0.284,Low,6.4,Medium,0.1323,0,0.31656910763349655,0.12237094,0.1323,0.2215,Maintain,Mantenimiento - comunicacion periodica,Low
3167-SNQPL,0.3052,Low,0.0,Low,0.2522,0,0.3418946362441764,0.0,0.2522,0.2214,Maintain,Mantenimiento - comunicacion periodica,Low
3470-BTGQO,0.1428,Low,12.7,Medium,0.373,0,0.14789153028312033,0.24282983,0.373,0.2214,Maintain,Mantenimiento - comunicacion periodica,Low
1456-TWCGB,0.2492,Low,9.33,Medium,0.1514,0,0.27499701349898464,0.17839389,0.1514,0.2213,Maintain,Mantenimiento - comunicacion periodica,Low
6921-OZMFH,0.3034,Low,3.46,Low,0.1571,0,0.33974435551308085,0.06615679,0.1571,0.2211,Maintain,Mantenimiento - comunicacion periodica,Low
9134-WYRVP,0.0904,Low,19.43,Medium,0.3349,0,0.08529446900011946,0.37151054,0.3349,0.2211,Maintain,Mantenimiento - comunicacion periodica,Low
6738-ISCBM,0.111,Low,18.0,Medium,0.3147,0,0.10990323736710071,0.34416828,0.3147,0.2211,Maintain,Mantenimiento - comunicacion periodica,Low
9129-UXERG,0.3003,Low,0.0,Low,0.2649,0,0.33604109425397205,0.0,0.2649,0.221,Maintain,Mantenimiento - comunicacion periodica,Low
7025-IWFHT,0.2082,Low,15.79,Medium,0.0872,0,0.22601839684625494,0.30191204,0.0872,0.221,Maintain,Mantenimiento - comunicacion periodica,Low
3128-YOVTD,0.1737,Low,16.01,Medium,0.184,0,0.18480468283359217,0.30611855,0.184,0.221,Maintain,Mantenimiento - comunicacion periodica,Low
7318-EIVKO,0.3163,Low,0.23,Low,0.2098,0,0.3551547007525983,0.0043977057,0.2098,0.2209,Maintain,Mantenimiento - comunicacion periodica,Low
1724-IQWNM,0.3065,Low,1.16,Low,0.2123,0,0.3434476167721897,0.022179732,0.2123,0.2208,Maintain,Mantenimiento - comunicacion periodica,Low
1599-MMYRQ,0.074,Low,24.48,High,0.2377,0,0.0657030223390276,0.46806884,0.2377,0.2208,Grow_Upsell,Campana de upsell / cross-sell,Low
3932-IJWDZ,0.3201,Medium,0.0,Low,0.204,0,0.35969418229602196,0.0,0.204,0.2206,Maintain,Mantenimiento - comunicacion periodica,Low
4713-ZBURT,0.1752,Low,11.27,Medium,0.3132,0,0.1865965834428384,0.21548758,0.3132,0.2206,Maintain,Mantenimiento - comunicacion periodica,Low
0118-JPNOY,0.2706,Low,9.57,Medium,0.0763,0,0.30056146219089713,0.18298279,0.0763,0.2204,Maintain,Mantenimiento - comunicacion periodica,Low
7113-HIPFI,0.0229,Low,17.59,Medium,0.5861,0,0.00465894158404014,0.3363289,0.5861,0.2204,Maintain,Mantenimiento - comunicacion periodica,Low
6497-TILVL,0.2826,Low,8.14,Medium,0.0807,0,0.3148966670648668,0.15564054,0.0807,0.2203,Maintain,Mantenimiento - comunicacion periodica,Low
5515-RUGKN,0.3274,Medium,3.5,Low,0.08,0,0.36841476526102024,0.06692161,0.08,0.2203,Maintain,Mantenimiento - comunicacion periodica,Low
5811-IWXYM,0.2821,Low,4.72,Low,0.1805,0,0.3142993668617847,0.09024856,0.1805,0.2203,Maintain,Mantenimiento - comunicacion periodica,Low
7338-ERIVA,0.0507,Low,27.38,High,0.22,0,0.037868832875403186,0.52351815,0.22,0.22,Grow_Upsell,Campana de upsell / cross-sell,Low
1142-IHLOO,0.1463,Low,18.12,Medium,0.2002,0,0.15207263170469482,0.34646273,0.2002,0.22,Maintain,Mantenimiento - comunicacion periodica,Low
7587-AOVVU,0.3062,Low,0.1,Low,0.2382,0,0.34308923665034047,0.001912046,0.2382,0.2198,Maintain,Mantenimiento - comunicacion periodica,Low
1534-OULXE,0.0442,Low,22.51,High,0.3774,0,0.030103930235336286,0.43040153,0.3774,0.2197,Grow_Upsell,Campana de upsell / cross-sell,Low
5294-CDGWY,0.1455,Low,12.72,Medium,0.3557,0,0.15111695137976347,0.24321225,0.3557,0.2197,Maintain,Mantenimiento - comunicacion periodica,Low
2796-UUZZO,0.1054,Low,15.18,Medium,0.4049,0,0.10321347509258152,0.29024857,0.4049,0.2197,Maintain,Mantenimiento - comunicacion periodica,Low
0422-UXFAP,0.2549,Low,6.81,Medium,0.1982,0,0.28180623581412023,0.13021033,0.1982,0.2196,Maintain,Mantenimiento - comunicacion periodica,Low
4023-RTIQM,0.0864,Low,21.77,High,0.2723,0,0.08051606737546291,0.4162524,0.2723,0.2196,Grow_Upsell,Campana de upsell / cross-sell,Low
8756-RDDLT,0.1279,Low,14.77,Medium,0.3491,0,0.13009198423127466,0.2824092,0.3491,0.2196,Maintain,Mantenimiento - comunicacion periodica,Low
3301-VKTGC,0.0597,Low,20.01,High,0.4018,0,0.04862023653088042,0.3826004,0.4018,0.2195,Grow_Upsell,Campana de upsell / cross-sell,Low
5198-HQAEN,0.2153,Low,15.73,Medium,0.0598,0,0.23450005973002033,0.3007648,0.0598,0.2194,Maintain,Mantenimiento - comunicacion periodica,Low
3400-ESFUW,0.0251,Low,25.17,High,0.3568,0,0.0072870624776012445,0.48126197,0.3568,0.2194,Grow_Upsell,Campana de upsell / cross-sell,Low
3870-MQAMG,0.2988,Low,0.0,Low,0.2616,0,0.33424919364472583,0.0,0.2616,0.2194,Maintain,Mantenimiento - comunicacion periodica,Low
9474-PHLYD,0.3728,Medium,0.6,Low,0.0225,0,0.4226496237008721,0.011472276,0.0225,0.2193,Maintain,Mantenimiento - comunicacion periodica,Low
1685-BQULA,0.3387,Medium,2.32,Low,0.0741,0,0.38191374985067494,0.044359464,0.0741,0.2191,Maintain,Mantenimiento - comunicacion periodica,Low
0479-HMSWA,0.235,Low,5.74,Medium,0.2857,0,0.25803368773145385,0.10975143,0.2857,0.2191,Maintain,Mantenimiento - comunicacion periodica,Low
1304-SEGFY,0.1077,Low,13.3,Medium,0.4485,0,0.10596105602675905,0.2543021,0.4485,0.219,Maintain,Mantenimiento - comunicacion periodica,Low
4080-OGPJL,0.3554,Medium,0.0,Low,0.0904,0,0.40186357663361605,0.0,0.0904,0.219,Maintain,Mantenimiento - comunicacion periodica,Low
4702-HDRKD,0.0428,Low,22.32,High,0.384,0,0.028431489666706486,0.42676863,0.384,0.219,Grow_Upsell,Campana de upsell / cross-sell,Low
4667-OHGKG,0.3033,Low,1.15,Low,0.2123,0,0.3396248954724645,0.021988528,0.2123,0.2189,Maintain,Mantenimiento - comunicacion periodica,Low
3512-IZIKN,0.057,Low,17.76,Medium,0.4715,0,0.045394815434237255,0.33957937,0.4715,0.2189,Maintain,Mantenimiento - comunicacion periodica,Low
6233-HXJMX,0.1898,Low,5.97,Medium,0.4132,0,0.2040377493728348,0.11414914,0.4132,0.2189,Maintain,Mantenimiento - comunicacion periodica,Low
6035-RIIOM,0.1824,Low,13.26,Medium,0.2258,0,0.1951977063672202,0.2535373,0.2258,0.2188,Maintain,Mantenimiento - comunicacion periodica,Low
2960-NKRSO,0.2636,Low,9.92,Medium,0.0785,0,0.2921992593477482,0.18967496,0.0785,0.2187,Maintain,Mantenimiento - comunicacion periodica,Low
6166-YIPFO,0.0286,Low,18.55,Medium,0.533,0,0.011468163899175727,0.3546845,0.533,0.2187,Maintain,Mantenimiento - comunicacion periodica,Low
1335-MXCSE,0.0374,Low,27.33,High,0.2544,0,0.021980647473420146,0.52256215,0.2544,0.2186,Grow_Upsell,Campana de upsell / cross-sell,Low
9793-WECQC,0.3644,Medium,0.24,Low,0.0544,0,0.4126149802890933,0.00458891,0.0544,0.2186,Maintain,Mantenimiento - comunicacion periodica,Low
5213-TWWJU,0.2942,Low,4.61,Low,0.1377,0,0.3287540317763708,0.088145316,0.1377,0.2184,Maintain,Mantenimiento - comunicacion periodica,Low
0423-UDIJQ,0.2738,Low,9.32,Medium,0.0637,0,0.30438418349062235,0.17820267,0.0637,0.2184,Maintain,Mantenimiento - comunicacion periodica,Low
5149-CUZUJ,0.1328,Low,12.09,Medium,0.4047,0,0.13594552622147893,0.23116635,0.4047,0.2183,Maintain,Mantenimiento - comunicacion periodica,Low
2405-LBMUW,0.0633,Low,21.28,High,0.349,0,0.05292079799307131,0.4068834,0.349,0.2183,Grow_Upsell,Campana de upsell / cross-sell,Low
1095-WGNGG,0.1427,Low,10.35,Medium,0.4248,0,0.14777207024250388,0.19789676,0.4248,0.2182,Maintain,Mantenimiento - comunicacion periodica,Low
9103-CXVOK,0.3208,Medium,0.74,Low,0.1681,0,0.36053040258033686,0.01414914,0.1681,0.2181,Maintain,Mantenimiento - comunicacion periodica,Low
1716-LSAMB,0.0301,Low,28.03,High,0.253,0,0.013260064508421932,0.5359465,0.253,0.218,Grow_Upsell,Campana de upsell / cross-sell,Low
2839-RFSQE,0.2975,Low,0.07,Low,0.2562,0,0.33269621311671244,0.0013384322,0.2562,0.218,Maintain,Mantenimiento - comunicacion periodica,Low
9896-UYMIE,0.187,Low,0.0,Low,0.5882,0,0.20069286823557522,0.0,0.5882,0.218,Maintain,Mantenimiento - comunicacion periodica,Low
7109-MFBYV,0.123,Low,12.95,Medium,0.4078,0,0.12423844224107036,0.24760994,0.4078,0.218,Maintain,Mantenimiento - comunicacion periodica,Low
2868-LLSKM,0.0709,Low,21.89,High,0.3065,0,0.06199976107991877,0.41854683,0.3065,0.2179,Grow_Upsell,Campana de upsell / cross-sell,Low
8626-PTQGE,0.0257,Low,23.21,High,0.4026,0,0.008003822721299727,0.44378585,0.4026,0.2177,Grow_Upsell,Campana de upsell / cross-sell,Low
7776-QGYJC,0.1923,Low,14.22,Medium,0.1626,0,0.20702425038824515,0.27189294,0.1626,0.2176,Maintain,Mantenimiento - comunicacion periodica,Low
1156-ZFYDO,0.3199,Low,0.72,Low,0.1681,0,0.3594552622147892,0.013766731,0.1681,0.2175,Maintain,Mantenimiento - comunicacion periodica,Low
9842-EFSYY,0.2173,Low,1.32,Low,0.4576,0,0.2368892605423486,0.025239008,0.4576,0.2175,Maintain,Mantenimiento - comunicacion periodica,Low
2330-PQGDQ,0.104,Low,21.58,High,0.2148,0,0.10154103452395173,0.4126195,0.2148,0.2175,Grow_Upsell,Campana de upsell / cross-sell,Low
7041-TXQJH,0.1466,Low,18.34,Medium,0.1798,0,0.15243101182654406,0.35066923,0.1798,0.2174,Maintain,Mantenimiento - comunicacion periodica,Low
6559-RAKOZ,0.2329,Low,7.17,Medium,0.2427,0,0.25552502687850914,0.1370937,0.2427,0.2174,Maintain,Mantenimiento - comunicacion periodica,Low
9659-QEQSY,0.1985,Low,0.0,Low,0.5509,0,0.2144307729064628,0.0,0.5509,0.2174,Maintain,Mantenimiento - comunicacion periodica,Low
7801-CEDNV,0.0542,Low,22.84,High,0.3268,0,0.042049934296977655,0.43671128,0.3268,0.2174,Grow_Upsell,Campana de upsell / cross-sell,Low
4664-NJCMS,0.0325,Low,23.01,High,0.3868,0,0.016127105483215866,0.43996176,0.3868,0.2174,Grow_Upsell,Campana de upsell / cross-sell,Low
1459-QNFQT,0.0249,Low,23.75,High,0.3874,0,0.007048142396368414,0.4541109,0.3874,0.2172,Grow_Upsell,Campana de upsell / cross-sell,Low
9190-MFJLN,0.3492,Medium,0.23,Low,0.0926,0,0.3944570541153984,0.0043977057,0.0926,0.2171,Maintain,Mantenimiento - comunicacion periodica,Low
4256-ZWTZI,0.2131,Low,7.52,Medium,0.2897,0,0.23187193883645923,0.14378585,0.2897,0.217,Maintain,Mantenimiento - comunicacion periodica,Low
9769-TSBZE,0.0329,Low,16.96,Medium,0.5573,0,0.016604945645681518,0.32428297,0.5573,0.217,Maintain,Mantenimiento - comunicacion periodica,Low
0691-NIKRI,0.2881,Low,0.46,Low,0.2668,0,0.3214669692987696,0.008795411,0.2668,0.2167,Maintain,Mantenimiento - comunicacion periodica,Low
3911-RSNHI,0.0298,Low,21.77,High,0.4265,0,0.012901684386572692,0.4162524,0.4265,0.2166,Grow_Upsell,Campana de upsell / cross-sell,Low
9036-CSKBW,0.2023,Low,0.0,Low,0.5352,0,0.21897025444988655,0.0,0.5352,0.2165,Maintain,Mantenimiento - comunicacion periodica,Low
7402-PWYJJ,0.1644,Low,14.82,Medium,0.2234,0,0.1736948990562657,0.2833652,0.2234,0.2165,Maintain,Mantenimiento - comunicacion periodica,Low
6849-OYAMU,0.27,Low,5.31,Medium,0.1805,0,0.2998447019471987,0.101529635,0.1805,0.2165,Maintain,Mantenimiento - comunicacion periodica,Low
5469-CTCWN,0.3003,Low,0.25,Low,0.2345,0,0.33604109425397205,0.0047801146,0.2345,0.2164,Maintain,Mantenimiento - comunicacion periodica,Low
1622-HSHSF,0.3147,Low,0.89,Low,0.1726,0,0.3532433401027356,0.017017208,0.1726,0.2162,Maintain,Mantenimiento - comunicacion periodica,Low
9445-ZUEQE,0.1769,Low,9.92,Medium,0.3241,0,0.18862740413331744,0.18967496,0.3241,0.216,Maintain,Mantenimiento - comunicacion periodica,Low
9174-FKWZE,0.3088,Low,0.98,Low,0.1863,0,0.34619519770636725,0.01873805,0.1863,0.216,Maintain,Mantenimiento - comunicacion periodica,Low
4254-QPEDE,0.0256,Low,18.08,Medium,0.5412,0,0.007884362680683314,0.3456979,0.5412,0.2159,Maintain,Mantenimiento - comunicacion periodica,Low
0376-OIWME,0.3359,Medium,2.39,Low,0.0644,0,0.37856886871341533,0.045697898,0.0644,0.2159,Maintain,Mantenimiento - comunicacion periodica,Low
1013-QCWAM,0.2965,Low,0.1,Low,0.2481,0,0.3315016127105483,0.001912046,0.2481,0.2159,Maintain,Mantenimiento - comunicacion periodica,Low
7102-JJVTX,0.1311,Low,23.04,High,0.0832,0,0.13391470553099988,0.4405354,0.0832,0.2158,Grow_Upsell,Campana de upsell / cross-sell,Low
2748-MYRVK,0.2034,Low,5.92,Medium,0.3587,0,0.22028431489666708,0.11319312,0.3587,0.2158,Maintain,Mantenimiento - comunicacion periodica,Low
3308-MHOOC,0.2968,Low,1.18,Low,0.2148,0,0.3318599928323976,0.02256214,0.2148,0.2157,Maintain,Mantenimiento - comunicacion periodica,Low
8204-YJCLA,0.0264,Low,18.46,Medium,0.5272,0,0.008840043005614622,0.35296366,0.5272,0.2157,Maintain,Mantenimiento - comunicacion periodica,Low
8741-LQOBK,0.0668,Low,23.18,High,0.2711,0,0.0571018994146458,0.44321224,0.2711,0.2157,Grow_Upsell,Campana de upsell / cross-sell,Low
5944-UGLLK,0.071,Low,17.1,Medium,0.4321,0,0.062119221120535174,0.32695985,0.4321,0.2156,Maintain,Mantenimiento - comunicacion periodica,Low
2055-SIFSS,0.0928,Low,8.62,Medium,0.6103,1,0.08816150997491339,0.16481836,0.6103,0.2156,Investigate_Billing,Revision de facturacion / condiciones especiales,Low
9013-AQORL,0.1344,Low,12.85,Medium,0.3645,0,0.13785688687134154,0.2456979,0.3645,0.2155,Maintain,Mantenimiento - comunicacion periodica,Low
0666-UXTJO,0.2427,Low,10.08,Medium,0.12,0,0.26723211085891774,0.19273423,0.12,0.2154,Maintain,Mantenimiento - comunicacion periodica,Low
7228-PAQPD,0.2034,Low,12.67,Medium,0.1614,0,0.22028431489666708,0.24225622,0.1614,0.2151,Maintain,Mantenimiento - comunicacion periodica,Low
8945-MUQUF,0.2488,Low,10.41,Medium,0.0907,0,0.27451917333651893,0.19904397,0.0907,0.2151,Maintain,Mantenimiento - comunicacion periodica,Low
2320-SLKMB,0.1556,Low,15.35,Medium,0.2272,0,0.16318241548202128,0.29349905,0.2272,0.2151,Maintain,Mantenimiento - comunicacion periodica,Low
3657-COGMW,0.1884,Low,0.0,Low,0.5689,0,0.20236530880420503,0.0,0.5689,0.215,Maintain,Mantenimiento - comunicacion periodica,Low
5996-NRVXR,0.1386,Low,7.15,Medium,0.5128,0,0.14287420857723093,0.13671128,0.5128,0.215,Maintain,Mantenimiento - comunicacion periodica,Low
0877-SDMBN,0.3128,Low,1.75,Low,0.1454,0,0.3509735993310238,0.033460803,0.1454,0.2146,Maintain,Mantenimiento - comunicacion periodica,Low
6322-PJJDJ,0.1894,Low,15.9,Medium,0.1082,0,0.20355990921036918,0.30401528,0.1082,0.2146,Maintain,Mantenimiento - comunicacion periodica,Low
5981-ZVXOT,0.263,Low,0.06,Low,0.3424,0,0.2914824991040497,0.0011472275,0.3424,0.2146,Maintain,Mantenimiento - comunicacion periodica,Low
9708-KFDBY,0.3182,Low,0.07,Low,0.1767,0,0.3574244415243101,0.0013384322,0.1767,0.2145,Maintain,Mantenimiento - comunicacion periodica,Low
7551-DACSP,0.3175,Low,3.18,Low,0.0897,0,0.35658822123999523,0.060803063,0.0897,0.2145,Maintain,Mantenimiento - comunicacion periodica,Low
2811-POVEX,0.2557,Low,7.11,Medium,0.1613,0,0.2827619161390515,0.13594647,0.1613,0.2144,Maintain,Mantenimiento - comunicacion periodica,Low
4598-ZADCK,0.057,Low,18.22,Medium,0.4356,0,0.045394815434237255,0.34837475,0.4356,0.2143,Maintain,Mantenimiento - comunicacion periodica,Low
1834-ABKHQ,0.0624,Low,22.29,High,0.3028,0,0.05184565762752359,0.42619506,0.3028,0.2143,Grow_Upsell,Campana de upsell / cross-sell,Low
2040-VZIKE,0.3015,Low,0.0,Low,0.2278,0,0.337474614741369,0.0,0.2278,0.2143,Maintain,Mantenimiento - comunicacion periodica,Low
9128-CPXKI,0.1887,Low,15.56,Medium,0.117,0,0.20272368892605427,0.29751435,0.117,0.214,Maintain,Mantenimiento - comunicacion periodica,Low
9318-NKNFC,0.2805,Low,1.49,Low,0.2463,0,0.31238800621192214,0.028489484,0.2463,0.214,Maintain,Mantenimiento - comunicacion periodica,Low
0924-BJCRC,0.2188,Low,5.91,Medium,0.3034,0,0.23868116115159482,0.11300191,0.3034,0.2139,Maintain,Mantenimiento - comunicacion periodica,Low
3450-WXOAT,0.0861,Low,13.61,Medium,0.4788,0,0.08015768725361366,0.26022944,0.4788,0.2139,Maintain,Mantenimiento - comunicacion periodica,Low
5522-NYKPB,0.2484,Low,9.45,Medium,0.113,0,0.2740413331740533,0.18068834,0.113,0.2138,Maintain,Mantenimiento - comunicacion periodica,Low
0980-PVMRC,0.2552,Low,6.98,Medium,0.1632,0,0.2821646159359694,0.1334608,0.1632,0.2138,Maintain,Mantenimiento - comunicacion periodica,Low
2408-TZMJL,0.2939,Low,0.0,Low,0.2481,0,0.32839565165452156,0.0,0.2481,0.2138,Maintain,Mantenimiento - comunicacion periodica,Low
2430-RRYUW,0.0477,Low,17.01,Medium,0.4948,0,0.03428503165691076,0.325239,0.4948,0.2137,Maintain,Mantenimiento - comunicacion periodica,Low
0076-LVEPS,0.0936,Low,15.81,Medium,0.3921,0,0.0891171902998447,0.30229446,0.3921,0.2137,Maintain,Mantenimiento - comunicacion periodica,Low
2692-PFYTJ,0.2822,Low,0.0,Low,0.2818,0,0.31441882690240114,0.0,0.2818,0.2136,Maintain,Mantenimiento - comunicacion periodica,Low
2954-PIBKO,0.031,Low,19.5,Medium,0.4725,0,0.014335204873969658,0.37284896,0.4725,0.2135,Maintain,Mantenimiento - comunicacion periodica,Low
9139-WQQDY,0.2765,Low,5.16,Medium,0.1507,0,0.3076096045872656,0.098661564,0.1507,0.2135,Maintain,Mantenimiento - comunicacion periodica,Low
0206-TBWLC,0.1894,Low,0.0,Low,0.5577,0,0.20355990921036918,0.0,0.5577,0.2133,Maintain,Mantenimiento - comunicacion periodica,Low
8404-VIOMB,0.0239,Low,20.8,High,0.4551,0,0.005853541990204279,0.39770553,0.4551,0.2133,Grow_Upsell,Campana de upsell / cross-sell,Low
3733-UOCWF,0.0921,Low,20.01,High,0.2743,0,0.0873252896905985,0.3826004,0.2743,0.2133,Grow_Upsell,Campana de upsell / cross-sell,Low
5816-SCGFC,0.173,Low,7.04,Medium,0.4043,0,0.18396846254927726,0.13460803,0.4043,0.2132,Maintain,Mantenimiento - comunicacion periodica,Low
9233-PSYHO,0.2692,Low,5.45,Medium,0.1622,0,0.2988890216222673,0.1042065,0.1622,0.2131,Maintain,Mantenimiento - comunicacion periodica,Low
2141-RRYGO,0.3051,Low,0.04,Low,0.2087,0,0.3417751762035599,0.00076481834,0.2087,0.2129,Maintain,Mantenimiento - comunicacion periodica,Low
4636-JGAAI,0.2691,Low,6.76,Medium,0.1237,0,0.29876956158165097,0.12925431,0.1237,0.2129,Maintain,Mantenimiento - comunicacion periodica,Low
4079-WWQQQ,0.0226,Low,18.14,Medium,0.5328,0,0.004300561462190896,0.34684512,0.5328,0.2128,Maintain,Mantenimiento - comunicacion periodica,Low
8566-YPRGL,0.308,Low,0.9,Low,0.1748,0,0.3452395173814359,0.017208412,0.1748,0.2127,Maintain,Mantenimiento - comunicacion periodica,Low
3737-XBQDD,0.2527,Low,10.8,Medium,0.0544,0,0.27917811492055905,0.20650096,0.0544,0.2124,Maintain,Mantenimiento - comunicacion periodica,Low
0336-KXKFK,0.0269,Low,22.2,High,0.4018,0,0.009437343208696693,0.4244742,0.4018,0.2124,Grow_Upsell,Campana de upsell / cross-sell,Low
8562-GHPPI,0.3127,Low,0.65,Low,0.1661,0,0.3508541392904073,0.012428298,0.1661,0.2124,Maintain,Mantenimiento - comunicacion periodica,Low
6728-VOIFY,0.2238,Low,9.59,Medium,0.1751,0,0.2446541631824155,0.18336521,0.1751,0.2124,Maintain,Mantenimiento - comunicacion periodica,Low
7694-VLBWQ,0.2818,Low,1.47,Low,0.2351,0,0.3139409867399355,0.028107075,0.2351,0.2124,Maintain,Mantenimiento - comunicacion periodica,Low
7781-HVGMK,0.0216,Low,18.08,Medium,0.5346,0,0.0031059610560267613,0.3456979,0.5346,0.2122,Maintain,Mantenimiento - comunicacion periodica,Low
6777-TGHTM,0.2763,Low,0.42,Low,0.2801,0,0.3073706845060327,0.008030592,0.2801,0.2121,Maintain,Mantenimiento - comunicacion periodica,Low
0516-WJVXC,0.2322,Low,4.72,Low,0.2879,0,0.25468880659419424,0.09024856,0.2879,0.212,Maintain,Mantenimiento - comunicacion periodica,Low
2632-UCGVD,0.1878,Low,0.24,Low,0.5489,0,0.20164854856050654,0.00458891,0.5489,0.212,Maintain,Mantenimiento - comunicacion periodica,Low
9242-TKFSV,0.0219,Low,18.25,Medium,0.5272,0,0.0034643411778760005,0.3489484,0.5272,0.2119,Maintain,Mantenimiento - comunicacion periodica,Low
6023-GSSXW,0.0446,Low,21.14,High,0.3764,0,0.03058177039780194,0.40420648,0.3764,0.2118,Grow_Upsell,Campana de upsell / cross-sell,Low
0748-RDGGM,0.2038,Low,0.24,Low,0.4997,0,0.22076215505913274,0.00458891,0.4997,0.2117,Maintain,Mantenimiento - comunicacion periodica,Low
4423-JWZJN,0.0833,Low,15.35,Medium,0.4262,0,0.07681280611635408,0.29349905,0.4262,0.2117,Maintain,Mantenimiento - comunicacion periodica,Low
2359-KLTEK,0.3287,Medium,1.25,Low,0.0971,0,0.3699677457890336,0.023900574,0.0971,0.2116,Maintain,Mantenimiento - comunicacion periodica,Low
8535-SFUTN,0.2432,Low,0.0,Low,0.3877,0,0.2678294110619998,0.0,0.3877,0.2115,Maintain,Mantenimiento - comunicacion periodica,Low
8034-RYTVV,0.0916,Low,21.5,High,0.2242,0,0.08672798948751642,0.41108987,0.2242,0.2115,Grow_Upsell,Campana de upsell / cross-sell,Low
8181-YHCMF,0.025,Low,22.83,High,0.3845,0,0.0071676024369848315,0.43652007,0.3845,0.2114,Grow_Upsell,Campana de upsell / cross-sell,Low
8217-QYOHV,0.3037,Low,2.82,Low,0.1261,0,0.34010273563493015,0.053919695,0.1261,0.2114,Maintain,Mantenimiento - comunicacion periodica,Low
8316-BBQAY,0.025,Low,23.44,High,0.3661,0,0.0071676024369848315,0.44818357,0.3661,0.2113,Grow_Upsell,Campana de upsell / cross-sell,Low
2480-EJWYP,0.1631,Low,7.62,Medium,0.407,0,0.1721419185282523,0.14569789,0.407,0.2112,Maintain,Mantenimiento - comunicacion periodica,Low
4455-BFSPD,0.1649,Low,4.92,Low,0.479,0,0.17429219925934775,0.09407266,0.479,0.2112,Maintain,Mantenimiento - comunicacion periodica,Low
9249-FXSCK,0.2163,Low,0.06,Low,0.465,0,0.23569466013618445,0.0011472275,0.465,0.2112,Maintain,Mantenimiento - comunicacion periodica,Low
3853-LYGAM,0.3429,Medium,0.06,Low,0.0863,0,0.3869310715565643,0.0011472275,0.0863,0.2111,Maintain,Mantenimiento - comunicacion periodica,Low
2911-UREFD,0.2744,Low,2.12,Low,0.2321,0,0.30510094373432084,0.04053537,0.2321,0.2111,Maintain,Mantenimiento - comunicacion periodica,Low
4566-GOLUK,0.2844,Low,0.0,Low,0.2623,0,0.3170469477959622,0.0,0.2623,0.211,Maintain,Mantenimiento - comunicacion periodica,Low
2450-ZKEED,0.1151,Low,18.41,Medium,0.2395,0,0.11480109903237366,0.35200766,0.2395,0.2109,Maintain,Mantenimiento - comunicacion periodica,Low
2100-BDNSN,0.316,Low,0.0,Low,0.1673,0,0.354796320630749,0.0,0.1673,0.2109,Maintain,Mantenimiento - comunicacion periodica,Low
7733-UDMTP,0.2425,Low,3.32,Low,0.2917,0,0.2669931907776849,0.06347992,0.2917,0.2109,Maintain,Mantenimiento - comunicacion periodica,Low
5498-IBWPI,0.0493,Low,22.51,High,0.3178,0,0.036196392306773385,0.43040153,0.3178,0.2108,Grow_Upsell,Campana de upsell / cross-sell,Low
4178-EGMON,0.0349,Low,22.79,High,0.3525,0,0.018994146458009797,0.43575528,0.3525,0.2107,Grow_Upsell,Campana de upsell / cross-sell,Low
4482-FTFFX,0.3035,Low,2.83,Low,0.1225,0,0.33986381555369727,0.0541109,0.1225,0.2107,Maintain,Mantenimiento - comunicacion periodica,Low
6549-BTYPG,0.0297,Low,22.18,High,0.3846,0,0.01278222434595628,0.4240918,0.3846,0.2105,Grow_Upsell,Campana de upsell / cross-sell,Low
5360-XGYAZ,0.0245,Low,17.77,Medium,0.5258,0,0.006570302233902762,0.33977056,0.5258,0.2104,Maintain,Mantenimiento - comunicacion periodica,Low
6288-LBEAR,0.1914,Low,16.17,Medium,0.0734,0,0.20594911002269742,0.30917782,0.0734,0.2104,Maintain,Mantenimiento - comunicacion periodica,Low
3090-QFUVD,0.3174,Low,0.17,Low,0.1558,0,0.3564687611993788,0.003250478,0.1558,0.2104,Maintain,Mantenimiento - comunicacion periodica,Low
6635-CPNUN,0.3508,Medium,0.07,Low,0.0587,0,0.396368414765261,0.0013384322,0.0587,0.2103,Maintain,Mantenimiento - comunicacion periodica,Low
0311-QYWSS,0.2321,Low,9.19,Medium,0.1513,0,0.2545693465535779,0.17571701,0.1513,0.2103,Maintain,Mantenimiento - comunicacion periodica,Low
8865-TNMNX,0.1237,Low,22.31,High,0.0989,0,0.12507466252538527,0.42657742,0.0989,0.2103,Grow_Upsell,Campana de upsell / cross-sell,Low
7298-IZWLY,0.2915,Low,0.97,Low,0.2095,0,0.3255286106797276,0.018546846,0.2095,0.2102,Maintain,Mantenimiento - comunicacion periodica,Low
8749-JMNKX,0.3129,Low,2.23,Low,0.1081,0,0.3510930593716402,0.042638626,0.1081,0.21,Maintain,Mantenimiento - comunicacion periodica,Low
5456-ITGIC,0.0292,Low,18.55,Medium,0.4876,0,0.01218492414287421,0.3546845,0.4876,0.21,Maintain,Mantenimiento - comunicacion periodica,Low
3315-IKYZQ,0.0578,Low,21.96,High,0.3044,0,0.04635049575916856,0.41988528,0.3044,0.21,Grow_Upsell,Campana de upsell / cross-sell,Low
7351-MHQVU,0.1874,Low,7.39,Medium,0.3345,0,0.20117070839804088,0.14130019,0.3345,0.2099,Maintain,Mantenimiento - comunicacion periodica,Low
2712-SYWAY,0.276,Low,0.0,Low,0.2818,0,0.30701230438418353,0.0,0.2818,0.2099,Maintain,Mantenimiento - comunicacion periodica,Low
1423-BMPBQ,0.2774,Low,1.35,Low,0.2392,0,0.3086847449528133,0.02581262,0.2392,0.2099,Maintain,Mantenimiento - comunicacion periodica,Low
9763-GRSKD,0.2046,Low,8.5,Medium,0.2512,0,0.22171783538406406,0.1625239,0.2512,0.2099,Maintain,Mantenimiento - comunicacion periodica,Low
6900-RBKER,0.0769,Low,21.25,High,0.2666,0,0.06916736351690358,0.40630975,0.2666,0.2098,Grow_Upsell,Campana de upsell / cross-sell,Low
5275-PMFUT,0.0219,Low,18.46,Medium,0.5102,0,0.0034643411778760005,0.35296366,0.5102,0.2097,Maintain,Mantenimiento - comunicacion periodica,Low
2250-IVBWA,0.15,Low,14.3,Medium,0.247,0,0.1564926532075021,0.27342257,0.247,0.2097,Maintain,Mantenimiento - comunicacion periodica,Low
5337-IIWKZ,0.112,Low,14.57,Medium,0.3521,0,0.11109783777326485,0.27858508,0.3521,0.2095,Maintain,Mantenimiento - comunicacion periodica,Low
1343-EHPYB,0.2963,Low,0.06,Low,0.2164,0,0.3312626926293155,0.0011472275,0.2164,0.2093,Maintain,Mantenimiento - comunicacion periodica,Low
8079-XRJRS,0.1721,Low,15.33,Medium,0.1492,0,0.18289332218372956,0.29311663,0.1492,0.2092,Maintain,Mantenimiento - comunicacion periodica,Low
6668-CNMFP,0.1904,Low,16.44,Medium,0.0628,0,0.2047545096165333,0.31434035,0.0628,0.2092,Maintain,Mantenimiento - comunicacion periodica,Low
3115-CZMZD,0.1272,Low,4.42,Low,0.5955,0,0.12925576394695976,0.08451243,0.5955,0.2091,Maintain,Mantenimiento - comunicacion periodica,Low
3541-ZNUHK,0.1866,Low,9.92,Medium,0.2599,0,0.20021502807310956,0.18967496,0.2599,0.209,Maintain,Mantenimiento - comunicacion periodica,Low
6177-PEVRA,0.0427,Low,27.79,High,0.1772,0,0.028312029626090078,0.5313576,0.1772,0.209,Grow_Upsell,Campana de upsell / cross-sell,Low
0523-VNGTF,0.154,Low,8.5,Medium,0.3977,0,0.16127105483215867,0.1625239,0.3977,0.2089,Maintain,Mantenimiento - comunicacion periodica,Low
3845-FXCYS,0.189,Low,0.8,Low,0.5137,0,0.2030820690479035,0.015296368,0.5137,0.2089,Maintain,Mantenimiento - comunicacion periodica,Low
9154-QDGTH,0.3034,Low,1.55,Low,0.1508,0,0.33974435551308085,0.02963671,0.1508,0.2089,Maintain,Mantenimiento - comunicacion periodica,Low
9888-ZCUMM,0.0249,Low,23.1,High,0.3637,0,0.007048142396368414,0.4416826,0.3637,0.2088,Grow_Upsell,Campana de upsell / cross-sell,Low
2347-WKKAE,0.3237,Medium,1.28,Low,0.0972,0,0.36399474375821284,0.024474187,0.0972,0.2088,Maintain,Mantenimiento - comunicacion periodica,Low
2806-MLNTI,0.2953,Low,0.49,Low,0.2046,0,0.33006809222315137,0.009369025,0.2046,0.2088,Maintain,Mantenimiento - comunicacion periodica,Low
1221-GHZEP,0.0339,Low,18.33,Medium,0.4733,0,0.01779954605184566,0.35047802,0.4733,0.2087,Maintain,Mantenimiento - comunicacion periodica,Low
7131-ZQZNK,0.0236,Low,23.39,High,0.3589,0,0.005495161868355036,0.44722754,0.3589,0.2087,Grow_Upsell,Campana de upsell / cross-sell,Low
7641-EUYET,0.295,Low,0.29,Low,0.2104,0,0.32970971210130207,0.005544933,0.2104,0.2086,Maintain,Mantenimiento - comunicacion periodica,Low
1708-PBBOA,0.0635,Low,17.7,Medium,0.4026,0,0.05315971807430415,0.33843213,0.4026,0.2086,Maintain,Mantenimiento - comunicacion periodica,Low
9103-TCIHJ,0.2645,Low,2.72,Low,0.2319,0,0.29327439971329594,0.05200765,0.2319,0.2086,Maintain,Mantenimiento - comunicacion periodica,Low
0520-FDVVT,0.2708,Low,3.82,Low,0.1807,0,0.30080038227212996,0.07304015,0.1807,0.2085,Maintain,Mantenimiento - comunicacion periodica,Low
0197-PNKNK,0.0641,Low,21.49,High,0.2909,0,0.05387647831800263,0.41089866,0.2909,0.2084,Grow_Upsell,Campana de upsell / cross-sell,Low
8565-CLBZW,0.2974,Low,5.38,Medium,0.0554,0,0.332576753076096,0.10286807,0.0554,0.2082,Maintain,Mantenimiento - comunicacion periodica,Low
8715-KKTFG,0.1958,Low,1.93,Low,0.4575,0,0.21120535180981964,0.036902484,0.4575,0.2082,Maintain,Mantenimiento - comunicacion periodica,Low
1357-BIJKI,0.2543,Low,6.92,Medium,0.1392,0,0.28108947557042174,0.13231358,0.1392,0.2081,Maintain,Mantenimiento - comunicacion periodica,Low
9629-NHXFW,0.2879,Low,0.97,Low,0.2095,0,0.3212280492175367,0.018546846,0.2095,0.2081,Maintain,Mantenimiento - comunicacion periodica,Low
1545-ACTAS,0.1777,Low,5.65,Medium,0.4042,0,0.18958308445824873,0.108030595,0.4042,0.208,Maintain,Mantenimiento - comunicacion periodica,Low
1710-RCXUS,0.143,Low,15.6,Medium,0.2218,0,0.14813045036435313,0.29827917,0.2218,0.2079,Maintain,Mantenimiento - comunicacion periodica,Low
2790-XUYMV,0.0588,Low,20.23,High,0.3403,0,0.0475450961653327,0.38680688,0.3403,0.2079,Grow_Upsell,Campana de upsell / cross-sell,Low
8350-NYMVI,0.1157,Low,17.53,Medium,0.2473,0,0.11551785927607215,0.33518165,0.2473,0.2078,Maintain,Mantenimiento - comunicacion periodica,Low
4137-JOPHL,0.0545,Low,20.37,High,0.3488,0,0.042408314418826906,0.38948378,0.3488,0.2078,Grow_Upsell,Campana de upsell / cross-sell,Low
6733-LRIZX,0.1302,Low,2.28,Low,0.6415,1,0.13283956516545217,0.043594647,0.6415,0.2078,Investigate_Billing,Revision de facturacion / condiciones especiales,Low
2668-TZSPS,0.3101,Low,0.1,Low,0.1669,0,0.3477481782343806,0.001912046,0.1669,0.2078,Maintain,Mantenimiento - comunicacion periodica,Low
0673-IGUQO,0.3101,Low,0.1,Low,0.1669,0,0.3477481782343806,0.001912046,0.1669,0.2078,Maintain,Mantenimiento - comunicacion periodica,Low
0104-PPXDV,0.0503,Low,22.03,High,0.3133,0,0.03739099271293752,0.42122373,0.3133,0.2077,Grow_Upsell,Campana de upsell / cross-sell,Low
8910-ICHIU,0.101,Low,9.72,Medium,0.5146,0,0.09795723330545933,0.18585087,0.5146,0.2077,Maintain,Mantenimiento - comunicacion periodica,Low
8294-UIMBA,0.1388,Low,10.15,Medium,0.3891,0,0.14311312865846376,0.19407265,0.3891,0.2076,Maintain,Mantenimiento - comunicacion periodica,Low
0489-WMEMG,0.1186,Low,22.33,High,0.0998,0,0.11898220045394815,0.42695984,0.0998,0.2075,Grow_Upsell,Campana de upsell / cross-sell,Low
5214-NLTIT,0.0509,Low,20.14,High,0.3645,0,0.038107752956636,0.38508603,0.3645,0.2075,Grow_Upsell,Campana de upsell / cross-sell,Low
1444-VVSGW,0.1751,Low,0.0,Low,0.5692,0,0.186477123402222,0.0,0.5692,0.2071,Maintain,Mantenimiento - comunicacion periodica,Low
6121-VZNQB,0.2771,Low,1.35,Low,0.2256,0,0.30832636483096404,0.02581262,0.2256,0.207,Maintain,Mantenimiento - comunicacion periodica,Low
9158-VCTQB,0.1868,Low,0.0,Low,0.5332,0,0.2004539481543424,0.0,0.5332,0.2069,Maintain,Mantenimiento - comunicacion periodica,Low
1575-KRZZE,0.306,Low,3.24,Low,0.0842,0,0.34285031656910764,0.06195029,0.0842,0.2069,Maintain,Mantenimiento - comunicacion periodica,Low
1371-WEPDS,0.1284,Low,16.32,Medium,0.2395,0,0.1306892844343567,0.3120459,0.2395,0.2069,Maintain,Mantenimiento - comunicacion periodica,Low
4701-AHWMW,0.23,Low,4.09,Low,0.2856,0,0.25206068570063317,0.07820268,0.2856,0.2066,Maintain,Mantenimiento - comunicacion periodica,Low
4622-YNKIJ,0.0995,Low,22.24,High,0.1541,0,0.09616533269621312,0.425239,0.1541,0.2065,Grow_Upsell,Campana de upsell / cross-sell,Low
5298-GSTLM,0.2362,Low,4.68,Low,0.2486,0,0.25946720821885083,0.089483745,0.2486,0.2063,Maintain,Mantenimiento - comunicacion periodica,Low
7644-OMVMY,0.1185,Low,4.58,Low,0.6025,0,0.11886274041333174,0.0875717,0.6025,0.2062,Maintain,Mantenimiento - comunicacion periodica,Low
0665-XHDJU,0.1159,Low,12.03,Medium,0.396,0,0.11575677935730498,0.23001912,0.396,0.2061,Maintain,Mantenimiento - comunicacion periodica,Low
7921-BEPCI,0.026,Low,24.54,High,0.3055,0,0.008362202843148966,0.46921608,0.3055,0.206,Grow_Upsell,Campana de upsell / cross-sell,Low
1135-HIORI,0.2044,Low,0.06,Low,0.4742,0,0.22147891530283123,0.0011472275,0.4742,0.2059,Maintain,Mantenimiento - comunicacion periodica,Low
3999-WRNGR,0.16,Low,9.56,Medium,0.3339,0,0.1684386572691435,0.18279159,0.3339,0.2058,Maintain,Mantenimiento - comunicacion periodica,Low
5074-FBGHB,0.2077,Low,0.82,Low,0.442,0,0.2254210966431729,0.015678776,0.442,0.2058,Maintain,Mantenimiento - comunicacion periodica,Low
2587-EKXTS,0.2555,Low,0.0,Low,0.3221,0,0.2825229960578187,0.0,0.3221,0.2057,Maintain,Mantenimiento - comunicacion periodica,Low
7750-EYXWZ,0.128,Low,11.4,Medium,0.3757,0,0.13021144427189105,0.21797323,0.3757,0.2056,Maintain,Mantenimiento - comunicacion periodica,Low
3524-WQDSG,0.3116,Low,0.0,Low,0.1538,0,0.3495400788436268,0.0,0.1538,0.2055,Maintain,Mantenimiento - comunicacion periodica,Low
8384-FZBJK,0.2713,Low,0.0,Low,0.2739,0,0.30139768247521204,0.0,0.2739,0.2055,Maintain,Mantenimiento - comunicacion periodica,Low
5989-OMNJE,0.1142,Low,14.02,Medium,0.3393,0,0.11372595866682594,0.26806885,0.3393,0.2051,Maintain,Mantenimiento - comunicacion periodica,Low
4381-MHQDC,0.0462,Low,18.35,Medium,0.4181,0,0.032493131047664554,0.35086045,0.4181,0.2051,Maintain,Mantenimiento - comunicacion periodica,Low
0463-ZSDNT,0.2399,Low,2.47,Low,0.2948,0,0.2638872297216581,0.047227535,0.2948,0.2051,Maintain,Mantenimiento - comunicacion periodica,Low
5639-NTUPK,0.2714,Low,7.12,Medium,0.0672,0,0.3015171425158284,0.13613766,0.0672,0.205,Maintain,Mantenimiento - comunicacion periodica,Low
5443-SCMKX,0.1816,Low,10.44,Medium,0.2393,0,0.19424202604228888,0.19961758,0.2393,0.2049,Maintain,Mantenimiento - comunicacion periodica,Low
6749-UTDVX,0.1446,Low,7.37,Medium,0.4373,0,0.15004181101421576,0.14091778,0.4373,0.2048,Maintain,Mantenimiento - comunicacion periodica,Low
1264-FUHCX,0.1158,Low,16.13,Medium,0.2724,0,0.11563731931668857,0.308413,0.2724,0.2048,Maintain,Mantenimiento - comunicacion periodica,Low
8976-OQHGT,0.2964,Low,2.61,Low,0.1209,0,0.33138215266993193,0.049904395,0.1209,0.2048,Maintain,Mantenimiento - comunicacion periodica,Low
4660-IRIBM,0.2212,Low,7.48,Medium,0.2058,0,0.24154820212638875,0.14302103,0.2058,0.2048,Maintain,Mantenimiento - comunicacion periodica,Low
5977-CKHON,0.2434,Low,4.21,Low,0.2326,0,0.26806833114323264,0.08049713,0.2326,0.2047,Maintain,Mantenimiento - comunicacion periodica,Low
0557-ASKVU,0.1719,Low,17.85,Medium,0.0543,0,0.18265440210249673,0.3413002,0.0543,0.2046,Maintain,Mantenimiento - comunicacion periodica,Low
9522-BNTHX,0.1677,Low,2.47,Low,0.5078,0,0.17763708039660733,0.047227535,0.5078,0.2045,Maintain,Mantenimiento - comunicacion periodica,Low
8160-HOWOX,0.3326,Medium,0.37,Low,0.075,0,0.3746266873730737,0.00707457,0.075,0.2044,Maintain,Mantenimiento - comunicacion periodica,Low
9933-QRGTX,0.0929,Low,12.66,Medium,0.4377,0,0.0882809700155298,0.24206501,0.4377,0.2043,Maintain,Mantenimiento - comunicacion periodica,Low
4683-WYDOU,0.1339,Low,4.53,Low,0.5478,0,0.13725958666825946,0.08661568,0.5478,0.2042,Maintain,Mantenimiento - comunicacion periodica,Low
5404-GGUKR,0.2506,Low,7.48,Medium,0.1133,0,0.2766694540676144,0.14302103,0.1133,0.2039,Maintain,Mantenimiento - comunicacion periodica,Low
5414-OFQCB,0.0678,Low,21.03,High,0.2707,0,0.058296499820809936,0.40210328,0.2707,0.2039,Grow_Upsell,Campana de upsell / cross-sell,Low
8016-NCFVO,0.1975,Low,0.0,Low,0.486,0,0.2132361725002987,0.0,0.486,0.2038,Maintain,Mantenimiento - comunicacion periodica,Low
7982-VCELR,0.255,Low,0.86,Low,0.2884,0,0.28192569585473665,0.016443595,0.2884,0.2036,Maintain,Mantenimiento - comunicacion periodica,Low
2277-BKJKN,0.1164,Low,11.89,Medium,0.3855,0,0.11635407956038706,0.22734226,0.3855,0.2035,Maintain,Mantenimiento - comunicacion periodica,Low
2535-PBCGC,0.0262,Low,18.73,Medium,0.459,0,0.008601122924381796,0.3581262,0.459,0.2035,Maintain,Mantenimiento - comunicacion periodica,Low
5543-QDCRY,0.2888,Low,2.26,Low,0.1466,0,0.32230318958308446,0.04321224,0.1466,0.2034,Maintain,Mantenimiento - comunicacion periodica,Low
9681-KYGYB,0.1929,Low,7.43,Medium,0.2844,0,0.2077410106319436,0.142065,0.2844,0.2034,Maintain,Mantenimiento - comunicacion periodica,Low
9822-WMWVG,0.2513,Low,0.0,Low,0.3229,0,0.27750567435192935,0.0,0.3229,0.2033,Maintain,Mantenimiento - comunicacion periodica,Low
6469-MRVET,0.3026,Low,0.42,Low,0.1574,0,0.33878867518814954,0.008030592,0.1574,0.2033,Maintain,Mantenimiento - comunicacion periodica,Low
8313-KTIHG,0.3246,Medium,0.34,Low,0.0932,0,0.3650698841237606,0.006500956,0.0932,0.2031,Maintain,Mantenimiento - comunicacion periodica,Low
0730-KOAVE,0.2425,Low,1.12,Low,0.3159,0,0.2669931907776849,0.021414915,0.3159,0.2031,Maintain,Mantenimiento - comunicacion periodica,Low
3982-XWFZQ,0.0858,Low,8.07,Medium,0.584,0,0.07979930713176443,0.1543021,0.584,0.203,Maintain,Mantenimiento - comunicacion periodica,Low
5995-OIGLP,0.3089,Low,2.46,Low,0.078,0,0.34631465774698367,0.04703633,0.078,0.2029,Maintain,Mantenimiento - comunicacion periodica,Low
1552-AAGRX,0.2983,Low,0.0,Low,0.1803,0,0.33365189344164375,0.0,0.1803,0.2029,Maintain,Mantenimiento - comunicacion periodica,Low
0440-QEXBZ,0.0895,Low,8.04,Medium,0.5735,0,0.08421932863457174,0.15372849,0.5735,0.2029,Maintain,Mantenimiento - comunicacion periodica,Low
5154-VEKBL,0.2121,Low,0.97,Low,0.4085,0,0.23067733843029511,0.018546846,0.4085,0.2026,Maintain,Mantenimiento - comunicacion periodica,Low
6686-YPGHK,0.2068,Low,9.69,Medium,0.1737,0,0.22434595627762519,0.18527724,0.1737,0.2025,Maintain,Mantenimiento - comunicacion periodica,Low
9122-UMROB,0.3041,Low,0.17,Low,0.1558,0,0.34058057579739576,0.003250478,0.1558,0.2024,Maintain,Mantenimiento - comunicacion periodica,Low
1042-HFUCW,0.1119,Low,16.45,Medium,0.2629,0,0.11097837773264843,0.31453156,0.2629,0.2024,Maintain,Mantenimiento - comunicacion periodica,Low
2676-ISHSF,0.3041,Low,0.17,Low,0.1558,0,0.34058057579739576,0.003250478,0.1558,0.2024,Maintain,Mantenimiento - comunicacion periodica,Low
7159-NOKYQ,0.1112,Low,17.18,Medium,0.2439,0,0.11014215744833353,0.32848948,0.2439,0.2024,Maintain,Mantenimiento - comunicacion periodica,Low
1530-ZTDOZ,0.0691,Low,18.04,Medium,0.3441,0,0.059849480348823314,0.3449331,0.3441,0.2022,Maintain,Mantenimiento - comunicacion periodica,Low
1972-XMUWV,0.0426,Low,21.85,High,0.3138,0,0.02819256958547366,0.41778204,0.3138,0.2022,Grow_Upsell,Campana de upsell / cross-sell,Low
2924-KHUVI,0.222,Low,4.9,Low,0.2634,0,0.24250388245132007,0.093690254,0.2634,0.202,Maintain,Mantenimiento - comunicacion periodica,Low
4891-NLUBA,0.0269,Low,21.92,High,0.3574,0,0.009437343208696693,0.41912046,0.3574,0.2019,Grow_Upsell,Campana de upsell / cross-sell,Low
0274-JKUJR,0.1436,Low,1.51,Low,0.5934,0,0.14884721060805162,0.028871894,0.5934,0.2018,Maintain,Mantenimiento - comunicacion periodica,Low
2520-SGTTA,0.1142,Low,4.44,Low,0.5968,0,0.11372595866682594,0.08489484,0.5968,0.2017,Maintain,Mantenimiento - comunicacion periodica,Low
8318-LCNBW,0.0714,Low,18.43,Medium,0.3228,0,0.06259706128300084,0.35239008,0.3228,0.2016,Maintain,Mantenimiento - comunicacion periodica,Low
7658-UYUQS,0.2395,Low,9.14,Medium,0.0875,0,0.26340938955919246,0.174761,0.0875,0.2016,Maintain,Mantenimiento - comunicacion periodica,Low
4139-JPIAM,0.0786,Low,14.45,Medium,0.4134,0,0.07119818420738264,0.27629063,0.4134,0.2012,Maintain,Mantenimiento - comunicacion periodica,Low
4459-BBGHE,0.1715,Low,14.18,Medium,0.1439,0,0.1821765619400311,0.27112812,0.1439,0.2012,Maintain,Mantenimiento - comunicacion periodica,Low
1116-DXXDF,0.162,Low,10.86,Medium,0.2674,0,0.17082785808147177,0.20764817,0.2674,0.2012,Maintain,Mantenimiento - comunicacion periodica,Low
1193-RTSLK,0.2141,Low,11.49,Medium,0.0921,0,0.23306653924262338,0.21969408,0.0921,0.2009,Maintain,Mantenimiento - comunicacion periodica,Low
7550-WIQVA,0.2655,Low,0.05,Low,0.2665,0,0.2944690001194601,0.000956023,0.2665,0.2008,Maintain,Mantenimiento - comunicacion periodica,Low
8979-CAMGB,0.2267,Low,2.06,Low,0.3245,0,0.24811850436029154,0.039388146,0.3245,0.2008,Maintain,Mantenimiento - comunicacion periodica,Low
9074-KGVOX,0.0643,Low,18.72,Medium,0.3301,0,0.05411539839923545,0.35793498,0.3301,0.2005,Maintain,Mantenimiento - comunicacion periodica,Low
6483-OATDN,0.2583,Low,7.29,Medium,0.0778,0,0.2858678771950782,0.13938814,0.0778,0.2003,Maintain,Mantenimiento - comunicacion periodica,Low
4450-YOOHP,0.1808,Low,7.84,Medium,0.2932,0,0.19328634571735756,0.1499044,0.2932,0.2003,Maintain,Mantenimiento - comunicacion periodica,Low
1585-MQSSU,0.2516,Low,7.32,Medium,0.0964,0,0.27786405447377854,0.13996176,0.0964,0.2002,Maintain,Mantenimiento - comunicacion periodica,Low
8091-TTVAX,0.2026,Low,5.01,Medium,0.3084,0,0.2193286345717358,0.09579351,0.3084,0.2001,Maintain,Mantenimiento - comunicacion periodica,Low
9754-CLVZW,0.0839,Low,20.04,High,0.2319,0,0.07752956636005257,0.38317403,0.2319,0.2001,Grow_Upsell,Campana de upsell / cross-sell,Low
8879-XUAHX,0.0494,Low,0.04,Low,0.9085,1,0.0363158523473898,0.00076481834,0.9085,0.2001,Investigate_Billing,Revision de facturacion / condiciones especiales,Low
7742-MYPGI,0.2304,Low,9.68,Medium,0.0894,0,0.25253852586309883,0.18508606,0.0894,0.1997,Maintain,Mantenimiento - comunicacion periodica,Low
3756-VNWDH,0.1888,Low,5.11,Medium,0.344,0,0.20284314896667066,0.09770555,0.344,0.1995,Maintain,Mantenimiento - comunicacion periodica,Low
6203-HBZPA,0.0231,Low,19.99,Medium,0.412,0,0.004897861665272966,0.38221797,0.412,0.1995,Maintain,Mantenimiento - comunicacion periodica,Low
6655-LHBYW,0.1671,Low,0.0,Low,0.5546,0,0.17692032015290887,0.0,0.5546,0.1994,Maintain,Mantenimiento - comunicacion periodica,Low
3308-JSGML,0.0255,Low,19.72,Medium,0.4122,0,0.007764902640066897,0.37705544,0.4122,0.1994,Maintain,Mantenimiento - comunicacion periodica,Low
3097-IDVPU,0.1377,Low,8.22,Medium,0.4067,0,0.14179906821168317,0.15717018,0.4067,0.1994,Maintain,Mantenimiento - comunicacion periodica,Low
9912-OMZDS,0.2979,Low,0.22,Low,0.1575,0,0.3331740532791781,0.004206501,0.1575,0.1993,Maintain,Mantenimiento - comunicacion periodica,Low
5593-SUAOO,0.1134,Low,22.12,High,0.0799,0,0.11277027834189464,0.42294458,0.0799,0.1992,Grow_Upsell,Campana de upsell / cross-sell,Low
9079-YEXQJ,0.2539,Low,0.0,Low,0.2944,0,0.2806116354079561,0.0,0.2944,0.1992,Maintain,Mantenimiento - comunicacion periodica,Low
6137-MFAJN,0.1129,Low,14.24,Medium,0.3065,0,0.11217297813881257,0.27227533,0.3065,0.1991,Maintain,Mantenimiento - comunicacion periodica,Low
9372-TXXPS,0.0216,Low,23.77,High,0.3053,0,0.0031059610560267613,0.4544933,0.3053,0.199,Grow_Upsell,Campana de upsell / cross-sell,Low
3055-VTCGS,0.048,Low,13.37,Medium,0.5242,0,0.03464341177876001,0.25564054,0.5242,0.1989,Maintain,Mantenimiento - comunicacion periodica,Low
2972-YDYUW,0.2062,Low,10.49,Medium,0.1344,0,0.22362919603392667,0.20057361,0.1344,0.1989,Maintain,Mantenimiento - comunicacion periodica,Low
8033-VCZGH,0.2787,Low,1.82,Low,0.1661,0,0.3102377254808267,0.034799237,0.1661,0.1988,Maintain,Mantenimiento - comunicacion periodica,Low
0883-EIBTI,0.1725,Low,0.89,Low,0.5093,0,0.18337116234619522,0.017017208,0.5093,0.1987,Maintain,Mantenimiento - comunicacion periodica,Low
3348-CFRNX,0.3102,Low,2.6,Low,0.0479,0,0.347867638274997,0.04971319,0.0479,0.1984,Maintain,Mantenimiento - comunicacion periodica,Low
7541-YLXCL,0.1864,Low,6.75,Medium,0.2978,0,0.19997610799187676,0.1290631,0.2978,0.1983,Maintain,Mantenimiento - comunicacion periodica,Low
3137-LUPIX,0.3181,Low,0.0,Low,0.0979,0,0.3573049814836937,0.0,0.0979,0.1982,Maintain,Mantenimiento - comunicacion periodica,Low
9137-UIYPG,0.2522,Low,0.0,Low,0.2946,0,0.27858081471747703,0.0,0.2946,0.1982,Maintain,Mantenimiento - comunicacion periodica,Low
7576-JMYWV,0.2312,Low,0.0,Low,0.3567,0,0.2534942061880301,0.0,0.3567,0.1981,Maintain,Mantenimiento - comunicacion periodica,Low
1208-NBVFH,0.2061,Low,9.11,Medium,0.1706,0,0.22350973599331028,0.17418738,0.1706,0.1981,Maintain,Mantenimiento - comunicacion periodica,Low
6250-CGGUN,0.0963,Low,20.86,High,0.1613,0,0.09234261139648788,0.3988528,0.1613,0.1981,Grow_Upsell,Campana de upsell / cross-sell,Low
8178-EYZUO,0.2402,Low,2.44,Low,0.2594,0,0.26424560984350737,0.046653923,0.2594,0.198,Maintain,Mantenimiento - comunicacion periodica,Low
5724-BIDBU,0.0792,Low,15.89,Medium,0.3533,0,0.07191494445108113,0.3038241,0.3533,0.1978,Maintain,Mantenimiento - comunicacion periodica,Low
7188-CBBBA,0.1988,Low,9.82,Medium,0.1704,0,0.21478915302831206,0.1877629,0.1704,0.1978,Maintain,Mantenimiento - comunicacion periodica,Low
7067-KSAZT,0.2643,Low,0.22,Low,0.2501,0,0.29303547963206306,0.004206501,0.2501,0.1978,Maintain,Mantenimiento - comunicacion periodica,Low
8871-JLMHM,0.0439,Low,21.21,High,0.3062,0,0.029745550113487042,0.4055449,0.3062,0.1978,Grow_Upsell,Campana de upsell / cross-sell,Low
3323-CPBWR,0.2388,Low,0.14,Low,0.3283,0,0.2625731692748776,0.0026768644,0.3283,0.1977,Maintain,Mantenimiento - comunicacion periodica,Low
1373-ORVIZ,0.3383,Medium,0.0,Low,0.0351,0,0.3814359096882093,0.0,0.0351,0.1977,Maintain,Mantenimiento - comunicacion periodica,Low
0412-UCCNP,0.0352,Low,23.98,High,0.252,0,0.01935252657985904,0.4585086,0.252,0.1976,Grow_Upsell,Campana de upsell / cross-sell,Low
2750-BJLSB,0.2029,Low,2.05,Low,0.3793,0,0.219687014693585,0.039196942,0.3793,0.1975,Maintain,Mantenimiento - comunicacion periodica,Low
6579-JPICP,0.2931,Low,0.11,Low,0.1653,0,0.3274399713295903,0.0021032505,0.1653,0.1974,Maintain,Mantenimiento - comunicacion periodica,Low
3590-TCXTB,0.2931,Low,0.14,Low,0.164,0,0.3274399713295903,0.0026768644,0.164,0.1973,Maintain,Mantenimiento - comunicacion periodica,Low
2639-UGMAZ,0.0867,Low,15.64,Medium,0.335,0,0.08087444749731215,0.29904398,0.335,0.1972,Maintain,Mantenimiento - comunicacion periodica,Low
6695-FRVEC,0.0258,Low,22.68,High,0.3149,0,0.00812328276191614,0.433652,0.3149,0.1971,Grow_Upsell,Campana de upsell / cross-sell,Low
1301-LOPVR,0.0606,Low,17.29,Medium,0.3652,0,0.049695376896428146,0.33059275,0.3652,0.1971,Maintain,Mantenimiento - comunicacion periodica,Low
8883-GRDWQ,0.1546,Low,18.22,Medium,0.0577,0,0.16198781507585713,0.34837475,0.0577,0.197,Maintain,Mantenimiento - comunicacion periodica,Low
3057-VJJQE,0.0373,Low,27.34,High,0.1458,0,0.021861187432803728,0.52275336,0.1458,0.1969,Grow_Upsell,Campana de upsell / cross-sell,Low
0880-FVFWF,0.1778,Low,8.88,Medium,0.2541,0,0.18970254449886517,0.16978969,0.2541,0.1966,Maintain,Mantenimiento - comunicacion periodica,Low
3062-ICYZQ,0.1658,Low,2.43,Low,0.4745,0,0.1753673396248955,0.04646272,0.4745,0.1965,Maintain,Mantenimiento - comunicacion periodica,Low
0222-CNVPT,0.1725,Low,9.6,Medium,0.2488,0,0.18337116234619522,0.18355642,0.2488,0.1965,Maintain,Mantenimiento - comunicacion periodica,Low
1679-JRFBR,0.1117,Low,0.07,Low,0.7032,1,0.1107394576514156,0.0013384322,0.7032,0.1964,Investigate_Billing,Revision de facturacion / condiciones especiales,Low
1527-SXDPN,0.1672,Low,15.35,Medium,0.0985,0,0.1770397801935253,0.29349905,0.0985,0.1963,Maintain,Mantenimiento - comunicacion periodica,Low
6891-JPYFF,0.2952,Low,0.02,Low,0.156,0,0.32994863218253495,0.00038240917,0.156,0.1963,Maintain,Mantenimiento - comunicacion periodica,Low
0743-HRVFF,0.0988,Low,16.02,Medium,0.2836,0,0.09532911241189822,0.30630976,0.2836,0.1963,Maintain,Mantenimiento - comunicacion periodica,Low
4765-OXPPD,0.1948,Low,0.71,Low,0.4356,0,0.2100107514036555,0.013575526,0.4356,0.1962,Maintain,Mantenimiento - comunicacion periodica,Low
5575-TPIZQ,0.1774,Low,6.13,Medium,0.3314,0,0.1892247043363995,0.117208414,0.3314,0.1961,Maintain,Mantenimiento - comunicacion periodica,Low
4879-GZLFH,0.292,Low,2.86,Low,0.0834,0,0.3261259108828097,0.054684512,0.0834,0.1961,Maintain,Mantenimiento - comunicacion periodica,Low
0742-LAFQK,0.047,Low,11.83,Medium,0.5576,0,0.033448811372595866,0.22619504,0.5576,0.1961,Maintain,Mantenimiento - comunicacion periodica,Low
5482-NUPNA,0.229,Low,0.79,Low,0.3299,0,0.250866085294469,0.015105163,0.3299,0.1959,Maintain,Mantenimiento - comunicacion periodica,Low
1442-OKRJE,0.1464,Low,2.33,Low,0.5324,0,0.15219209174531123,0.04455067,0.5324,0.1959,Maintain,Mantenimiento - comunicacion periodica,Low
1356-MKYSK,0.218,Low,0.0,Low,0.385,0,0.2377254808266635,0.0,0.385,0.1959,Maintain,Mantenimiento - comunicacion periodica,Low
9909-IDLEK,0.2565,Low,0.13,Low,0.2652,0,0.2837175964639828,0.0024856597,0.2652,0.1956,Maintain,Mantenimiento - comunicacion periodica,Low
0867-LDTTC,0.2543,Low,0.0,Low,0.2747,0,0.28108947557042174,0.0,0.2747,0.1955,Maintain,Mantenimiento - comunicacion periodica,Low
4657-FWVFY,0.2966,Low,0.36,Low,0.1381,0,0.3316210727511647,0.0068833656,0.1381,0.1955,Maintain,Mantenimiento - comunicacion periodica,Low
8896-BQTTI,0.2547,Low,0.0,Low,0.2732,0,0.28156731573288735,0.0,0.2732,0.1954,Maintain,Mantenimiento - comunicacion periodica,Low
1194-BHJYC,0.0251,Low,21.07,High,0.3539,0,0.0072870624776012445,0.40286806,0.3539,0.1953,Grow_Upsell,Campana de upsell / cross-sell,Low
2724-FJDYW,0.0911,Low,16.71,Medium,0.2811,0,0.08613068928443436,0.31950286,0.2811,0.1951,Maintain,Mantenimiento - comunicacion periodica,Low
0468-YRPXN,0.2848,Low,0.49,Low,0.167,0,0.3175247879584279,0.009369025,0.167,0.195,Maintain,Mantenimiento - comunicacion periodica,Low
3126-WQMGH,0.0767,Low,7.29,Medium,0.5931,0,0.06892844343567077,0.13938814,0.5931,0.1949,Maintain,Mantenimiento - comunicacion periodica,Low
5663-QBGIS,0.0897,Low,13.05,Medium,0.3892,0,0.08445824871580457,0.249522,0.3892,0.1949,Maintain,Mantenimiento - comunicacion periodica,Low
1122-YJBCS,0.0363,Low,18.94,Medium,0.3777,0,0.02066658702663959,0.36214152,0.3777,0.1945,Maintain,Mantenimiento - comunicacion periodica,Low
6937-GCDGQ,0.0951,Low,22.47,High,0.0996,0,0.09090909090909091,0.42963672,0.0996,0.1943,Grow_Upsell,Campana de upsell / cross-sell,Low
5307-UVGNB,0.089,Low,9.96,Medium,0.4769,0,0.08362202843148966,0.19043978,0.4769,0.1943,Maintain,Mantenimiento - comunicacion periodica,Low
0277-BKSQP,0.2299,Low,4.32,Low,0.2178,0,0.25194122566001675,0.082600385,0.2178,0.1943,Maintain,Mantenimiento - comunicacion periodica,Low
7929-DMBCV,0.1576,Low,14.44,Medium,0.143,0,0.16557161629434955,0.2760994,0.143,0.1942,Maintain,Mantenimiento - comunicacion periodica,Low
5035-PGZXH,0.2767,Low,0.13,Low,0.1975,0,0.3078485246684984,0.0024856597,0.1975,0.1942,Maintain,Mantenimiento - comunicacion periodica,Low
2019-HDCZY,0.1236,Low,9.38,Medium,0.3888,0,0.12495520248476885,0.17934991,0.3888,0.194,Maintain,Mantenimiento - comunicacion periodica,Low
7025-WCBNE,0.0486,Low,24.66,High,0.1739,0,0.03536017202245849,0.47151053,0.1739,0.1939,Grow_Upsell,Campana de upsell / cross-sell,Low
0580-PIQHM,0.1483,Low,4.36,Low,0.4583,0,0.15446183251702306,0.0833652,0.4583,0.1939,Maintain,Mantenimiento - comunicacion periodica,Low
1877-HKBQX,0.1558,Low,16.72,Medium,0.0811,0,0.1634213355632541,0.31969407,0.0811,0.1938,Maintain,Mantenimiento - comunicacion periodica,Low
0419-YAAPX,0.1448,Low,9.75,Medium,0.3139,0,0.1502807310954486,0.18642448,0.3139,0.1938,Maintain,Mantenimiento - comunicacion periodica,Low
4250-ZBWLV,0.1891,Low,0.0,Low,0.461,0,0.2032015290885199,0.0,0.461,0.1938,Maintain,Mantenimiento - comunicacion periodica,Low
8409-WQJUX,0.0678,Low,17.62,Medium,0.3181,0,0.058296499820809936,0.3369025,0.3181,0.1938,Maintain,Mantenimiento - comunicacion periodica,Low
4016-BJKTZ,0.1688,Low,2.48,Low,0.4506,0,0.17895114084338792,0.04741874,0.4506,0.1938,Maintain,Mantenimiento - comunicacion periodica,Low
2812-ENYMO,0.0762,Low,17.34,Medium,0.3004,0,0.06833114323258871,0.33154875,0.3004,0.1937,Maintain,Mantenimiento - comunicacion periodica,Low
0927-CNGRH,0.2769,Low,0.9,Low,0.1726,0,0.3080874447497312,0.017208412,0.1726,0.1937,Maintain,Mantenimiento - comunicacion periodica,Low
4676-MQUEA,0.1807,Low,4.29,Low,0.3624,0,0.19316688567674115,0.08202677,0.3624,0.1937,Maintain,Mantenimiento - comunicacion periodica,Low
8868-GAGIO,0.1644,Low,11.06,Medium,0.2167,0,0.1736948990562657,0.21147229,0.2167,0.1936,Maintain,Mantenimiento - comunicacion periodica,Low
5562-BETPV,0.2781,Low,0.91,Low,0.168,0,0.3095209652371282,0.017399618,0.168,0.1936,Maintain,Mantenimiento - comunicacion periodica,Low
8152-VETUR,0.0779,Low,13.42,Medium,0.4068,0,0.07036196392306773,0.25659657,0.4068,0.1935,Maintain,Mantenimiento - comunicacion periodica,Low
8388-FYNPZ,0.2717,Low,2.37,Low,0.1446,0,0.3018755226376777,0.045315485,0.1446,0.1935,Maintain,Mantenimiento - comunicacion periodica,Low
1120-BMWUB,0.2676,Low,5.14,Medium,0.0772,0,0.29697766097240474,0.098279156,0.0772,0.1934,Maintain,Mantenimiento - comunicacion periodica,Low
5600-PDUJF,0.2035,Low,9.25,Medium,0.1499,0,0.2204037749372835,0.17686425,0.1499,0.1932,Maintain,Mantenimiento - comunicacion periodica,Low
8259-DZLIZ,0.0543,Low,17.68,Medium,0.3536,0,0.04216939433759408,0.3380497,0.3536,0.1932,Maintain,Mantenimiento - comunicacion periodica,Low
6942-LBFDP,0.1807,Low,0.07,Low,0.4806,0,0.19316688567674115,0.0013384322,0.4806,0.1931,Maintain,Mantenimiento - comunicacion periodica,Low
1564-HJUVY,0.2247,Low,0.0,Low,0.3513,0,0.24572930354796324,0.0,0.3513,0.1931,Maintain,Mantenimiento - comunicacion periodica,Low
1170-SASML,0.1467,Low,9.68,Medium,0.3061,0,0.15255047186716045,0.18508606,0.3061,0.193,Maintain,Mantenimiento - comunicacion periodica,Low
9732-EQMWY,0.2318,Low,0.78,Low,0.3068,0,0.25421096643172864,0.014913958,0.3068,0.1929,Maintain,Mantenimiento - comunicacion periodica,Low
0409-WTMPL,0.2056,Low,0.05,Low,0.4052,0,0.2229124357902282,0.000956023,0.4052,0.1928,Maintain,Mantenimiento - comunicacion periodica,Low
2684-EIWEO,0.2895,Low,3.93,Low,0.0432,0,0.3231394098673993,0.075143404,0.0432,0.1928,Maintain,Mantenimiento - comunicacion periodica,Low
1518-OMDIK,0.0808,Low,13.41,Medium,0.3947,0,0.07382630510094373,0.25640535,0.3947,0.1928,Maintain,Mantenimiento - comunicacion periodica,Low
7103-IPXPJ,0.2117,Low,6.34,Medium,0.2064,0,0.23019949826782943,0.12122371,0.2064,0.1927,Maintain,Mantenimiento - comunicacion periodica,Low
9494-BDNNC,0.1989,Low,9.87,Medium,0.1426,0,0.21490861306892847,0.18871893,0.1426,0.1926,Maintain,Mantenimiento - comunicacion periodica,Low
3161-GETRM,0.2449,Low,5.38,Medium,0.134,0,0.2698602317524788,0.10286807,0.134,0.1926,Maintain,Mantenimiento - comunicacion periodica,Low
8564-LDKFL,0.2759,Low,0.47,Low,0.1816,0,0.30689284434356706,0.008986616,0.1816,0.1925,Maintain,Mantenimiento - comunicacion periodica,Low
6652-YFFJO,0.3293,Medium,0.3,Low,0.0263,0,0.370684506032732,0.005736138,0.0263,0.1923,Maintain,Mantenimiento - comunicacion periodica,Low
5419-KLXBN,0.2632,Low,6.51,Medium,0.0454,0,0.29172141918528255,0.12447419,0.0454,0.1923,Maintain,Mantenimiento - comunicacion periodica,Low
5327-CNLUQ,0.0931,Low,13.34,Medium,0.3574,0,0.08851989009676264,0.25506693,0.3574,0.1923,Maintain,Mantenimiento - comunicacion periodica,Low
0260-ZDLGK,0.2809,Low,0.0,Low,0.1784,0,0.31286584637438775,0.0,0.1784,0.1921,Maintain,Mantenimiento - comunicacion periodica,Low
9499-XPZXM,0.0274,Low,18.46,Medium,0.4059,0,0.010034643411778761,0.35296366,0.4059,0.1921,Maintain,Mantenimiento - comunicacion periodica,Low
8089-UZWLX,0.148,Low,8.49,Medium,0.3315,0,0.15410345239517384,0.1623327,0.3315,0.1921,Maintain,Mantenimiento - comunicacion periodica,Low
9060-HJJRW,0.0939,Low,15.84,Medium,0.2819,0,0.08947557042169395,0.30286807,0.2819,0.192,Maintain,Mantenimiento - comunicacion periodica,Low
5712-AHQNN,0.2754,Low,3.99,Low,0.0797,0,0.306295544140485,0.07629063,0.0797,0.192,Maintain,Mantenimiento - comunicacion periodica,Low
4109-CYRBD,0.1188,Low,6.98,Medium,0.4617,0,0.11922112053518098,0.1334608,0.4617,0.192,Maintain,Mantenimiento - comunicacion periodica,Low
1215-FIGMP,0.1933,Low,5.24,Medium,0.2892,0,0.2082188507944093,0.1001912,0.2892,0.192,Maintain,Mantenimiento - comunicacion periodica,Low
7601-WFVZV,0.2739,Low,0.9,Low,0.1726,0,0.30450364353123877,0.017208412,0.1726,0.1919,Maintain,Mantenimiento - comunicacion periodica,Low
1029-QFBEN,0.2739,Low,0.9,Low,0.1726,0,0.30450364353123877,0.017208412,0.1726,0.1919,Maintain,Mantenimiento - comunicacion periodica,Low
8393-JMVMB,0.2685,Low,0.97,Low,0.1863,0,0.2980528013379525,0.018546846,0.1863,0.1919,Maintain,Mantenimiento - comunicacion periodica,Low
3926-YZVVX,0.0638,Low,21.77,High,0.2005,0,0.05351809819615338,0.4162524,0.2005,0.1917,Grow_Upsell,Campana de upsell / cross-sell,Low
7781-EWARA,0.0669,Low,11.96,Medium,0.4719,0,0.057221359455262216,0.22868069,0.4719,0.1916,Maintain,Mantenimiento - comunicacion periodica,Low
3982-DQLUS,0.1342,Low,9.17,Medium,0.3505,0,0.13761796679010874,0.17533462,0.3505,0.1915,Maintain,Mantenimiento - comunicacion periodica,Low
5336-UFNZP,0.2463,Low,0.13,Low,0.2749,0,0.2715326723211086,0.0024856597,0.2749,0.1915,Maintain,Mantenimiento - comunicacion periodica,Low
8677-HDZEE,0.2891,Low,0.0,Low,0.1508,0,0.3226615697049337,0.0,0.1508,0.1915,Maintain,Mantenimiento - comunicacion periodica,Low
8496-DMZUK,0.1322,Low,15.15,Medium,0.1842,0,0.13522876597778044,0.28967494,0.1842,0.1914,Maintain,Mantenimiento - comunicacion periodica,Low
7176-WRTNX,0.0767,Low,0.25,Low,0.7772,1,0.06892844343567077,0.0047801146,0.7772,0.1913,Investigate_Billing,Revision de facturacion / condiciones especiales,Low
2927-QRRQV,0.2002,Low,10.75,Medium,0.107,0,0.21646159359694184,0.20554493,0.107,0.1913,Maintain,Mantenimiento - comunicacion periodica,Low
1098-TDVUQ,0.256,Low,1.18,Low,0.2148,0,0.28312029626090074,0.02256214,0.2148,0.1913,Maintain,Mantenimiento - comunicacion periodica,Low
4316-XCSLJ,0.2372,Low,8.17,Medium,0.0698,0,0.260661808625015,0.15621415,0.0698,0.1912,Maintain,Mantenimiento - comunicacion periodica,Low
4646-QZXTF,0.2218,Low,0.0,Low,0.3499,0,0.24226496237008724,0.0,0.3499,0.1911,Maintain,Mantenimiento - comunicacion periodica,Low
5802-ADBRC,0.2757,Low,1.26,Low,0.152,0,0.30665392426233423,0.024091778,0.152,0.191,Maintain,Mantenimiento - comunicacion periodica,Low
2887-JPYLU,0.0667,Low,12.78,Medium,0.4455,0,0.05698243937402938,0.24435946,0.4455,0.1909,Maintain,Mantenimiento - comunicacion periodica,Low
1848-LBZHY,0.236,Low,8.23,Medium,0.0704,0,0.259228288137618,0.15736137,0.0704,0.1909,Maintain,Mantenimiento - comunicacion periodica,Low
8232-CTLKO,0.0393,Low,21.93,High,0.2643,0,0.024250388245132006,0.41931167,0.2643,0.1908,Grow_Upsell,Campana de upsell / cross-sell,Low
2237-ZFSMY,0.2055,Low,9.61,Medium,0.1212,0,0.22279297574961177,0.1837476,0.1212,0.1908,Maintain,Mantenimiento - comunicacion periodica,Low
7572-KPVKK,0.1648,Low,6.7,Medium,0.3252,0,0.17417273921873136,0.12810707,0.3252,0.1906,Maintain,Mantenimiento - comunicacion periodica,Low
4007-NHVHI,0.208,Low,0.41,Low,0.3768,0,0.2257794767650221,0.007839388,0.3768,0.1906,Maintain,Mantenimiento - comunicacion periodica,Low
2080-SRCDE,0.2461,Low,0.0,Low,0.2744,0,0.2712937522398758,0.0,0.2744,0.1905,Maintain,Mantenimiento - comunicacion periodica,Low
9426-SXNHE,0.12,Low,1.55,Low,0.6058,1,0.12065464102257795,0.02963671,0.6058,0.1904,Investigate_Billing,Revision de facturacion / condiciones especiales,Low
8565-WUXZU,0.0343,Low,25.94,High,0.1624,0,0.01827738621431131,0.49598473,0.1624,0.1904,Grow_Upsell,Campana de upsell / cross-sell,Low
9039-RBEEE,0.1373,Low,9.85,Medium,0.316,0,0.14132122804921754,0.18833654,0.316,0.1904,Maintain,Mantenimiento - comunicacion periodica,Low
0348-SDKOL,0.2922,Low,0.0,Low,0.1354,0,0.32636483096404256,0.0,0.1354,0.1903,Maintain,Mantenimiento - comunicacion periodica,Low
0266-CLZKZ,0.0913,Low,5.51,Medium,0.5771,0,0.08636960936566719,0.105353735,0.5771,0.1902,Maintain,Mantenimiento - comunicacion periodica,Low
2308-STERM,0.1188,Low,1.05,Low,0.6227,1,0.11922112053518098,0.020076482,0.6227,0.1902,Investigate_Billing,Revision de facturacion / condiciones especiales,Low
6064-ZATLR,0.0364,Low,25.32,High,0.1727,0,0.020786047067256008,0.48413002,0.1727,0.1902,Grow_Upsell,Campana de upsell / cross-sell,Low
9848-JQJTX,0.1118,Low,7.31,Medium,0.4638,0,0.11085891769203202,0.13977055,0.4638,0.1901,Maintain,Mantenimiento - comunicacion periodica,Low
2003-CKLOR,0.2291,Low,0.81,Low,0.2997,0,0.25098554533508544,0.015487572,0.2997,0.1901,Maintain,Mantenimiento - comunicacion periodica,Low
0516-OOHAR,0.2393,Low,4.94,Low,0.1507,0,0.2631704694779597,0.09445507,0.1507,0.1901,Maintain,Mantenimiento - comunicacion periodica,Low
0447-BEMNG,0.1175,Low,13.03,Medium,0.2827,0,0.11766814000716759,0.24913958,0.2827,0.1901,Maintain,Mantenimiento - comunicacion periodica,Low
5274-XHAKY,0.2963,Low,1.29,Low,0.0852,0,0.3312626926293155,0.024665391,0.0852,0.1901,Maintain,Mantenimiento - comunicacion periodica,Low
6862-CQUMB,0.2706,Low,0.56,Low,0.1832,0,0.30056146219089713,0.010707458,0.1832,0.1901,Maintain,Mantenimiento - comunicacion periodica,Low
9578-VRMNM,0.3272,Medium,0.0,Low,0.0302,0,0.36817584517978735,0.0,0.0302,0.1901,Maintain,Mantenimiento - comunicacion periodica,Low
1399-UBQIU,0.272,Low,0.0,Low,0.1946,0,0.30223390275952694,0.0,0.1946,0.19,Maintain,Mantenimiento - comunicacion periodica,Low
1518-VOWAV,0.2524,Low,0.0,Low,0.2531,0,0.27881973479870986,0.0,0.2531,0.19,Maintain,Mantenimiento - comunicacion periodica,Low
1064-FBXNK,0.2756,Low,0.7,Low,0.1636,0,0.3065344642217179,0.013384321,0.1636,0.19,Maintain,Mantenimiento - comunicacion periodica,Low
9050-QLROH,0.2542,Low,4.71,Low,0.1121,0,0.2809700155298053,0.090057366,0.1121,0.1899,Maintain,Mantenimiento - comunicacion periodica,Low
4983-CLMLV,0.2073,Low,0.0,Low,0.3871,0,0.22494325648070723,0.0,0.3871,0.1899,Maintain,Mantenimiento - comunicacion periodica,Low
6234-PFPXL,0.2356,Low,0.14,Low,0.2979,0,0.25875044797515234,0.0026768644,0.2979,0.1898,Maintain,Mantenimiento - comunicacion periodica,Low
5312-UXESG,0.2953,Low,0.0,Low,0.1234,0,0.33006809222315137,0.0,0.1234,0.1897,Maintain,Mantenimiento - comunicacion periodica,Low
3780-YVMFA,0.2858,Low,0.16,Low,0.146,0,0.318719388364592,0.0030592734,0.146,0.1895,Maintain,Mantenimiento - comunicacion periodica,Low
4393-RYCRE,0.2053,Low,0.26,Low,0.3825,0,0.22255405566837896,0.0049713193,0.3825,0.1893,Maintain,Mantenimiento - comunicacion periodica,Low
7621-VPNET,0.1533,Low,9.21,Medium,0.2802,0,0.16043483454784377,0.17609943,0.2802,0.1891,Maintain,Mantenimiento - comunicacion periodica,Low
1421-HCERK,0.2439,Low,0.0,Low,0.2738,0,0.2686656313463147,0.0,0.2738,0.1891,Maintain,Mantenimiento - comunicacion periodica,Low
7530-HDYDS,0.1848,Low,11.31,Medium,0.1259,0,0.1980647473420141,0.2162524,0.1259,0.1891,Maintain,Mantenimiento - comunicacion periodica,Low
4785-QRJHC,0.084,Low,12.55,Medium,0.3914,0,0.07764902640066898,0.23996177,0.3914,0.1891,Maintain,Mantenimiento - comunicacion periodica,Low
0678-RLHVP,0.2076,Low,5.8,Medium,0.216,0,0.22530163660255648,0.110898666,0.216,0.1891,Maintain,Mantenimiento - comunicacion periodica,Low
3410-MHHUM,0.1451,Low,10.55,Medium,0.2663,0,0.15063911121729784,0.20172085,0.2663,0.1891,Maintain,Mantenimiento - comunicacion periodica,Low
3572-UOLYZ,0.1696,Low,10.64,Medium,0.1906,0,0.17990682116831921,0.2034417,0.1906,0.1891,Maintain,Mantenimiento - comunicacion periodica,Low
9921-EZKBY,0.2444,Low,0.25,Low,0.2653,0,0.2692629315493968,0.0047801146,0.2653,0.1891,Maintain,Mantenimiento - comunicacion periodica,Low
2296-DKZFP,0.0311,Low,12.55,Medium,0.5487,0,0.01445466491458607,0.23996177,0.5487,0.189,Maintain,Mantenimiento - comunicacion periodica,Low
0461-CVKMU,0.2007,Low,11.63,Medium,0.0685,0,0.2170588938000239,0.22237094,0.0685,0.1889,Maintain,Mantenimiento - comunicacion periodica,Low
9412-GHEEC,0.2765,Low,0.0,Low,0.1756,0,0.3076096045872656,0.0,0.1756,0.1889,Maintain,Mantenimiento - comunicacion periodica,Low
4422-QVIJA,0.069,Low,7.79,Medium,0.5717,0,0.05973002030820691,0.14894837,0.5717,0.1889,Maintain,Mantenimiento - comunicacion periodica,Low
9411-TPQQV,0.0779,Low,16.89,Medium,0.2843,0,0.07036196392306773,0.32294455,0.2843,0.1889,Maintain,Mantenimiento - comunicacion periodica,Low
8996-ZROXE,0.0852,Low,19.1,Medium,0.1988,0,0.07908254688806594,0.3652008,0.1988,0.1889,Maintain,Mantenimiento - comunicacion periodica,Low
7306-YDSOI,0.0228,Low,23.05,High,0.2714,0,0.004539481543423727,0.44072658,0.2714,0.1888,Grow_Upsell,Campana de upsell / cross-sell,Low
0564-MUUQK,0.3093,Low,0.09,Low,0.0739,0,0.3467924979094493,0.0017208414,0.0739,0.1887,Maintain,Mantenimiento - comunicacion periodica,Low
4908-XAXAY,0.1272,Low,15.3,Medium,0.1807,0,0.12925576394695976,0.29254302,0.1807,0.1885,Maintain,Mantenimiento - comunicacion periodica,Low
8773-HHUOZ,0.3216,Medium,0.26,Low,0.0308,0,0.3614860829052682,0.0049713193,0.0308,0.1884,Maintain,Mantenimiento - comunicacion periodica,Low
2452-KDRRH,0.244,Low,0.04,Low,0.2683,0,0.2687850913869311,0.00076481834,0.2683,0.1883,Maintain,Mantenimiento - comunicacion periodica,Low
9795-SHUHB,0.0215,Low,24.77,High,0.223,0,0.002986501015410344,0.47361377,0.223,0.1882,Grow_Upsell,Campana de upsell / cross-sell,Low
6968-URWQU,0.1029,Low,15.9,Medium,0.2344,0,0.1002269740771712,0.30401528,0.2344,0.1882,Maintain,Mantenimiento - comunicacion periodica,Low
1984-FCOWB,0.237,Low,0.01,Low,0.2892,0,0.2604228885437821,0.00019120458,0.2892,0.1881,Maintain,Mantenimiento - comunicacion periodica,Low
4159-NAAIX,0.1203,Low,13.65,Medium,0.2464,0,0.12101302114442719,0.26099426,0.2464,0.1881,Maintain,Mantenimiento - comunicacion periodica,Low
9705-ZJBCG,0.1462,Low,18.19,Medium,0.0386,0,0.15195317166407837,0.34780115,0.0386,0.188,Maintain,Mantenimiento - comunicacion periodica,Low
1091-SOZGA,0.2083,Low,5.99,Medium,0.203,0,0.22613785688687138,0.11453155,0.203,0.188,Maintain,Mantenimiento - comunicacion periodica,Low
3563-SVYLG,0.0222,Low,19.62,Medium,0.3678,0,0.003822721299725244,0.37514344,0.3678,0.188,Maintain,Mantenimiento - comunicacion periodica,Low
6769-DCQLI,0.2584,Low,0.7,Low,0.2043,0,0.2859873372356947,0.013384321,0.2043,0.1879,Maintain,Mantenimiento - comunicacion periodica,Low
5766-ZJYBB,0.254,Low,0.97,Low,0.2095,0,0.2807310954485725,0.018546846,0.2095,0.1878,Maintain,Mantenimiento - comunicacion periodica,Low
4118-CEVPF,0.1836,Low,0.0,Low,0.4475,0,0.19663122685461717,0.0,0.4475,0.1878,Maintain,Mantenimiento - comunicacion periodica,Low
2091-MJTFX,0.2143,Low,7.11,Medium,0.1515,0,0.23330545932385618,0.13594647,0.1515,0.1877,Maintain,Mantenimiento - comunicacion periodica,Low
7632-MNYOY,0.197,Low,0.01,Low,0.4064,0,0.21263887229721662,0.00019120458,0.4064,0.1877,Maintain,Mantenimiento - comunicacion periodica,Low
3113-IWHLC,0.2759,Low,2.91,Low,0.0879,0,0.30689284434356706,0.055640537,0.0879,0.1877,Maintain,Mantenimiento - comunicacion periodica,Low
4367-NUYAO,0.1016,Low,0.06,Low,0.6895,1,0.0986739935491578,0.0011472275,0.6895,0.1876,Investigate_Billing,Revision de facturacion / condiciones especiales,Low
3948-XHGNA,0.2096,Low,9.2,Medium,0.105,0,0.22769083741488474,0.17590822,0.105,0.1876,Maintain,Mantenimiento - comunicacion periodica,Low
6845-RGTYS,0.2555,Low,0.16,Low,0.2272,0,0.2825229960578187,0.0030592734,0.2272,0.1876,Maintain,Mantenimiento - comunicacion periodica,Low
0471-LVHGK,0.2984,Low,0.31,Low,0.0941,0,0.33377135348226017,0.0059273425,0.0941,0.1875,Maintain,Mantenimiento - comunicacion periodica,Low
1114-CENIM,0.1507,Low,4.01,Low,0.4287,0,0.157328873491817,0.076673046,0.4287,0.1874,Maintain,Mantenimiento - comunicacion periodica,Low
2832-SCUCO,0.1362,Low,0.5,Low,0.5719,0,0.14000716760243698,0.009560229,0.5719,0.1873,Maintain,Mantenimiento - comunicacion periodica,Low
2971-SGAFL,0.262,Low,0.0,Low,0.211,0,0.29028789869788557,0.0,0.211,0.1873,Maintain,Mantenimiento - comunicacion periodica,Low
0959-WHOKV,0.1669,Low,6.61,Medium,0.304,0,0.17668140007167604,0.12638624,0.304,0.1871,Maintain,Mantenimiento - comunicacion periodica,Low
3865-YIOTT,0.1502,Low,0.37,Low,0.5324,0,0.15673157328873494,0.00707457,0.5324,0.187,Maintain,Mantenimiento - comunicacion periodica,Low
3213-VVOLG,0.1016,Low,0.06,Low,0.6867,1,0.0986739935491578,0.0011472275,0.6867,0.187,Investigate_Billing,Revision de facturacion / condiciones especiales,Low
3424-NMNBO,0.2538,Low,0.0,Low,0.2333,0,0.28049217536733967,0.0,0.2333,0.1869,Maintain,Mantenimiento - comunicacion periodica,Low
7129-ACFOG,0.2359,Low,4.66,Low,0.1525,0,0.2591088280970016,0.08910134,0.1525,0.1868,Maintain,Mantenimiento - comunicacion periodica,Low
2673-CXQEU,0.245,Low,0.01,Low,0.2589,0,0.2699796917930952,0.00019120458,0.2589,0.1868,Maintain,Mantenimiento - comunicacion periodica,Low
4374-YMUSQ,0.1505,Low,0.06,Low,0.5391,0,0.15708995341058418,0.0011472275,0.5391,0.1867,Maintain,Mantenimiento - comunicacion periodica,Low
8705-DWKTI,0.1537,Low,11.19,Medium,0.2098,0,0.16091267471030943,0.21395794,0.2098,0.1866,Maintain,Mantenimiento - comunicacion periodica,Low
6681-ZSEXG,0.0264,Low,24.5,High,0.2082,0,0.008840043005614622,0.46845126,0.2082,0.1866,Grow_Upsell,Campana de upsell / cross-sell,Low
9495-SKLKD,0.2365,Low,0.68,Low,0.2635,0,0.2598255883407001,0.013001912,0.2635,0.1865,Maintain,Mantenimiento - comunicacion periodica,Low
6103-LIANB,0.167,Low,11.76,Medium,0.1532,0,0.17680086011229248,0.2248566,0.1532,0.1865,Maintain,Mantenimiento - comunicacion periodica,Low
4462-CYWMH,0.1786,Low,5.33,Medium,0.303,0,0.19065822482379646,0.101912044,0.303,0.1865,Maintain,Mantenimiento - comunicacion periodica,Low
9825-YCXWZ,0.1915,Low,4.73,Low,0.2805,0,0.20606857006331386,0.090439774,0.2805,0.1863,Maintain,Mantenimiento - comunicacion periodica,Low
9220-ZNKJI,0.0656,Low,22.35,High,0.1505,0,0.055668378927248845,0.42734227,0.1505,0.1861,Grow_Upsell,Campana de upsell / cross-sell,Low
9699-UBQFS,0.2693,Low,1.2,Low,0.1464,0,0.29900848166288374,0.022944553,0.1464,0.1857,Maintain,Mantenimiento - comunicacion periodica,Low
4282-MSACW,0.1243,Low,0.0,Low,0.6138,1,0.12579142276908373,0.0,0.6138,0.1857,Investigate_Billing,Revision de facturacion / condiciones especiales,Low
2858-MOFSQ,0.155,Low,15.6,Medium,0.0749,0,0.1624656552383228,0.29827917,0.0749,0.1857,Maintain,Mantenimiento - comunicacion periodica,Low
5510-BOIUJ,0.2464,Low,1.18,Low,0.2148,0,0.27165213236172503,0.02256214,0.2148,0.1856,Maintain,Mantenimiento - comunicacion periodica,Low
2995-UPRYS,0.1996,Low,6.23,Medium,0.2099,0,0.21574483335324338,0.119120464,0.2099,0.1856,Maintain,Mantenimiento - comunicacion periodica,Low
7617-EYGLW,0.2578,Low,0.98,Low,0.1863,0,0.28527057699199615,0.01873805,0.1863,0.1855,Maintain,Mantenimiento - comunicacion periodica,Low
0080-EMYVY,0.105,Low,21.5,High,0.0538,0,0.10273563493011588,0.41108987,0.0538,0.1855,Grow_Upsell,Campana de upsell / cross-sell,Low
7654-YWJUF,0.0799,Low,20.78,High,0.1495,0,0.07275116473539602,0.39732316,0.1495,0.1855,Grow_Upsell,Campana de upsell / cross-sell,Low
6156-UZDLF,0.1304,Low,19.05,Medium,0.0485,0,0.13307848524668497,0.36424473,0.0485,0.1855,Maintain,Mantenimiento - comunicacion periodica,Low
2041-JIJCI,0.2191,Low,0.0,Low,0.3296,0,0.23903954127344404,0.0,0.3296,0.1854,Maintain,Mantenimiento - comunicacion periodica,Low
7018-FPXHH,0.0217,Low,23.03,High,0.2586,0,0.0032254210966431744,0.44034418,0.2586,0.1854,Grow_Upsell,Campana de upsell / cross-sell,Low
9501-UKKNL,0.1804,Low,5.97,Medium,0.2735,0,0.19280850555489193,0.11414914,0.2735,0.1853,Maintain,Mantenimiento - comunicacion periodica,Low
1063-DHQJF,0.0505,Low,19.92,Medium,0.2607,0,0.03762991279417035,0.38087955,0.2607,0.1852,Maintain,Mantenimiento - comunicacion periodica,Low
4431-EDMIQ,0.1934,Low,0.05,Low,0.4036,0,0.2083383108350257,0.000956023,0.4036,0.1852,Maintain,Mantenimiento - comunicacion periodica,Low
9359-JANWS,0.0274,Low,23.54,High,0.2252,0,0.010034643411778761,0.45009562,0.2252,0.1851,Grow_Upsell,Campana de upsell / cross-sell,Low
5312-IRCFR,0.1707,Low,12.25,Medium,0.1207,0,0.18122088161509975,0.23422563,0.1207,0.185,Maintain,Mantenimiento - comunicacion periodica,Low
4524-QCSSM,0.1266,Low,14.67,Medium,0.1824,0,0.12853900370326124,0.28049713,0.1824,0.1849,Maintain,Mantenimiento - comunicacion periodica,Low
1842-EZJMK,0.2463,Low,0.01,Low,0.2448,0,0.2715326723211086,0.00019120458,0.2448,0.1848,Maintain,Mantenimiento - comunicacion periodica,Low
1229-RCALF,0.1528,Low,0.0,Low,0.5233,0,0.1598375343447617,0.0,0.5233,0.1846,Maintain,Mantenimiento - comunicacion periodica,Low
0186-CAERR,0.1204,Low,0.0,Low,0.6195,1,0.12113248118504359,0.0,0.6195,0.1845,Investigate_Billing,Revision de facturacion / condiciones especiales,Low
0670-ANMUU,0.0636,Low,8.73,Medium,0.5385,0,0.05327917811492056,0.1669216,0.5385,0.1844,Maintain,Mantenimiento - comunicacion periodica,Low
9412-ARGBX,0.1324,Low,15.51,Medium,0.1379,0,0.13546768605901324,0.29655832,0.1379,0.1843,Maintain,Mantenimiento - comunicacion periodica,Low
2378-VTKDH,0.1953,Low,0.0,Low,0.3951,0,0.21060805160673757,0.0,0.3951,0.1843,Maintain,Mantenimiento - comunicacion periodica,Low
2434-EEVDB,0.0903,Low,16.75,Medium,0.2273,0,0.08517500895950306,0.32026768,0.2273,0.1841,Maintain,Mantenimiento - comunicacion periodica,Low
7047-FWEYA,0.2104,Low,2.18,Low,0.2859,0,0.22864651773981606,0.0416826,0.2859,0.184,Maintain,Mantenimiento - comunicacion periodica,Low
2483-XSSMZ,0.0596,Low,22.34,High,0.1576,0,0.048500776490264005,0.42715105,0.1576,0.1839,Grow_Upsell,Campana de upsell / cross-sell,Low
0020-JDNXP,0.0577,Low,11.13,Medium,0.4845,0,0.046231035718552145,0.21281071,0.4845,0.1839,Maintain,Mantenimiento - comunicacion periodica,Low
1470-PSXNM,0.1602,Low,12.14,Medium,0.1497,0,0.16867757735037633,0.23212238,0.1497,0.1839,Maintain,Mantenimiento - comunicacion periodica,Low
2659-VXMWZ,0.2196,Low,0.0,Low,0.3194,0,0.2396368414765261,0.0,0.3194,0.1837,Maintain,Mantenimiento - comunicacion periodica,Low
6847-KJLTS,0.2527,Low,0.0,Low,0.2206,0,0.27917811492055905,0.0,0.2206,0.1837,Maintain,Mantenimiento - comunicacion periodica,Low
7011-CVEUC,0.289,Low,0.5,Low,0.097,0,0.32254210966431723,0.009560229,0.097,0.1835,Maintain,Mantenimiento - comunicacion periodica,Low
1525-LNLOJ,0.0452,Low,20.17,High,0.2608,0,0.03129853064150042,0.38565966,0.2608,0.1835,Grow_Upsell,Campana de upsell / cross-sell,Low
1555-DJEQW,0.0802,Low,0.05,Low,0.733,1,0.07310954485724525,0.000956023,0.733,0.1834,Investigate_Billing,Revision de facturacion / condiciones especiales,Low
4097-YODCF,0.2476,Low,1.82,Low,0.1822,0,0.273085652849122,0.034799237,0.1822,0.1834,Maintain,Mantenimiento - comunicacion periodica,Low
7398-LXGYX,0.1417,Low,10.72,Medium,0.2428,0,0.14657746983633974,0.20497133,0.2428,0.1833,Maintain,Mantenimiento - comunicacion periodica,Low
0744-GKNGE,0.0606,Low,8.81,Medium,0.5395,0,0.049695376896428146,0.16845125,0.5395,0.1833,Maintain,Mantenimiento - comunicacion periodica,Low
0691-JVSYA,0.1922,Low,10.53,Medium,0.0972,0,0.20690479034762876,0.20133843,0.0972,0.1833,Maintain,Mantenimiento - comunicacion periodica,Low
3164-YAXFY,0.1277,Low,5.22,Medium,0.4423,0,0.12985306415004183,0.09980879,0.4423,0.1833,Maintain,Mantenimiento - comunicacion periodica,Low
3604-WLABM,0.2253,Low,5.16,Medium,0.152,0,0.24644606379166173,0.098661564,0.152,0.1832,Maintain,Mantenimiento - comunicacion periodica,Low
0983-TATYJ,0.0542,Low,20.94,High,0.2105,0,0.042049934296977655,0.40038243,0.2105,0.1832,Grow_Upsell,Campana de upsell / cross-sell,Low
4950-BDEUX,0.1771,Low,8.57,Medium,0.1971,0,0.18886632421455027,0.16386233,0.1971,0.183,Maintain,Mantenimiento - comunicacion periodica,Low
1732-FEKLD,0.1932,Low,10.31,Medium,0.0986,0,0.20809939075379288,0.19713195,0.0986,0.1829,Maintain,Mantenimiento - comunicacion periodica,Low
6804-GDMOI,0.2044,Low,4.97,Low,0.2178,0,0.22147891530283123,0.095028676,0.2178,0.1828,Maintain,Mantenimiento - comunicacion periodica,Low
9572-MTILT,0.2466,Low,0.0,Low,0.234,0,0.27189105244295786,0.0,0.234,0.1827,Maintain,Mantenimiento - comunicacion periodica,Low
5777-KJIRB,0.0625,Low,21.71,High,0.161,0,0.05196511766814001,0.41510516,0.161,0.1827,Grow_Upsell,Campana de upsell / cross-sell,Low
1935-IMVBB,0.1736,Low,6.25,Medium,0.2714,0,0.18468522279297578,0.11950287,0.2714,0.1825,Maintain,Mantenimiento - comunicacion periodica,Low
3927-NLNRY,0.1448,Low,10.91,Medium,0.2239,0,0.1502807310954486,0.2086042,0.2239,0.1825,Maintain,Mantenimiento - comunicacion periodica,Low
6736-DHUQI,0.0575,Low,20.74,High,0.2015,0,0.04599211563731933,0.3965583,0.2015,0.1823,Grow_Upsell,Campana de upsell / cross-sell,Low
8292-TYSPY,0.2849,Low,3.41,Low,0.0195,0,0.3176442479990443,0.06520077,0.0195,0.1823,Maintain,Mantenimiento - comunicacion periodica,Low
2988-GBIVW,0.1398,Low,4.68,Low,0.4156,0,0.14430772906462788,0.089483745,0.4156,0.1821,Maintain,Mantenimiento - comunicacion periodica,Low
1548-ARAGG,0.2754,Low,0.08,Low,0.1424,0,0.306295544140485,0.0015296367,0.1424,0.1821,Maintain,Mantenimiento - comunicacion periodica,Low
9777-IQHWP,0.0636,Low,17.06,Medium,0.2879,0,0.05327917811492056,0.32619503,0.2879,0.1821,Maintain,Mantenimiento - comunicacion periodica,Low
7233-DRTRF,0.2781,Low,0.0,Low,0.1363,0,0.3095209652371282,0.0,0.1363,0.182,Maintain,Mantenimiento - comunicacion periodica,Low
9441-QHEVC,0.2352,Low,1.35,Low,0.2256,0,0.2582726078126867,0.02581262,0.2256,0.182,Maintain,Mantenimiento - comunicacion periodica,Low
3680-CTHUH,0.1322,Low,0.0,Low,0.5719,0,0.13522876597778044,0.0,0.5719,0.182,Maintain,Mantenimiento - comunicacion periodica,Low
3963-RYFNS,0.0466,Low,0.07,Low,0.8251,1,0.032970971210130214,0.0013384322,0.8251,0.1819,Investigate_Billing,Revision de facturacion / condiciones especiales,Low
0829-XXPLX,0.2093,Low,6.09,Medium,0.1664,0,0.22733245729303553,0.1164436,0.1664,0.1819,Maintain,Mantenimiento - comunicacion periodica,Low
2207-QPJED,0.2407,Low,5.47,Medium,0.0899,0,0.26484291004658944,0.10458891,0.0899,0.1818,Maintain,Mantenimiento - comunicacion periodica,Low
7854-EKTJL,0.2096,Low,0.82,Low,0.3164,0,0.22769083741488474,0.015678776,0.3164,0.1818,Maintain,Mantenimiento - comunicacion periodica,Low
3104-OWCGK,0.1468,Low,14.37,Medium,0.1152,0,0.1526699319077769,0.274761,0.1152,0.1818,Maintain,Mantenimiento - comunicacion periodica,Low
9975-SKRNR,0.2284,Low,1.49,Low,0.2405,0,0.25014932505077053,0.028489484,0.2405,0.1817,Maintain,Mantenimiento - comunicacion periodica,Low
3638-WEABW,0.0322,Low,23.52,High,0.1947,0,0.015768725361366625,0.4497132,0.1947,0.1817,Grow_Upsell,Campana de upsell / cross-sell,Low
7901-IIDQV,0.097,Low,16.68,Medium,0.1968,0,0.09317883168080278,0.31892926,0.1968,0.1816,Maintain,Mantenimiento - comunicacion periodica,Low
5095-ETBRJ,0.0247,Low,25.2,High,0.1683,0,0.006809222315135588,0.48183557,0.1683,0.1816,Grow_Upsell,Campana de upsell / cross-sell,Low
2165-VOEGB,0.2385,Low,0.47,Low,0.2382,0,0.2622147891530283,0.008986616,0.2382,0.1814,Maintain,Mantenimiento - comunicacion periodica,Low
5542-DHSXL,0.238,Low,3.44,Low,0.1544,0,0.26161748894994624,0.06577438,0.1544,0.1814,Maintain,Mantenimiento - comunicacion periodica,Low
7975-TZMLR,0.2476,Low,2.11,Low,0.1631,0,0.273085652849122,0.040344168,0.1631,0.1813,Maintain,Mantenimiento - comunicacion periodica,Low
7251-XFOIL,0.1656,Low,5.97,Medium,0.2968,0,0.17512841954366265,0.11414914,0.2968,0.1812,Maintain,Mantenimiento - comunicacion periodica,Low
5181-OABFK,0.0257,Low,22.6,High,0.2372,0,0.008003822721299727,0.43212238,0.2372,0.1811,Grow_Upsell,Campana de upsell / cross-sell,Low
3771-PZOBW,0.2417,Low,4.72,Low,0.1039,0,0.2660375104527536,0.09024856,0.1039,0.1809,Maintain,Mantenimiento - comunicacion periodica,Low
1455-HFBXA,0.0517,Low,19.56,Medium,0.2456,0,0.03906343328156733,0.37399617,0.2456,0.1809,Maintain,Mantenimiento - comunicacion periodica,Low
6807-SIWJI,0.2287,Low,0.96,Low,0.2509,0,0.2505077051726198,0.01835564,0.2509,0.1809,Maintain,Mantenimiento - comunicacion periodica,Low
7481-ATQQS,0.1995,Low,4.71,Low,0.23,0,0.21562537331262696,0.090057366,0.23,0.1808,Maintain,Mantenimiento - comunicacion periodica,Low
7409-JURKQ,0.1988,Low,0.02,Low,0.3662,0,0.21478915302831206,0.00038240917,0.3662,0.1807,Maintain,Mantenimiento - comunicacion periodica,Low
9332-GYWLO,0.2355,Low,3.03,Low,0.1694,0,0.2586309879345359,0.057934992,0.1694,0.1806,Maintain,Mantenimiento - comunicacion periodica,Low
3275-RHRNE,0.0954,Low,11.97,Medium,0.3312,0,0.09126747103094016,0.2288719,0.3312,0.1805,Maintain,Mantenimiento - comunicacion periodica,Low
4525-VZCZG,0.2097,Low,0.12,Low,0.3297,0,0.22781029745550116,0.002294455,0.3297,0.1805,Maintain,Mantenimiento - comunicacion periodica,Low
4012-YCFAI,0.0209,Low,22.93,High,0.2388,0,0.002269740771711861,0.43843213,0.2388,0.1804,Grow_Upsell,Campana de upsell / cross-sell,Low
3584-WKTTW,0.2088,Low,0.09,Low,0.3328,0,0.22673515708995345,0.0017208414,0.3328,0.1804,Maintain,Mantenimiento - comunicacion periodica,Low
3807-BPOMJ,0.1755,Low,10.45,Medium,0.1343,0,0.18695496356468763,0.19980879,0.1343,0.1803,Maintain,Mantenimiento - comunicacion periodica,Low
6906-MPARY,0.1185,Low,15.66,Medium,0.1552,0,0.11886274041333174,0.29942638,0.1552,0.1803,Maintain,Mantenimiento - comunicacion periodica,Low
1930-QPBVZ,0.0293,Low,15.27,Medium,0.4329,0,0.012304384183490624,0.29196942,0.4329,0.1803,Maintain,Mantenimiento - comunicacion periodica,Low
0929-PECLO,0.1394,Low,5.91,Medium,0.3708,0,0.14382988890216222,0.11300191,0.3708,0.18,Maintain,Mantenimiento - comunicacion periodica,Low
8952-WCVCD,0.1837,Low,1.52,Low,0.3644,0,0.19675068689523356,0.029063098,0.3644,0.18,Maintain,Mantenimiento - comunicacion periodica,Low
6818-WOBHJ,0.1611,Low,5.98,Medium,0.3036,0,0.16975271771592404,0.11434034,0.3036,0.1799,Maintain,Mantenimiento - comunicacion periodica,Low
6633-SYEUS,0.1267,Low,11.73,Medium,0.2402,0,0.12865846374387768,0.22428298,0.2402,0.1797,Maintain,Mantenimiento - comunicacion periodica,Low
0428-IKYCP,0.1884,Low,9.19,Medium,0.1283,0,0.20236530880420503,0.17571701,0.1283,0.1796,Maintain,Mantenimiento - comunicacion periodica,Low
4673-KKSLS,0.2167,Low,9.22,Medium,0.0431,0,0.23617250029865014,0.17629063,0.0431,0.1796,Maintain,Mantenimiento - comunicacion periodica,Low
4464-JCOLN,0.1983,Low,0.71,Low,0.3418,0,0.21419185282522998,0.013575526,0.3418,0.1795,Maintain,Mantenimiento - comunicacion periodica,Low
7134-MJPDY,0.1598,Low,1.97,Low,0.4202,0,0.16819973718791068,0.037667304,0.4202,0.1794,Maintain,Mantenimiento - comunicacion periodica,Low
8671-KKKOS,0.1029,Low,13.07,Medium,0.2718,0,0.1002269740771712,0.2499044,0.2718,0.1794,Maintain,Mantenimiento - comunicacion periodica,Low
1015-OWJKI,0.2284,Low,1.35,Low,0.2321,0,0.25014932505077053,0.02581262,0.2321,0.1792,Maintain,Mantenimiento - comunicacion periodica,Low
0363-QJVFX,0.2218,Low,0.0,Low,0.2901,0,0.24226496237008724,0.0,0.2901,0.1792,Maintain,Mantenimiento - comunicacion periodica,Low
0193-ESZXP,0.2211,Low,0.31,Low,0.2831,0,0.24142874208577234,0.0059273425,0.2831,0.1791,Maintain,Mantenimiento - comunicacion periodica,Low
6726-NNFWD,0.0479,Low,20.82,High,0.2122,0,0.03452395173814359,0.39808795,0.2122,0.1791,Grow_Upsell,Campana de upsell / cross-sell,Low
3763-GCZHZ,0.2446,Low,1.46,Low,0.1794,0,0.2695018516306296,0.02791587,0.1794,0.179,Maintain,Mantenimiento - comunicacion periodica,Low
1663-MHLHE,0.2352,Low,1.19,Low,0.2148,0,0.2582726078126867,0.022753347,0.2148,0.1789,Maintain,Mantenimiento - comunicacion periodica,Low
2519-TWKFS,0.0767,Low,15.83,Medium,0.268,0,0.06892844343567077,0.30267686,0.268,0.1789,Maintain,Mantenimiento - comunicacion periodica,Low
2573-GYRUU,0.2027,Low,4.76,Low,0.2095,0,0.21944809461235218,0.09101339,0.2095,0.1789,Maintain,Mantenimiento - comunicacion periodica,Low
5843-TTHGI,0.213,Low,8.5,Medium,0.0712,0,0.23175247879584282,0.1625239,0.0712,0.1789,Maintain,Mantenimiento - comunicacion periodica,Low
8782-LKFPK,0.1951,Low,5.23,Medium,0.2184,0,0.21036913152550474,0.1,0.2184,0.1789,Maintain,Mantenimiento - comunicacion periodica,Low
5998-DZLYR,0.1156,Low,16.34,Medium,0.1363,0,0.11539839923545574,0.3124283,0.1363,0.1787,Maintain,Mantenimiento - comunicacion periodica,Low
5206-XZZQI,0.1027,Low,14.8,Medium,0.2184,0,0.09998805399593837,0.2829828,0.2184,0.1786,Maintain,Mantenimiento - comunicacion periodica,Low
0060-FUALY,0.2722,Low,0.98,Low,0.1084,0,0.30247282284075977,0.01873805,0.1084,0.1785,Maintain,Mantenimiento - comunicacion periodica,Low
3733-ZEECP,0.129,Low,7.4,Medium,0.3515,0,0.1314060446780552,0.1414914,0.3515,0.1785,Maintain,Mantenimiento - comunicacion periodica,Low
6994-ORCWG,0.1317,Low,16.59,Medium,0.0791,0,0.1346314657746984,0.3172084,0.0791,0.1783,Maintain,Mantenimiento - comunicacion periodica,Low
4789-KWMXN,0.1862,Low,0.12,Low,0.3882,0,0.19973718791064393,0.002294455,0.3882,0.1782,Maintain,Mantenimiento - comunicacion periodica,Low
6048-UWKAL,0.0797,Low,5.82,Medium,0.5427,0,0.07251224465416317,0.111281075,0.5427,0.1782,Maintain,Mantenimiento - comunicacion periodica,Low
9469-WEJBT,0.2229,Low,5.27,Medium,0.1306,0,0.24357902281686777,0.10076482,0.1306,0.1781,Maintain,Mantenimiento - comunicacion periodica,Low
2292-XQWSV,0.084,Low,11.65,Medium,0.3618,0,0.07764902640066898,0.22275335,0.3618,0.178,Maintain,Mantenimiento - comunicacion periodica,Low
0856-NAOES,0.216,Low,0.37,Low,0.291,0,0.23533628001433524,0.00707457,0.291,0.178,Maintain,Mantenimiento - comunicacion periodica,Low
4075-JFPGR,0.1069,Low,12.08,Medium,0.2796,0,0.10500537570182773,0.23097515,0.2796,0.1777,Maintain,Mantenimiento - comunicacion periodica,Low
5792-JALQC,0.0438,Low,23.68,High,0.1353,0,0.029626090072870627,0.45277247,0.1353,0.1777,Grow_Upsell,Campana de upsell / cross-sell,Low
5898-IGSLP,0.2292,Low,6.28,Medium,0.0798,0,0.25110500537570185,0.120076485,0.0798,0.1775,Maintain,Mantenimiento - comunicacion periodica,Low
5161-XEUVX,0.1301,Low,16.42,Medium,0.085,0,0.13272010512483573,0.31395793,0.085,0.1775,Maintain,Mantenimiento - comunicacion periodica,Low
0887-WBJVH,0.1391,Low,12.74,Medium,0.1632,0,0.14347150878031298,0.24359465,0.1632,0.1775,Maintain,Mantenimiento - comunicacion periodica,Low
1866-DIOQZ,0.0429,Low,10.62,Medium,0.5113,0,0.028550949707322904,0.20305927,0.5113,0.1775,Maintain,Mantenimiento - comunicacion periodica,Low
6253-WRFHY,0.205,Low,8.31,Medium,0.093,0,0.2221956755465297,0.15889102,0.093,0.1774,Maintain,Mantenimiento - comunicacion periodica,Low
7030-NJVDP,0.2151,Low,6.03,Medium,0.1286,0,0.23426113964878753,0.11529637,0.1286,0.1774,Maintain,Mantenimiento - comunicacion periodica,Low
7722-CVFXN,0.2603,Low,0.47,Low,0.1529,0,0.2882570780074065,0.008986616,0.1529,0.1774,Maintain,Mantenimiento - comunicacion periodica,Low
3920-HIHMQ,0.1015,Low,8.63,Medium,0.393,0,0.0985545335085414,0.16500956,0.393,0.1774,Maintain,Mantenimiento - comunicacion periodica,Low
2969-VAPYH,0.0328,Low,11.78,Medium,0.5073,0,0.01648548560506511,0.22523901,0.5073,0.1773,Maintain,Mantenimiento - comunicacion periodica,Low
9137-NOQKA,0.2144,Low,1.19,Low,0.2684,0,0.23342491936447263,0.022753347,0.2684,0.1772,Maintain,Mantenimiento - comunicacion periodica,Low
0327-WFZSY,0.2021,Low,5.73,Medium,0.1746,0,0.21873133436865372,0.10956023,0.1746,0.1772,Maintain,Mantenimiento - comunicacion periodica,Low
8610-ZIKJJ,0.1454,Low,0.29,Low,0.5004,0,0.15099749133914708,0.005544933,0.5004,0.1772,Maintain,Mantenimiento - comunicacion periodica,Low
4526-ZJJTM,0.2276,Low,7.11,Medium,0.0582,0,0.24919364472583924,0.13594647,0.0582,0.177,Maintain,Mantenimiento - comunicacion periodica,Low
7841-FCRQD,0.0789,Low,18.26,Medium,0.1826,0,0.07155656432923187,0.3491396,0.1826,0.177,Maintain,Mantenimiento - comunicacion periodica,Low
2746-DIJLO,0.0865,Low,15.42,Medium,0.2411,0,0.08063552741607931,0.29483747,0.2411,0.177,Maintain,Mantenimiento - comunicacion periodica,Low
1666-JZPZT,0.0889,Low,9.07,Medium,0.4159,0,0.08350256839087326,0.17342256,0.4159,0.177,Maintain,Mantenimiento - comunicacion periodica,Low
0254-FNMCI,0.0681,Low,1.53,Low,0.6943,1,0.05865487994265917,0.029254302,0.6943,0.177,Investigate_Billing,Revision de facturacion / condiciones especiales,Low
1658-XUHBX,0.1447,Low,6.69,Medium,0.3176,0,0.15016127105483218,0.12791587,0.3176,0.177,Maintain,Mantenimiento - comunicacion periodica,Low
8905-IAZPF,0.1079,Low,10.04,Medium,0.3311,0,0.10619997610799188,0.19196941,0.3311,0.1769,Maintain,Mantenimiento - comunicacion periodica,Low
5804-HYIEZ,0.191,Low,0.0,Low,0.3707,0,0.2054712698602318,0.0,0.3707,0.1769,Maintain,Mantenimiento - comunicacion periodica,Low
0536-ACXIP,0.0635,Low,1.72,Low,0.7021,1,0.05315971807430415,0.03288719,0.7021,0.1769,Investigate_Billing,Revision de facturacion / condiciones especiales,Low
4419-UJMUS,0.1248,Low,11.85,Medium,0.2289,0,0.1263887229721658,0.22657745,0.2289,0.1769,Maintain,Mantenimiento - comunicacion periodica,Low
7268-IGMFD,0.2503,Low,1.39,Low,0.1534,0,0.2763110739457652,0.026577437,0.1534,0.1768,Maintain,Mantenimiento - comunicacion periodica,Low
7633-MVPUY,0.0269,Low,23.33,High,0.1915,0,0.009437343208696693,0.4460803,0.1915,0.1768,Grow_Upsell,Campana de upsell / cross-sell,Low
5440-FLBQG,0.1581,Low,2.31,Low,0.4018,0,0.16616891649743162,0.04416826,0.4018,0.1767,Maintain,Mantenimiento - comunicacion periodica,Low
4191-XOVOM,0.2379,Low,0.0,Low,0.2294,0,0.2614980289093299,0.0,0.2294,0.1766,Maintain,Mantenimiento - comunicacion periodica,Low
9114-VEPUF,0.17,Low,9.31,Medium,0.1643,0,0.1803846613307849,0.17801148,0.1643,0.1765,Maintain,Mantenimiento - comunicacion periodica,Low
3397-AVTKU,0.0635,Low,21.11,High,0.1431,0,0.05315971807430415,0.4036329,0.1431,0.1763,Grow_Upsell,Campana de upsell / cross-sell,Low
7139-JZFVG,0.0218,Low,22.8,High,0.219,0,0.0033448811372595874,0.43594646,0.219,0.1763,Grow_Upsell,Campana de upsell / cross-sell,Low
4194-FJARJ,0.0278,Low,23.8,High,0.1725,0,0.010512483574244414,0.45506692,0.1725,0.1763,Grow_Upsell,Campana de upsell / cross-sell,Low
3373-YZZYM,0.2308,Low,1.18,Low,0.2148,0,0.2530163660255645,0.02256214,0.2148,0.1762,Maintain,Mantenimiento - comunicacion periodica,Low
6933-VLYFX,0.0786,Low,12.1,Medium,0.3562,0,0.07119818420738264,0.23135756,0.3562,0.1762,Maintain,Mantenimiento - comunicacion periodica,Low
7811-JIVPF,0.169,Low,9.0,Medium,0.1748,0,0.17919006092462075,0.17208414,0.1748,0.1762,Maintain,Mantenimiento - comunicacion periodica,Low
5973-EJGDP,0.2121,Low,7.84,Medium,0.0793,0,0.23067733843029511,0.1499044,0.0793,0.1762,Maintain,Mantenimiento - comunicacion periodica,Low
4931-TRZWN,0.2935,Low,0.09,Low,0.0582,0,0.3279178114920559,0.0017208414,0.0582,0.1761,Maintain,Mantenimiento - comunicacion periodica,Low
5649-RXQTV,0.2686,Low,0.75,Low,0.1138,0,0.2981722613785689,0.014340345,0.1138,0.1761,Maintain,Mantenimiento - comunicacion periodica,Low
9169-BSVIN,0.246,Low,0.0,Low,0.2017,0,0.27117429219925937,0.0,0.2017,0.1759,Maintain,Mantenimiento - comunicacion periodica,Low
4376-KFVRS,0.036,Low,0.0,Low,0.8289,1,0.020308206904790346,0.0,0.8289,0.1759,Investigate_Billing,Revision de facturacion / condiciones especiales,Low
3345-PBBFH,0.199,Low,9.22,Medium,0.0772,0,0.2150280731095449,0.17629063,0.0772,0.1758,Maintain,Mantenimiento - comunicacion periodica,Low
8008-ESFLK,0.1846,Low,0.05,Low,0.3832,0,0.19782582726078127,0.000956023,0.3832,0.1758,Maintain,Mantenimiento - comunicacion periodica,Low
5913-INRQV,0.1291,Low,15.1,Medium,0.1164,0,0.1315255047186716,0.28871894,0.1164,0.1757,Maintain,Mantenimiento - comunicacion periodica,Low
5993-JSUWV,0.0254,Low,22.66,High,0.209,0,0.007645442599450484,0.4332696,0.209,0.1756,Grow_Upsell,Campana de upsell / cross-sell,Low
5287-QWLKY,0.209,Low,0.0,Low,0.3103,0,0.22697407717118626,0.0,0.3103,0.1755,Maintain,Mantenimiento - comunicacion periodica,Low
0164-APGRB,0.045,Low,0.01,Low,0.7991,1,0.03105961056026759,0.00019120458,0.7991,0.1754,Investigate_Billing,Revision de facturacion / condiciones especiales,Low
9705-IOVQQ,0.1776,Low,6.82,Medium,0.2079,0,0.18946362441763234,0.13040154,0.2079,0.1754,Maintain,Mantenimiento - comunicacion periodica,Low
5748-RNCJT,0.1909,Low,5.02,Medium,0.2192,0,0.20535180981961534,0.095984705,0.2192,0.1753,Maintain,Mantenimiento - comunicacion periodica,Low
5099-BAILX,0.1943,Low,0.0,Low,0.3524,0,0.20941345120057342,0.0,0.3524,0.1752,Maintain,Mantenimiento - comunicacion periodica,Low
8406-LNMHF,0.0643,Low,22.08,High,0.107,0,0.05411539839923545,0.42217973,0.107,0.1751,Grow_Upsell,Campana de upsell / cross-sell,Low
3258-SYSWS,0.054,Low,0.07,Low,0.7691,1,0.04181101421574484,0.0013384322,0.7691,0.1751,Investigate_Billing,Revision de facturacion / condiciones especiales,Low
7349-ALMUX,0.0316,Low,17.84,Medium,0.325,0,0.015051965117668145,0.341109,0.325,0.1749,Maintain,Mantenimiento - comunicacion periodica,Low
9715-WZCLW,0.1072,Low,13.62,Medium,0.2204,0,0.10536375582367699,0.26042065,0.2204,0.1749,Maintain,Mantenimiento - comunicacion periodica,Low
0440-EKDCF,0.0249,Low,22.92,High,0.1996,0,0.007048142396368414,0.43824092,0.1996,0.1749,Grow_Upsell,Campana de upsell / cross-sell,Low
6859-RKMZJ,0.26,Low,3.09,Low,0.0649,0,0.28789869788555733,0.059082218,0.0649,0.1747,Maintain,Mantenimiento - comunicacion periodica,Low
1699-UOTXU,0.0279,Low,22.64,High,0.1973,0,0.010631943614860832,0.4328872,0.1973,0.1746,Grow_Upsell,Campana de upsell / cross-sell,Low
4724-WXVWF,0.2262,Low,0.7,Low,0.2334,0,0.24752120415720946,0.013384321,0.2334,0.1745,Maintain,Mantenimiento - comunicacion periodica,Low
1370-GGAWX,0.1689,Low,10.5,Medium,0.1236,0,0.1790706008840043,0.20076482,0.1236,0.1745,Maintain,Mantenimiento - comunicacion periodica,Low
5168-MQQCA,0.1277,Low,0.03,Low,0.5472,0,0.12985306415004183,0.00057361374,0.5472,0.1745,Maintain,Mantenimiento - comunicacion periodica,Low
1548-FEHVL,0.2278,Low,0.0,Low,0.2489,0,0.24943256480707207,0.0,0.2489,0.1745,Maintain,Mantenimiento - comunicacion periodica,Low
3736-BLEPA,0.1316,Low,14.29,Medium,0.126,0,0.13451200573408195,0.27323136,0.126,0.1744,Maintain,Mantenimiento - comunicacion periodica,Low
6179-GJPSO,0.2132,Low,0.04,Low,0.2911,0,0.23199139887707565,0.00076481834,0.2911,0.1744,Maintain,Mantenimiento - comunicacion periodica,Low
6838-YAUVY,0.1087,Low,15.81,Medium,0.1504,0,0.1071556564329232,0.30229446,0.1504,0.1743,Maintain,Mantenimiento - comunicacion periodica,Low
1400-WIVLL,0.1447,Low,4.46,Low,0.3684,0,0.15016127105483218,0.08527725,0.3684,0.1743,Maintain,Mantenimiento - comunicacion periodica,Low
9373-WSLOY,0.0822,Low,8.7,Medium,0.433,0,0.07549874566957353,0.166348,0.433,0.1743,Maintain,Mantenimiento - comunicacion periodica,Low
8465-SBRXP,0.1322,Low,16.11,Medium,0.0707,0,0.13522876597778044,0.3080306,0.0707,0.1742,Maintain,Mantenimiento - comunicacion periodica,Low
4806-DXQCE,0.075,Low,0.07,Low,0.7015,1,0.06689762274519173,0.0013384322,0.7015,0.1742,Investigate_Billing,Revision de facturacion / condiciones especiales,Low
4307-KTUMW,0.2578,Low,1.68,Low,0.1089,0,0.28527057699199615,0.03212237,0.1089,0.1741,Maintain,Mantenimiento - comunicacion periodica,Low
2451-YMUXS,0.031,Low,18.88,Medium,0.2928,0,0.014335204873969658,0.36099425,0.2928,0.174,Maintain,Mantenimiento - comunicacion periodica,Low
2623-DRYAM,0.165,Low,4.56,Low,0.3029,0,0.1744116592999642,0.087189294,0.3029,0.1739,Maintain,Mantenimiento - comunicacion periodica,Low
8821-KVZKQ,0.0492,Low,13.41,Medium,0.3945,0,0.03607693226615697,0.25640535,0.3945,0.1739,Maintain,Mantenimiento - comunicacion periodica,Low
9150-HEPMB,0.0393,Low,19.43,Medium,0.2518,0,0.024250388245132006,0.37151054,0.2518,0.1739,Maintain,Mantenimiento - comunicacion periodica,Low
6270-OMFIW,0.1621,Low,10.7,Medium,0.1343,0,0.1709473181220882,0.2045889,0.1343,0.1737,Maintain,Mantenimiento - comunicacion periodica,Low
4010-YLMVT,0.2376,Low,0.0,Low,0.2159,0,0.26113964878748064,0.0,0.2159,0.1737,Maintain,Mantenimiento - comunicacion periodica,Low
6302-JGYRJ,0.2204,Low,0.0,Low,0.2668,0,0.24059252180145746,0.0,0.2668,0.1737,Maintain,Mantenimiento - comunicacion periodica,Low
7929-SKFGK,0.0384,Low,0.04,Low,0.8082,1,0.023175247879584276,0.00076481834,0.8082,0.1735,Investigate_Billing,Revision de facturacion / condiciones especiales,Low
2190-PHBHR,0.046,Low,16.11,Medium,0.3247,0,0.03225421096643173,0.3080306,0.3247,0.1735,Maintain,Mantenimiento - comunicacion periodica,Low
7921-LMDFQ,0.1415,Low,11.53,Medium,0.1712,0,0.1463385497551069,0.2204589,0.1712,0.1735,Maintain,Mantenimiento - comunicacion periodica,Low
8849-GYOKR,0.2502,Low,0.29,Low,0.1684,0,0.27619161390514874,0.005544933,0.1684,0.1734,Maintain,Mantenimiento - comunicacion periodica,Low
5886-VLQVU,0.2165,Low,5.37,Medium,0.123,0,0.2359335802174173,0.10267686,0.123,0.1734,Maintain,Mantenimiento - comunicacion periodica,Low
4993-JCRGJ,0.1433,Low,11.12,Medium,0.177,0,0.14848883048620237,0.2126195,0.177,0.1734,Maintain,Mantenimiento - comunicacion periodica,Low
7016-NVRIC,0.137,Low,15.03,Medium,0.0831,0,0.14096284792736832,0.2873805,0.0831,0.1733,Maintain,Mantenimiento - comunicacion periodica,Low
2105-PHWON,0.2166,Low,0.57,Low,0.2593,0,0.2360530402580337,0.010898662,0.2593,0.1732,Maintain,Mantenimiento - comunicacion periodica,Low
5440-VHLUL,0.1953,Low,0.36,Low,0.3293,0,0.21060805160673757,0.0068833656,0.3293,0.1732,Maintain,Mantenimiento - comunicacion periodica,Low
8510-TMWYB,0.0335,Low,23.59,High,0.1461,0,0.017321705889380007,0.45105162,0.1461,0.1732,Grow_Upsell,Campana de upsell / cross-sell,Low
2373-NTKOD,0.274,Low,0.51,Low,0.09,0,0.30462310357185524,0.009751434,0.09,0.1732,Maintain,Mantenimiento - comunicacion periodica,Low
8605-ITULD,0.2424,Low,0.89,Low,0.1726,0,0.2668737307370685,0.017017208,0.1726,0.1731,Maintain,Mantenimiento - comunicacion periodica,Low
2866-IKBTM,0.2424,Low,0.89,Low,0.1726,0,0.2668737307370685,0.017017208,0.1726,0.1731,Maintain,Mantenimiento - comunicacion periodica,Low
8961-QDZZJ,0.1423,Low,10.26,Medium,0.2027,0,0.14729423008003825,0.19617592,0.2027,0.173,Maintain,Mantenimiento - comunicacion periodica,Low
1853-ARAAQ,0.1718,Low,8.09,Medium,0.1766,0,0.18253494206188034,0.15468451,0.1766,0.173,Maintain,Mantenimiento - comunicacion periodica,Low
5651-WYIPH,0.183,Low,9.06,Medium,0.1151,0,0.19591446661091866,0.17323136,0.1151,0.1729,Maintain,Mantenimiento - comunicacion periodica,Low
3890-RTCMS,0.1987,Low,9.26,Medium,0.0623,0,0.21466969298769562,0.17705546,0.0623,0.1729,Maintain,Mantenimiento - comunicacion periodica,Low
8229-MYEJZ,0.2092,Low,7.44,Medium,0.0832,0,0.22721299725241909,0.14225622,0.0832,0.1729,Maintain,Mantenimiento - comunicacion periodica,Low
2722-VOJQL,0.1929,Low,0.26,Low,0.3377,0,0.2077410106319436,0.0049713193,0.3377,0.1729,Maintain,Mantenimiento - comunicacion periodica,Low
8619-IJNDK,0.0276,Low,19.22,Medium,0.2873,0,0.010273563493011588,0.3674952,0.2873,0.1728,Maintain,Mantenimiento - comunicacion periodica,Low
0516-UXRMT,0.1234,Low,14.33,Medium,0.1405,0,0.12471628240353602,0.27399617,0.1405,0.1727,Maintain,Mantenimiento - comunicacion periodica,Low
2378-HTWFW,0.2187,Low,4.48,Low,0.1386,0,0.2385617011109784,0.08565966,0.1386,0.1727,Maintain,Mantenimiento - comunicacion periodica,Low
3160-TYXLT,0.083,Low,11.44,Medium,0.3442,0,0.07645442599450485,0.21873805,0.3442,0.1727,Maintain,Mantenimiento - comunicacion periodica,Low
2834-JRTUA,0.1533,Low,2.33,Low,0.3943,0,0.16043483454784377,0.04455067,0.3943,0.1724,Maintain,Mantenimiento - comunicacion periodica,Low
0314-TKOSI,0.2475,Low,3.2,Low,0.088,0,0.2729661928085056,0.06118547,0.088,0.1724,Maintain,Mantenimiento - comunicacion periodica,Low
1958-RNRKS,0.0656,Low,8.58,Medium,0.4761,0,0.055668378927248845,0.16405354,0.4761,0.1723,Maintain,Mantenimiento - comunicacion periodica,Low
3339-EAQNV,0.1084,Low,7.74,Medium,0.3727,0,0.10679727631107394,0.14799234,0.3727,0.1723,Maintain,Mantenimiento - comunicacion periodica,Low
4119-ZYPZY,0.1644,Low,5.0,Low,0.2835,0,0.1736948990562657,0.0956023,0.2835,0.1722,Maintain,Mantenimiento - comunicacion periodica,Low
7395-XWZOY,0.1147,Low,3.43,Low,0.477,0,0.11432325886990802,0.06558318,0.477,0.1722,Maintain,Mantenimiento - comunicacion periodica,Low
0106-UGRDO,0.0546,Low,0.02,Low,0.7532,1,0.04252777445944333,0.00038240917,0.7532,0.172,Investigate_Billing,Revision de facturacion / condiciones especiales,Low
8268-YDIXR,0.1301,Low,14.71,Medium,0.1057,0,0.13272010512483573,0.28126195,0.1057,0.1719,Maintain,Mantenimiento - comunicacion periodica,Low
6647-ZEDXT,0.198,Low,0.35,Low,0.3147,0,0.21383347270338077,0.0066921604,0.3147,0.1719,Maintain,Mantenimiento - comunicacion periodica,Low
9700-ZCLOT,0.1453,Low,0.43,Low,0.4694,0,0.15087803129853067,0.008221798,0.4694,0.1718,Maintain,Mantenimiento - comunicacion periodica,Low
7410-KTVFV,0.1921,Low,9.11,Medium,0.08,0,0.20678533030701232,0.17418738,0.08,0.1716,Maintain,Mantenimiento - comunicacion periodica,Low
9548-ZMVTX,0.0371,Low,20.6,High,0.2127,0,0.0216222673515709,0.39388147,0.2127,0.1715,Grow_Upsell,Campana de upsell / cross-sell,Low
6135-OZQVA,0.2083,Low,4.56,Low,0.1615,0,0.22613785688687138,0.087189294,0.1615,0.1715,Maintain,Mantenimiento - comunicacion periodica,Low
4043-MKDTV,0.096,Low,6.07,Medium,0.4522,0,0.09198423127463863,0.11606119,0.4522,0.1713,Maintain,Mantenimiento - comunicacion periodica,Low
2272-UOINI,0.1726,Low,0.0,Low,0.3979,0,0.18349062238681163,0.0,0.3979,0.1713,Maintain,Mantenimiento - comunicacion periodica,Low
9739-JLPQJ,0.0318,Low,0.03,Low,0.817,1,0.015290885198900971,0.00057361374,0.817,0.1712,Investigate_Billing,Revision de facturacion / condiciones especiales,Low
9391-DXGGG,0.1143,Low,16.14,Medium,0.108,0,0.11384541870744236,0.3086042,0.108,0.1711,Maintain,Mantenimiento - comunicacion periodica,Low
5150-LJNSR,0.1766,Low,8.43,Medium,0.1428,0,0.1882690240114682,0.16118547,0.1428,0.1711,Maintain,Mantenimiento - comunicacion periodica,Low
3154-CFSZG,0.1964,Low,5.61,Medium,0.1643,0,0.2119221120535181,0.10726578,0.1643,0.171,Maintain,Mantenimiento - comunicacion periodica,Low
8792-AOROI,0.0601,Low,18.13,Medium,0.2123,0,0.04909807669334607,0.3466539,0.2123,0.171,Maintain,Mantenimiento - comunicacion periodica,Low
3354-OADJP,0.0994,Low,18.03,Medium,0.0969,0,0.0960458726555967,0.34474188,0.0969,0.1708,Maintain,Mantenimiento - comunicacion periodica,Low
0786-IVLAW,0.1913,Low,0.4,Low,0.328,0,0.205829649982081,0.007648184,0.328,0.1708,Maintain,Mantenimiento - comunicacion periodica,Low
1217-VASWC,0.2075,Low,4.84,Low,0.1523,0,0.22518217656194003,0.09254303,0.1523,0.1708,Maintain,Mantenimiento - comunicacion periodica,Low
4232-JGKIY,0.221,Low,1.2,Low,0.2148,0,0.24130928204515592,0.022944553,0.2148,0.1705,Maintain,Mantenimiento - comunicacion periodica,Low
0058-EVZWM,0.1781,Low,5.28,Medium,0.2256,0,0.19006092462071442,0.10095603,0.2256,0.1704,Maintain,Mantenimiento - comunicacion periodica,Low
7130-YXBRO,0.2039,Low,0.0,Low,0.2993,0,0.22088161509974916,0.0,0.2993,0.1703,Maintain,Mantenimiento - comunicacion periodica,Low
7516-GMHUV,0.1684,Low,6.37,Medium,0.2227,0,0.17847330068092224,0.12179732,0.2227,0.1703,Maintain,Mantenimiento - comunicacion periodica,Low
3528-HFRIQ,0.1146,Low,5.4,Medium,0.4109,0,0.1142037988292916,0.10325048,0.4109,0.1703,Maintain,Mantenimiento - comunicacion periodica,Low
2067-QYTCF,0.1636,Low,0.0,Low,0.4195,0,0.17273921873133438,0.0,0.4195,0.1703,Maintain,Mantenimiento - comunicacion periodica,Low
1089-HDMKP,0.2545,Low,3.98,Low,0.034,0,0.2813283956516546,0.076099426,0.034,0.1703,Maintain,Mantenimiento - comunicacion periodica,Low
0128-MKWSG,0.0971,Low,13.52,Medium,0.2302,0,0.0932982917214192,0.25850862,0.2302,0.1702,Maintain,Mantenimiento - comunicacion periodica,Low
5223-UZAVK,0.1236,Low,5.1,Medium,0.3925,0,0.12495520248476885,0.09751434,0.3925,0.1702,Maintain,Mantenimiento - comunicacion periodica,Low
1905-OEILC,0.2367,Low,0.9,Low,0.1748,0,0.2600645084219329,0.017208412,0.1748,0.1702,Maintain,Mantenimiento - comunicacion periodica,Low
7551-JOHTI,0.2367,Low,0.9,Low,0.1748,0,0.2600645084219329,0.017208412,0.1748,0.1702,Maintain,Mantenimiento - comunicacion periodica,Low
9402-CXWPL,0.1391,Low,6.79,Medium,0.2967,0,0.14347150878031298,0.12982792,0.2967,0.17,Maintain,Mantenimiento - comunicacion periodica,Low
1074-AMIOH,0.1244,Low,0.02,Low,0.534,0,0.12591088280970014,0.00038240917,0.534,0.1699,Maintain,Mantenimiento - comunicacion periodica,Low
5014-WUQMG,0.1297,Low,9.14,Medium,0.2566,0,0.1322422649623701,0.174761,0.2566,0.1699,Maintain,Mantenimiento - comunicacion periodica,Low
1304-BCCFO,0.1979,Low,0.0,Low,0.3146,0,0.21371401266276432,0.0,0.3146,0.1698,Maintain,Mantenimiento - comunicacion periodica,Low
5370-IIVVL,0.218,Low,1.2,Low,0.2203,0,0.2377254808266635,0.022944553,0.2203,0.1698,Maintain,Mantenimiento - comunicacion periodica,Low
0980-FEXWF,0.053,Low,21.77,High,0.1225,0,0.0406164138095807,0.4162524,0.1225,0.1697,Grow_Upsell,Campana de upsell / cross-sell,Low
5198-EFNBM,0.128,Low,14.7,Medium,0.1015,0,0.13021144427189105,0.28107074,0.1015,0.1697,Maintain,Mantenimiento - comunicacion periodica,Low
5684-FJVYR,0.0271,Low,21.04,High,0.2203,0,0.009676263289929519,0.4022945,0.2203,0.1696,Grow_Upsell,Campana de upsell / cross-sell,Low
1950-KSVVJ,0.1331,Low,0.0,Low,0.5072,0,0.13630390634332815,0.0,0.5072,0.1696,Maintain,Mantenimiento - comunicacion periodica,Low
5473-KHBPS,0.1788,Low,9.81,Medium,0.0895,0,0.19089714490502926,0.18757172,0.0895,0.1696,Maintain,Mantenimiento - comunicacion periodica,Low
0130-SXOUN,0.133,Low,6.07,Medium,0.3331,0,0.13618444630271176,0.11606119,0.3331,0.1695,Maintain,Mantenimiento - comunicacion periodica,Low
5140-FOMCQ,0.1723,Low,0.07,Low,0.3878,0,0.1831322422649624,0.0013384322,0.3878,0.1695,Maintain,Mantenimiento - comunicacion periodica,Low
0581-MDMPW,0.1995,Low,6.75,Medium,0.1133,0,0.21562537331262696,0.1290631,0.1133,0.1692,Maintain,Mantenimiento - comunicacion periodica,Low
3413-DHLPB,0.1498,Low,0.0,Low,0.4547,0,0.15625373312626928,0.0,0.4547,0.1691,Maintain,Mantenimiento - comunicacion periodica,Low
6217-TOWGS,0.2648,Low,0.0,Low,0.1107,0,0.29363277983514513,0.0,0.1107,0.169,Maintain,Mantenimiento - comunicacion periodica,Low
6569-KTMDU,0.2134,Low,1.35,Low,0.2256,0,0.23223031895830848,0.02581262,0.2256,0.169,Maintain,Mantenimiento - comunicacion periodica,Low
3716-LRGXK,0.1404,Low,10.39,Medium,0.1837,0,0.14502448930832637,0.19866158,0.1837,0.1689,Maintain,Mantenimiento - comunicacion periodica,Low
1591-MQJTP,0.1459,Low,11.97,Medium,0.1224,0,0.15159479154222916,0.2288719,0.1224,0.1689,Maintain,Mantenimiento - comunicacion periodica,Low
7989-VCQOH,0.1515,Low,0.0,Low,0.4482,0,0.1582845538167483,0.0,0.4482,0.1688,Maintain,Mantenimiento - comunicacion periodica,Low
5375-XLDOF,0.0739,Low,0.07,Low,0.6782,1,0.06558356229841117,0.0013384322,0.6782,0.1688,Investigate_Billing,Revision de facturacion / condiciones especiales,Low
5271-YNWVR,0.0846,Low,0.03,Low,0.6471,1,0.07836578664436746,0.00057361374,0.6471,0.1688,Investigate_Billing,Revision de facturacion / condiciones especiales,Low
0188-GWFLE,0.1419,Low,0.4,Low,0.4651,0,0.14681638991757257,0.007648184,0.4651,0.1687,Maintain,Mantenimiento - comunicacion periodica,Low
5118-MUEYH,0.2406,Low,0.0,Low,0.1811,0,0.264723450005973,0.0,0.1811,0.1686,Maintain,Mantenimiento - comunicacion periodica,Low
6732-FZUGP,0.103,Low,10.55,Medium,0.2894,0,0.1003464341177876,0.20172085,0.2894,0.1686,Maintain,Mantenimiento - comunicacion periodica,Low
3422-WJOYD,0.0485,Low,17.9,Medium,0.2413,0,0.03524071198184208,0.34225622,0.2413,0.1686,Maintain,Mantenimiento - comunicacion periodica,Low
5693-PIPCS,0.0842,Low,11.49,Medium,0.3182,0,0.0778879464819018,0.21969408,0.3182,0.1685,Maintain,Mantenimiento - comunicacion periodica,Low
8668-KNZTI,0.0645,Low,19.01,Medium,0.1612,0,0.05435431848046828,0.36347994,0.1612,0.1685,Maintain,Mantenimiento - comunicacion periodica,Low
4760-XOHVN,0.2293,Low,0.97,Low,0.1863,0,0.25122446541631827,0.018546846,0.1863,0.1684,Maintain,Mantenimiento - comunicacion periodica,Low
8769-KKTPH,0.1785,Low,6.22,Medium,0.1867,0,0.19053876478318005,0.11892925,0.1867,0.1683,Maintain,Mantenimiento - comunicacion periodica,Low
4328-VUFWD,0.0818,Low,13.48,Medium,0.2673,0,0.07502090550710787,0.25774378,0.2673,0.1683,Maintain,Mantenimiento - comunicacion periodica,Low
4195-SMMNX,0.1418,Low,0.15,Low,0.4706,0,0.14669692987695618,0.002868069,0.4706,0.1683,Maintain,Mantenimiento - comunicacion periodica,Low
6745-JEFZB,0.2125,Low,4.21,Low,0.1423,0,0.23115517859276075,0.08049713,0.1423,0.1682,Maintain,Mantenimiento - comunicacion periodica,Low
7302-ZHMHP,0.2134,Low,1.29,Low,0.2228,0,0.23223031895830848,0.024665391,0.2228,0.1681,Maintain,Mantenimiento - comunicacion periodica,Low
3948-FVVRP,0.1994,Low,3.48,Low,0.2016,0,0.21550591327201052,0.0665392,0.2016,0.168,Maintain,Mantenimiento - comunicacion periodica,Low
4778-IZARL,0.0761,Low,1.25,Low,0.6337,1,0.06821168319197228,0.023900574,0.6337,0.168,Investigate_Billing,Revision de facturacion / condiciones especiales,Low
4816-OKWNX,0.1817,Low,1.87,Low,0.2999,0,0.1943614860829053,0.035755258,0.2999,0.1679,Maintain,Mantenimiento - comunicacion periodica,Low
9955-QOPOY,0.0466,Low,11.56,Medium,0.4256,0,0.032970971210130214,0.22103252,0.4256,0.1679,Maintain,Mantenimiento - comunicacion periodica,Low
6402-SSEJG,0.0813,Low,11.39,Medium,0.3266,0,0.0744236053040258,0.21778204,0.3266,0.1679,Maintain,Mantenimiento - comunicacion periodica,Low
6168-YBYNP,0.2073,Low,0.0,Low,0.2762,0,0.22494325648070723,0.0,0.2762,0.1677,Maintain,Mantenimiento - comunicacion periodica,Low
5945-AZYHT,0.1854,Low,0.09,Low,0.339,0,0.1987815075857126,0.0017208414,0.339,0.1677,Maintain,Mantenimiento - comunicacion periodica,Low
7860-KSUGX,0.0256,Low,18.61,Medium,0.2848,0,0.007884362680683314,0.35583174,0.2848,0.1677,Maintain,Mantenimiento - comunicacion periodica,Low
8646-JCOMS,0.063,Low,14.82,Medium,0.2811,0,0.052562417871222074,0.2833652,0.2811,0.1675,Maintain,Mantenimiento - comunicacion periodica,Low
7036-TYDEC,0.1207,Low,6.87,Medium,0.3362,0,0.12149086130689285,0.13135755,0.3362,0.1674,Maintain,Mantenimiento - comunicacion periodica,Low
3571-RFHAR,0.1729,Low,0.0,Low,0.3769,0,0.18384900250866087,0.0,0.3769,0.1673,Maintain,Mantenimiento - comunicacion periodica,Low
1821-BUCWY,0.0381,Low,25.16,High,0.0576,0,0.022816867757735042,0.48107076,0.0576,0.1672,Grow_Upsell,Campana de upsell / cross-sell,Low
2294-SALNE,0.0836,Low,19.17,Medium,0.0932,0,0.07717118623820332,0.3665392,0.0932,0.1672,Maintain,Mantenimiento - comunicacion periodica,Low
8992-CEUEN,0.2021,Low,1.5,Low,0.2463,0,0.21873133436865372,0.02868069,0.2463,0.1672,Maintain,Mantenimiento - comunicacion periodica,Low
7000-WCEVQ,0.2354,Low,0.65,Low,0.1705,0,0.2585115278939195,0.012428298,0.1705,0.1671,Maintain,Mantenimiento - comunicacion periodica,Low
6481-OGDOO,0.1125,Low,14.57,Medium,0.1381,0,0.11169513797634692,0.27858508,0.1381,0.167,Maintain,Mantenimiento - comunicacion periodica,Low
5013-SBUIH,0.1674,Low,1.86,Low,0.3385,0,0.17727870027475812,0.035564054,0.3385,0.167,Maintain,Mantenimiento - comunicacion periodica,Low
3679-XASPY,0.2266,Low,0.98,Low,0.1863,0,0.2479990443196751,0.01873805,0.1863,0.1669,Maintain,Mantenimiento - comunicacion periodica,Low
8166-ORCHU,0.1382,Low,11.96,Medium,0.1356,0,0.14239636841476525,0.22868069,0.1356,0.1669,Maintain,Mantenimiento - comunicacion periodica,Low
5197-PYEPU,0.165,Low,10.73,Medium,0.0907,0,0.1744116592999642,0.20516253,0.0907,0.1669,Maintain,Mantenimiento - comunicacion periodica,Low
2967-MXRAV,0.2,Low,1.64,Low,0.2463,0,0.21622267351570904,0.031357553,0.2463,0.1668,Maintain,Mantenimiento - comunicacion periodica,Low
5130-YPIRV,0.0359,Low,12.49,Medium,0.4247,0,0.020188746864173938,0.23881453,0.4247,0.1667,Maintain,Mantenimiento - comunicacion periodica,Low
5732-IKGQH,0.1982,Low,1.25,Low,0.2625,0,0.21407239278461357,0.023900574,0.2625,0.1667,Maintain,Mantenimiento - comunicacion periodica,Low
4737-AQCPU,0.0335,Low,12.04,Medium,0.4442,0,0.017321705889380007,0.23021033,0.4442,0.1666,Maintain,Mantenimiento - comunicacion periodica,Low
9278-VZKCD,0.2201,Low,0.0,Low,0.2326,0,0.2402341416796082,0.0,0.2326,0.1666,Maintain,Mantenimiento - comunicacion periodica,Low
6435-VWCCY,0.0753,Low,17.91,Medium,0.1513,0,0.06725600286704098,0.34244743,0.1513,0.1666,Maintain,Mantenimiento - comunicacion periodica,Low
8947-YRTDV,0.1321,Low,9.49,Medium,0.2219,0,0.13510930593716403,0.18145315,0.2219,0.1664,Maintain,Mantenimiento - comunicacion periodica,Low
6689-VRRTK,0.1922,Low,0.11,Low,0.3109,0,0.20690479034762876,0.0021032505,0.3109,0.1663,Maintain,Mantenimiento - comunicacion periodica,Low
1898-JSNDC,0.1162,Low,13.47,Medium,0.1544,0,0.11611515947915423,0.2575526,0.1544,0.1662,Maintain,Mantenimiento - comunicacion periodica,Low
9589-ABEPT,0.0597,Low,18.03,Medium,0.1921,0,0.04862023653088042,0.34474188,0.1921,0.1662,Maintain,Mantenimiento - comunicacion periodica,Low
7636-XUHWW,0.1375,Low,0.54,Low,0.4616,0,0.14156014813045037,0.010325048,0.4616,0.1662,Maintain,Mantenimiento - comunicacion periodica,Low
5268-DSMNQ,0.1164,Low,8.27,Medium,0.3022,0,0.11635407956038706,0.1581262,0.3022,0.1661,Maintain,Mantenimiento - comunicacion periodica,Low
0215-BQKGS,0.1385,Low,11.24,Medium,0.151,0,0.14275474853661452,0.21491395,0.151,0.1661,Maintain,Mantenimiento - comunicacion periodica,Low
6341-AEVKX,0.1485,Low,1.58,Low,0.3977,0,0.1547007525982559,0.030210325,0.3977,0.166,Maintain,Mantenimiento - comunicacion periodica,Low
2252-JHJGE,0.2292,Low,1.77,Low,0.1512,0,0.25110500537570185,0.03384321,0.1512,0.1659,Maintain,Mantenimiento - comunicacion periodica,Low
4123-FCVCB,0.24,Low,0.61,Low,0.1522,0,0.26400668976227454,0.011663481,0.1522,0.1659,Maintain,Mantenimiento - comunicacion periodica,Low
1596-OQSPS,0.1785,Low,7.43,Medium,0.14,0,0.19053876478318005,0.142065,0.14,0.1659,Maintain,Mantenimiento - comunicacion periodica,Low
8344-WFMFH,0.1603,Low,8.6,Medium,0.1605,0,0.16879703739099272,0.16443595,0.1605,0.1658,Maintain,Mantenimiento - comunicacion periodica,Low
4753-PADAS,0.1201,Low,0.08,Low,0.5244,0,0.12077410106319436,0.0015296367,0.5244,0.1657,Maintain,Mantenimiento - comunicacion periodica,Low
6522-YRBXD,0.2521,Low,0.99,Low,0.1036,0,0.2784613546768606,0.018929254,0.1036,0.1656,Maintain,Mantenimiento - comunicacion periodica,Low
9788-HNGUT,0.0345,Low,0.05,Low,0.7802,1,0.018516306295544144,0.000956023,0.7802,0.1656,Investigate_Billing,Revision de facturacion / condiciones especiales,Low
6999-CHVCF,0.0517,Low,10.12,Medium,0.4395,0,0.03906343328156733,0.19349904,0.4395,0.1655,Maintain,Mantenimiento - comunicacion periodica,Low
7973-DZRKH,0.0423,Low,19.69,Medium,0.1933,0,0.027834189463624415,0.37648186,0.1933,0.1655,Maintain,Mantenimiento - comunicacion periodica,Low
0471-ARVMX,0.1606,Low,0.68,Low,0.3845,0,0.16915541751284197,0.013001912,0.3845,0.1654,Maintain,Mantenimiento - comunicacion periodica,Low
4332-MUOEZ,0.1282,Low,10.05,Medium,0.2116,0,0.1304503643531239,0.19216062,0.2116,0.1652,Maintain,Mantenimiento - comunicacion periodica,Low
3865-ZYKAD,0.0892,Low,10.14,Medium,0.3257,0,0.0838609485127225,0.19388147,0.3257,0.1652,Maintain,Mantenimiento - comunicacion periodica,Low
4833-QTJNO,0.0938,Low,11.33,Medium,0.2776,0,0.08935611038107752,0.2166348,0.2776,0.1652,Maintain,Mantenimiento - comunicacion periodica,Low
4001-TSBTV,0.1285,Low,4.29,Low,0.3754,0,0.13080874447497312,0.08202677,0.3754,0.1651,Maintain,Mantenimiento - comunicacion periodica,Low
6870-ECSHE,0.1452,Low,0.15,Low,0.4445,0,0.15075857125791425,0.002868069,0.4445,0.1651,Maintain,Mantenimiento - comunicacion periodica,Low
3070-BDOQC,0.1446,Low,11.58,Medium,0.1184,0,0.15004181101421576,0.22141491,0.1184,0.1651,Maintain,Mantenimiento - comunicacion periodica,Low
9351-HXDMR,0.0516,Low,0.42,Low,0.7155,1,0.03894397324095091,0.008030592,0.7155,0.165,Investigate_Billing,Revision de facturacion / condiciones especiales,Low
8216-AZUUZ,0.1229,Low,11.21,Medium,0.1934,0,0.12411898220045395,0.21434034,0.1934,0.165,Maintain,Mantenimiento - comunicacion periodica,Low
9558-IHEZX,0.0631,Low,3.04,Low,0.6054,1,0.052681877911838496,0.058126196,0.6054,0.1649,Investigate_Billing,Revision de facturacion / condiciones especiales,Low
0993-OSGPT,0.0392,Low,11.74,Medium,0.4274,0,0.02413092820451559,0.22447419,0.4274,0.1649,Maintain,Mantenimiento - comunicacion periodica,Low
5056-FIMPT,0.2055,Low,0.12,Low,0.2636,0,0.22279297574961177,0.002294455,0.2636,0.1648,Maintain,Mantenimiento - comunicacion periodica,Low
4531-AUZNK,0.1087,Low,10.0,Medium,0.2686,0,0.1071556564329232,0.1912046,0.2686,0.1647,Maintain,Mantenimiento - comunicacion periodica,Low
3399-BMLVW,0.0244,Low,22.83,High,0.1522,0,0.006450842193286349,0.43652007,0.1522,0.1646,Grow_Upsell,Campana de upsell / cross-sell,Low
3441-CGZJH,0.0558,Low,11.48,Medium,0.3836,0,0.043961294946840285,0.21950287,0.3836,0.1646,Maintain,Mantenimiento - comunicacion periodica,Low
9570-KYEUA,0.0469,Low,11.98,Medium,0.3955,0,0.03332935133197945,0.2290631,0.3955,0.1645,Maintain,Mantenimiento - comunicacion periodica,Low
9101-NTIXF,0.1013,Low,1.03,Low,0.5468,0,0.09831561342730857,0.019694073,0.5468,0.1644,Maintain,Mantenimiento - comunicacion periodica,Low
7876-AEHIG,0.0602,Low,12.18,Medium,0.3494,0,0.049217536733962494,0.2328872,0.3494,0.1644,Maintain,Mantenimiento - comunicacion periodica,Low
3612-YUNGG,0.0875,Low,2.1,Low,0.5574,0,0.08183012782224346,0.040152963,0.5574,0.1644,Maintain,Mantenimiento - comunicacion periodica,Low
5136-GFPMB,0.1589,Low,6.05,Medium,0.2306,0,0.16712459682236297,0.11567878,0.2306,0.1644,Maintain,Mantenimiento - comunicacion periodica,Low
6244-BESBM,0.0654,Low,15.67,Medium,0.2341,0,0.05542945884601601,0.2996176,0.2341,0.1644,Maintain,Mantenimiento - comunicacion periodica,Low
9746-MDMBK,0.1336,Low,0.0,Low,0.479,0,0.13690120654641022,0.0,0.479,0.1643,Maintain,Mantenimiento - comunicacion periodica,Low
4654-DLAMQ,0.0599,Low,8.88,Medium,0.4448,0,0.04885915661211326,0.16978969,0.4448,0.1643,Maintain,Mantenimiento - comunicacion periodica,Low
0761-AETCS,0.2118,Low,1.16,Low,0.2123,0,0.23031895830844584,0.022179732,0.2123,0.1643,Maintain,Mantenimiento - comunicacion periodica,Low
0384-LPITE,0.0765,Low,10.7,Medium,0.343,0,0.06868952335443794,0.2045889,0.343,0.1643,Maintain,Mantenimiento - comunicacion periodica,Low
7549-MYGPK,0.2096,Low,0.12,Low,0.2481,0,0.22769083741488474,0.002294455,0.2481,0.1642,Maintain,Mantenimiento - comunicacion periodica,Low
2057-BOYKM,0.0456,Low,15.65,Medium,0.2927,0,0.03177637080396608,0.29923517,0.2927,0.1642,Maintain,Mantenimiento - comunicacion periodica,Low
7765-LWVVH,0.0673,Low,16.21,Medium,0.2106,0,0.05769919961772787,0.30994263,0.2106,0.164,Maintain,Mantenimiento - comunicacion periodica,Low
5447-WZAFP,0.165,Low,5.36,Medium,0.2304,0,0.1744116592999642,0.102485664,0.2304,0.164,Maintain,Mantenimiento - comunicacion periodica,Low
2176-OSJUV,0.0272,Low,18.48,Medium,0.2657,0,0.009795723330545932,0.35334608,0.2657,0.164,Maintain,Mantenimiento - comunicacion periodica,Low
9777-WJJPR,0.1793,Low,6.81,Medium,0.1455,0,0.19149444510811134,0.13021033,0.1455,0.1639,Maintain,Mantenimiento - comunicacion periodica,Low
6627-CFOSN,0.1397,Low,0.41,Low,0.4471,0,0.14418826902401147,0.007839388,0.4471,0.1639,Maintain,Mantenimiento - comunicacion periodica,Low
1427-VERSM,0.1961,Low,0.75,Low,0.2688,0,0.21156373193166889,0.014340345,0.2688,0.1638,Maintain,Mantenimiento - comunicacion periodica,Low
3396-DKDEL,0.0415,Low,0.03,Low,0.751,1,0.02687850913869311,0.00057361374,0.751,0.1638,Investigate_Billing,Revision de facturacion / condiciones especiales,Low
7472-EQOAV,0.0581,Low,19.15,Medium,0.1526,0,0.0467088758810178,0.3661568,0.1526,0.1637,Maintain,Mantenimiento - comunicacion periodica,Low
7710-JSYOA,0.0711,Low,17.42,Medium,0.1634,0,0.06223868116115159,0.3330784,0.1634,0.1637,Maintain,Mantenimiento - comunicacion periodica,Low
9821-BESNZ,0.2209,Low,1.53,Low,0.1713,0,0.24118982200453953,0.029254302,0.1713,0.1636,Maintain,Mantenimiento - comunicacion periodica,Low
2272-JKMSI,0.204,Low,0.06,Low,0.2637,0,0.22100107514036554,0.0011472275,0.2637,0.1636,Maintain,Mantenimiento - comunicacion periodica,Low
6500-JVEGC,0.0969,Low,4.21,Low,0.4642,0,0.09305937164018636,0.08049713,0.4642,0.1635,Maintain,Mantenimiento - comunicacion periodica,Low
0708-LGSMF,0.256,Low,0.09,Low,0.1069,0,0.28312029626090074,0.0017208414,0.1069,0.1635,Maintain,Mantenimiento - comunicacion periodica,Low
5294-IMHHT,0.1155,Low,8.9,Medium,0.2739,0,0.11527893919483934,0.17017208,0.2739,0.1635,Maintain,Mantenimiento - comunicacion periodica,Low
9972-VAFJJ,0.1122,Low,11.07,Medium,0.2206,0,0.11133675785449766,0.21166348,0.2206,0.1633,Maintain,Mantenimiento - comunicacion periodica,Low
6094-ZIVKX,0.0393,Low,17.26,Medium,0.2601,0,0.024250388245132006,0.33001912,0.2601,0.1632,Maintain,Mantenimiento - comunicacion periodica,Low
7055-VKGDA,0.2137,Low,0.42,Low,0.2227,0,0.23258869908015772,0.008030592,0.2227,0.1632,Maintain,Mantenimiento - comunicacion periodica,Low
7931-PXHFC,0.1797,Low,8.54,Medium,0.091,0,0.19197228527057703,0.16328873,0.091,0.1632,Maintain,Mantenimiento - comunicacion periodica,Low
1707-HABPF,0.1073,Low,14.49,Medium,0.1361,0,0.1054832158642934,0.27705544,0.1361,0.1631,Maintain,Mantenimiento - comunicacion periodica,Low
9711-FJTBX,0.0703,Low,19.55,Medium,0.1,0,0.061283000836220285,0.37380496,0.1,0.1628,Maintain,Mantenimiento - comunicacion periodica,Low
0020-INWCK,0.0567,Low,15.39,Medium,0.2589,0,0.045036435312388004,0.29426387,0.2589,0.1626,Maintain,Mantenimiento - comunicacion periodica,Low
5887-IKKYO,0.0846,Low,16.25,Medium,0.1508,0,0.07836578664436746,0.31070745,0.1508,0.1626,Maintain,Mantenimiento - comunicacion periodica,Low
4811-JBUVU,0.2088,Low,5.38,Medium,0.0914,0,0.22673515708995345,0.10286807,0.0914,0.1625,Maintain,Mantenimiento - comunicacion periodica,Low
7449-HVPIV,0.1295,Low,5.14,Medium,0.3352,0,0.13200334488113727,0.098279156,0.3352,0.1625,Maintain,Mantenimiento - comunicacion periodica,Low
3621-CHYVB,0.0716,Low,8.08,Medium,0.4233,0,0.06283598136423366,0.1544933,0.4233,0.1624,Maintain,Mantenimiento - comunicacion periodica,Low
5778-BVOFB,0.2729,Low,0.21,Low,0.0476,0,0.3033090431250746,0.004015296,0.0476,0.1624,Maintain,Mantenimiento - comunicacion periodica,Low
6253-GNHWH,0.0269,Low,12.1,Medium,0.4409,0,0.009437343208696693,0.23135756,0.4409,0.1623,Maintain,Mantenimiento - comunicacion periodica,Low
3521-MNKLV,0.1652,Low,9.0,Medium,0.1168,0,0.17465057938119702,0.17208414,0.1168,0.1623,Maintain,Mantenimiento - comunicacion periodica,Low
0268-QKIWO,0.215,Low,0.71,Low,0.206,0,0.2341416796081711,0.013575526,0.206,0.1623,Maintain,Mantenimiento - comunicacion periodica,Low
3800-LYTRK,0.1189,Low,16.31,Medium,0.0443,0,0.11934058057579741,0.3118547,0.0443,0.1621,Maintain,Mantenimiento - comunicacion periodica,Low
0956-ACVZC,0.1528,Low,10.8,Medium,0.1008,0,0.1598375343447617,0.20650096,0.1008,0.162,Maintain,Mantenimiento - comunicacion periodica,Low
9374-YOLBJ,0.2068,Low,1.19,Low,0.2148,0,0.22434595627762519,0.022753347,0.2148,0.162,Maintain,Mantenimiento - comunicacion periodica,Low
0239-OXEXL,0.1286,Low,11.1,Medium,0.164,0,0.13092820451558954,0.2122371,0.164,0.1619,Maintain,Mantenimiento - comunicacion periodica,Low
0295-QVKPB,0.2399,Low,0.0,Low,0.1496,0,0.2638872297216581,0.0,0.1496,0.1619,Maintain,Mantenimiento - comunicacion periodica,Low
4697-LUPSU,0.1463,Low,0.42,Low,0.4167,0,0.15207263170469482,0.008030592,0.4167,0.1618,Maintain,Mantenimiento - comunicacion periodica,Low
8404-FYDIB,0.1722,Low,8.72,Medium,0.1014,0,0.18301278222434597,0.1667304,0.1014,0.1618,Maintain,Mantenimiento - comunicacion periodica,Low
1266-NZYUI,0.0364,Low,17.22,Medium,0.2633,0,0.020786047067256008,0.3292543,0.2633,0.1618,Maintain,Mantenimiento - comunicacion periodica,Low
0575-CUQOV,0.187,Low,6.81,Medium,0.1111,0,0.20069286823557522,0.13021033,0.1111,0.1616,Maintain,Mantenimiento - comunicacion periodica,Low
8405-IGQFX,0.0663,Low,15.15,Medium,0.2315,0,0.05650459921156373,0.28967494,0.2315,0.1615,Maintain,Mantenimiento - comunicacion periodica,Low
9938-EKRGF,0.1529,Low,0.0,Low,0.4069,0,0.1599569943853781,0.0,0.4069,0.1614,Maintain,Mantenimiento - comunicacion periodica,Low
6195-MELTI,0.0676,Low,17.0,Medium,0.1726,0,0.058057579739577106,0.3250478,0.1726,0.1611,Maintain,Mantenimiento - comunicacion periodica,Low
2640-LYMOV,0.2129,Low,0.79,Low,0.2037,0,0.2316330187552264,0.015105163,0.2037,0.1611,Maintain,Mantenimiento - comunicacion periodica,Low
5067-DGXLL,0.1806,Low,0.21,Low,0.3163,0,0.19304742563612476,0.004015296,0.3163,0.161,Maintain,Mantenimiento - comunicacion periodica,Low
3272-VUHPV,0.173,Low,2.7,Low,0.2671,0,0.18396846254927726,0.05162524,0.2671,0.1609,Maintain,Mantenimiento - comunicacion periodica,Low
9281-CEDRU,0.028,Low,19.24,Medium,0.226,0,0.010751403655477245,0.36787763,0.226,0.1609,Maintain,Mantenimiento - comunicacion periodica,Low
2550-AEVRU,0.0485,Low,18.65,Medium,0.1815,0,0.03524071198184208,0.35659656,0.1815,0.1609,Maintain,Mantenimiento - comunicacion periodica,Low
4567-AKPIA,0.1918,Low,0.09,Low,0.2853,0,0.20642695018516308,0.0017208414,0.2853,0.1608,Maintain,Mantenimiento - comunicacion periodica,Low
6075-QMNRR,0.0768,Low,10.46,Medium,0.331,0,0.06904790347628717,0.2,0.331,0.1607,Maintain,Mantenimiento - comunicacion periodica,Low
0750-EBAIU,0.1225,Low,14.38,Medium,0.082,0,0.12364114203798829,0.2749522,0.082,0.1607,Maintain,Mantenimiento - comunicacion periodica,Low
1216-BGTSP,0.1714,Low,0.0,Low,0.3482,0,0.18205710189941465,0.0,0.3482,0.1607,Maintain,Mantenimiento - comunicacion periodica,Low
2229-VWQJH,0.1455,Low,9.24,Medium,0.1596,0,0.15111695137976347,0.17667304,0.1596,0.1605,Maintain,Mantenimiento - comunicacion periodica,Low
1360-JYXKQ,0.1644,Low,6.5,Medium,0.181,0,0.1736948990562657,0.124282986,0.181,0.1603,Maintain,Mantenimiento - comunicacion periodica,Low
0675-NCDYU,0.035,Low,0.03,Low,0.7531,1,0.019113606498626215,0.00057361374,0.7531,0.1603,Investigate_Billing,Revision de facturacion / condiciones especiales,Low
5360-LJCNJ,0.1269,Low,5.96,Medium,0.3082,0,0.1288973838251105,0.113957934,0.3082,0.1603,Maintain,Mantenimiento - comunicacion periodica,Low
7271-AJDTL,0.2041,Low,1.23,Low,0.2117,0,0.221120535180982,0.023518166,0.2117,0.16,Maintain,Mantenimiento - comunicacion periodica,Low
9987-LUTYD,0.1028,Low,16.28,Medium,0.0825,0,0.10010751403655478,0.31128109,0.0825,0.1599,Maintain,Mantenimiento - comunicacion periodica,Low
4102-HLENU,0.0234,Low,17.73,Medium,0.2779,0,0.0052562417871222095,0.33900574,0.2779,0.1599,Maintain,Mantenimiento - comunicacion periodica,Low
4730-AWNAU,0.0519,Low,11.32,Medium,0.3768,0,0.03930235336280014,0.2164436,0.3768,0.1599,Maintain,Mantenimiento - comunicacion periodica,Low
9619-GSATL,0.0684,Low,16.64,Medium,0.1741,0,0.059013260064508424,0.31816444,0.1741,0.1598,Maintain,Mantenimiento - comunicacion periodica,Low
3761-FLYZI,0.1986,Low,0.0,Low,0.262,0,0.21455023294707923,0.0,0.262,0.1597,Maintain,Mantenimiento - comunicacion periodica,Low
0201-OAMXR,0.1016,Low,0.0,Low,0.5516,0,0.0986739935491578,0.0,0.5516,0.1597,Maintain,Mantenimiento - comunicacion periodica,Low
8929-KSWIH,0.124,Low,11.21,Medium,0.1633,0,0.1254330426472345,0.21434034,0.1633,0.1597,Maintain,Mantenimiento - comunicacion periodica,Low
0623-EJQEG,0.1272,Low,12.13,Medium,0.1275,0,0.12925576394695976,0.23193116,0.1275,0.1597,Maintain,Mantenimiento - comunicacion periodica,Low
6797-LNAQX,0.0787,Low,13.11,Medium,0.2436,0,0.07131764424799905,0.2506692,0.2436,0.1596,Maintain,Mantenimiento - comunicacion periodica,Low
3717-LNXKW,0.1985,Low,4.06,Low,0.1453,0,0.2144307729064628,0.07762906,0.1453,0.1596,Maintain,Mantenimiento - comunicacion periodica,Low
4445-KWOKW,0.0794,Low,11.84,Medium,0.2778,0,0.07215386453231394,0.22638623,0.2778,0.1596,Maintain,Mantenimiento - comunicacion periodica,Low
8967-SZQAS,0.1316,Low,8.32,Medium,0.2229,0,0.13451200573408195,0.15908222,0.2229,0.1596,Maintain,Mantenimiento - comunicacion periodica,Low
1502-XFCVR,0.2111,Low,0.0,Low,0.2237,0,0.22948273802413097,0.0,0.2237,0.1595,Maintain,Mantenimiento - comunicacion periodica,Low
1169-SAOCL,0.2158,Low,0.21,Low,0.2034,0,0.2350973599331024,0.004015296,0.2034,0.1594,Maintain,Mantenimiento - comunicacion periodica,Low
1810-BOHSY,0.1645,Low,9.22,Medium,0.098,0,0.17381435909688212,0.17629063,0.098,0.1594,Maintain,Mantenimiento - comunicacion periodica,Low
1163-VIPRI,0.0758,Low,1.82,Low,0.5749,0,0.06785330307012305,0.034799237,0.5749,0.1593,Maintain,Mantenimiento - comunicacion periodica,Low
8713-IGZSO,0.0944,Low,0.0,Low,0.571,0,0.09007287062477601,0.0,0.571,0.1592,Maintain,Mantenimiento - comunicacion periodica,Low
1629-DQQVB,0.1804,Low,8.58,Medium,0.068,0,0.19280850555489193,0.16405354,0.068,0.1592,Maintain,Mantenimiento - comunicacion periodica,Low
2303-PJYHN,0.1064,Low,0.53,Low,0.5196,0,0.10440807549874566,0.010133843,0.5196,0.1592,Maintain,Mantenimiento - comunicacion periodica,Low
9715-SBVSU,0.0487,Low,18.6,Medium,0.1732,0,0.035479632063074903,0.35564056,0.1732,0.1591,Maintain,Mantenimiento - comunicacion periodica,Low
4187-CINZD,0.1515,Low,10.12,Medium,0.1097,0,0.1582845538167483,0.19349904,0.1097,0.1591,Maintain,Mantenimiento - comunicacion periodica,Low
6242-SGYTS,0.1166,Low,10.33,Medium,0.2077,0,0.11659299964161987,0.19751434,0.2077,0.1591,Maintain,Mantenimiento - comunicacion periodica,Low
8590-YFFQO,0.0268,Low,18.52,Medium,0.2405,0,0.00931788316808028,0.35411093,0.2405,0.159,Maintain,Mantenimiento - comunicacion periodica,Low
2235-EZAIK,0.0352,Low,4.02,Low,0.6295,1,0.01935252657985904,0.07686424,0.6295,0.1586,Investigate_Billing,Revision de facturacion / condiciones especiales,Low
7926-IJOOU,0.2022,Low,1.15,Low,0.2123,0,0.2188507944092701,0.021988528,0.2123,0.1585,Maintain,Mantenimiento - comunicacion periodica,Low
2878-RMWXY,0.0504,Low,10.24,Medium,0.4049,0,0.037510452753553934,0.1957935,0.4049,0.1585,Maintain,Mantenimiento - comunicacion periodica,Low
7470-DYNOE,0.0725,Low,10.88,Medium,0.3205,0,0.06391112172978138,0.2080306,0.3205,0.1585,Maintain,Mantenimiento - comunicacion periodica,Low
8150-QUDFX,0.1074,Low,0.52,Low,0.5131,0,0.1056026759049098,0.009942639,0.5131,0.1584,Maintain,Mantenimiento - comunicacion periodica,Low
6266-QHOJZ,0.0982,Low,15.39,Medium,0.1132,0,0.09461235216819973,0.29426387,0.1132,0.1582,Maintain,Mantenimiento - comunicacion periodica,Low
8639-NHQEI,0.0408,Low,15.87,Medium,0.2706,0,0.026042288854378214,0.30344167,0.2706,0.1582,Maintain,Mantenimiento - comunicacion periodica,Low
9959-WOFKT,0.0894,Low,4.84,Low,0.4421,0,0.08409986859395531,0.09254303,0.4421,0.1582,Maintain,Mantenimiento - comunicacion periodica,Low
5089-IFSDP,0.1143,Low,1.75,Low,0.4558,0,0.11384541870744236,0.033460803,0.4558,0.1581,Maintain,Mantenimiento - comunicacion periodica,Low
4500-HKANN,0.0365,Low,22.55,High,0.091,0,0.020905507107872416,0.43116635,0.091,0.158,Grow_Upsell,Campana de upsell / cross-sell,Low
6196-HBOBZ,0.0921,Low,11.83,Medium,0.2325,0,0.0873252896905985,0.22619504,0.2325,0.158,Maintain,Mantenimiento - comunicacion periodica,Low
2530-FMFXO,0.1451,Low,7.39,Medium,0.2016,0,0.15063911121729784,0.14130019,0.2016,0.158,Maintain,Mantenimiento - comunicacion periodica,Low
2267-FPIMA,0.1418,Low,1.32,Low,0.3842,0,0.14669692987695618,0.025239008,0.3842,0.1578,Maintain,Mantenimiento - comunicacion periodica,Low
6897-UUBNU,0.207,Low,6.2,Medium,0.0485,0,0.224584876358858,0.11854684,0.0485,0.1576,Maintain,Mantenimiento - comunicacion periodica,Low
6625-UTXEW,0.1873,Low,7.46,Medium,0.0706,0,0.20105124835742447,0.14263862,0.0706,0.1574,Maintain,Mantenimiento - comunicacion periodica,Low
1699-HPSBG,0.1596,Low,11.91,Medium,0.0255,0,0.16796081710667782,0.22772467,0.0255,0.1574,Maintain,Mantenimiento - comunicacion periodica,Low
3224-DFQNQ,0.0811,Low,16.6,Medium,0.1243,0,0.07418468522279298,0.31739962,0.1243,0.1572,Maintain,Mantenimiento - comunicacion periodica,Low
1173-NOEYG,0.2049,Low,5.35,Medium,0.0775,0,0.2220762155059133,0.10229445,0.0775,0.1572,Maintain,Mantenimiento - comunicacion periodica,Low
0757-WCUUZ,0.0392,Low,19.74,Medium,0.1584,0,0.02413092820451559,0.37743786,0.1584,0.157,Maintain,Mantenimiento - comunicacion periodica,Low
7399-QHBJS,0.0271,Low,17.37,Medium,0.2624,0,0.009676263289929519,0.3321224,0.2624,0.157,Maintain,Mantenimiento - comunicacion periodica,Low
9833-TGFHX,0.1718,Low,7.22,Medium,0.1215,0,0.18253494206188034,0.1380497,0.1215,0.157,Maintain,Mantenimiento - comunicacion periodica,Low
2455-USLMV,0.1504,Low,10.86,Medium,0.0806,0,0.15697049336996777,0.20764817,0.0806,0.1569,Maintain,Mantenimiento - comunicacion periodica,Low
1087-UDSIH,0.2011,Low,0.8,Low,0.2177,0,0.21753673396248957,0.015296368,0.2177,0.1569,Maintain,Mantenimiento - comunicacion periodica,Low
6397-JNZZG,0.1623,Low,2.19,Low,0.2936,0,0.17118623820332102,0.041873805,0.2936,0.1569,Maintain,Mantenimiento - comunicacion periodica,Low
8133-ANHHJ,0.1288,Low,2.77,Low,0.3767,0,0.13116712459682237,0.05296367,0.3767,0.1568,Maintain,Mantenimiento - comunicacion periodica,Low
8338-QIUNR,0.0334,Low,17.1,Medium,0.2506,0,0.01720224584876359,0.32695985,0.2506,0.1568,Maintain,Mantenimiento - comunicacion periodica,Low
0596-BQCEQ,0.2114,Low,0.53,Low,0.1937,0,0.2298411181459802,0.010133843,0.1937,0.1567,Maintain,Mantenimiento - comunicacion periodica,Low
5857-XRECV,0.1951,Low,0.13,Low,0.2532,0,0.21036913152550474,0.0024856597,0.2532,0.1566,Maintain,Mantenimiento - comunicacion periodica,Low
8894-JVDCV,0.1121,Low,0.0,Low,0.5051,0,0.11121729781388126,0.0,0.5051,0.1566,Maintain,Mantenimiento - comunicacion periodica,Low
7544-ZVIKX,0.2036,Low,0.67,Low,0.2122,0,0.2205232349778999,0.012810708,0.2122,0.1565,Maintain,Mantenimiento - comunicacion periodica,Low
7285-KLOTR,0.1785,Low,0.0,Low,0.3057,0,0.19053876478318005,0.0,0.3057,0.1564,Maintain,Mantenimiento - comunicacion periodica,Low
3896-RCYYE,0.1087,Low,5.45,Medium,0.3568,0,0.1071556564329232,0.1042065,0.3568,0.1562,Maintain,Mantenimiento - comunicacion periodica,Low
9863-JZAIC,0.1491,Low,3.83,Low,0.2824,0,0.1554175128419544,0.073231354,0.2824,0.1562,Maintain,Mantenimiento - comunicacion periodica,Low
3858-XHYJO,0.2236,Low,0.52,Low,0.1545,0,0.24441524310118268,0.009942639,0.1545,0.1561,Maintain,Mantenimiento - comunicacion periodica,Low
4415-WNGVR,0.1837,Low,0.31,Low,0.2795,0,0.19675068689523356,0.0059273425,0.2795,0.1561,Maintain,Mantenimiento - comunicacion periodica,Low
4547-FZJWE,0.0481,Low,13.13,Medium,0.3164,0,0.034762871819376415,0.25105163,0.3164,0.156,Maintain,Mantenimiento - comunicacion periodica,Low
1803-BGNBD,0.2223,Low,4.96,Low,0.0308,0,0.24286226257316929,0.09483748,0.0308,0.156,Maintain,Mantenimiento - comunicacion periodica,Low
3688-FTHLT,0.2099,Low,1.4,Low,0.1692,0,0.228049217536734,0.026768642,0.1692,0.1559,Maintain,Mantenimiento - comunicacion periodica,Low
0961-ZWLVI,0.1808,Low,0.0,Low,0.2956,0,0.19328634571735756,0.0,0.2956,0.1558,Maintain,Mantenimiento - comunicacion periodica,Low
3197-NNYNB,0.0878,Low,6.07,Medium,0.3988,0,0.0821885079440927,0.11606119,0.3988,0.1557,Maintain,Mantenimiento - comunicacion periodica,Low
1409-PHXTF,0.1369,Low,0.91,Low,0.4,0,0.14084338788675188,0.017399618,0.4,0.1556,Maintain,Mantenimiento - comunicacion periodica,Low
5306-BVTKJ,0.0675,Low,16.91,Medium,0.1479,0,0.057938119698960705,0.32332698,0.1479,0.1555,Maintain,Mantenimiento - comunicacion periodica,Low
6586-PSJOX,0.0895,Low,16.36,Medium,0.0976,0,0.08421932863457174,0.31281072,0.0976,0.1555,Maintain,Mantenimiento - comunicacion periodica,Low
9786-YWNHU,0.0235,Low,19.26,Medium,0.2109,0,0.0053757018277386225,0.36826006,0.2109,0.1553,Maintain,Mantenimiento - comunicacion periodica,Low
4393-GEADV,0.0604,Low,0.03,Low,0.651,1,0.04945645681519533,0.00057361374,0.651,0.1551,Investigate_Billing,Revision de facturacion / condiciones especiales,Low
7124-UGSUR,0.2078,Low,1.2,Low,0.177,0,0.2255405566837893,0.022944553,0.177,0.1551,Maintain,Mantenimiento - comunicacion periodica,Low
1485-YDHMM,0.1172,Low,2.61,Low,0.4071,0,0.11730975988531836,0.049904395,0.4071,0.155,Maintain,Mantenimiento - comunicacion periodica,Low
1394-SUIUH,0.1274,Low,10.5,Medium,0.1501,0,0.12949468402819259,0.20076482,0.1501,0.155,Maintain,Mantenimiento - comunicacion periodica,Low
2680-XKKNJ,0.112,Low,12.92,Medium,0.1263,0,0.11109783777326485,0.24703634,0.1263,0.1549,Maintain,Mantenimiento - comunicacion periodica,Low
0237-YFUTL,0.1751,Low,0.0,Low,0.3083,0,0.186477123402222,0.0,0.3083,0.1549,Maintain,Mantenimiento - comunicacion periodica,Low
5338-YHWYT,0.0259,Low,22.79,High,0.1003,0,0.008242742802532553,0.43575528,0.1003,0.1549,Grow_Upsell,Campana de upsell / cross-sell,Low
5066-GFJMM,0.0778,Low,0.55,Low,0.5827,0,0.07024250388245132,0.010516252,0.5827,0.1548,Maintain,Mantenimiento - comunicacion periodica,Low
3230-WYKIR,0.2149,Low,0.0,Low,0.1889,0,0.2340222195675547,0.0,0.1889,0.1548,Maintain,Mantenimiento - comunicacion periodica,Low
9415-TPKRV,0.2212,Low,2.96,Low,0.085,0,0.24154820212638875,0.05659656,0.085,0.1548,Maintain,Mantenimiento - comunicacion periodica,Low
3156-QLHBO,0.0992,Low,1.24,Low,0.4987,0,0.09580695257436388,0.02370937,0.4987,0.1548,Maintain,Mantenimiento - comunicacion periodica,Low
5325-UWTWJ,0.1549,Low,5.02,Medium,0.2241,0,0.1623461951977064,0.095984705,0.2241,0.1548,Maintain,Mantenimiento - comunicacion periodica,Low
6296-DDOOR,0.1095,Low,12.67,Medium,0.1394,0,0.1081113367578545,0.24225622,0.1394,0.1546,Maintain,Mantenimiento - comunicacion periodica,Low
0356-OBMAC,0.0981,Low,11.29,Medium,0.2123,0,0.09449289212758333,0.21586998,0.2123,0.1545,Maintain,Mantenimiento - comunicacion periodica,Low
3067-SVMTC,0.0273,Low,16.3,Medium,0.2795,0,0.009915183371162348,0.31166348,0.2795,0.1544,Maintain,Mantenimiento - comunicacion periodica,Low
1150-FTQGN,0.0779,Low,10.24,Medium,0.3026,0,0.07036196392306773,0.1957935,0.3026,0.1544,Maintain,Mantenimiento - comunicacion periodica,Low
6941-KXRRV,0.0907,Low,13.53,Medium,0.1695,0,0.0856528491219687,0.2586998,0.1695,0.1543,Maintain,Mantenimiento - comunicacion periodica,Low
2001-EWBQU,0.1498,Low,6.42,Medium,0.1968,0,0.15625373312626928,0.12275335,0.1968,0.1543,Maintain,Mantenimiento - comunicacion periodica,Low
4250-WAROZ,0.1439,Low,2.36,Low,0.3301,0,0.14920559072990086,0.04512428,0.3301,0.1542,Maintain,Mantenimiento - comunicacion periodica,Low
9938-TKDGL,0.0849,Low,11.75,Medium,0.2372,0,0.0787241667662167,0.22466539,0.2372,0.1542,Maintain,Mantenimiento - comunicacion periodica,Low
0323-XWWTN,0.0368,Low,0.89,Low,0.6919,1,0.02126388722972166,0.017017208,0.6919,0.1541,Investigate_Billing,Revision de facturacion / condiciones especiales,Low
5027-YOCXN,0.1636,Low,0.04,Low,0.3377,0,0.17273921873133438,0.00076481834,0.3377,0.1541,Maintain,Mantenimiento - comunicacion periodica,Low
8311-UEUAB,0.0786,Low,8.23,Medium,0.3561,0,0.07119818420738264,0.15736137,0.3561,0.154,Maintain,Mantenimiento - comunicacion periodica,Low
6917-YACBP,0.1072,Low,5.7,Medium,0.3433,0,0.10536375582367699,0.108986616,0.3433,0.154,Maintain,Mantenimiento - comunicacion periodica,Low
3810-DVDQQ,0.0454,Low,0.02,Low,0.6902,1,0.03153745072273325,0.00038240917,0.6902,0.1539,Investigate_Billing,Revision de facturacion / condiciones especiales,Low
6625-IUTTT,0.0266,Low,18.15,Medium,0.2261,0,0.009078963086847448,0.34703633,0.2261,0.1539,Maintain,Mantenimiento - comunicacion periodica,Low
5504-WSIUR,0.0601,Low,15.59,Medium,0.1989,0,0.04909807669334607,0.29808795,0.1989,0.1538,Maintain,Mantenimiento - comunicacion periodica,Low
5155-AZQPB,0.0727,Low,8.56,Medium,0.3625,0,0.06415004181101422,0.16367114,0.3625,0.1537,Maintain,Mantenimiento - comunicacion periodica,Low
3392-EHMNK,0.0674,Low,17.04,Medium,0.1354,0,0.05781865965834428,0.32581264,0.1354,0.1537,Maintain,Mantenimiento - comunicacion periodica,Low
8990-YOZLV,0.0314,Low,17.45,Medium,0.2309,0,0.01481304503643531,0.33365202,0.2309,0.1537,Maintain,Mantenimiento - comunicacion periodica,Low
8707-RMEZH,0.0724,Low,16.91,Medium,0.1234,0,0.06379166168916497,0.32332698,0.1234,0.1536,Maintain,Mantenimiento - comunicacion periodica,Low
7595-EHCDL,0.1455,Low,8.06,Medium,0.1588,0,0.15111695137976347,0.15411091,0.1588,0.1536,Maintain,Mantenimiento - comunicacion periodica,Low
2027-WKXMW,0.1939,Low,0.0,Low,0.2455,0,0.20893561103810776,0.0,0.2455,0.1536,Maintain,Mantenimiento - comunicacion periodica,Low
6719-FGEDO,0.026,Low,15.38,Medium,0.3049,0,0.008362202843148966,0.29407266,0.3049,0.1534,Maintain,Mantenimiento - comunicacion periodica,Low
7954-MLBUN,0.1176,Low,11.12,Medium,0.1538,0,0.11778760004778402,0.2126195,0.1538,0.1534,Maintain,Mantenimiento - comunicacion periodica,Low
6087-YPWHO,0.0268,Low,14.26,Medium,0.3336,0,0.00931788316808028,0.27265775,0.3336,0.1532,Maintain,Mantenimiento - comunicacion periodica,Low
6305-YLBMM,0.1561,Low,1.78,Low,0.305,0,0.16377971568510333,0.034034416,0.305,0.1531,Maintain,Mantenimiento - comunicacion periodica,Low
3642-GKTCT,0.1139,Low,0.0,Low,0.4822,0,0.11336757854497671,0.0,0.4822,0.1531,Maintain,Mantenimiento - comunicacion periodica,Low
7508-KBIMB,0.0444,Low,15.57,Medium,0.2427,0,0.030342850316569112,0.29770553,0.2427,0.153,Maintain,Mantenimiento - comunicacion periodica,Low
7995-ZHHNZ,0.0494,Low,15.42,Medium,0.2318,0,0.0363158523473898,0.29483747,0.2318,0.153,Maintain,Mantenimiento - comunicacion periodica,Low
1410-RSCMR,0.1946,Low,0.02,Low,0.24,0,0.20977183132242266,0.00038240917,0.24,0.153,Maintain,Mantenimiento - comunicacion periodica,Low
0366-NQSHS,0.1119,Low,1.14,Low,0.4551,0,0.11097837773264843,0.021797324,0.4551,0.153,Maintain,Mantenimiento - comunicacion periodica,Low
9571-EDEBV,0.1147,Low,7.11,Medium,0.2753,0,0.11432325886990802,0.13594647,0.2753,0.153,Maintain,Mantenimiento - comunicacion periodica,Low
3340-QBBFM,0.0566,Low,18.53,Medium,0.1206,0,0.04491697527177159,0.3543021,0.1206,0.1529,Maintain,Mantenimiento - comunicacion periodica,Low
5562-YJQGT,0.1333,Low,0.14,Low,0.4181,0,0.136542826424561,0.0026768644,0.4181,0.1527,Maintain,Mantenimiento - comunicacion periodica,Low
0513-RBGPE,0.0387,Low,20.39,High,0.12,0,0.02353362800143352,0.38986614,0.12,0.1527,Grow_Upsell,Campana de upsell / cross-sell,Low
2696-ECXKC,0.145,Low,4.87,Low,0.2475,0,0.1505196511766814,0.09311663,0.2475,0.1527,Maintain,Mantenimiento - comunicacion periodica,Low
2709-UQGNP,0.1843,Low,7.21,Medium,0.0627,0,0.19746744713893205,0.13785851,0.0627,0.1526,Maintain,Mantenimiento - comunicacion periodica,Low
9742-XOKTS,0.0785,Low,16.05,Medium,0.1251,0,0.07107872416676622,0.30688336,0.1251,0.1526,Maintain,Mantenimiento - comunicacion periodica,Low
5893-KCLGT,0.0295,Low,4.86,Low,0.5919,0,0.01254330426472345,0.09292544,0.5919,0.1525,Maintain,Mantenimiento - comunicacion periodica,Low
3466-RITXD,0.223,Low,2.16,Low,0.0914,0,0.2436984828574842,0.041300192,0.0914,0.1525,Maintain,Mantenimiento - comunicacion periodica,Low
3199-NPKCN,0.155,Low,0.08,Low,0.3534,0,0.1624656552383228,0.0015296367,0.3534,0.1524,Maintain,Mantenimiento - comunicacion periodica,Low
7123-WQUHX,0.1506,Low,10.33,Medium,0.0725,0,0.1572094134512006,0.19751434,0.0725,0.1524,Maintain,Mantenimiento - comunicacion periodica,Low
5614-DNZCE,0.0238,Low,18.48,Medium,0.217,0,0.005734081949587866,0.35334608,0.217,0.1523,Maintain,Mantenimiento - comunicacion periodica,Low
4913-EHYUI,0.2117,Low,0.86,Low,0.1609,0,0.23019949826782943,0.016443595,0.1609,0.1522,Maintain,Mantenimiento - comunicacion periodica,Low
5002-GCQFH,0.1782,Low,1.57,Low,0.2401,0,0.1901803846613308,0.030019121,0.2401,0.1521,Maintain,Mantenimiento - comunicacion periodica,Low
7905-TVXTA,0.1912,Low,0.0,Low,0.2456,0,0.20571018994146462,0.0,0.2456,0.152,Maintain,Mantenimiento - comunicacion periodica,Low
2519-ERQOJ,0.1635,Low,3.58,Low,0.2246,0,0.172619758690718,0.06845124,0.2246,0.1518,Maintain,Mantenimiento - comunicacion periodica,Low
4342-HFXWS,0.0477,Low,2.81,Low,0.5929,0,0.03428503165691076,0.053728487,0.5929,0.1518,Maintain,Mantenimiento - comunicacion periodica,Low
7663-CUXZB,0.0883,Low,0.0,Low,0.5521,0,0.08278580814717477,0.0,0.5521,0.1518,Maintain,Mantenimiento - comunicacion periodica,Low
6064-PUPMC,0.0427,Low,15.58,Medium,0.2412,0,0.028312029626090078,0.29789674,0.2412,0.1518,Maintain,Mantenimiento - comunicacion periodica,Low
7375-WMVMT,0.0621,Low,15.11,Medium,0.1966,0,0.051487277505674355,0.28891012,0.1966,0.1517,Maintain,Mantenimiento - comunicacion periodica,Low
1061-PNTHC,0.125,Low,0.0,Low,0.4417,0,0.12662764305339863,0.0,0.4417,0.1517,Maintain,Mantenimiento - comunicacion periodica,Low
5954-BDFSG,0.0998,Low,4.6,Low,0.3846,0,0.09652371281806237,0.08795411,0.3846,0.1516,Maintain,Mantenimiento - comunicacion periodica,Low
1698-XFZCI,0.1962,Low,0.0,Low,0.2283,0,0.2116831919722853,0.0,0.2283,0.1515,Maintain,Mantenimiento - comunicacion periodica,Low
0866-QLSIR,0.1109,Low,7.6,Medium,0.265,0,0.1097837773264843,0.14531548,0.265,0.1515,Maintain,Mantenimiento - comunicacion periodica,Low
6933-FHBZC,0.0516,Low,15.84,Medium,0.2059,0,0.03894397324095091,0.30286807,0.2059,0.1515,Maintain,Mantenimiento - comunicacion periodica,Low
6480-YAGIY,0.1222,Low,0.19,Low,0.4437,0,0.12328276191613906,0.0036328873,0.4437,0.1515,Maintain,Mantenimiento - comunicacion periodica,Low
2931-SVLTV,0.1484,Low,0.0,Low,0.3705,0,0.1545812925576395,0.0,0.3705,0.1514,Maintain,Mantenimiento - comunicacion periodica,Low
0655-YDGFJ,0.081,Low,9.45,Medium,0.3009,0,0.07406522518217656,0.18068834,0.3009,0.1514,Maintain,Mantenimiento - comunicacion periodica,Low
9931-DCEZH,0.0867,Low,17.88,Medium,0.0418,0,0.08087444749731215,0.3418738,0.0418,0.1514,Maintain,Mantenimiento - comunicacion periodica,Low
9919-YLNNG,0.1904,Low,0.44,Low,0.2318,0,0.2047545096165333,0.008413002,0.2318,0.1513,Maintain,Mantenimiento - comunicacion periodica,Low
4550-VBOFE,0.1788,Low,0.0,Low,0.2794,0,0.19089714490502926,0.0,0.2794,0.1513,Maintain,Mantenimiento - comunicacion periodica,Low
7351-KYHQH,0.1921,Low,0.02,Low,0.2387,0,0.20678533030701232,0.00038240917,0.2387,0.1512,Maintain,Mantenimiento - comunicacion periodica,Low
1930-WNXSB,0.1882,Low,3.09,Low,0.1621,0,0.2021263887229722,0.059082218,0.1621,0.1512,Maintain,Mantenimiento - comunicacion periodica,Low
1035-IPQPU,0.2205,Low,0.05,Low,0.1524,0,0.24071198184207385,0.000956023,0.1524,0.1511,Maintain,Mantenimiento - comunicacion periodica,Low
0248-PGHBZ,0.0554,Low,17.34,Medium,0.1497,0,0.04348345478437463,0.33154875,0.1497,0.1511,Maintain,Mantenimiento - comunicacion periodica,Low
6075-SLNIL,0.2238,Low,0.83,Low,0.1194,0,0.2446541631824155,0.01586998,0.1194,0.151,Maintain,Mantenimiento - comunicacion periodica,Low
3727-OWVYD,0.0533,Low,11.32,Medium,0.3275,0,0.040974793931429936,0.2164436,0.3275,0.1509,Maintain,Mantenimiento - comunicacion periodica,Low
9480-BQJEI,0.1161,Low,12.24,Medium,0.1136,0,0.11599569943853781,0.23403442,0.1136,0.1509,Maintain,Mantenimiento - comunicacion periodica,Low
2576-HXMPA,0.2051,Low,0.89,Low,0.1726,0,0.22231513558714613,0.017017208,0.1726,0.1508,Maintain,Mantenimiento - comunicacion periodica,Low
4929-ROART,0.1979,Low,2.64,Low,0.1429,0,0.21371401266276432,0.050478015,0.1429,0.1506,Maintain,Mantenimiento - comunicacion periodica,Low
0229-LFJAF,0.0291,Low,13.77,Medium,0.3278,0,0.012065464102257797,0.26328874,0.3278,0.1506,Maintain,Mantenimiento - comunicacion periodica,Low
6898-MDLZW,0.2072,Low,5.44,Medium,0.0348,0,0.22482379644009082,0.1040153,0.0348,0.1506,Maintain,Mantenimiento - comunicacion periodica,Low
7663-ZTEGJ,0.142,Low,4.94,Low,0.2435,0,0.14693584995818898,0.09445507,0.2435,0.1505,Maintain,Mantenimiento - comunicacion periodica,Low
2959-EEXWB,0.1231,Low,7.54,Medium,0.2246,0,0.12435790228168678,0.14416826,0.2246,0.1503,Maintain,Mantenimiento - comunicacion periodica,Low
7629-WFGLW,0.1011,Low,9.94,Medium,0.2214,0,0.09807669334607573,0.19005735,0.2214,0.1503,Maintain,Mantenimiento - comunicacion periodica,Low
4083-BFNYK,0.1443,Low,10.22,Medium,0.0839,0,0.14968343089236655,0.1954111,0.0839,0.1502,Maintain,Mantenimiento - comunicacion periodica,Low
2045-BMBTJ,0.1002,Low,1.42,Low,0.4679,0,0.09700155298052801,0.027151052,0.4679,0.1502,Maintain,Mantenimiento - comunicacion periodica,Low
2931-VUVJN,0.1103,Low,11.27,Medium,0.1544,0,0.10906701708278581,0.21548758,0.1544,0.1501,Maintain,Mantenimiento - comunicacion periodica,Low
2338-BQEZT,0.065,Low,9.58,Medium,0.3383,0,0.054951618683550356,0.183174,0.3383,0.1501,Maintain,Mantenimiento - comunicacion periodica,Low
2674-MLXMN,0.1443,Low,0.35,Low,0.3664,0,0.14968343089236655,0.0066921604,0.3664,0.1501,Maintain,Mantenimiento - comunicacion periodica,Low
2716-GFZOR,0.0866,Low,9.68,Medium,0.2707,0,0.08075498745669574,0.18508606,0.2707,0.15,Maintain,Mantenimiento - comunicacion periodica,Low
1796-JANOW,0.1916,Low,0.48,Low,0.2203,0,0.20618803010393025,0.00917782,0.2203,0.1499,Maintain,Mantenimiento - comunicacion periodica,Low
0530-IJVDB,0.0777,Low,0.02,Low,0.5738,0,0.07012304384183492,0.00038240917,0.5738,0.1499,Maintain,Mantenimiento - comunicacion periodica,Low
7746-QYVCO,0.0843,Low,16.07,Medium,0.0935,0,0.07800740652251822,0.30726576,0.0935,0.1499,Maintain,Mantenimiento - comunicacion periodica,Low
6837-HAEVO,0.127,Low,6.23,Medium,0.2479,0,0.12901684386572693,0.119120464,0.2479,0.1498,Maintain,Mantenimiento - comunicacion periodica,Low
7657-DYEPJ,0.1086,Low,1.87,Low,0.4272,0,0.10703619639230678,0.035755258,0.4272,0.1497,Maintain,Mantenimiento - comunicacion periodica,Low
5208-FVQKB,0.0287,Low,14.48,Medium,0.3041,0,0.01158762393979214,0.27686423,0.3041,0.1497,Maintain,Mantenimiento - comunicacion periodica,Low
9018-PCIOK,0.0323,Low,18.76,Medium,0.1705,0,0.01588818540198304,0.35869983,0.1705,0.1497,Maintain,Mantenimiento - comunicacion periodica,Low
8634-CILSZ,0.1954,Low,0.75,Low,0.1996,0,0.21072751164735398,0.014340345,0.1996,0.1496,Maintain,Mantenimiento - comunicacion periodica,Low
7641-TQFHN,0.1131,Low,10.57,Medium,0.164,0,0.11241189822004541,0.20210324,0.164,0.1496,Maintain,Mantenimiento - comunicacion periodica,Low
5681-LLOEI,0.0877,Low,14.4,Medium,0.1294,0,0.08206904790347629,0.2753346,0.1294,0.1495,Maintain,Mantenimiento - comunicacion periodica,Low
2824-DXNKN,0.0469,Low,12.31,Medium,0.3104,0,0.03332935133197945,0.23537286,0.3104,0.1494,Maintain,Mantenimiento - comunicacion periodica,Low
2984-TBYKU,0.0469,Low,5.98,Medium,0.4921,0,0.03332935133197945,0.11434034,0.4921,0.1494,Maintain,Mantenimiento - comunicacion periodica,Low
0303-UNCIP,0.0823,Low,7.16,Medium,0.3521,0,0.07561820571018994,0.13690248,0.3521,0.1493,Maintain,Mantenimiento - comunicacion periodica,Low
0531-XBKMM,0.0229,Low,17.75,Medium,0.2256,0,0.00465894158404014,0.33938816,0.2256,0.1493,Maintain,Mantenimiento - comunicacion periodica,Low
5527-ACHSO,0.2083,Low,0.14,Low,0.1769,0,0.22613785688687138,0.0026768644,0.1769,0.1493,Maintain,Mantenimiento - comunicacion periodica,Low
8107-RZLNV,0.1108,Low,5.1,Medium,0.326,0,0.10966431728586787,0.09751434,0.326,0.1493,Maintain,Mantenimiento - comunicacion periodica,Low
9680-NIAUV,0.0433,Low,1.0,Low,0.6445,1,0.029028789869788556,0.019120459,0.6445,0.1492,Investigate_Billing,Revision de facturacion / condiciones especiales,Low
0320-DWVTU,0.0405,Low,10.54,Medium,0.3795,0,0.025683908732528973,0.20152964,0.3795,0.1492,Maintain,Mantenimiento - comunicacion periodica,Low
9909-DFRJA,0.1462,Low,9.09,Medium,0.1056,0,0.15195317166407837,0.17380498,0.1056,0.1492,Maintain,Mantenimiento - comunicacion periodica,Low
6603-QWSPR,0.0905,Low,6.42,Medium,0.3485,0,0.08541392904073587,0.12275335,0.3485,0.1492,Maintain,Mantenimiento - comunicacion periodica,Low
8570-KLJYJ,0.0462,Low,15.69,Medium,0.2136,0,0.032493131047664554,0.29999998,0.2136,0.149,Maintain,Mantenimiento - comunicacion periodica,Low
6784-XYJAE,0.0459,Low,15.54,Medium,0.2185,0,0.032134750925815324,0.29713193,0.2185,0.1489,Maintain,Mantenimiento - comunicacion periodica,Low
4568-KNYWR,0.0272,Low,19.44,Medium,0.1626,0,0.009795723330545932,0.37170175,0.1626,0.1489,Maintain,Mantenimiento - comunicacion periodica,Low
1004-NOZNR,0.128,Low,10.36,Medium,0.1214,0,0.13021144427189105,0.19808795,0.1214,0.1488,Maintain,Mantenimiento - comunicacion periodica,Low
6603-YRDCJ,0.0297,Low,21.99,High,0.0813,0,0.01278222434595628,0.42045888,0.0813,0.1488,Grow_Upsell,Campana de upsell / cross-sell,Low
8050-XGRVL,0.0292,Low,17.06,Medium,0.2235,0,0.01218492414287421,0.32619503,0.2235,0.1487,Maintain,Mantenimiento - comunicacion periodica,Low
9163-GHAYE,0.154,Low,9.72,Medium,0.0616,0,0.16127105483215867,0.18585087,0.0616,0.1487,Maintain,Mantenimiento - comunicacion periodica,Low
1725-IQNIY,0.0532,Low,1.19,Low,0.6071,1,0.04085533389081352,0.022753347,0.6071,0.1487,Investigate_Billing,Revision de facturacion / condiciones especiales,Low
6789-HJBWG,0.144,Low,9.31,Medium,0.1034,0,0.14932505077051725,0.17801148,0.1034,0.1487,Maintain,Mantenimiento - comunicacion periodica,Low
0899-WZRSD,0.1886,Low,0.0,Low,0.237,0,0.20260422888543783,0.0,0.237,0.1487,Maintain,Mantenimiento - comunicacion periodica,Low
4760-THGOT,0.2175,Low,1.4,Low,0.1107,0,0.23712818062358143,0.026768642,0.1107,0.1487,Maintain,Mantenimiento - comunicacion periodica,Low
8552-OBVRU,0.1695,Low,0.24,Low,0.2869,0,0.17978736112770283,0.00458891,0.2869,0.1487,Maintain,Mantenimiento - comunicacion periodica,Low
1728-CXQBE,0.2037,Low,1.71,Low,0.1424,0,0.22064269501851633,0.032695986,0.1424,0.1486,Maintain,Mantenimiento - comunicacion periodica,Low
6465-GSRCL,0.1675,Low,0.14,Low,0.2952,0,0.17739816031537453,0.0026768644,0.2952,0.1485,Maintain,Mantenimiento - comunicacion periodica,Low
2172-EJXVF,0.1854,Low,0.12,Low,0.2416,0,0.1987815075857126,0.002294455,0.2416,0.1484,Maintain,Mantenimiento - comunicacion periodica,Low
1907-YLNYW,0.1914,Low,0.08,Low,0.2245,0,0.20594911002269742,0.0015296367,0.2245,0.1483,Maintain,Mantenimiento - comunicacion periodica,Low
9342-VNIMQ,0.0836,Low,3.66,Low,0.4429,0,0.07717118623820332,0.06998088,0.4429,0.1482,Maintain,Mantenimiento - comunicacion periodica,Low
0420-TXVSG,0.0237,Low,17.36,Medium,0.2291,0,0.005614621908971449,0.33193117,0.2291,0.1482,Maintain,Mantenimiento - comunicacion periodica,Low
2883-ILGWO,0.2086,Low,0.0,Low,0.1748,0,0.22649623700872062,0.0,0.1748,0.1482,Maintain,Mantenimiento - comunicacion periodica,Low
0931-MHTEM,0.1402,Low,5.82,Medium,0.2119,0,0.14478556922709354,0.111281075,0.2119,0.1482,Maintain,Mantenimiento - comunicacion periodica,Low
7569-NMZYQ,0.0309,Low,0.01,Low,0.7053,1,0.014215744833353245,0.00019120458,0.7053,0.1482,Investigate_Billing,Revision de facturacion / condiciones especiales,Low
7669-LCRSD,0.1842,Low,2.32,Low,0.1806,0,0.19734798709831564,0.044359464,0.1806,0.1481,Maintain,Mantenimiento - comunicacion periodica,Low
9945-PSVIP,0.0287,Low,5.58,Medium,0.551,0,0.01158762393979214,0.10669216,0.551,0.148,Maintain,Mantenimiento - comunicacion periodica,Low
7130-CTCUS,0.1789,Low,4.03,Low,0.1453,0,0.1910166049456457,0.077055454,0.1453,0.1477,Maintain,Mantenimiento - comunicacion periodica,Low
6007-TCTST,0.032,Low,0.03,Low,0.699,1,0.015529805280133797,0.00057361374,0.699,0.1477,Investigate_Billing,Revision de facturacion / condiciones especiales,Low
4402-FTBXC,0.097,Low,5.67,Medium,0.343,0,0.09317883168080278,0.108413,0.343,0.1477,Maintain,Mantenimiento - comunicacion periodica,Low
0103-CSITQ,0.1863,Low,0.0,Low,0.2382,0,0.19985664795126032,0.0,0.2382,0.1476,Maintain,Mantenimiento - comunicacion periodica,Low
0191-ZHSKZ,0.1496,Low,0.0,Low,0.3479,0,0.15601481304503648,0.0,0.3479,0.1476,Maintain,Mantenimiento - comunicacion periodica,Low
0396-HUJBP,0.1225,Low,1.19,Low,0.3944,0,0.12364114203798829,0.022753347,0.3944,0.1475,Maintain,Mantenimiento - comunicacion periodica,Low
8984-HPEMB,0.0465,Low,0.03,Low,0.6541,1,0.0328515111695138,0.00057361374,0.6541,0.1474,Investigate_Billing,Revision de facturacion / condiciones especiales,Low
5090-EMGTC,0.0708,Low,11.4,Medium,0.2546,0,0.06188030103930236,0.21797323,0.2546,0.1473,Maintain,Mantenimiento - comunicacion periodica,Low
5229-DTFYB,0.0899,Low,11.76,Medium,0.1877,0,0.08469716879703738,0.2248566,0.1877,0.1473,Maintain,Mantenimiento - comunicacion periodica,Low
9152-AMKAK,0.1054,Low,3.58,Low,0.3757,0,0.10321347509258152,0.06845124,0.3757,0.1473,Maintain,Mantenimiento - comunicacion periodica,Low
5696-JVVQY,0.029,Low,13.32,Medium,0.324,0,0.011946004061641384,0.2546845,0.324,0.1472,Maintain,Mantenimiento - comunicacion periodica,Low
7169-YWAMK,0.031,Low,14.68,Medium,0.2779,0,0.014335204873969658,0.28068835,0.2779,0.147,Maintain,Mantenimiento - comunicacion periodica,Low
2144-BFDSO,0.1811,Low,0.0,Low,0.2509,0,0.19364472583920683,0.0,0.2509,0.147,Maintain,Mantenimiento - comunicacion periodica,Low
9828-QHFBK,0.1371,Low,7.31,Medium,0.1724,0,0.1410823079679847,0.13977055,0.1724,0.147,Maintain,Mantenimiento - comunicacion periodica,Low
2001-MCUUW,0.1271,Low,2.47,Low,0.3407,0,0.1291363039063433,0.047227535,0.3407,0.1469,Maintain,Mantenimiento - comunicacion periodica,Low
3174-AKMAS,0.0324,Low,19.39,Medium,0.1383,0,0.01600764544259945,0.3707457,0.1383,0.1469,Maintain,Mantenimiento - comunicacion periodica,Low
5803-NQJZO,0.0264,Low,14.42,Medium,0.2986,0,0.008840043005614622,0.27571702,0.2986,0.1469,Maintain,Mantenimiento - comunicacion periodica,Low
8580-QVLOC,0.0667,Low,0.0,Low,0.5918,0,0.05698243937402938,0.0,0.5918,0.1469,Maintain,Mantenimiento - comunicacion periodica,Low
0036-IHMOT,0.1759,Low,1.93,Low,0.21,0,0.1874328037271533,0.036902484,0.21,0.1468,Maintain,Mantenimiento - comunicacion periodica,Low
4693-VWVBO,0.1745,Low,0.89,Low,0.244,0,0.18576036315852348,0.017017208,0.244,0.1468,Maintain,Mantenimiento - comunicacion periodica,Low
7208-PSIHR,0.102,Low,6.89,Medium,0.2885,0,0.09915183371162345,0.13173996,0.2885,0.1468,Maintain,Mantenimiento - comunicacion periodica,Low
4350-ZTLPI,0.1782,Low,0.0,Low,0.258,0,0.1901803846613308,0.0,0.258,0.1467,Maintain,Mantenimiento - comunicacion periodica,Low
4742-DRORA,0.1123,Low,9.83,Medium,0.1729,0,0.11145621789511408,0.18795411,0.1729,0.1467,Maintain,Mantenimiento - comunicacion periodica,Low
0661-KBKPA,0.1073,Low,0.0,Low,0.4699,0,0.1054832158642934,0.0,0.4699,0.1467,Maintain,Mantenimiento - comunicacion periodica,Low
5708-EVONK,0.2092,Low,2.47,Low,0.0944,0,0.22721299725241909,0.047227535,0.0944,0.1467,Maintain,Mantenimiento - comunicacion periodica,Low
0330-BGYZE,0.2007,Low,2.11,Low,0.1299,0,0.2170588938000239,0.040344168,0.1299,0.1466,Maintain,Mantenimiento - comunicacion periodica,Low
3758-CKOQL,0.1368,Low,0.37,Low,0.3707,0,0.14072392784613547,0.00707457,0.3707,0.1466,Maintain,Mantenimiento - comunicacion periodica,Low
3214-IYUUQ,0.0578,Low,11.88,Medium,0.2757,0,0.04635049575916856,0.22715105,0.2757,0.1465,Maintain,Mantenimiento - comunicacion periodica,Low
4456-RHSNB,0.1467,Low,9.2,Medium,0.0873,0,0.15255047186716045,0.17590822,0.0873,0.1465,Maintain,Mantenimiento - comunicacion periodica,Low
4526-RMTLL,0.0958,Low,7.85,Medium,0.2775,0,0.0917453111934058,0.1500956,0.2775,0.1464,Maintain,Mantenimiento - comunicacion periodica,Low
7740-BTPUX,0.124,Low,0.59,Low,0.4,0,0.1254330426472345,0.01128107,0.4,0.1461,Maintain,Mantenimiento - comunicacion periodica,Low
4391-LNRXK,0.1987,Low,1.09,Low,0.1609,0,0.21466969298769562,0.0208413,0.1609,0.1458,Maintain,Mantenimiento - comunicacion periodica,Low
7322-OCWHC,0.0331,Low,17.83,Medium,0.1752,0,0.016843865726914344,0.3409178,0.1752,0.1457,Maintain,Mantenimiento - comunicacion periodica,Low
8755-IWJHN,0.1196,Low,0.89,Low,0.4026,0,0.12017680086011229,0.017017208,0.4026,0.1457,Maintain,Mantenimiento - comunicacion periodica,Low
7856-GANIL,0.1312,Low,7.07,Medium,0.1906,0,0.13403416557161632,0.13518165,0.1906,0.1457,Maintain,Mantenimiento - comunicacion periodica,Low
7771-CFQRQ,0.0373,Low,18.94,Medium,0.1299,0,0.021861187432803728,0.36214152,0.1299,0.1456,Maintain,Mantenimiento - comunicacion periodica,Low
2220-IAHLS,0.1832,Low,0.97,Low,0.2095,0,0.1961533866921515,0.018546846,0.2095,0.1455,Maintain,Mantenimiento - comunicacion periodica,Low
8226-BXGES,0.069,Low,15.94,Medium,0.1207,0,0.05973002030820691,0.30478013,0.1207,0.1454,Maintain,Mantenimiento - comunicacion periodica,Low
4070-OKWVH,0.2007,Low,1.22,Low,0.1493,0,0.2170588938000239,0.023326961,0.1493,0.1454,Maintain,Mantenimiento - comunicacion periodica,Low
0864-FVJNJ,0.1083,Low,0.0,Low,0.4597,0,0.10667781627045753,0.0,0.4597,0.1453,Maintain,Mantenimiento - comunicacion periodica,Low
0266-GMEAO,0.0517,Low,0.03,Low,0.6273,1,0.03906343328156733,0.00057361374,0.6273,0.1452,Investigate_Billing,Revision de facturacion / condiciones especiales,Low
8207-VVMYB,0.0231,Low,0.34,Low,0.704,1,0.004897861665272966,0.006500956,0.704,0.1452,Investigate_Billing,Revision de facturacion / condiciones especiales,Low
5176-OLSKT,0.0242,Low,17.14,Medium,0.2187,0,0.006211922112053518,0.32772467,0.2187,0.1452,Maintain,Mantenimiento - comunicacion periodica,Low
8869-TORSS,0.1127,Low,11.3,Medium,0.1218,0,0.11193405805757974,0.21606119,0.1218,0.1451,Maintain,Mantenimiento - comunicacion periodica,Low
1399-OUPJN,0.0334,Low,4.85,Low,0.5433,0,0.01720224584876359,0.092734225,0.5433,0.1451,Maintain,Mantenimiento - comunicacion periodica,Low
2239-CFOUJ,0.2044,Low,0.19,Low,0.1653,0,0.22147891530283123,0.0036328873,0.1653,0.1449,Maintain,Mantenimiento - comunicacion periodica,Low
4822-LPTYJ,0.0893,Low,6.91,Medium,0.3157,0,0.08398040855333891,0.13212237,0.3157,0.1448,Maintain,Mantenimiento - comunicacion periodica,Low
0003-MKNFE,0.234,Low,0.0,Low,0.0821,0,0.25683908732528976,0.0,0.0821,0.1448,Maintain,Mantenimiento - comunicacion periodica,Low
4250-FDVOU,0.1212,Low,2.47,Low,0.348,0,0.12208816150997492,0.047227535,0.348,0.1448,Maintain,Mantenimiento - comunicacion periodica,Low
8751-EDEKA,0.1552,Low,5.47,Medium,0.1602,0,0.16270457531955562,0.10458891,0.1602,0.1448,Maintain,Mantenimiento - comunicacion periodica,Low
3162-ZJZFU,0.1433,Low,4.42,Low,0.2257,0,0.14848883048620237,0.08451243,0.2257,0.1447,Maintain,Mantenimiento - comunicacion periodica,Low
7798-JVXYM,0.2084,Low,0.0,Low,0.1581,0,0.2262573169274878,0.0,0.1581,0.1447,Maintain,Mantenimiento - comunicacion periodica,Low
9378-FXTIZ,0.1581,Low,2.66,Low,0.2303,0,0.16616891649743162,0.050860424,0.2303,0.1444,Maintain,Mantenimiento - comunicacion periodica,Low
2634-HCZGT,0.0865,Low,11.77,Medium,0.1825,0,0.08063552741607931,0.22504781,0.1825,0.1443,Maintain,Mantenimiento - comunicacion periodica,Low
4429-WYGFR,0.123,Low,9.49,Medium,0.1384,0,0.12423844224107036,0.18145315,0.1384,0.1442,Maintain,Mantenimiento - comunicacion periodica,Low
2005-DWQZJ,0.0363,Low,5.55,Medium,0.5104,0,0.02066658702663959,0.10611855,0.5104,0.1442,Maintain,Mantenimiento - comunicacion periodica,Low
7054-DMVAS,0.03,Low,18.73,Medium,0.1507,0,0.013140604467805518,0.3581262,0.1507,0.1441,Maintain,Mantenimiento - comunicacion periodica,Low
7607-QKKTJ,0.112,Low,10.32,Medium,0.146,0,0.11109783777326485,0.19732313,0.146,0.1439,Maintain,Mantenimiento - comunicacion periodica,Low
0083-PIVIK,0.0587,Low,0.22,Low,0.5944,0,0.047425636124716286,0.004206501,0.5944,0.1439,Maintain,Mantenimiento - comunicacion periodica,Low
8085-MSNLK,0.0549,Low,0.0,Low,0.6122,1,0.04288615458129256,0.0,0.6122,0.1439,Investigate_Billing,Revision de facturacion / condiciones especiales,Low
3186-AJIEK,0.0931,Low,5.69,Medium,0.3349,0,0.08851989009676264,0.10879541,0.3349,0.1439,Maintain,Mantenimiento - comunicacion periodica,Low
3571-DPYUH,0.1145,Low,10.51,Medium,0.1324,0,0.1140843387886752,0.20095603,0.1324,0.1438,Maintain,Mantenimiento - comunicacion periodica,Low
5055-MGMGF,0.174,Low,0.0,Low,0.256,0,0.1851630629554414,0.0,0.256,0.1438,Maintain,Mantenimiento - comunicacion periodica,Low
7005-CYUIL,0.0366,Low,10.85,Medium,0.3549,0,0.021024967148488834,0.20745699,0.3549,0.1437,Maintain,Mantenimiento - comunicacion periodica,Low
3308-DGHKL,0.0303,Low,5.25,Medium,0.5336,0,0.013498984589654763,0.10038241,0.5336,0.1436,Maintain,Mantenimiento - comunicacion periodica,Low
8752-GHJFU,0.0692,Low,13.16,Medium,0.1898,0,0.05996894038943973,0.25162524,0.1898,0.1434,Maintain,Mantenimiento - comunicacion periodica,Low
1469-LBJQJ,0.2008,Low,0.0,Low,0.174,0,0.21717835384064033,0.0,0.174,0.1434,Maintain,Mantenimiento - comunicacion periodica,Low
3841-NFECX,0.0432,Low,15.46,Medium,0.2011,0,0.028909329829172145,0.2956023,0.2011,0.1434,Maintain,Mantenimiento - comunicacion periodica,Low
7537-CBQUZ,0.1223,Low,0.0,Low,0.4087,0,0.12340222195675547,0.0,0.4087,0.1434,Maintain,Mantenimiento - comunicacion periodica,Low
3948-KXDUF,0.0255,Low,14.28,Medium,0.2876,0,0.007764902640066897,0.27304015,0.2876,0.1433,Maintain,Mantenimiento - comunicacion periodica,Low
4024-CSNBY,0.0302,Low,16.21,Medium,0.2181,0,0.01337952454903835,0.30994263,0.2181,0.1433,Maintain,Mantenimiento - comunicacion periodica,Low
4615-PIVVU,0.0491,Low,17.49,Medium,0.1244,0,0.035957472225540556,0.33441684,0.1244,0.1432,Maintain,Mantenimiento - comunicacion periodica,Low
8109-YUOHE,0.0996,Low,15.89,Medium,0.0196,0,0.09628479273682952,0.3038241,0.0196,0.1432,Maintain,Mantenimiento - comunicacion periodica,Low
5574-NXZIU,0.0442,Low,2.38,Low,0.572,0,0.030103930235336286,0.045506693,0.572,0.1431,Maintain,Mantenimiento - comunicacion periodica,Low
5084-OOVCJ,0.2135,Low,3.16,Low,0.0441,0,0.23234977899892487,0.06042065,0.0441,0.1431,Maintain,Mantenimiento - comunicacion periodica,Low
5939-XAIXZ,0.1966,Low,2.77,Low,0.1054,0,0.21216103213475096,0.05296367,0.1054,0.143,Maintain,Mantenimiento - comunicacion periodica,Low
1150-WFARN,0.1197,Low,2.25,Low,0.3496,0,0.12029626090072872,0.043021034,0.3496,0.143,Maintain,Mantenimiento - comunicacion periodica,Low
2205-LPVGL,0.0574,Low,15.35,Medium,0.1596,0,0.04587265559670291,0.29349905,0.1596,0.1429,Maintain,Mantenimiento - comunicacion periodica,Low
3570-YUEKJ,0.1036,Low,9.78,Medium,0.1811,0,0.10106319436148609,0.18699808,0.1811,0.1429,Maintain,Mantenimiento - comunicacion periodica,Low
0853-NWIFK,0.16,Low,5.41,Medium,0.1383,0,0.1684386572691435,0.10344168,0.1383,0.1429,Maintain,Mantenimiento - comunicacion periodica,Low
6821-JPCDC,0.1438,Low,7.4,Medium,0.1288,0,0.14908613068928445,0.1414914,0.1288,0.1428,Maintain,Mantenimiento - comunicacion periodica,Low
6705-LNMDD,0.15,Low,8.52,Medium,0.0782,0,0.1564926532075021,0.16290632,0.0782,0.1428,Maintain,Mantenimiento - comunicacion periodica,Low
8039-ACLPL,0.0311,Low,14.3,Medium,0.2678,0,0.01445466491458607,0.27342257,0.2678,0.1428,Maintain,Mantenimiento - comunicacion periodica,Low
4989-LIXVT,0.1929,Low,0.66,Low,0.175,0,0.2077410106319436,0.012619504,0.175,0.1427,Maintain,Mantenimiento - comunicacion periodica,Low
8561-NMTBD,0.1216,Low,0.0,Low,0.4066,0,0.12256600167244057,0.0,0.4066,0.1426,Maintain,Mantenimiento - comunicacion periodica,Low
7153-CHRBV,0.0361,Low,12.96,Medium,0.2902,0,0.020427666945406764,0.24780115,0.2902,0.1426,Maintain,Mantenimiento - comunicacion periodica,Low
6300-BWMJX,0.1569,Low,2.26,Low,0.2357,0,0.16473539601003467,0.04321224,0.2357,0.1425,Maintain,Mantenimiento - comunicacion periodica,Low
1179-INLAT,0.0993,Low,1.17,Low,0.4391,0,0.09592641261498029,0.022370936,0.4391,0.1425,Maintain,Mantenimiento - comunicacion periodica,Low
1830-GGFNM,0.046,Low,16.41,Medium,0.1611,0,0.03225421096643173,0.31376672,0.1611,0.1425,Maintain,Mantenimiento - comunicacion periodica,Low
4106-HADHQ,0.1686,Low,0.29,Low,0.2562,0,0.1787122207621551,0.005544933,0.2562,0.1423,Maintain,Mantenimiento - comunicacion periodica,Low
2379-GYFLQ,0.1195,Low,10.49,Medium,0.1104,0,0.12005734081949587,0.20057361,0.1104,0.1423,Maintain,Mantenimiento - comunicacion periodica,Low
5366-OBVMR,0.1532,Low,8.17,Medium,0.0765,0,0.16031537450722735,0.15621415,0.0765,0.1423,Maintain,Mantenimiento - comunicacion periodica,Low
2843-CQMEG,0.1322,Low,9.15,Medium,0.1107,0,0.13522876597778044,0.1749522,0.1107,0.1422,Maintain,Mantenimiento - comunicacion periodica,Low
6388-TABGU,0.033,Low,16.2,Medium,0.2047,0,0.016724405686297936,0.30975145,0.2047,0.1422,Maintain,Mantenimiento - comunicacion periodica,Low
4495-LHSSK,0.1902,Low,1.8,Low,0.1474,0,0.20451558953530047,0.034416825,0.1474,0.1421,Maintain,Mantenimiento - comunicacion periodica,Low
7203-OYKCT,0.1683,Low,0.5,Low,0.2497,0,0.17835384064030585,0.009560229,0.2497,0.142,Maintain,Mantenimiento - comunicacion periodica,Low
0719-SYFRB,0.2128,Low,0.0,Low,0.1312,0,0.23151355871460996,0.0,0.1312,0.142,Maintain,Mantenimiento - comunicacion periodica,Low
6994-FGRHH,0.1542,Low,0.32,Low,0.2968,0,0.1615099749133915,0.0061185467,0.2968,0.142,Maintain,Mantenimiento - comunicacion periodica,Low
7526-IVLYU,0.115,Low,0.86,Low,0.3986,0,0.11468163899175726,0.016443595,0.3986,0.142,Maintain,Mantenimiento - comunicacion periodica,Low
9993-LHIEB,0.0356,Low,14.43,Medium,0.2463,0,0.019830366742324693,0.27590823,0.2463,0.1419,Maintain,Mantenimiento - comunicacion periodica,Low
3976-BWUCK,0.2286,Low,1.32,Low,0.0456,0,0.25038824513200336,0.025239008,0.0456,0.1419,Maintain,Mantenimiento - comunicacion periodica,Low
4079-VTGLK,0.1132,Low,10.56,Medium,0.1248,0,0.11253135826066181,0.20191206,0.1248,0.1418,Maintain,Mantenimiento - comunicacion periodica,Low
2676-SSLTO,0.0425,Low,17.23,Medium,0.1438,0,0.028073109544857252,0.3294455,0.1438,0.1416,Maintain,Mantenimiento - comunicacion periodica,Low
2321-OMBXY,0.1808,Low,0.31,Low,0.2161,0,0.19328634571735756,0.0059273425,0.2161,0.1416,Maintain,Mantenimiento - comunicacion periodica,Low
3705-RHRFR,0.0572,Low,12.39,Medium,0.2383,0,0.04563373551547008,0.23690249,0.2383,0.1415,Maintain,Mantenimiento - comunicacion periodica,Low
6289-CPNLD,0.2057,Low,0.1,Low,0.1464,0,0.2230318958308446,0.001912046,0.1464,0.1414,Maintain,Mantenimiento - comunicacion periodica,Low
0733-VUNUW,0.1518,Low,3.33,Low,0.2145,0,0.15864293393859755,0.06367113,0.2145,0.1413,Maintain,Mantenimiento - comunicacion periodica,Low
0013-MHZWF,0.1667,Low,0.0,Low,0.2653,0,0.1764424799904432,0.0,0.2653,0.1413,Maintain,Mantenimiento - comunicacion periodica,Low
1131-SUEKT,0.0987,Low,6.72,Medium,0.2755,0,0.0952096523712818,0.12848948,0.2755,0.1413,Maintain,Mantenimiento - comunicacion periodica,Low
3898-GUYTS,0.2152,Low,0.0,Low,0.1204,0,0.23438059968940392,0.0,0.1204,0.1413,Maintain,Mantenimiento - comunicacion periodica,Low
6578-KRMAW,0.1923,Low,3.12,Low,0.099,0,0.20702425038824515,0.05965583,0.099,0.1412,Maintain,Mantenimiento - comunicacion periodica,Low
8809-RIHDD,0.0959,Low,7.62,Medium,0.258,0,0.09186477123402222,0.14569789,0.258,0.1412,Maintain,Mantenimiento - comunicacion periodica,Low
2782-LFZVW,0.1863,Low,0.25,Low,0.1994,0,0.19985664795126032,0.0047801146,0.1994,0.1412,Maintain,Mantenimiento - comunicacion periodica,Low
4237-CLSMM,0.1754,Low,0.43,Low,0.2262,0,0.18683550352407122,0.008221798,0.2262,0.1411,Maintain,Mantenimiento - comunicacion periodica,Low
5996-EBTKM,0.0495,Low,13.6,Medium,0.2245,0,0.036435312388006215,0.26003826,0.2245,0.1411,Maintain,Mantenimiento - comunicacion periodica,Low
2823-LKABH,0.2244,Low,0.41,Low,0.0805,0,0.24537092342611397,0.007839388,0.0805,0.1411,Maintain,Mantenimiento - comunicacion periodica,Low
5514-YQENT,0.0966,Low,0.75,Low,0.4515,0,0.09270099151833712,0.014340345,0.4515,0.141,Maintain,Mantenimiento - comunicacion periodica,Low
9033-EOXWV,0.2281,Low,0.52,Low,0.0657,0,0.2497909449289213,0.009942639,0.0657,0.141,Maintain,Mantenimiento - comunicacion periodica,Low
8053-WWDRO,0.1075,Low,1.02,Low,0.411,0,0.10572213594552622,0.019502869,0.411,0.1409,Maintain,Mantenimiento - comunicacion periodica,Low
2898-MRKPI,0.1,Low,5.0,Low,0.3192,0,0.0967626328992952,0.0956023,0.3192,0.1409,Maintain,Mantenimiento - comunicacion periodica,Low
7343-EOBEU,0.0606,Low,0.0,Low,0.5799,0,0.049695376896428146,0.0,0.5799,0.1408,Maintain,Mantenimiento - comunicacion periodica,Low
5286-YHCVC,0.0946,Low,6.57,Medium,0.2894,0,0.09031179070600885,0.12562142,0.2894,0.1407,Maintain,Mantenimiento - comunicacion periodica,Low
0997-YTLNY,0.1273,Low,9.6,Medium,0.104,0,0.12937522398757614,0.18355642,0.104,0.1406,Maintain,Mantenimiento - comunicacion periodica,Low
4115-BNPJY,0.0475,Low,8.53,Medium,0.373,0,0.03404611157567794,0.16309752,0.373,0.1406,Maintain,Mantenimiento - comunicacion periodica,Low
2272-WUSPA,0.0667,Low,0.66,Low,0.5409,0,0.05698243937402938,0.012619504,0.5409,0.1405,Maintain,Mantenimiento - comunicacion periodica,Low
6374-AFWOX,0.0279,Low,17.76,Medium,0.1667,0,0.010631943614860832,0.33957937,0.1667,0.1405,Maintain,Mantenimiento - comunicacion periodica,Low
4188-FRABG,0.173,Low,0.0,Low,0.242,0,0.18396846254927726,0.0,0.242,0.1404,Maintain,Mantenimiento - comunicacion periodica,Low
6227-FBDXH,0.1161,Low,6.31,Medium,0.2305,0,0.11599569943853781,0.1206501,0.2305,0.1403,Maintain,Mantenimiento - comunicacion periodica,Low
8029-XYPWT,0.0532,Low,0.03,Low,0.598,0,0.04085533389081352,0.00057361374,0.598,0.1402,Maintain,Mantenimiento - comunicacion periodica,Low
2792-VPPET,0.0848,Low,0.05,Low,0.5025,0,0.07860470672560028,0.000956023,0.5025,0.1401,Maintain,Mantenimiento - comunicacion periodica,Low
6261-RCVNS,0.1642,Low,0.91,Low,0.2407,0,0.1734559789750329,0.017399618,0.2407,0.1401,Maintain,Mantenimiento - comunicacion periodica,Low
1986-PHGZF,0.1664,Low,0.32,Low,0.2507,0,0.17608409986859397,0.0061185467,0.2507,0.14,Maintain,Mantenimiento - comunicacion periodica,Low
8015-IHCGW,0.041,Low,0.02,Low,0.6333,1,0.026281208935611044,0.00038240917,0.6333,0.1399,Investigate_Billing,Revision de facturacion / condiciones especiales,Low
1017-FBQMM,0.1447,Low,0.24,Low,0.317,0,0.15016127105483218,0.00458891,0.317,0.1399,Maintain,Mantenimiento - comunicacion periodica,Low
4003-FUSHP,0.1825,Low,0.36,Low,0.2005,0,0.19531716640783658,0.0068833656,0.2005,0.1398,Maintain,Mantenimiento - comunicacion periodica,Low
0824-VWDPO,0.1094,Low,9.4,Medium,0.1595,0,0.10799187671723809,0.17973231,0.1595,0.1398,Maintain,Mantenimiento - comunicacion periodica,Low
9475-NNDGC,0.1225,Low,0.02,Low,0.3877,0,0.12364114203798829,0.00038240917,0.3877,0.1395,Maintain,Mantenimiento - comunicacion periodica,Low
4174-LPGTI,0.1574,Low,6.6,Medium,0.0944,0,0.16533269621311675,0.12619503,0.0944,0.1394,Maintain,Mantenimiento - comunicacion periodica,Low
3882-IYOIJ,0.0583,Low,0.0,Low,0.5797,0,0.046947795962250634,0.0,0.5797,0.1394,Maintain,Mantenimiento - comunicacion periodica,Low
2360-RDGRO,0.1877,Low,0.07,Low,0.1914,0,0.20152908851989013,0.0013384322,0.1914,0.1394,Maintain,Mantenimiento - comunicacion periodica,Low
6959-GQEGV,0.1367,Low,0.0,Low,0.3445,0,0.14060446780551905,0.0,0.3445,0.1392,Maintain,Mantenimiento - comunicacion periodica,Low
0602-DDUML,0.0332,Low,13.95,Medium,0.2534,0,0.016963325767530762,0.2667304,0.2534,0.1392,Maintain,Mantenimiento - comunicacion periodica,Low
0930-EHUZA,0.0782,Low,0.33,Low,0.5094,0,0.07072034404491698,0.006309752,0.5094,0.1391,Maintain,Mantenimiento - comunicacion periodica,Low
9924-JPRMC,0.0417,Low,0.03,Low,0.6266,1,0.027117429219925937,0.00057361374,0.6266,0.1391,Investigate_Billing,Revision de facturacion / condiciones especiales,Low
2225-ZRGSG,0.0384,Low,17.4,Medium,0.1387,0,0.023175247879584276,0.332696,0.1387,0.1391,Maintain,Mantenimiento - comunicacion periodica,Low
0661-WCQNQ,0.0601,Low,15.91,Medium,0.1153,0,0.04909807669334607,0.3042065,0.1153,0.1389,Maintain,Mantenimiento - comunicacion periodica,Low
9968-FFVVH,0.0331,Low,3.67,Low,0.5465,0,0.016843865726914344,0.07017209,0.5465,0.1388,Maintain,Mantenimiento - comunicacion periodica,Low
9357-UJRUN,0.0836,Low,13.06,Medium,0.1263,0,0.07717118623820332,0.2497132,0.1263,0.1388,Maintain,Mantenimiento - comunicacion periodica,Low
4188-PCPIG,0.0288,Low,13.17,Medium,0.2866,0,0.011707083980408553,0.25181645,0.2866,0.1387,Maintain,Mantenimiento - comunicacion periodica,Low
6383-ZTSIW,0.1475,Low,6.32,Medium,0.1283,0,0.15350615219209177,0.1208413,0.1283,0.1387,Maintain,Mantenimiento - comunicacion periodica,Low
8263-QMNTJ,0.0389,Low,0.04,Low,0.6325,1,0.023772548082666347,0.00076481834,0.6325,0.1386,Investigate_Billing,Revision de facturacion / condiciones especiales,Low
0129-KPTWJ,0.1555,Low,1.46,Low,0.2429,0,0.16306295544140487,0.02791587,0.2429,0.1385,Maintain,Mantenimiento - comunicacion periodica,Low
8628-MFKAX,0.036,Low,0.03,Low,0.6407,1,0.020308206904790346,0.00057361374,0.6407,0.1385,Investigate_Billing,Revision de facturacion / condiciones especiales,Low
9314-QDMDW,0.1006,Low,10.18,Medium,0.1563,0,0.09747939314299367,0.19464628,0.1563,0.1384,Maintain,Mantenimiento - comunicacion periodica,Low
6693-DJWTY,0.0372,Low,16.47,Medium,0.1654,0,0.021741727392187313,0.31491396,0.1654,0.1384,Maintain,Mantenimiento - comunicacion periodica,Low
9921-QFQUL,0.1729,Low,5.36,Medium,0.0776,0,0.18384900250866087,0.102485664,0.0776,0.1382,Maintain,Mantenimiento - comunicacion periodica,Low
8777-MBMTS,0.0746,Low,5.59,Medium,0.3647,0,0.06641978258272607,0.10688337,0.3647,0.1382,Maintain,Mantenimiento - comunicacion periodica,Low
1376-HHBDV,0.0818,Low,9.45,Medium,0.2317,0,0.07502090550710787,0.18068834,0.2317,0.1381,Maintain,Mantenimiento - comunicacion periodica,Low
8257-RZAHR,0.2197,Low,0.0,Low,0.0912,0,0.23975630151714256,0.0,0.0912,0.1381,Maintain,Mantenimiento - comunicacion periodica,Low
3533-UVMOM,0.0358,Low,12.87,Medium,0.2712,0,0.02006928682355752,0.24608031,0.2712,0.1381,Maintain,Mantenimiento - comunicacion periodica,Low
0484-FFVBJ,0.1329,Low,7.99,Medium,0.1207,0,0.13606498626209532,0.15277247,0.1207,0.138,Maintain,Mantenimiento - comunicacion periodica,Low
4323-OHFOW,0.1066,Low,0.23,Low,0.4217,0,0.1046469955799785,0.0043977057,0.4217,0.138,Maintain,Mantenimiento - comunicacion periodica,Low
2558-BUOZZ,0.1014,Low,10.53,Medium,0.1415,0,0.09843507346792499,0.20133843,0.1415,0.1379,Maintain,Mantenimiento - comunicacion periodica,Low
5837-LXSDN,0.1138,Low,12.47,Medium,0.0486,0,0.1132481185043603,0.23843212,0.0486,0.1379,Maintain,Mantenimiento - comunicacion periodica,Low
6198-PNNSZ,0.1698,Low,0.05,Low,0.2374,0,0.18014574124955204,0.000956023,0.2374,0.1378,Maintain,Mantenimiento - comunicacion periodica,Low
6371-NZYEG,0.052,Low,18.41,Medium,0.0618,0,0.039421813403416564,0.35200766,0.0618,0.1377,Maintain,Mantenimiento - comunicacion periodica,Low
7359-SSBJK,0.0728,Low,13.14,Medium,0.1507,0,0.06426950185163063,0.25124285,0.1507,0.1376,Maintain,Mantenimiento - comunicacion periodica,Low
2578-JQPHZ,0.0931,Low,11.2,Medium,0.145,0,0.08851989009676264,0.21414913,0.145,0.1375,Maintain,Mantenimiento - comunicacion periodica,Low
6728-DKUCO,0.0903,Low,1.4,Low,0.4344,0,0.08517500895950306,0.026768642,0.4344,0.1375,Maintain,Mantenimiento - comunicacion periodica,Low
0973-KYVNF,0.0362,Low,12.94,Medium,0.2643,0,0.020547126986023182,0.24741873,0.2643,0.1374,Maintain,Mantenimiento - comunicacion periodica,Low
8220-OCUFY,0.1108,Low,11.84,Medium,0.0731,0,0.10966431728586787,0.22638623,0.0731,0.1374,Maintain,Mantenimiento - comunicacion periodica,Low
6650-BWFRT,0.0274,Low,0.03,Low,0.6606,1,0.010034643411778761,0.00057361374,0.6606,0.1373,Investigate_Billing,Revision de facturacion / condiciones especiales,Low
0345-XMMUG,0.0905,Low,2.28,Low,0.4071,0,0.08541392904073587,0.043594647,0.4071,0.1372,Maintain,Mantenimiento - comunicacion periodica,Low
2475-MROZF,0.2059,Low,0.96,Low,0.1003,0,0.22327081591207742,0.01835564,0.1003,0.1372,Maintain,Mantenimiento - comunicacion periodica,Low
5339-TJFEK,0.1857,Low,0.0,Low,0.187,0,0.19913988770756186,0.0,0.187,0.137,Maintain,Mantenimiento - comunicacion periodica,Low
2323-ARSVR,0.0838,Low,0.78,Low,0.469,0,0.07741010631943615,0.014913958,0.469,0.137,Maintain,Mantenimiento - comunicacion periodica,Low
9489-UTFKA,0.1395,Low,0.37,Low,0.3141,0,0.14394934894277867,0.00707457,0.3141,0.1369,Maintain,Mantenimiento - comunicacion periodica,Low
8679-JOEVF,0.1821,Low,0.46,Low,0.1842,0,0.19483932624537095,0.008795411,0.1842,0.1369,Maintain,Mantenimiento - comunicacion periodica,Low
0603-OLQDC,0.2312,Low,0.0,Low,0.0508,0,0.2534942061880301,0.0,0.0508,0.1369,Maintain,Mantenimiento - comunicacion periodica,Low
4826-DXMUP,0.2046,Low,1.86,Low,0.0771,0,0.22171783538406406,0.035564054,0.0771,0.1369,Maintain,Mantenimiento - comunicacion periodica,Low
6734-FQAJX,0.0627,Low,6.18,Medium,0.3762,0,0.05220403774937284,0.118164435,0.3762,0.1368,Maintain,Mantenimiento - comunicacion periodica,Low
9688-YGXVR,0.1334,Low,7.39,Medium,0.1299,0,0.1366622864651774,0.14130019,0.1299,0.1367,Maintain,Mantenimiento - comunicacion periodica,Low
5846-QFDFI,0.1531,Low,7.25,Medium,0.0753,0,0.16019591446661097,0.13862333,0.0753,0.1367,Maintain,Mantenimiento - comunicacion periodica,Low
2580-ATZSQ,0.03,Low,11.11,Medium,0.3311,0,0.013140604467805518,0.2124283,0.3311,0.1365,Maintain,Mantenimiento - comunicacion periodica,Low
3594-UVONA,0.1323,Low,0.0,Low,0.3439,0,0.13534822601839686,0.0,0.3439,0.1365,Maintain,Mantenimiento - comunicacion periodica,Low
5236-PERKL,0.1284,Low,0.39,Low,0.3446,0,0.1306892844343567,0.007456979,0.3446,0.1365,Maintain,Mantenimiento - comunicacion periodica,Low
7359-WWYJV,0.0269,Low,0.07,Low,0.6568,1,0.009437343208696693,0.0013384322,0.6568,0.1365,Investigate_Billing,Revision de facturacion / condiciones especiales,Low
4280-DLSHD,0.1914,Low,3.63,Low,0.0637,0,0.20594911002269742,0.06940727,0.0637,0.1365,Maintain,Mantenimiento - comunicacion periodica,Low
4366-CTOUZ,0.0867,Low,11.36,Medium,0.1539,0,0.08087444749731215,0.21720842,0.1539,0.1364,Maintain,Mantenimiento - comunicacion periodica,Low
1353-GHZOS,0.0899,Low,12.17,Medium,0.1212,0,0.08469716879703738,0.232696,0.1212,0.1364,Maintain,Mantenimiento - comunicacion periodica,Low
2725-IWWBA,0.0433,Low,13.89,Medium,0.2109,0,0.029028789869788556,0.2655832,0.2109,0.1364,Maintain,Mantenimiento - comunicacion periodica,Low
2577-GVSIL,0.1884,Low,0.34,Low,0.1661,0,0.20236530880420503,0.006500956,0.1661,0.1364,Maintain,Mantenimiento - comunicacion periodica,Low
7879-CGSFV,0.1624,Low,4.64,Low,0.1201,0,0.1713056982439374,0.08871893,0.1201,0.1363,Maintain,Mantenimiento - comunicacion periodica,Low
8250-ZNGGW,0.1709,Low,0.7,Low,0.2078,0,0.1814598016963326,0.013384321,0.2078,0.1363,Maintain,Mantenimiento - comunicacion periodica,Low
6897-RWMUB,0.0227,Low,16.96,Medium,0.1842,0,0.004420021502807314,0.32428297,0.1842,0.1363,Maintain,Mantenimiento - comunicacion periodica,Low
5402-HTOTQ,0.193,Low,3.14,Low,0.0718,0,0.20786047067256005,0.060038242,0.0718,0.1363,Maintain,Mantenimiento - comunicacion periodica,Low
1169-WCVAK,0.1617,Low,6.86,Medium,0.0587,0,0.17046947795962253,0.13116635,0.0587,0.1363,Maintain,Mantenimiento - comunicacion periodica,Low
1576-PFZIW,0.0591,Low,5.87,Medium,0.393,0,0.04790347628718194,0.112237096,0.393,0.1362,Maintain,Mantenimiento - comunicacion periodica,Low
5334-JLAXU,0.1277,Low,1.36,Low,0.3176,0,0.12985306415004183,0.026003825,0.3176,0.1362,Maintain,Mantenimiento - comunicacion periodica,Low
6257-DTAYD,0.1085,Low,6.94,Medium,0.2141,0,0.10691673635169036,0.13269599,0.2141,0.1361,Maintain,Mantenimiento - comunicacion periodica,Low
9866-OCCKE,0.0518,Low,1.05,Low,0.5525,0,0.03918289332218373,0.020076482,0.5525,0.1361,Maintain,Mantenimiento - comunicacion periodica,Low
7432-FFVAR,0.0729,Low,14.54,Medium,0.102,0,0.06438896189224705,0.27801147,0.102,0.136,Maintain,Mantenimiento - comunicacion periodica,Low
2830-LEWOA,0.1214,Low,1.71,Low,0.3246,0,0.12232708159120774,0.032695986,0.3246,0.1359,Maintain,Mantenimiento - comunicacion periodica,Low
4915-BFSXL,0.0377,Low,14.31,Medium,0.2128,0,0.02233902759526938,0.27361378,0.2128,0.1358,Maintain,Mantenimiento - comunicacion periodica,Low
9481-IEBZY,0.0817,Low,0.0,Low,0.4917,0,0.07490144546649145,0.0,0.4917,0.1358,Maintain,Mantenimiento - comunicacion periodica,Low
5329-KRDTM,0.0464,Low,6.79,Medium,0.4018,0,0.032732051128897384,0.12982792,0.4018,0.1357,Maintain,Mantenimiento - comunicacion periodica,Low
5578-NKCXI,0.1216,Low,6.38,Medium,0.1893,0,0.12256600167244057,0.121988535,0.1893,0.1357,Maintain,Mantenimiento - comunicacion periodica,Low
8791-GFXLZ,0.1314,Low,9.71,Medium,0.0631,0,0.13427308565284912,0.18565966,0.0631,0.1355,Maintain,Mantenimiento - comunicacion periodica,Low
0943-ZQPXH,0.1897,Low,2.7,Low,0.0898,0,0.2039182893322184,0.05162524,0.0898,0.1354,Maintain,Mantenimiento - comunicacion periodica,Low
8241-JUIQO,0.0433,Low,1.07,Low,0.5733,0,0.029028789869788556,0.020458892,0.5733,0.1353,Maintain,Mantenimiento - comunicacion periodica,Low
6010-DDPPW,0.0244,Low,0.3,Low,0.652,1,0.006450842193286349,0.005736138,0.652,0.1353,Investigate_Billing,Revision de facturacion / condiciones especiales,Low
6953-PBDIN,0.0321,Low,9.45,Medium,0.3656,0,0.015649265320750207,0.18068834,0.3656,0.1352,Maintain,Mantenimiento - comunicacion periodica,Low
8984-EYLLL,0.1055,Low,6.1,Medium,0.2425,0,0.10333293513319794,0.1166348,0.2425,0.1352,Maintain,Mantenimiento - comunicacion periodica,Low
2615-YVMYX,0.1357,Low,0.0,Low,0.3268,0,0.1394098673993549,0.0,0.3268,0.1351,Maintain,Mantenimiento - comunicacion periodica,Low
5201-USSQZ,0.1275,Low,9.48,Medium,0.0795,0,0.129614144068809,0.18126194,0.0795,0.1351,Maintain,Mantenimiento - comunicacion periodica,Low
7605-SNLQG,0.0693,Low,9.25,Medium,0.2593,0,0.060088400430056144,0.17686425,0.2593,0.135,Maintain,Mantenimiento - comunicacion periodica,Low
4580-TMHJU,0.0998,Low,3.39,Low,0.3363,0,0.09652371281806237,0.06481836,0.3363,0.135,Maintain,Mantenimiento - comunicacion periodica,Low
9755-JHNMN,0.0253,Low,17.25,Medium,0.1608,0,0.007525982558834071,0.32982793,0.1608,0.1349,Maintain,Mantenimiento - comunicacion periodica,Low
2525-GVKQU,0.0226,Low,4.08,Low,0.5465,0,0.004300561462190896,0.078011476,0.5465,0.1349,Maintain,Mantenimiento - comunicacion periodica,Low
3633-CDBUW,0.1176,Low,0.28,Low,0.3718,0,0.11778760004778402,0.005353729,0.3718,0.1349,Maintain,Mantenimiento - comunicacion periodica,Low
0795-LAFGP,0.0261,Low,0.09,Low,0.6495,1,0.008481662883765383,0.0017208414,0.6495,0.1347,Investigate_Billing,Revision de facturacion / condiciones especiales,Low
2139-FQHLM,0.167,Low,5.5,Medium,0.0733,0,0.17680086011229248,0.10516252,0.0733,0.1346,Maintain,Mantenimiento - comunicacion periodica,Low
3192-NQECA,0.0919,Low,1.21,Low,0.4204,0,0.08708636960936567,0.023135757,0.4204,0.1346,Maintain,Mantenimiento - comunicacion periodica,Low
6893-ODYYE,0.0483,Low,15.22,Medium,0.1491,0,0.03500179190060925,0.2910134,0.1491,0.1346,Maintain,Mantenimiento - comunicacion periodica,Low
0679-TDGAK,0.0763,Low,0.35,Low,0.4911,0,0.06845060327320512,0.0066921604,0.4911,0.1345,Maintain,Mantenimiento - comunicacion periodica,Low
6260-XLACS,0.0637,Low,0.98,Low,0.5111,0,0.05339863815553698,0.01873805,0.5111,0.1345,Maintain,Mantenimiento - comunicacion periodica,Low
5451-YHYPW,0.0285,Low,0.03,Low,0.6434,1,0.011348703858559314,0.00057361374,0.6434,0.1345,Investigate_Billing,Revision de facturacion / condiciones especiales,Low
4832-VRBMR,0.1472,Low,1.99,Low,0.2321,0,0.15314777207024252,0.038049713,0.2321,0.1344,Maintain,Mantenimiento - comunicacion periodica,Low
0218-QNVAS,0.0999,Low,4.99,Low,0.2874,0,0.09664317285867878,0.095411085,0.2874,0.1344,Maintain,Mantenimiento - comunicacion periodica,Low
5062-CJJKH,0.0486,Low,18.65,Medium,0.0484,0,0.03536017202245849,0.35659656,0.0484,0.1343,Maintain,Mantenimiento - comunicacion periodica,Low
3200-MNQTF,0.0373,Low,13.07,Medium,0.2421,0,0.021861187432803728,0.2499044,0.2421,0.1343,Maintain,Mantenimiento - comunicacion periodica,Low
9391-LMANN,0.1156,Low,9.13,Medium,0.12,0,0.11539839923545574,0.1745698,0.12,0.1341,Maintain,Mantenimiento - comunicacion periodica,Low
6461-PPAXN,0.0608,Low,16.91,Medium,0.0606,0,0.04993429697766098,0.32332698,0.0606,0.1341,Maintain,Mantenimiento - comunicacion periodica,Low
8295-FHIVV,0.094,Low,1.09,Low,0.415,0,0.08959503046231036,0.0208413,0.415,0.134,Maintain,Mantenimiento - comunicacion periodica,Low
8909-BOLNL,0.0684,Low,0.06,Low,0.52,0,0.059013260064508424,0.0011472275,0.52,0.1339,Maintain,Mantenimiento - comunicacion periodica,Low
9028-LIHRP,0.0277,Low,10.71,Medium,0.3362,0,0.010393023533628,0.20478012,0.3362,0.1339,Maintain,Mantenimiento - comunicacion periodica,Low
4827-USJHP,0.1503,Low,7.3,Medium,0.0681,0,0.15685103332935135,0.13957936,0.0681,0.1339,Maintain,Mantenimiento - comunicacion periodica,Low
2703-AMTUL,0.0372,Low,18.78,Medium,0.0762,0,0.021741727392187313,0.35908222,0.0762,0.1338,Maintain,Mantenimiento - comunicacion periodica,Low
5203-XEHAX,0.0537,Low,7.79,Medium,0.3417,0,0.04145263409389559,0.14894837,0.3417,0.1338,Maintain,Mantenimiento - comunicacion periodica,Low
1297-VQDRP,0.1448,Low,0.05,Low,0.2919,0,0.1502807310954486,0.000956023,0.2919,0.1338,Maintain,Mantenimiento - comunicacion periodica,Low
2160-GPFXD,0.0211,Low,18.16,Medium,0.1418,0,0.0025086608529446917,0.34722754,0.1418,0.1338,Maintain,Mantenimiento - comunicacion periodica,Low
0100-DUVFC,0.1628,Low,0.73,Low,0.2175,0,0.1717835384064031,0.013957935,0.2175,0.1336,Maintain,Mantenimiento - comunicacion periodica,Low
2040-XBAVJ,0.0436,Low,0.01,Low,0.5933,0,0.0293871699916378,0.00019120458,0.5933,0.1334,Maintain,Mantenimiento - comunicacion periodica,Low
1937-OTUKY,0.0473,Low,12.91,Medium,0.2122,0,0.03380719149444511,0.24684513,0.2122,0.1334,Maintain,Mantenimiento - comunicacion periodica,Low
6265-SXWBU,0.0688,Low,9.38,Medium,0.2491,0,0.05949110022697408,0.17934991,0.2491,0.1334,Maintain,Mantenimiento - comunicacion periodica,Low
1936-UAFEH,0.0701,Low,1.0,Low,0.485,0,0.06104408075498745,0.019120459,0.485,0.1333,Maintain,Mantenimiento - comunicacion periodica,Low
3597-YASZG,0.0996,Low,6.69,Medium,0.2335,0,0.09628479273682952,0.12791587,0.2335,0.1332,Maintain,Mantenimiento - comunicacion periodica,Low
8454-AATJP,0.0267,Low,0.0,Low,0.6425,1,0.009198423127463867,0.0,0.6425,0.1331,Investigate_Billing,Revision de facturacion / condiciones especiales,Low
9496-IVVRP,0.1288,Low,7.47,Medium,0.1233,0,0.13116712459682237,0.14282982,0.1233,0.1331,Maintain,Mantenimiento - comunicacion periodica,Low
8495-LJDFO,0.1015,Low,0.0,Low,0.4185,0,0.0985545335085414,0.0,0.4185,0.133,Maintain,Mantenimiento - comunicacion periodica,Low
5174-ITUMV,0.1611,Low,0.29,Low,0.2323,0,0.16975271771592404,0.005544933,0.2323,0.133,Maintain,Mantenimiento - comunicacion periodica,Low
6161-ERDGD,0.0705,Low,0.0,Low,0.5111,0,0.0615219209174531,0.0,0.5111,0.133,Maintain,Mantenimiento - comunicacion periodica,Low
3910-MRQOY,0.0269,Low,5.19,Medium,0.4924,0,0.009437343208696693,0.099235184,0.4924,0.133,Maintain,Mantenimiento - comunicacion periodica,Low
8559-WNQZS,0.146,Low,4.12,Low,0.1669,0,0.15171425158284554,0.07877629,0.1669,0.1329,Maintain,Mantenimiento - comunicacion periodica,Low
4821-WQOYN,0.0261,Low,4.57,Low,0.5118,0,0.008481662883765383,0.0873805,0.5118,0.1328,Maintain,Mantenimiento - comunicacion periodica,Low
1849-RJYIG,0.2239,Low,0.15,Low,0.0473,0,0.2447736232230319,0.002868069,0.0473,0.1327,Maintain,Mantenimiento - comunicacion periodica,Low
2985-JUUBZ,0.2132,Low,0.0,Low,0.0837,0,0.23199139887707565,0.0,0.0837,0.1327,Maintain,Mantenimiento - comunicacion periodica,Low
3090-HAWSU,0.1133,Low,0.36,Low,0.3713,0,0.11265081830127822,0.0068833656,0.3713,0.1327,Maintain,Mantenimiento - comunicacion periodica,Low
8975-SKGRX,0.0315,Low,0.05,Low,0.6241,1,0.014932505077051728,0.000956023,0.6241,0.1326,Investigate_Billing,Revision de facturacion / condiciones especiales,Low
6568-POCUI,0.0673,Low,15.16,Medium,0.0842,0,0.05769919961772787,0.28986615,0.0842,0.1326,Maintain,Mantenimiento - comunicacion periodica,Low
3780-DDGSE,0.1666,Low,0.0,Low,0.222,0,0.1763230199498268,0.0,0.222,0.1326,Maintain,Mantenimiento - comunicacion periodica,Low
5055-BRMNE,0.0759,Low,5.02,Medium,0.3489,0,0.06797276311073945,0.095984705,0.3489,0.1326,Maintain,Mantenimiento - comunicacion periodica,Low
3363-DTIVD,0.0903,Low,5.73,Medium,0.2857,0,0.08517500895950306,0.10956023,0.2857,0.1326,Maintain,Mantenimiento - comunicacion periodica,Low
9386-LDCZR,0.058,Low,14.59,Medium,0.1271,0,0.046589415840401396,0.2789675,0.1271,0.1324,Maintain,Mantenimiento - comunicacion periodica,Low
1488-PBLJN,0.0282,Low,0.03,Low,0.6333,1,0.010990323736710071,0.00057361374,0.6333,0.1323,Investigate_Billing,Revision de facturacion / condiciones especiales,Low
9127-FHJBZ,0.0516,Low,0.02,Low,0.5624,0,0.03894397324095091,0.00038240917,0.5624,0.1321,Maintain,Mantenimiento - comunicacion periodica,Low
9640-ZSLDC,0.0519,Low,11.15,Medium,0.2425,0,0.03930235336280014,0.21319312,0.2425,0.1321,Maintain,Mantenimiento - comunicacion periodica,Low
3489-VSFRD,0.0385,Low,12.25,Medium,0.2505,0,0.023294707920200695,0.23422563,0.2505,0.132,Maintain,Mantenimiento - comunicacion periodica,Low
6303-KFWSL,0.0552,Low,15.16,Medium,0.1168,0,0.043244534703141796,0.28986615,0.1168,0.1319,Maintain,Mantenimiento - comunicacion periodica,Low
9199-PWQVC,0.0777,Low,0.0,Low,0.484,0,0.07012304384183492,0.0,0.484,0.1319,Maintain,Mantenimiento - comunicacion periodica,Low
2056-EVGZL,0.1127,Low,0.42,Low,0.3671,0,0.11193405805757974,0.008030592,0.3671,0.1318,Maintain,Mantenimiento - comunicacion periodica,Low
1428-IEDPR,0.1277,Low,1.8,Low,0.2829,0,0.12985306415004183,0.034416825,0.2829,0.1318,Maintain,Mantenimiento - comunicacion periodica,Low
6218-KNUBD,0.2133,Low,0.28,Low,0.0708,0,0.23211085891769204,0.005353729,0.0708,0.1318,Maintain,Mantenimiento - comunicacion periodica,Low
0536-ESJEP,0.0394,Low,8.91,Medium,0.3419,0,0.024369848285748417,0.17036329,0.3419,0.1317,Maintain,Mantenimiento - comunicacion periodica,Low
3873-NFTGI,0.1887,Low,3.08,Low,0.0635,0,0.20272368892605427,0.058891013,0.0635,0.1317,Maintain,Mantenimiento - comunicacion periodica,Low
9780-FKVVF,0.189,Low,0.51,Low,0.136,0,0.2030820690479035,0.009751434,0.136,0.1317,Maintain,Mantenimiento - comunicacion periodica,Low
5795-BKOYE,0.0294,Low,12.67,Medium,0.2643,0,0.012423844224107037,0.24225622,0.2643,0.1317,Maintain,Mantenimiento - comunicacion periodica,Low
9489-DEDVP,0.0349,Low,14.37,Medium,0.1988,0,0.018994146458009797,0.274761,0.1988,0.1317,Maintain,Mantenimiento - comunicacion periodica,Low
9115-YQHGA,0.0827,Low,8.21,Medium,0.2326,0,0.07609604587265559,0.15697896,0.2326,0.1317,Maintain,Mantenimiento - comunicacion periodica,Low
4686-GEFRM,0.0601,Low,12.34,Medium,0.1811,0,0.04909807669334607,0.23594648,0.1811,0.1316,Maintain,Mantenimiento - comunicacion periodica,Low
1656-DRSMG,0.1249,Low,0.0,Low,0.3417,0,0.12650818301278222,0.0,0.3417,0.1316,Maintain,Mantenimiento - comunicacion periodica,Low
7776-QWNFX,0.1168,Low,8.23,Medium,0.1298,0,0.11683191972285271,0.15736137,0.1298,0.1316,Maintain,Mantenimiento - comunicacion periodica,Low
9770-KXGQU,0.1149,Low,6.87,Medium,0.1744,0,0.11456217895114085,0.13135755,0.1744,0.1316,Maintain,Mantenimiento - comunicacion periodica,Low
2988-QRAJY,0.0925,Low,1.17,Low,0.405,0,0.08780312985306415,0.022370936,0.405,0.1316,Maintain,Mantenimiento - comunicacion periodica,Low
6574-MCOEH,0.1611,Low,0.0,Low,0.2332,0,0.16975271771592404,0.0,0.2332,0.1315,Maintain,Mantenimiento - comunicacion periodica,Low
5846-NEQVZ,0.0439,Low,12.13,Medium,0.2351,0,0.029745550113487042,0.23193116,0.2351,0.1315,Maintain,Mantenimiento - comunicacion periodica,Low
0308-GIQJT,0.1257,Low,0.27,Low,0.3311,0,0.12746386333771353,0.005162524,0.3311,0.1315,Maintain,Mantenimiento - comunicacion periodica,Low
0270-THENM,0.026,Low,13.29,Medium,0.2551,0,0.008362202843148966,0.2541109,0.2551,0.1314,Maintain,Mantenimiento - comunicacion periodica,Low
6463-HHXJR,0.0416,Low,10.97,Medium,0.2746,0,0.026997969179309522,0.20975144,0.2746,0.1313,Maintain,Mantenimiento - comunicacion periodica,Low
8468-FZTOE,0.0329,Low,8.5,Medium,0.3708,0,0.016604945645681518,0.1625239,0.3708,0.1312,Maintain,Mantenimiento - comunicacion periodica,Low
8930-XOTDP,0.1411,Low,2.16,Low,0.2294,0,0.14586070959264127,0.041300192,0.2294,0.1312,Maintain,Mantenimiento - comunicacion periodica,Low
5575-GNVDE,0.0385,Low,16.64,Medium,0.1207,0,0.023294707920200695,0.31816444,0.1207,0.1312,Maintain,Mantenimiento - comunicacion periodica,Low
2931-XIQBR,0.1561,Low,3.73,Low,0.1389,0,0.16377971568510333,0.07131931,0.1389,0.1311,Maintain,Mantenimiento - comunicacion periodica,Low
1696-HXOWK,0.0534,Low,9.84,Medium,0.2705,0,0.04109425397204635,0.18814532,0.2705,0.1311,Maintain,Mantenimiento - comunicacion periodica,Low
4194-WHFCB,0.1546,Low,0.48,Low,0.2365,0,0.16198781507585713,0.00917782,0.2365,0.131,Maintain,Mantenimiento - comunicacion periodica,Low
5914-XRFQB,0.0277,Low,0.03,Low,0.6281,1,0.010393023533628,0.00057361374,0.6281,0.131,Investigate_Billing,Revision de facturacion / condiciones especiales,Low
3913-FCUUW,0.026,Low,12.5,Medium,0.2757,0,0.008362202843148966,0.23900574,0.2757,0.131,Maintain,Mantenimiento - comunicacion periodica,Low
9637-CDTKZ,0.0468,Low,0.03,Low,0.5705,0,0.03320989129136304,0.00057361374,0.5705,0.1309,Maintain,Mantenimiento - comunicacion periodica,Low
6543-JXSOO,0.0663,Low,12.72,Medium,0.1484,0,0.05650459921156373,0.24321225,0.1484,0.1309,Maintain,Mantenimiento - comunicacion periodica,Low
1730-VFMWO,0.0519,Low,8.18,Medium,0.3209,0,0.03930235336280014,0.15640536,0.3209,0.1308,Maintain,Mantenimiento - comunicacion periodica,Low
1545-JFUML,0.0562,Low,12.43,Medium,0.1858,0,0.04443913510930594,0.2376673,0.1858,0.1307,Maintain,Mantenimiento - comunicacion periodica,Low
7197-VOJMM,0.0312,Low,14.37,Medium,0.2046,0,0.014574124955202484,0.274761,0.2046,0.1306,Maintain,Mantenimiento - comunicacion periodica,Low
9481-WHGWY,0.04,Low,8.28,Medium,0.3527,0,0.025086608529446903,0.1583174,0.3527,0.1306,Maintain,Mantenimiento - comunicacion periodica,Low
0815-MFZGM,0.0823,Low,11.59,Medium,0.131,0,0.07561820571018994,0.22160612,0.131,0.1305,Maintain,Mantenimiento - comunicacion periodica,Low
1465-LNTLJ,0.1214,Low,0.01,Low,0.3457,0,0.12232708159120774,0.00019120458,0.3457,0.1304,Maintain,Mantenimiento - comunicacion periodica,Low
5248-RPYWW,0.0264,Low,0.03,Low,0.6284,1,0.008840043005614622,0.00057361374,0.6284,0.1303,Investigate_Billing,Revision de facturacion / condiciones especiales,Low
9695-IDRZR,0.0577,Low,0.25,Low,0.5288,0,0.046231035718552145,0.0047801146,0.5288,0.1303,Maintain,Mantenimiento - comunicacion periodica,Low
9894-QMIMJ,0.0493,Low,16.19,Medium,0.0967,0,0.036196392306773385,0.30956024,0.0967,0.1303,Maintain,Mantenimiento - comunicacion periodica,Low
8375-KVTHK,0.1271,Low,5.26,Medium,0.1775,0,0.1291363039063433,0.10057362,0.1775,0.1302,Maintain,Mantenimiento - comunicacion periodica,Low
5173-ZXXXL,0.0936,Low,0.56,Low,0.4119,0,0.0891171902998447,0.010707458,0.4119,0.1302,Maintain,Mantenimiento - comunicacion periodica,Low
4903-UYAVB,0.0725,Low,1.2,Low,0.4564,0,0.06391112172978138,0.022944553,0.4564,0.1301,Maintain,Mantenimiento - comunicacion periodica,Low
9277-JOOMO,0.0672,Low,0.0,Low,0.506,0,0.057579739577111454,0.0,0.506,0.13,Maintain,Mantenimiento - comunicacion periodica,Low
7966-YOTQW,0.1623,Low,3.67,Low,0.1168,0,0.17118623820332102,0.07017209,0.1168,0.13,Maintain,Mantenimiento - comunicacion periodica,Low
3324-OIRTO,0.0947,Low,1.2,Low,0.3893,0,0.09043125074662527,0.022944553,0.3893,0.13,Maintain,Mantenimiento - comunicacion periodica,Low
3007-FDPEA,0.1619,Low,0.07,Low,0.2211,0,0.17070839804085533,0.0013384322,0.2211,0.13,Maintain,Mantenimiento - comunicacion periodica,Low
2324-EFHVG,0.1168,Low,6.74,Medium,0.1642,0,0.11683191972285271,0.12887189,0.1642,0.1299,Maintain,Mantenimiento - comunicacion periodica,Low
0727-BNRLG,0.0611,Low,13.35,Medium,0.141,0,0.050292677099510213,0.25525814,0.141,0.1299,Maintain,Mantenimiento - comunicacion periodica,Low
0017-IUDMW,0.0281,Low,0.02,Low,0.6215,1,0.010870863696093658,0.00038240917,0.6215,0.1299,Investigate_Billing,Revision de facturacion / condiciones especiales,Low
5897-ZYEKH,0.1628,Low,0.19,Low,0.2148,0,0.1717835384064031,0.0036328873,0.2148,0.1299,Maintain,Mantenimiento - comunicacion periodica,Low
0334-ZFJSR,0.0381,Low,6.46,Medium,0.4072,0,0.022816867757735042,0.12351817,0.4072,0.1299,Maintain,Mantenimiento - comunicacion periodica,Low
7945-HLKEA,0.041,Low,7.19,Medium,0.3769,0,0.026281208935611044,0.1374761,0.3769,0.1298,Maintain,Mantenimiento - comunicacion periodica,Low
3936-QQFLL,0.1634,Low,0.75,Low,0.1964,0,0.17250029865010155,0.014340345,0.1964,0.1298,Maintain,Mantenimiento - comunicacion periodica,Low
7503-MIOGA,0.0254,Low,0.03,Low,0.6287,1,0.007645442599450484,0.00057361374,0.6287,0.1297,Investigate_Billing,Revision de facturacion / condiciones especiales,Low
6176-YJWAS,0.0341,Low,13.02,Medium,0.2302,0,0.018038466133078485,0.24894838,0.2302,0.1297,Maintain,Mantenimiento - comunicacion periodica,Low
3950-VPYJB,0.0252,Low,12.5,Medium,0.2704,0,0.007406522518217658,0.23900574,0.2704,0.1295,Maintain,Mantenimiento - comunicacion periodica,Low
6288-CHQJB,0.0272,Low,13.2,Medium,0.2443,0,0.009795723330545932,0.25239006,0.2443,0.1295,Maintain,Mantenimiento - comunicacion periodica,Low
5174-RNGBH,0.1864,Low,0.12,Low,0.1439,0,0.19997610799187676,0.002294455,0.1439,0.1295,Maintain,Mantenimiento - comunicacion periodica,Low
5067-XJQFU,0.1405,Low,0.0,Low,0.2839,0,0.14514394934894279,0.0,0.2839,0.1294,Maintain,Mantenimiento - comunicacion periodica,Low
1904-WAJAA,0.0369,Low,18.59,Medium,0.0605,0,0.021383347270338075,0.35544935,0.0605,0.1294,Maintain,Mantenimiento - comunicacion periodica,Low
1335-HQMKX,0.1408,Low,2.02,Low,0.2249,0,0.14550232947079203,0.038623326,0.2249,0.1293,Maintain,Mantenimiento - comunicacion periodica,Low
4129-LYCOI,0.0917,Low,6.8,Medium,0.2342,0,0.08684744952813285,0.13001913,0.2342,0.1293,Maintain,Mantenimiento - comunicacion periodica,Low
0137-UDEUO,0.144,Low,0.57,Low,0.257,0,0.14932505077051725,0.010898662,0.257,0.1293,Maintain,Mantenimiento - comunicacion periodica,Low
4277-BWBML,0.0235,Low,4.68,Low,0.4983,0,0.0053757018277386225,0.089483745,0.4983,0.1292,Maintain,Mantenimiento - comunicacion periodica,Low
0584-BJQGZ,0.0753,Low,0.0,Low,0.4781,0,0.06725600286704098,0.0,0.4781,0.1292,Maintain,Mantenimiento - comunicacion periodica,Low
8174-TBVCF,0.0245,Low,0.0,Low,0.629,1,0.006570302233902762,0.0,0.629,0.1291,Investigate_Billing,Revision de facturacion / condiciones especiales,Low
2676-OXPPQ,0.1837,Low,2.98,Low,0.0673,0,0.19675068689523356,0.056978967,0.0673,0.1289,Maintain,Mantenimiento - comunicacion periodica,Low
2773-OVBPK,0.0903,Low,0.61,Low,0.414,0,0.08517500895950306,0.011663481,0.414,0.1289,Maintain,Mantenimiento - comunicacion periodica,Low
5127-BZENZ,0.044,Low,6.75,Medium,0.3759,0,0.029865010154103453,0.1290631,0.3759,0.1288,Maintain,Mantenimiento - comunicacion periodica,Low
3391-JSQEW,0.0728,Low,8.99,Medium,0.2253,0,0.06426950185163063,0.17189293,0.2253,0.1288,Maintain,Mantenimiento - comunicacion periodica,Low
6476-YHMGA,0.1359,Low,0.0,Low,0.2949,0,0.13964878748058773,0.0,0.2949,0.1288,Maintain,Mantenimiento - comunicacion periodica,Low
5787-KXGIY,0.0246,Low,5.26,Medium,0.4761,0,0.006689762274519175,0.10057362,0.4761,0.1287,Maintain,Mantenimiento - comunicacion periodica,Low
4476-OSWTN,0.1387,Low,0.0,Low,0.2854,0,0.14299366861784732,0.0,0.2854,0.1286,Maintain,Mantenimiento - comunicacion periodica,Low
6563-VNPMN,0.0893,Low,9.94,Medium,0.1482,0,0.08398040855333891,0.19005735,0.1482,0.1286,Maintain,Mantenimiento - comunicacion periodica,Low
7054-ENNGU,0.1334,Low,7.57,Medium,0.0843,0,0.1366622864651774,0.14474188,0.0843,0.1286,Maintain,Mantenimiento - comunicacion periodica,Low
1407-DIGZV,0.0545,Low,5.31,Medium,0.3842,0,0.042408314418826906,0.101529635,0.3842,0.1285,Maintain,Mantenimiento - comunicacion periodica,Low
5453-YBTWV,0.037,Low,10.01,Medium,0.3016,0,0.021502807310954487,0.1913958,0.3016,0.1285,Maintain,Mantenimiento - comunicacion periodica,Low
9039-ZVJDC,0.1052,Low,1.35,Low,0.3463,0,0.10297455501134871,0.02581262,0.3463,0.1285,Maintain,Mantenimiento - comunicacion periodica,Low
4942-VZZOM,0.0493,Low,5.68,Medium,0.3885,0,0.036196392306773385,0.10860421,0.3885,0.1284,Maintain,Mantenimiento - comunicacion periodica,Low
6865-JZNKO,0.0777,Low,3.19,Low,0.3751,0,0.07012304384183492,0.060994267,0.3751,0.1284,Maintain,Mantenimiento - comunicacion periodica,Low
7923-IYJWY,0.0428,Low,0.01,Low,0.5706,0,0.028431489666706486,0.00019120458,0.5706,0.1284,Maintain,Mantenimiento - comunicacion periodica,Low
3134-DSHVC,0.0566,Low,13.0,Medium,0.1571,0,0.04491697527177159,0.24856597,0.1571,0.1284,Maintain,Mantenimiento - comunicacion periodica,Low
6872-HXFNF,0.0331,Low,12.88,Medium,0.2306,0,0.016843865726914344,0.24627152,0.2306,0.1284,Maintain,Mantenimiento - comunicacion periodica,Low
6152-ONASV,0.0287,Low,13.15,Medium,0.2358,0,0.01158762393979214,0.25143403,0.2358,0.1284,Maintain,Mantenimiento - comunicacion periodica,Low
0872-JCPIB,0.2248,Low,0.0,Low,0.0276,0,0.24584876358857966,0.0,0.0276,0.1284,Maintain,Mantenimiento - comunicacion periodica,Low
5840-NVDCG,0.0419,Low,13.89,Medium,0.1745,0,0.027356349301158763,0.2655832,0.1745,0.1283,Maintain,Mantenimiento - comunicacion periodica,Low
1360-XFJMR,0.1451,Low,0.0,Low,0.2648,0,0.15063911121729784,0.0,0.2648,0.1283,Maintain,Mantenimiento - comunicacion periodica,Low
2223-GDSHL,0.0309,Low,0.04,Low,0.6045,1,0.014215744833353245,0.00076481834,0.6045,0.1282,Investigate_Billing,Revision de facturacion / condiciones especiales,Low
7080-TNUWP,0.0716,Low,10.29,Medium,0.1887,0,0.06283598136423366,0.19674952,0.1887,0.1282,Maintain,Mantenimiento - comunicacion periodica,Low
9786-IJYDL,0.0638,Low,0.21,Low,0.5007,0,0.05351809819615338,0.004015296,0.5007,0.1281,Maintain,Mantenimiento - comunicacion periodica,Low
6718-BDGHG,0.0769,Low,7.04,Medium,0.265,0,0.06916736351690358,0.13460803,0.265,0.128,Maintain,Mantenimiento - comunicacion periodica,Low
3086-RUCRN,0.0817,Low,0.02,Low,0.4519,0,0.07490144546649145,0.00038240917,0.4519,0.1279,Maintain,Mantenimiento - comunicacion periodica,Low
7524-VRLPL,0.058,Low,9.4,Medium,0.2531,0,0.046589415840401396,0.17973231,0.2531,0.1278,Maintain,Mantenimiento - comunicacion periodica,Low
2851-STERV,0.1553,Low,0.0,Low,0.232,0,0.16282403536017204,0.0,0.232,0.1278,Maintain,Mantenimiento - comunicacion periodica,Low
3806-YAZOV,0.125,Low,1.47,Low,0.2797,0,0.12662764305339863,0.028107075,0.2797,0.1277,Maintain,Mantenimiento - comunicacion periodica,Low
7872-RDDLZ,0.0609,Low,3.97,Low,0.3994,0,0.0500537570182774,0.07590822,0.3994,0.1277,Maintain,Mantenimiento - comunicacion periodica,Low
2692-AQCPF,0.1301,Low,0.0,Low,0.3068,0,0.13272010512483573,0.0,0.3068,0.1277,Maintain,Mantenimiento - comunicacion periodica,Low
4049-ZPALD,0.0656,Low,12.0,Medium,0.1546,0,0.055668378927248845,0.22944552,0.1546,0.1276,Maintain,Mantenimiento - comunicacion periodica,Low
3253-HKOKL,0.1368,Low,5.19,Medium,0.1375,0,0.14072392784613547,0.099235184,0.1375,0.1276,Maintain,Mantenimiento - comunicacion periodica,Low
6584-VQMYT,0.0375,Low,15.83,Medium,0.1284,0,0.022100107514036554,0.30267686,0.1284,0.1275,Maintain,Mantenimiento - comunicacion periodica,Low
4565-EVZMJ,0.0507,Low,13.11,Medium,0.1666,0,0.037868832875403186,0.2506692,0.1666,0.1275,Maintain,Mantenimiento - comunicacion periodica,Low
4549-ZDQYY,0.0476,Low,13.73,Medium,0.1583,0,0.034165571616294355,0.2625239,0.1583,0.1275,Maintain,Mantenimiento - comunicacion periodica,Low
3470-OBUET,0.0502,Low,9.97,Medium,0.2581,0,0.03727153267232111,0.19063099,0.2581,0.1274,Maintain,Mantenimiento - comunicacion periodica,Low
5193-QLVZB,0.1068,Low,6.65,Medium,0.1842,0,0.10488591566121133,0.12715106,0.1842,0.1274,Maintain,Mantenimiento - comunicacion periodica,Low
1352-HNSAW,0.0323,Low,0.01,Low,0.597,0,0.01588818540198304,0.00019120458,0.597,0.1274,Maintain,Mantenimiento - comunicacion periodica,Low
4385-ZKVNW,0.0832,Low,4.1,Low,0.3279,0,0.07669334607573766,0.078393884,0.3279,0.1274,Maintain,Mantenimiento - comunicacion periodica,Low
5781-RFZRP,0.0288,Low,9.45,Medium,0.3361,0,0.011707083980408553,0.18068834,0.3361,0.1273,Maintain,Mantenimiento - comunicacion periodica,Low
9565-FLVCG,0.0329,Low,13.92,Medium,0.1956,0,0.016604945645681518,0.2661568,0.1956,0.1273,Maintain,Mantenimiento - comunicacion periodica,Low
7519-JTWQH,0.0847,Low,0.88,Low,0.4149,0,0.07848524668498387,0.016826004,0.4149,0.1273,Maintain,Mantenimiento - comunicacion periodica,Low
5309-TAIKL,0.1707,Low,0.0,Low,0.1836,0,0.18122088161509975,0.0,0.1836,0.1273,Maintain,Mantenimiento - comunicacion periodica,Low
2077-DDHJK,0.0306,Low,12.5,Medium,0.2431,0,0.013857364711504002,0.23900574,0.2431,0.1273,Maintain,Mantenimiento - comunicacion periodica,Low
6776-TLWOI,0.133,Low,0.56,Low,0.2795,0,0.13618444630271176,0.010707458,0.2795,0.1272,Maintain,Mantenimiento - comunicacion periodica,Low
5975-BAICR,0.0643,Low,8.29,Medium,0.2629,0,0.05411539839923545,0.1585086,0.2629,0.1272,Maintain,Mantenimiento - comunicacion periodica,Low
5458-CQJTA,0.0891,Low,8.87,Medium,0.1724,0,0.08374148847210608,0.16959848,0.1724,0.1272,Maintain,Mantenimiento - comunicacion periodica,Low
0701-TJSEF,0.1304,Low,0.0,Low,0.3025,0,0.13307848524668497,0.0,0.3025,0.127,Maintain,Mantenimiento - comunicacion periodica,Low
0657-DOGUM,0.0539,Low,11.07,Medium,0.2135,0,0.041691554175128424,0.21166348,0.2135,0.127,Maintain,Mantenimiento - comunicacion periodica,Low
7730-CLDSV,0.0467,Low,12.29,Medium,0.1991,0,0.03309043125074663,0.23499045,0.1991,0.1269,Maintain,Mantenimiento - comunicacion periodica,Low
7299-GNVPL,0.1041,Low,11.23,Medium,0.0583,0,0.10166049456456815,0.21472275,0.0583,0.1269,Maintain,Mantenimiento - comunicacion periodica,Low
3274-NSDWE,0.027,Low,5.05,Medium,0.4654,0,0.009556803249313106,0.096558325,0.4654,0.1268,Maintain,Mantenimiento - comunicacion periodica,Low
2380-DAMQP,0.0358,Low,0.05,Low,0.5824,0,0.02006928682355752,0.000956023,0.5824,0.1268,Maintain,Mantenimiento - comunicacion periodica,Low
4994-OBRSZ,0.0626,Low,6.93,Medium,0.305,0,0.05208457770875642,0.13250478,0.305,0.1268,Maintain,Mantenimiento - comunicacion periodica,Low
2882-WDTBA,0.0289,Low,6.5,Medium,0.4173,0,0.011826544021024966,0.124282986,0.4173,0.1267,Maintain,Mantenimiento - comunicacion periodica,Low
5828-DWPIL,0.1143,Low,6.57,Medium,0.1598,0,0.11384541870744236,0.12562142,0.1598,0.1266,Maintain,Mantenimiento - comunicacion periodica,Low
6242-FEGFD,0.0325,Low,15.02,Medium,0.1618,0,0.016127105483215866,0.2871893,0.1618,0.1266,Maintain,Mantenimiento - comunicacion periodica,Low
6184-DYUOB,0.1302,Low,0.81,Low,0.2779,0,0.13283956516545217,0.015487572,0.2779,0.1266,Maintain,Mantenimiento - comunicacion periodica,Low
1347-KTTTA,0.1102,Low,2.45,Low,0.2895,0,0.10894755704216941,0.046845127,0.2895,0.1264,Maintain,Mantenimiento - comunicacion periodica,Low
3173-NVMPX,0.178,Low,3.11,Low,0.0679,0,0.18994146458009797,0.059464626,0.0679,0.1264,Maintain,Mantenimiento - comunicacion periodica,Low
0885-HMGPY,0.0228,Low,13.92,Medium,0.2207,0,0.004539481543423727,0.2661568,0.2207,0.1263,Maintain,Mantenimiento - comunicacion periodica,Low
4086-WITJG,0.0253,Low,4.96,Low,0.4705,0,0.007525982558834071,0.09483748,0.4705,0.1263,Maintain,Mantenimiento - comunicacion periodica,Low
4695-VADHF,0.1849,Low,0.83,Low,0.1121,0,0.19818420738263054,0.01586998,0.1121,0.1263,Maintain,Mantenimiento - comunicacion periodica,Low
2845-KDHVX,0.0317,Low,14.49,Medium,0.1779,0,0.015171425158284554,0.27705544,0.1779,0.1263,Maintain,Mantenimiento - comunicacion periodica,Low
2798-NYLMZ,0.1024,Low,2.32,Low,0.3161,0,0.09962967387408912,0.044359464,0.3161,0.1263,Maintain,Mantenimiento - comunicacion periodica,Low
1480-BKXGA,0.0282,Low,0.03,Low,0.603,0,0.010990323736710071,0.00057361374,0.603,0.1263,Maintain,Mantenimiento - comunicacion periodica,Low
6473-ULUHT,0.1278,Low,0.0,Low,0.306,0,0.12997252419065822,0.0,0.306,0.1262,Maintain,Mantenimiento - comunicacion periodica,Low
8049-WJCLQ,0.177,Low,0.35,Low,0.1492,0,0.18874686417393383,0.0066921604,0.1492,0.1262,Maintain,Mantenimiento - comunicacion periodica,Low
7951-VRDVK,0.0876,Low,0.0,Low,0.4258,0,0.08194958786285987,0.0,0.4258,0.1261,Maintain,Mantenimiento - comunicacion periodica,Low
3482-ABPKK,0.0395,Low,18.01,Medium,0.0529,0,0.024489308326364832,0.3443595,0.0529,0.1261,Maintain,Mantenimiento - comunicacion periodica,Low
9553-DLCLU,0.1017,Low,0.2,Low,0.3771,0,0.09879345358977422,0.003824092,0.3771,0.126,Maintain,Mantenimiento - comunicacion periodica,Low
4627-MIHJH,0.0939,Low,0.92,Low,0.3798,0,0.08947557042169395,0.017590823,0.3798,0.126,Maintain,Mantenimiento - comunicacion periodica,Low
8606-CIQUL,0.0276,Low,0.05,Low,0.6026,0,0.010273563493011588,0.000956023,0.6026,0.1259,Maintain,Mantenimiento - comunicacion periodica,Low
5924-IFQTT,0.1719,Low,0.0,Low,0.1729,0,0.18265440210249673,0.0,0.1729,0.1259,Maintain,Mantenimiento - comunicacion periodica,Low
6333-YDVLT,0.1385,Low,0.05,Low,0.2695,0,0.14275474853661452,0.000956023,0.2695,0.1256,Maintain,Mantenimiento - comunicacion periodica,Low
5278-PNYOX,0.0814,Low,10.94,Medium,0.1276,0,0.07454306534464222,0.20917782,0.1276,0.1255,Maintain,Mantenimiento - comunicacion periodica,Low
3374-TTZTK,0.0882,Low,2.62,Low,0.3458,0,0.08266634810655836,0.0500956,0.3458,0.1255,Maintain,Mantenimiento - comunicacion periodica,Low
3639-XJHKQ,0.0844,Low,0.46,Low,0.4184,0,0.07812686656313464,0.008795411,0.4184,0.1254,Maintain,Mantenimiento - comunicacion periodica,Low
0851-DFJKB,0.1414,Low,0.94,Low,0.2337,0,0.1462190897144905,0.017973231,0.2337,0.1252,Maintain,Mantenimiento - comunicacion periodica,Low
9871-ELEYA,0.0358,Low,14.8,Medium,0.1513,0,0.02006928682355752,0.2829828,0.1513,0.1252,Maintain,Mantenimiento - comunicacion periodica,Low
5781-BKHOP,0.0356,Low,10.96,Medium,0.262,0,0.019830366742324693,0.20956023,0.262,0.1252,Maintain,Mantenimiento - comunicacion periodica,Low
4355-HBJHH,0.1344,Low,3.63,Low,0.1773,0,0.13785688687134154,0.06940727,0.1773,0.1252,Maintain,Mantenimiento - comunicacion periodica,Low
0771-CHWSK,0.0392,Low,8.99,Medium,0.308,0,0.02413092820451559,0.17189293,0.308,0.1252,Maintain,Mantenimiento - comunicacion periodica,Low
6067-NGCEU,0.1134,Low,0.0,Low,0.3435,0,0.11277027834189464,0.0,0.3435,0.1251,Maintain,Mantenimiento - comunicacion periodica,Low
3442-ZHHCC,0.0702,Low,0.02,Low,0.472,0,0.06116354079560387,0.00038240917,0.472,0.1251,Maintain,Mantenimiento - comunicacion periodica,Low
1557-EMYVT,0.0504,Low,0.3,Low,0.5227,0,0.037510452753553934,0.005736138,0.5227,0.125,Maintain,Mantenimiento - comunicacion periodica,Low
7163-OCEQI,0.1532,Low,0.0,Low,0.2242,0,0.16031537450722735,0.0,0.2242,0.125,Maintain,Mantenimiento - comunicacion periodica,Low
7319-VENRZ,0.1876,Low,0.0,Low,0.1215,0,0.20140962847927368,0.0,0.1215,0.125,Maintain,Mantenimiento - comunicacion periodica,Low
2267-WTPYD,0.1679,Low,1.67,Low,0.1323,0,0.1778760004778402,0.031931166,0.1323,0.125,Maintain,Mantenimiento - comunicacion periodica,Low
6904-JLBGY,0.0294,Low,0.02,Low,0.5935,0,0.012423844224107037,0.00038240917,0.5935,0.125,Maintain,Mantenimiento - comunicacion periodica,Low
9055-MOJJJ,0.0367,Low,6.48,Medium,0.3857,0,0.02114442718910525,0.12390058,0.3857,0.1249,Maintain,Mantenimiento - comunicacion periodica,Low
6859-QNXIQ,0.0304,Low,0.0,Low,0.5903,0,0.013618444630271176,0.0,0.5903,0.1249,Maintain,Mantenimiento - comunicacion periodica,Low
8221-HVAYI,0.0284,Low,13.4,Medium,0.2123,0,0.0112292438179429,0.25621414,0.2123,0.1249,Maintain,Mantenimiento - comunicacion periodica,Low
8096-LOIST,0.1663,Low,2.67,Low,0.1073,0,0.17596463982797758,0.051051628,0.1073,0.1248,Maintain,Mantenimiento - comunicacion periodica,Low
7905-NJMXS,0.1623,Low,0.0,Low,0.1957,0,0.17118623820332102,0.0,0.1957,0.1247,Maintain,Mantenimiento - comunicacion periodica,Low
8495-PRWFH,0.0848,Low,3.61,Low,0.3237,0,0.07860470672560028,0.06902485,0.3237,0.1247,Maintain,Mantenimiento - comunicacion periodica,Low
4338-EYCER,0.1575,Low,4.08,Low,0.0925,0,0.16545215625373316,0.078011476,0.0925,0.1246,Maintain,Mantenimiento - comunicacion periodica,Low
3795-CAWEX,0.0348,Low,0.03,Low,0.5747,0,0.018874686417393382,0.00057361374,0.5747,0.1245,Maintain,Mantenimiento - comunicacion periodica,Low
6727-IOTLZ,0.0949,Low,2.3,Low,0.3299,0,0.09067017082785808,0.043977056,0.3299,0.1245,Maintain,Mantenimiento - comunicacion periodica,Low
0595-ITUDF,0.129,Low,4.82,Low,0.1559,0,0.1314060446780552,0.09216062,0.1559,0.1245,Maintain,Mantenimiento - comunicacion periodica,Low
0002-ORFBO,0.1365,Low,6.32,Medium,0.0897,0,0.14036554772428625,0.1208413,0.0897,0.1244,Maintain,Mantenimiento - comunicacion periodica,Low
3118-UHVVQ,0.0229,Low,0.29,Low,0.6019,0,0.00465894158404014,0.005544933,0.6019,0.1244,Maintain,Mantenimiento - comunicacion periodica,Low
3221-CJMSG,0.1033,Low,7.41,Medium,0.1579,0,0.10070481423963684,0.1416826,0.1579,0.1244,Maintain,Mantenimiento - comunicacion periodica,Low
9258-CNWAC,0.03,Low,0.01,Low,0.5887,0,0.013140604467805518,0.00019120458,0.5887,0.1244,Maintain,Mantenimiento - comunicacion periodica,Low
7219-TLZHO,0.0683,Low,0.09,Low,0.472,0,0.05889380002389201,0.0017208414,0.472,0.1244,Maintain,Mantenimiento - comunicacion periodica,Low
9974-JFBHQ,0.1094,Low,0.63,Low,0.3333,0,0.10799187671723809,0.012045889,0.3333,0.1243,Maintain,Mantenimiento - comunicacion periodica,Low
7241-AJHFS,0.102,Low,8.7,Medium,0.1242,0,0.09915183371162345,0.166348,0.1242,0.1243,Maintain,Mantenimiento - comunicacion periodica,Low
1097-FSPVW,0.054,Low,4.92,Low,0.3758,0,0.04181101421574484,0.09407266,0.3758,0.1243,Maintain,Mantenimiento - comunicacion periodica,Low
3726-TBHQT,0.0335,Low,0.01,Low,0.5778,0,0.017321705889380007,0.00019120458,0.5778,0.1243,Maintain,Mantenimiento - comunicacion periodica,Low
9099-FTUHS,0.1583,Low,4.54,Low,0.0752,0,0.16640783657866445,0.086806886,0.0752,0.1243,Maintain,Mantenimiento - comunicacion periodica,Low
6211-WWLTF,0.0589,Low,11.63,Medium,0.1685,0,0.047664556205949116,0.22237094,0.1685,0.1242,Maintain,Mantenimiento - comunicacion periodica,Low
7317-GGVPB,0.1119,Low,2.32,Low,0.2763,0,0.11097837773264843,0.044359464,0.2763,0.1241,Maintain,Mantenimiento - comunicacion periodica,Low
1741-WTPON,0.0442,Low,0.0,Low,0.5452,0,0.030103930235336286,0.0,0.5452,0.1241,Maintain,Mantenimiento - comunicacion periodica,Low
4199-QHJNM,0.0756,Low,7.42,Medium,0.2379,0,0.06761438298889022,0.1418738,0.2379,0.1239,Maintain,Mantenimiento - comunicacion periodica,Low
3701-SFMUH,0.1662,Low,0.0,Low,0.1797,0,0.17584517978736114,0.0,0.1797,0.1239,Maintain,Mantenimiento - comunicacion periodica,Low
4946-EDSEW,0.0921,Low,1.26,Low,0.3651,0,0.0873252896905985,0.024091778,0.3651,0.1239,Maintain,Mantenimiento - comunicacion periodica,Low
3258-ZKPAI,0.0296,Low,0.02,Low,0.5868,0,0.012662764305339866,0.00038240917,0.5868,0.1238,Maintain,Mantenimiento - comunicacion periodica,Low
3796-ENZGF,0.0326,Low,14.36,Medium,0.1663,0,0.016246565523832277,0.27456978,0.1663,0.1238,Maintain,Mantenimiento - comunicacion periodica,Low
5135-GRQJV,0.0271,Low,0.03,Low,0.594,0,0.009676263289929519,0.00057361374,0.594,0.1238,Maintain,Mantenimiento - comunicacion periodica,Low
8198-RKSZG,0.177,Low,0.0,Low,0.1465,0,0.18874686417393383,0.0,0.1465,0.1237,Maintain,Mantenimiento - comunicacion periodica,Low
5186-EJEGL,0.141,Low,0.21,Low,0.2479,0,0.14574124955202483,0.004015296,0.2479,0.1237,Maintain,Mantenimiento - comunicacion periodica,Low
3345-JHUEO,0.0598,Low,0.3,Low,0.4881,0,0.04873969657149684,0.005736138,0.4881,0.1237,Maintain,Mantenimiento - comunicacion periodica,Low
3892-NXAZG,0.0285,Low,0.05,Low,0.5886,0,0.011348703858559314,0.000956023,0.5886,0.1237,Maintain,Mantenimiento - comunicacion periodica,Low
5590-ZSKRV,0.1228,Low,3.23,Low,0.2148,0,0.12399952215983755,0.061759084,0.2148,0.1235,Maintain,Mantenimiento - comunicacion periodica,Low
8788-DOXSU,0.0548,Low,10.64,Medium,0.2049,0,0.042766694540676144,0.2034417,0.2049,0.1234,Maintain,Mantenimiento - comunicacion periodica,Low
7369-TRPFD,0.0268,Low,1.67,Low,0.546,0,0.00931788316808028,0.031931166,0.546,0.1234,Maintain,Mantenimiento - comunicacion periodica,Low
0895-LMRSF,0.1374,Low,7.81,Medium,0.0384,0,0.14144068808983395,0.14933078,0.0384,0.1232,Maintain,Mantenimiento - comunicacion periodica,Low
7083-MIOPC,0.0213,Low,4.36,Low,0.4841,0,0.002747580934177518,0.0833652,0.4841,0.1232,Maintain,Mantenimiento - comunicacion periodica,Low
2969-WGHQO,0.1245,Low,2.54,Low,0.2278,0,0.12603034285031658,0.048565965,0.2278,0.1231,Maintain,Mantenimiento - comunicacion periodica,Low
8915-NNTRC,0.0435,Low,2.42,Low,0.4728,0,0.029267709951021383,0.046271514,0.4728,0.1231,Maintain,Mantenimiento - comunicacion periodica,Low
8395-ETZKQ,0.0301,Low,1.01,Low,0.5536,0,0.013260064508421932,0.019311663,0.5536,0.1231,Maintain,Mantenimiento - comunicacion periodica,Low
9076-AXYIK,0.102,Low,7.68,Medium,0.1476,0,0.09915183371162345,0.14684512,0.1476,0.1231,Maintain,Mantenimiento - comunicacion periodica,Low
1573-LGXBA,0.1114,Low,7.14,Medium,0.1345,0,0.11038107752956636,0.13652007,0.1345,0.123,Maintain,Mantenimiento - comunicacion periodica,Low
8466-PZBLH,0.0648,Low,6.73,Medium,0.2847,0,0.05471269860231752,0.12868069,0.2847,0.1229,Maintain,Mantenimiento - comunicacion periodica,Low
0401-WDBXM,0.0799,Low,5.73,Medium,0.2679,0,0.07275116473539602,0.10956023,0.2679,0.1228,Maintain,Mantenimiento - comunicacion periodica,Low
2900-PHPLN,0.0261,Low,5.08,Medium,0.4465,0,0.008481662883765383,0.09713193,0.4465,0.1227,Maintain,Mantenimiento - comunicacion periodica,Low
7785-RDVIG,0.1087,Low,1.15,Low,0.3128,0,0.1071556564329232,0.021988528,0.3128,0.1227,Maintain,Mantenimiento - comunicacion periodica,Low
9972-EWRJS,0.029,Low,5.29,Medium,0.4314,0,0.011946004061641384,0.10114723,0.4314,0.1226,Maintain,Mantenimiento - comunicacion periodica,Low
0960-HUWBM,0.0932,Low,6.94,Medium,0.1921,0,0.08863935013737906,0.13269599,0.1921,0.1225,Maintain,Mantenimiento - comunicacion periodica,Low
6207-WIOLX,0.0875,Low,1.36,Low,0.3688,0,0.08183012782224346,0.026003825,0.3688,0.1225,Maintain,Mantenimiento - comunicacion periodica,Low
7619-ODSGN,0.1509,Low,3.79,Low,0.1092,0,0.15756779357304984,0.07246654,0.1092,0.1224,Maintain,Mantenimiento - comunicacion periodica,Low
7808-DVWEP,0.0575,Low,0.44,Low,0.4843,0,0.04599211563731933,0.008413002,0.4843,0.1224,Maintain,Mantenimiento - comunicacion periodica,Low
2027-DNKIV,0.0565,Low,13.16,Medium,0.1224,0,0.04479751523115519,0.25162524,0.1224,0.1224,Maintain,Mantenimiento - comunicacion periodica,Low
6519-ZHPXP,0.0398,Low,2.56,Low,0.4767,0,0.024847688448214077,0.048948374,0.4767,0.1224,Maintain,Mantenimiento - comunicacion periodica,Low
4389-UEFCZ,0.0802,Low,5.72,Medium,0.265,0,0.07310954485724525,0.109369025,0.265,0.1224,Maintain,Mantenimiento - comunicacion periodica,Low
8099-MZPUJ,0.0515,Low,0.11,Low,0.5113,0,0.03882451320033449,0.0021032505,0.5113,0.1223,Maintain,Mantenimiento - comunicacion periodica,Low
2669-OIDSD,0.17,Low,0.72,Low,0.1394,0,0.1803846613307849,0.013766731,0.1394,0.1222,Maintain,Mantenimiento - comunicacion periodica,Low
9091-WTUUY,0.0286,Low,14.24,Medium,0.1735,0,0.011468163899175727,0.27227533,0.1735,0.1221,Maintain,Mantenimiento - comunicacion periodica,Low
1099-GODLO,0.1279,Low,4.23,Low,0.164,0,0.13009198423127466,0.08087954,0.164,0.1221,Maintain,Mantenimiento - comunicacion periodica,Low
2999-AANRQ,0.0446,Low,13.21,Medium,0.1546,0,0.03058177039780194,0.25258127,0.1546,0.122,Maintain,Mantenimiento - comunicacion periodica,Low
3133-PZNSR,0.035,Low,12.78,Medium,0.1959,0,0.019113606498626215,0.24435946,0.1959,0.122,Maintain,Mantenimiento - comunicacion periodica,Low
1779-PWPMG,0.0262,Low,0.03,Low,0.587,0,0.008601122924381796,0.00057361374,0.587,0.1219,Maintain,Mantenimiento - comunicacion periodica,Low
9209-NWPGU,0.0718,Low,6.97,Medium,0.2516,0,0.0630749014454665,0.1332696,0.2516,0.1218,Maintain,Mantenimiento - comunicacion periodica,Low
2486-WYVVE,0.1932,Low,0.0,Low,0.0883,0,0.20809939075379288,0.0,0.0883,0.1217,Maintain,Mantenimiento - comunicacion periodica,Low
5553-AOINX,0.1574,Low,0.55,Low,0.1795,0,0.16533269621311675,0.010516252,0.1795,0.1217,Maintain,Mantenimiento - comunicacion periodica,Low
8809-XKHMD,0.034,Low,10.5,Medium,0.2619,0,0.017919006092462077,0.20076482,0.2619,0.1216,Maintain,Mantenimiento - comunicacion periodica,Low
3230-JCNZS,0.0383,Low,12.38,Medium,0.1951,0,0.02305578783896787,0.2367113,0.1951,0.1216,Maintain,Mantenimiento - comunicacion periodica,Low
7821-DPRQE,0.1398,Low,0.0,Low,0.2469,0,0.14430772906462788,0.0,0.2469,0.1215,Maintain,Mantenimiento - comunicacion periodica,Low
2039-JONDJ,0.0482,Low,16.2,Medium,0.0557,0,0.034882331859992836,0.30975145,0.0557,0.1215,Maintain,Mantenimiento - comunicacion periodica,Low
5382-TEMLV,0.0724,Low,8.28,Medium,0.2105,0,0.06379166168916497,0.1583174,0.2105,0.1215,Maintain,Mantenimiento - comunicacion periodica,Low
9432-RUVSL,0.0755,Low,7.43,Medium,0.2259,0,0.0674949229482738,0.142065,0.2259,0.1215,Maintain,Mantenimiento - comunicacion periodica,Low
6854-EXGSF,0.1405,Low,0.0,Low,0.2445,0,0.14514394934894279,0.0,0.2445,0.1215,Maintain,Mantenimiento - comunicacion periodica,Low
0939-EREMR,0.1378,Low,5.51,Medium,0.0947,0,0.14191852825229961,0.105353735,0.0947,0.1215,Maintain,Mantenimiento - comunicacion periodica,Low
3500-NSDOA,0.0367,Low,12.39,Medium,0.199,0,0.02114442718910525,0.23690249,0.199,0.1214,Maintain,Mantenimiento - comunicacion periodica,Low
1020-JPQOW,0.1329,Low,5.41,Medium,0.1118,0,0.13606498626209532,0.10344168,0.1118,0.1214,Maintain,Mantenimiento - comunicacion periodica,Low
9052-VKDUW,0.0936,Low,0.0,Low,0.3835,0,0.0891171902998447,0.0,0.3835,0.1213,Maintain,Mantenimiento - comunicacion periodica,Low
3209-ZPKFI,0.0969,Low,4.91,Low,0.2328,0,0.09305937164018636,0.09388145,0.2328,0.1213,Maintain,Mantenimiento - comunicacion periodica,Low
8148-BPLZQ,0.0754,Low,9.19,Medium,0.1742,0,0.06737546290765738,0.17571701,0.1742,0.1212,Maintain,Mantenimiento - comunicacion periodica,Low
0699-NDKJM,0.0519,Low,2.78,Low,0.428,0,0.03930235336280014,0.053154875,0.428,0.1212,Maintain,Mantenimiento - comunicacion periodica,Low
6248-TKCQV,0.0559,Low,2.96,Low,0.4106,0,0.0440807549874567,0.05659656,0.4106,0.1211,Maintain,Mantenimiento - comunicacion periodica,Low
8189-HBVRW,0.1203,Low,5.38,Medium,0.1481,0,0.12101302114442719,0.10286807,0.1481,0.121,Maintain,Mantenimiento - comunicacion periodica,Low
0906-QVPMS,0.0259,Low,0.05,Low,0.5824,0,0.008242742802532553,0.000956023,0.5824,0.1209,Maintain,Mantenimiento - comunicacion periodica,Low
3244-CQPHU,0.0557,Low,1.28,Low,0.458,0,0.04384183490622386,0.024474187,0.458,0.1209,Maintain,Mantenimiento - comunicacion periodica,Low
1452-UZOSF,0.0536,Low,5.78,Medium,0.3347,0,0.04133317405327919,0.11051626,0.3347,0.1208,Maintain,Mantenimiento - comunicacion periodica,Low
3508-VLHCZ,0.0303,Low,0.0,Low,0.5703,0,0.013498984589654763,0.0,0.5703,0.1208,Maintain,Mantenimiento - comunicacion periodica,Low
9544-PYPSJ,0.1565,Low,0.64,Low,0.1752,0,0.16425755584756901,0.012237093,0.1752,0.1208,Maintain,Mantenimiento - comunicacion periodica,Low
6585-WCEWR,0.0252,Low,4.32,Low,0.4615,0,0.007406522518217658,0.082600385,0.4615,0.1208,Maintain,Mantenimiento - comunicacion periodica,Low
6766-HFKLA,0.1053,Low,7.56,Medium,0.1287,0,0.10309401505196512,0.14455067,0.1287,0.1207,Maintain,Mantenimiento - comunicacion periodica,Low
3669-WHAFY,0.0327,Low,0.03,Low,0.5612,0,0.016366025564448692,0.00057361374,0.5612,0.1206,Maintain,Mantenimiento - comunicacion periodica,Low
2621-UDNLU,0.0828,Low,0.03,Low,0.4117,0,0.076215505913272,0.00057361374,0.4117,0.1206,Maintain,Mantenimiento - comunicacion periodica,Low
3407-QGWLG,0.0571,Low,0.37,Low,0.4786,0,0.045514275474853656,0.00707457,0.4786,0.1206,Maintain,Mantenimiento - comunicacion periodica,Low
4080-IIARD,0.1704,Low,0.0,Low,0.1496,0,0.18086250149325053,0.0,0.1496,0.1204,Maintain,Mantenimiento - comunicacion periodica,Low
5756-OZRIO,0.0744,Low,7.91,Medium,0.2098,0,0.06618086250149324,0.15124282,0.2098,0.1204,Maintain,Mantenimiento - comunicacion periodica,Low
0181-RITDD,0.0368,Low,2.78,Low,0.4681,0,0.02126388722972166,0.053154875,0.4681,0.1202,Maintain,Mantenimiento - comunicacion periodica,Low
6234-RAAPL,0.0314,Low,11.37,Medium,0.2377,0,0.01481304503643531,0.21739961,0.2377,0.1202,Maintain,Mantenimiento - comunicacion periodica,Low
8565-HBFNN,0.1211,Low,0.39,Low,0.2843,0,0.1219687014693585,0.007456979,0.2843,0.1201,Maintain,Mantenimiento - comunicacion periodica,Low
2388-LAESQ,0.0258,Low,0.02,Low,0.5795,0,0.00812328276191614,0.00038240917,0.5795,0.1201,Maintain,Mantenimiento - comunicacion periodica,Low
1247-QBVSH,0.069,Low,8.8,Medium,0.1981,0,0.05973002030820691,0.16826004,0.1981,0.12,Maintain,Mantenimiento - comunicacion periodica,Low
5081-NWSUP,0.0968,Low,7.04,Medium,0.1656,0,0.09293991159956994,0.13460803,0.1656,0.12,Maintain,Mantenimiento - comunicacion periodica,Low
2282-YGNOR,0.0438,Low,12.86,Medium,0.1569,0,0.029626090072870627,0.2458891,0.1569,0.12,Maintain,Mantenimiento - comunicacion periodica,Low
7576-ASEJU,0.131,Low,0.08,Low,0.2631,0,0.13379524549038346,0.0015296367,0.2631,0.12,Maintain,Mantenimiento - comunicacion periodica,Low
4056-QHXHZ,0.0529,Low,2.29,Low,0.4333,0,0.04049695376896428,0.04378585,0.4333,0.12,Maintain,Mantenimiento - comunicacion periodica,Low
7459-RRWQZ,0.2039,Low,0.0,Low,0.0472,0,0.22088161509974916,0.0,0.0472,0.1199,Maintain,Mantenimiento - comunicacion periodica,Low
1536-YHDOE,0.0882,Low,10.38,Medium,0.0949,0,0.08266634810655836,0.19847037,0.0949,0.1199,Maintain,Mantenimiento - comunicacion periodica,Low
8041-TMEID,0.0572,Low,2.33,Low,0.4184,0,0.04563373551547008,0.04455067,0.4184,0.1199,Maintain,Mantenimiento - comunicacion periodica,Low
2189-UXTKY,0.1818,Low,0.0,Low,0.1129,0,0.19448094612352168,0.0,0.1129,0.1198,Maintain,Mantenimiento - comunicacion periodica,Low
8659-IOOPU,0.05,Low,10.5,Medium,0.2047,0,0.03703261259108829,0.20076482,0.2047,0.1197,Maintain,Mantenimiento - comunicacion periodica,Low
4000-VGMQP,0.1006,Low,0.0,Low,0.3544,0,0.09747939314299367,0.0,0.3544,0.1196,Maintain,Mantenimiento - comunicacion periodica,Low
1830-IPXVJ,0.0281,Low,4.89,Low,0.4303,0,0.010870863696093658,0.09349904,0.4303,0.1195,Maintain,Mantenimiento - comunicacion periodica,Low
2791-SFVEW,0.0586,Low,0.36,Low,0.4685,0,0.047306176084099864,0.0068833656,0.4685,0.1194,Maintain,Mantenimiento - comunicacion periodica,Low
2195-VVRJF,0.171,Low,0.6,Low,0.126,0,0.18157926173694902,0.011472276,0.126,0.1194,Maintain,Mantenimiento - comunicacion periodica,Low
6050-FFXES,0.0935,Low,5.75,Medium,0.2092,0,0.08899773025922829,0.10994264,0.2092,0.1193,Maintain,Mantenimiento - comunicacion periodica,Low
1053-MXTTK,0.0389,Low,2.56,Low,0.4638,0,0.023772548082666347,0.048948374,0.4638,0.1193,Maintain,Mantenimiento - comunicacion periodica,Low
5989-AXPUC,0.0356,Low,0.02,Low,0.5457,0,0.019830366742324693,0.00038240917,0.5457,0.1192,Maintain,Mantenimiento - comunicacion periodica,Low
2270-CHBFN,0.109,Low,2.54,Low,0.2543,0,0.10751403655477243,0.048565965,0.2543,0.1192,Maintain,Mantenimiento - comunicacion periodica,Low
8207-DMRVL,0.0254,Low,0.04,Low,0.5757,0,0.007645442599450484,0.00076481834,0.5757,0.1192,Maintain,Mantenimiento - comunicacion periodica,Low
9926-PJHDQ,0.0802,Low,7.45,Medium,0.1995,0,0.07310954485724525,0.14244741,0.1995,0.1192,Maintain,Mantenimiento - comunicacion periodica,Low
0916-KNFAJ,0.0329,Low,13.6,Medium,0.1646,0,0.016604945645681518,0.26003826,0.1646,0.1192,Maintain,Mantenimiento - comunicacion periodica,Low
0106-GHRQR,0.1571,Low,0.0,Low,0.183,0,0.16497431609126748,0.0,0.183,0.1191,Maintain,Mantenimiento - comunicacion periodica,Low
0784-ZQJZX,0.0229,Low,4.69,Low,0.4491,0,0.00465894158404014,0.08967496,0.4491,0.1191,Maintain,Mantenimiento - comunicacion periodica,Low
8513-OLYGY,0.0258,Low,0.04,Low,0.5741,0,0.00812328276191614,0.00076481834,0.5741,0.1191,Maintain,Mantenimiento - comunicacion periodica,Low
5196-WPYOW,0.027,Low,11.92,Medium,0.2298,0,0.009556803249313106,0.22791587,0.2298,0.1191,Maintain,Mantenimiento - comunicacion periodica,Low
0392-BZIUW,0.0691,Low,6.12,Medium,0.2704,0,0.059849480348823314,0.11701721,0.2704,0.1191,Maintain,Mantenimiento - comunicacion periodica,Low
5676-CFLYY,0.05,Low,9.88,Medium,0.2192,0,0.03703261259108829,0.18891014,0.2192,0.119,Maintain,Mantenimiento - comunicacion periodica,Low
6445-TNRXS,0.0391,Low,0.04,Low,0.5336,0,0.02401146816389918,0.00076481834,0.5336,0.119,Maintain,Mantenimiento - comunicacion periodica,Low
4390-KYULV,0.0544,Low,0.08,Low,0.4871,0,0.04228885437821049,0.0015296367,0.4871,0.119,Maintain,Mantenimiento - comunicacion periodica,Low
0136-IFMYD,0.1029,Low,1.23,Low,0.3089,0,0.1002269740771712,0.023518166,0.3089,0.1189,Maintain,Mantenimiento - comunicacion periodica,Low
7663-YJHSN,0.0345,Low,7.37,Medium,0.3364,0,0.018516306295544144,0.14091778,0.3364,0.1188,Maintain,Mantenimiento - comunicacion periodica,Low
7854-EDSSA,0.1842,Low,0.0,Low,0.1,0,0.19734798709831564,0.0,0.1,0.1187,Maintain,Mantenimiento - comunicacion periodica,Low
6990-YNRIO,0.0853,Low,2.4,Low,0.3267,0,0.07920200692868236,0.045889106,0.3267,0.1187,Maintain,Mantenimiento - comunicacion periodica,Low
1752-OZXFY,0.0453,Low,11.82,Medium,0.176,0,0.031417990682116835,0.22600383,0.176,0.1187,Maintain,Mantenimiento - comunicacion periodica,Low
9670-BPNXF,0.0715,Low,10.86,Medium,0.1242,0,0.06271652132361724,0.20764817,0.1242,0.1185,Maintain,Mantenimiento - comunicacion periodica,Low
4291-YZODP,0.0488,Low,0.52,Low,0.4884,0,0.03559909210369132,0.009942639,0.4884,0.1185,Maintain,Mantenimiento - comunicacion periodica,Low
0112-QWPNC,0.1397,Low,0.0,Low,0.2318,0,0.14418826902401147,0.0,0.2318,0.1185,Maintain,Mantenimiento - comunicacion periodica,Low
9844-FELAJ,0.1192,Low,0.0,Low,0.2934,0,0.11969896069764664,0.0,0.2934,0.1185,Maintain,Mantenimiento - comunicacion periodica,Low
9127-QRZMH,0.0492,Low,12.42,Medium,0.146,0,0.03607693226615697,0.23747611,0.146,0.1185,Maintain,Mantenimiento - comunicacion periodica,Low
1231-YNDEK,0.0269,Low,5.43,Medium,0.4133,0,0.009437343208696693,0.10382409,0.4133,0.1185,Maintain,Mantenimiento - comunicacion periodica,Low
5965-GGPRW,0.0693,Low,5.96,Medium,0.2713,0,0.060088400430056144,0.113957934,0.2713,0.1185,Maintain,Mantenimiento - comunicacion periodica,Low
0019-EFAEP,0.0393,Low,10.71,Medium,0.2239,0,0.024250388245132006,0.20478012,0.2239,0.1183,Maintain,Mantenimiento - comunicacion periodica,Low
5327-XOKKY,0.0561,Low,9.63,Medium,0.2045,0,0.044319675068689515,0.18413003,0.2045,0.1183,Maintain,Mantenimiento - comunicacion periodica,Low
4853-RULSV,0.0808,Low,7.01,Medium,0.2061,0,0.07382630510094373,0.13403443,0.2061,0.1183,Maintain,Mantenimiento - comunicacion periodica,Low
8901-UPRHR,0.0595,Low,2.16,Low,0.4084,0,0.04838131644964759,0.041300192,0.4084,0.1183,Maintain,Mantenimiento - comunicacion periodica,Low
9761-XUJWD,0.1576,Low,0.33,Low,0.1682,0,0.16557161629434955,0.006309752,0.1682,0.1183,Maintain,Mantenimiento - comunicacion periodica,Low
9643-YBLUR,0.1619,Low,0.0,Low,0.164,0,0.17070839804085533,0.0,0.164,0.1182,Maintain,Mantenimiento - comunicacion periodica,Low
9577-WJVCQ,0.0453,Low,5.01,Medium,0.3687,0,0.031417990682116835,0.09579351,0.3687,0.1182,Maintain,Mantenimiento - comunicacion periodica,Low
5707-ZMDJP,0.024,Low,13.78,Medium,0.1807,0,0.005973002030820692,0.26347992,0.1807,0.1182,Maintain,Mantenimiento - comunicacion periodica,Low
5966-EMAZU,0.1344,Low,0.02,Low,0.2459,0,0.13785688687134154,0.00038240917,0.2459,0.1182,Maintain,Mantenimiento - comunicacion periodica,Low
2569-WGERO,0.0232,Low,3.9,Low,0.466,0,0.005017321705889379,0.07456979,0.466,0.1181,Maintain,Mantenimiento - comunicacion periodica,Low
6919-ELBGL,0.0325,Low,0.02,Low,0.5497,0,0.016127105483215866,0.00038240917,0.5497,0.1181,Maintain,Mantenimiento - comunicacion periodica,Low
6463-MVYRY,0.0328,Low,13.4,Medium,0.1652,0,0.01648548560506511,0.25621414,0.1652,0.1181,Maintain,Mantenimiento - comunicacion periodica,Low
0013-SMEOE,0.0333,Low,1.57,Low,0.5025,0,0.01708278580814718,0.030019121,0.5025,0.118,Maintain,Mantenimiento - comunicacion periodica,Low
6386-SZZKH,0.104,Low,2.33,Low,0.2691,0,0.10154103452395173,0.04455067,0.2691,0.118,Maintain,Mantenimiento - comunicacion periodica,Low
2065-MMKGR,0.1768,Low,2.14,Low,0.0569,0,0.18850794409270102,0.040917784,0.0569,0.1179,Maintain,Mantenimiento - comunicacion periodica,Low
0572-ZJKLT,0.0555,Low,11.23,Medium,0.1585,0,0.04360291482499105,0.21472275,0.1585,0.1179,Maintain,Mantenimiento - comunicacion periodica,Low
2211-RMNHO,0.0319,Low,0.0,Low,0.551,0,0.01541034523951738,0.0,0.551,0.1179,Maintain,Mantenimiento - comunicacion periodica,Low
7138-GIRSH,0.0316,Low,13.72,Medium,0.158,0,0.015051965117668145,0.2623327,0.158,0.1178,Maintain,Mantenimiento - comunicacion periodica,Low
3351-NQLDI,0.0716,Low,10.36,Medium,0.135,0,0.06283598136423366,0.19808795,0.135,0.1178,Maintain,Mantenimiento - comunicacion periodica,Low
2419-FSORS,0.0852,Low,2.31,Low,0.3248,0,0.07908254688806594,0.04416826,0.3248,0.1178,Maintain,Mantenimiento - comunicacion periodica,Low
3327-YBAKM,0.0701,Low,7.08,Medium,0.2328,0,0.06104408075498745,0.13537285,0.2328,0.1177,Maintain,Mantenimiento - comunicacion periodica,Low
6408-OTUBZ,0.0986,Low,1.31,Low,0.3133,0,0.09509019233066539,0.0250478,0.3133,0.1177,Maintain,Mantenimiento - comunicacion periodica,Low
2188-SXWVT,0.041,Low,16.46,Medium,0.0508,0,0.026281208935611044,0.31472275,0.0508,0.1177,Maintain,Mantenimiento - comunicacion periodica,Low
9053-JZFKV,0.0421,Low,0.02,Low,0.5186,0,0.02759526938239159,0.00038240917,0.5186,0.1176,Maintain,Mantenimiento - comunicacion periodica,Low
9798-DRYDS,0.1041,Low,10.46,Medium,0.034,0,0.10166049456456815,0.2,0.034,0.1176,Maintain,Mantenimiento - comunicacion periodica,Low
3836-FZSDJ,0.0219,Low,0.38,Low,0.5678,0,0.0034643411778760005,0.0072657745,0.5678,0.1175,Maintain,Mantenimiento - comunicacion periodica,Low
8847-GEOOQ,0.0709,Low,1.94,Low,0.3768,0,0.06199976107991877,0.03709369,0.3768,0.1175,Maintain,Mantenimiento - comunicacion periodica,Low
3740-RLMVT,0.0292,Low,11.32,Medium,0.2325,0,0.01218492414287421,0.2164436,0.2325,0.1175,Maintain,Mantenimiento - comunicacion periodica,Low
4472-VESGY,0.1411,Low,0.49,Low,0.2077,0,0.14586070959264127,0.009369025,0.2077,0.1173,Maintain,Mantenimiento - comunicacion periodica,Low
7670-ZBPOQ,0.0393,Low,10.72,Medium,0.2182,0,0.024250388245132006,0.20497133,0.2182,0.1173,Maintain,Mantenimiento - comunicacion periodica,Low
2200-DSAAL,0.0779,Low,2.86,Low,0.3282,0,0.07036196392306773,0.054684512,0.3282,0.1172,Maintain,Mantenimiento - comunicacion periodica,Low
2121-JAFOM,0.0259,Low,0.03,Low,0.5639,0,0.008242742802532553,0.00057361374,0.5639,0.1171,Maintain,Mantenimiento - comunicacion periodica,Low
1661-CZBAU,0.0615,Low,1.4,Low,0.4185,0,0.050770517261975866,0.026768642,0.4185,0.1171,Maintain,Mantenimiento - comunicacion periodica,Low
2284-VFLKH,0.1026,Low,6.43,Medium,0.1508,0,0.09986859395532194,0.12294455,0.1508,0.117,Maintain,Mantenimiento - comunicacion periodica,Low
0725-CXOTM,0.0955,Low,0.04,Low,0.3554,0,0.09138693107155657,0.00076481834,0.3554,0.117,Maintain,Mantenimiento - comunicacion periodica,Low
8201-AAXCB,0.0977,Low,1.31,Low,0.3122,0,0.09401505196511767,0.0250478,0.3122,0.117,Maintain,Mantenimiento - comunicacion periodica,Low
4837-QUSFT,0.0685,Low,5.29,Medium,0.2849,0,0.05913272010512484,0.10114723,0.2849,0.1169,Maintain,Mantenimiento - comunicacion periodica,Low
4011-ARPHK,0.0747,Low,8.09,Medium,0.1856,0,0.0665392426233425,0.15468451,0.1856,0.1168,Maintain,Mantenimiento - comunicacion periodica,Low
9513-DXHDA,0.1442,Low,0.0,Low,0.2098,0,0.1495639708517501,0.0,0.2098,0.1167,Maintain,Mantenimiento - comunicacion periodica,Low
0365-TRTPY,0.1466,Low,4.47,Low,0.0735,0,0.15243101182654406,0.08546845,0.0735,0.1166,Maintain,Mantenimiento - comunicacion periodica,Low
8999-XXGNS,0.1271,Low,0.16,Low,0.2549,0,0.1291363039063433,0.0030592734,0.2549,0.1165,Maintain,Mantenimiento - comunicacion periodica,Low
2664-XJZNO,0.0546,Low,6.18,Medium,0.2989,0,0.04252777445944333,0.118164435,0.2989,0.1165,Maintain,Mantenimiento - comunicacion periodica,Low
4670-TABXH,0.069,Low,1.3,Low,0.3959,0,0.05973002030820691,0.024856595,0.3959,0.1165,Maintain,Mantenimiento - comunicacion periodica,Low
9548-LIGTA,0.0322,Low,2.23,Low,0.4789,0,0.015768725361366625,0.042638626,0.4789,0.1165,Maintain,Mantenimiento - comunicacion periodica,Low
3096-WPXBT,0.0836,Low,4.7,Low,0.2543,0,0.07717118623820332,0.089866154,0.2543,0.1164,Maintain,Mantenimiento - comunicacion periodica,Low
1436-ZMJAN,0.1699,Low,0.0,Low,0.1311,0,0.18026520129016846,0.0,0.1311,0.1164,Maintain,Mantenimiento - comunicacion periodica,Low
9298-WGMRW,0.0263,Low,0.02,Low,0.5598,0,0.008720582964998209,0.00038240917,0.5598,0.1164,Maintain,Mantenimiento - comunicacion periodica,Low
7049-GKVZY,0.1175,Low,0.29,Low,0.2784,0,0.11766814000716759,0.005544933,0.2784,0.1162,Maintain,Mantenimiento - comunicacion periodica,Low
7501-IWUNG,0.0408,Low,9.15,Medium,0.2529,0,0.026042288854378214,0.1749522,0.2529,0.1161,Maintain,Mantenimiento - comunicacion periodica,Low
7103-ZGVNT,0.0542,Low,0.0,Low,0.4749,0,0.042049934296977655,0.0,0.4749,0.116,Maintain,Mantenimiento - comunicacion periodica,Low
0550-DCXLH,0.1532,Low,0.0,Low,0.1792,0,0.16031537450722735,0.0,0.1792,0.116,Maintain,Mantenimiento - comunicacion periodica,Low
3401-URHDA,0.0525,Low,11.76,Medium,0.142,0,0.04001911360649863,0.2248566,0.142,0.1159,Maintain,Mantenimiento - comunicacion periodica,Low
0556-FJEGU,0.029,Low,13.54,Medium,0.1614,0,0.011946004061641384,0.25889102,0.1614,0.1159,Maintain,Mantenimiento - comunicacion periodica,Low
7868-BGSZA,0.1147,Low,0.03,Low,0.2912,0,0.11432325886990802,0.00057361374,0.2912,0.1156,Maintain,Mantenimiento - comunicacion periodica,Low
4973-RLZVI,0.1066,Low,0.5,Low,0.3017,0,0.1046469955799785,0.009560229,0.3017,0.1155,Maintain,Mantenimiento - comunicacion periodica,Low
3552-CTCYF,0.0964,Low,6.46,Medium,0.1609,0,0.09246207143710429,0.12351817,0.1609,0.1155,Maintain,Mantenimiento - comunicacion periodica,Low
1265-XTECC,0.0656,Low,9.24,Medium,0.1735,0,0.055668378927248845,0.17667304,0.1735,0.1155,Maintain,Mantenimiento - comunicacion periodica,Low
1452-XRSJV,0.0458,Low,7.98,Medium,0.2685,0,0.0320152908851989,0.15258126,0.2685,0.1155,Maintain,Mantenimiento - comunicacion periodica,Low
6374-NTQLP,0.0495,Low,6.85,Medium,0.2901,0,0.036435312388006215,0.13097514,0.2901,0.1155,Maintain,Mantenimiento - comunicacion periodica,Low
1402-PTHGN,0.0812,Low,10.58,Medium,0.0883,0,0.07430414526340938,0.20229445,0.0883,0.1155,Maintain,Mantenimiento - comunicacion periodica,Low
4283-IVYCI,0.1451,Low,0.0,Low,0.2004,0,0.15063911121729784,0.0,0.2004,0.1154,Maintain,Mantenimiento - comunicacion periodica,Low
2075-PUEPR,0.0315,Low,5.3,Medium,0.3865,0,0.014932505077051728,0.10133844,0.3865,0.1152,Maintain,Mantenimiento - comunicacion periodica,Low
4918-FYJNT,0.122,Low,5.46,Medium,0.112,0,0.12304384183490623,0.10439771,0.112,0.1152,Maintain,Mantenimiento - comunicacion periodica,Low
3205-MXZRA,0.0639,Low,12.38,Medium,0.0869,0,0.0536375582367698,0.2367113,0.0869,0.1152,Maintain,Mantenimiento - comunicacion periodica,Low
5740-YHGTW,0.0843,Low,0.35,Low,0.3703,0,0.07800740652251822,0.0066921604,0.3703,0.1151,Maintain,Mantenimiento - comunicacion periodica,Low
1621-YNCJH,0.0651,Low,5.16,Medium,0.29,0,0.05507107872416677,0.098661564,0.29,0.1151,Maintain,Mantenimiento - comunicacion periodica,Low
6616-AALSR,0.0837,Low,6.95,Medium,0.1831,0,0.07729064627881974,0.13288718,0.1831,0.1151,Maintain,Mantenimiento - comunicacion periodica,Low
1642-HMARX,0.0282,Low,0.0,Low,0.5473,0,0.010990323736710071,0.0,0.5473,0.115,Maintain,Mantenimiento - comunicacion periodica,Low
3970-XGJDU,0.0266,Low,5.34,Medium,0.3989,0,0.009078963086847448,0.102103256,0.3989,0.115,Maintain,Mantenimiento - comunicacion periodica,Low
9068-VPWQQ,0.0383,Low,7.99,Medium,0.2878,0,0.02305578783896787,0.15277247,0.2878,0.1149,Maintain,Mantenimiento - comunicacion periodica,Low
1202-KKGFU,0.1166,Low,5.14,Medium,0.1356,0,0.11659299964161987,0.098279156,0.1356,0.1149,Maintain,Mantenimiento - comunicacion periodica,Low
0835-JKADZ,0.0684,Low,0.38,Low,0.4159,0,0.059013260064508424,0.0072657745,0.4159,0.1149,Maintain,Mantenimiento - comunicacion periodica,Low
5568-DMXZS,0.1488,Low,0.23,Low,0.1801,0,0.15505913272010513,0.0043977057,0.1801,0.1149,Maintain,Mantenimiento - comunicacion periodica,Low
3898-BSJYF,0.1184,Low,0.22,Low,0.271,0,0.11874328037271534,0.004206501,0.271,0.1148,Maintain,Mantenimiento - comunicacion periodica,Low
9625-QNLUX,0.049,Low,7.54,Medium,0.2684,0,0.03583801218492415,0.14416826,0.2684,0.1148,Maintain,Mantenimiento - comunicacion periodica,Low
5756-JYOJT,0.1074,Low,7.02,Medium,0.1081,0,0.1056026759049098,0.13422562,0.1081,0.1147,Maintain,Mantenimiento - comunicacion periodica,Low
4926-UMJZD,0.0736,Low,9.14,Medium,0.1481,0,0.06522518217656194,0.174761,0.1481,0.1147,Maintain,Mantenimiento - comunicacion periodica,Low
8065-BVEPF,0.1422,Low,0.77,Low,0.1825,0,0.1471747700394218,0.014722753,0.1825,0.1145,Maintain,Mantenimiento - comunicacion periodica,Low
8869-LIHMK,0.0478,Low,0.0,Low,0.4865,0,0.034404491697527184,0.0,0.4865,0.1145,Maintain,Mantenimiento - comunicacion periodica,Low
5863-OOKCL,0.0716,Low,1.54,Low,0.3706,0,0.06283598136423366,0.029445507,0.3706,0.1144,Maintain,Mantenimiento - comunicacion periodica,Low
3655-SNQYZ,0.0341,Low,0.01,Low,0.5268,0,0.018038466133078485,0.00019120458,0.5268,0.1144,Maintain,Mantenimiento - comunicacion periodica,Low
9776-OJUZI,0.1604,Low,0.57,Low,0.133,0,0.16891649743160914,0.010898662,0.133,0.1143,Maintain,Mantenimiento - comunicacion periodica,Low
3729-OWRVL,0.0912,Low,0.84,Low,0.3314,0,0.08625014932505078,0.016061185,0.3314,0.1142,Maintain,Mantenimiento - comunicacion periodica,Low
5183-KLYEM,0.0296,Low,0.0,Low,0.5395,0,0.012662764305339866,0.0,0.5395,0.1142,Maintain,Mantenimiento - comunicacion periodica,Low
2560-WBWXF,0.0241,Low,0.76,Low,0.5341,0,0.006092462071437105,0.014531549,0.5341,0.1142,Maintain,Mantenimiento - comunicacion periodica,Low
5195-KPUNQ,0.0695,Low,9.07,Medium,0.1599,0,0.06032732051128898,0.17342256,0.1599,0.1142,Maintain,Mantenimiento - comunicacion periodica,Low
8065-QBYTO,0.0648,Low,5.77,Medium,0.2685,0,0.05471269860231752,0.110325046,0.2685,0.1142,Maintain,Mantenimiento - comunicacion periodica,Low
2521-NPUZR,0.0266,Low,9.5,Medium,0.2758,0,0.009078963086847448,0.18164437,0.2758,0.1142,Maintain,Mantenimiento - comunicacion periodica,Low
8410-BGQXN,0.0741,Low,1.03,Low,0.3762,0,0.06582248237964401,0.019694073,0.3762,0.1141,Maintain,Mantenimiento - comunicacion periodica,Low
6092-QZVPP,0.1338,Low,0.0,Low,0.2274,0,0.13714012662764305,0.0,0.2274,0.1141,Maintain,Mantenimiento - comunicacion periodica,Low
2123-VSCOT,0.0397,Low,12.06,Medium,0.1624,0,0.02472822840759766,0.23059274,0.1624,0.114,Maintain,Mantenimiento - comunicacion periodica,Low
6097-EQISJ,0.0863,Low,2.06,Low,0.31,0,0.08039660733484649,0.039388146,0.31,0.114,Maintain,Mantenimiento - comunicacion periodica,Low
6368-TZZDT,0.0329,Low,5.1,Medium,0.3818,0,0.016604945645681518,0.09751434,0.3818,0.1139,Maintain,Mantenimiento - comunicacion periodica,Low
8631-NBHFZ,0.0786,Low,3.85,Low,0.2812,0,0.07119818420738264,0.07361376,0.2812,0.1139,Maintain,Mantenimiento - comunicacion periodica,Low
5879-HMFFH,0.021,Low,0.0,Low,0.5629,0,0.0023892008123282786,0.0,0.5629,0.1138,Maintain,Mantenimiento - comunicacion periodica,Low
4827-LTQRJ,0.1047,Low,0.0,Low,0.3133,0,0.10237725480826664,0.0,0.3133,0.1138,Maintain,Mantenimiento - comunicacion periodica,Low
2927-CVULT,0.0601,Low,6.69,Medium,0.2541,0,0.04909807669334607,0.12791587,0.2541,0.1137,Maintain,Mantenimiento - comunicacion periodica,Low
3812-LRZIR,0.0274,Low,0.23,Low,0.5369,0,0.010034643411778761,0.0043977057,0.5369,0.1137,Maintain,Mantenimiento - comunicacion periodica,Low
8480-PPONV,0.0371,Low,0.0,Low,0.5132,0,0.0216222673515709,0.0,0.5132,0.1135,Maintain,Mantenimiento - comunicacion periodica,Low
6439-LAJXL,0.1215,Low,0.08,Low,0.2589,0,0.12244654163182415,0.0015296367,0.2589,0.1135,Maintain,Mantenimiento - comunicacion periodica,Low
7803-XOCCZ,0.0598,Low,11.42,Medium,0.1179,0,0.04873969657149684,0.21835564,0.1179,0.1135,Maintain,Mantenimiento - comunicacion periodica,Low
2087-QAREY,0.1553,Low,3.63,Low,0.0553,0,0.16282403536017204,0.06940727,0.0553,0.1133,Maintain,Mantenimiento - comunicacion periodica,Low
3850-OKINF,0.0573,Low,5.94,Medium,0.2817,0,0.04575319555608649,0.113575526,0.2817,0.1133,Maintain,Mantenimiento - comunicacion periodica,Low
4304-TSPVK,0.0322,Low,0.02,Low,0.5266,0,0.015768725361366625,0.00038240917,0.5266,0.1133,Maintain,Mantenimiento - comunicacion periodica,Low
5982-PSMKW,0.0433,Low,0.21,Low,0.4868,0,0.029028789869788556,0.004015296,0.4868,0.1131,Maintain,Mantenimiento - comunicacion periodica,Low
6425-YQLLO,0.1429,Low,0.18,Low,0.1904,0,0.1480109903237367,0.0034416828,0.1904,0.1131,Maintain,Mantenimiento - comunicacion periodica,Low
0689-DSXGL,0.0746,Low,10.24,Medium,0.1059,0,0.06641978258272607,0.1957935,0.1059,0.1131,Maintain,Mantenimiento - comunicacion periodica,Low
7718-UPSKJ,0.1062,Low,0.33,Low,0.2957,0,0.10416915541751284,0.006309752,0.2957,0.1131,Maintain,Mantenimiento - comunicacion periodica,Low
4324-AHJKS,0.1354,Low,2.71,Low,0.1396,0,0.13905148727750566,0.051816445,0.1396,0.113,Maintain,Mantenimiento - comunicacion periodica,Low
4747-LCAQL,0.0937,Low,0.0,Low,0.3419,0,0.08923665034046112,0.0,0.3419,0.113,Maintain,Mantenimiento - comunicacion periodica,Low
2038-YSEZE,0.0695,Low,0.47,Low,0.4008,0,0.06032732051128898,0.008986616,0.4008,0.113,Maintain,Mantenimiento - comunicacion periodica,Low
2061-VVFST,0.0789,Low,1.24,Low,0.3505,0,0.07155656432923187,0.02370937,0.3505,0.113,Maintain,Mantenimiento - comunicacion periodica,Low
4404-HIBDJ,0.1217,Low,0.53,Low,0.2424,0,0.12268546171305698,0.010133843,0.2424,0.1129,Maintain,Mantenimiento - comunicacion periodica,Low
0871-OPBXW,0.1428,Low,0.4,Low,0.183,0,0.14789153028312033,0.007648184,0.183,0.1128,Maintain,Mantenimiento - comunicacion periodica,Low
2378-YIZKA,0.0282,Low,0.16,Low,0.532,0,0.010990323736710071,0.0030592734,0.532,0.1128,Maintain,Mantenimiento - comunicacion periodica,Low
2651-ZCBXV,0.096,Low,2.46,Low,0.2636,0,0.09198423127463863,0.04703633,0.2636,0.1128,Maintain,Mantenimiento - comunicacion periodica,Low
2937-FTHUR,0.1976,Low,0.0,Low,0.0301,0,0.21335563254091508,0.0,0.0301,0.1127,Maintain,Mantenimiento - comunicacion periodica,Low
5161-UBZXI,0.0677,Low,5.06,Medium,0.2728,0,0.05817703978019352,0.09674952,0.2728,0.1127,Maintain,Mantenimiento - comunicacion periodica,Low
9518-IMLHK,0.0829,Low,0.0,Low,0.3726,0,0.07633496595388843,0.0,0.3726,0.1127,Maintain,Mantenimiento - comunicacion periodica,Low
8849-PRIQJ,0.1187,Low,0.06,Low,0.2641,0,0.11910166049456457,0.0011472275,0.2641,0.1127,Maintain,Mantenimiento - comunicacion periodica,Low
6507-DTJZV,0.1818,Low,0.32,Low,0.0676,0,0.19448094612352168,0.0061185467,0.0676,0.1126,Maintain,Mantenimiento - comunicacion periodica,Low
3039-MJSLN,0.0504,Low,0.3,Low,0.4607,0,0.037510452753553934,0.005736138,0.4607,0.1126,Maintain,Mantenimiento - comunicacion periodica,Low
3170-GWYKC,0.1306,Low,0.13,Low,0.2262,0,0.1333174053279178,0.0024856597,0.2262,0.1126,Maintain,Mantenimiento - comunicacion periodica,Low
0907-HQNTS,0.0338,Low,0.04,Low,0.5174,0,0.01768008601122924,0.00076481834,0.5174,0.1125,Maintain,Mantenimiento - comunicacion periodica,Low
8148-WOCMK,0.0315,Low,5.02,Medium,0.381,0,0.014932505077051728,0.095984705,0.381,0.1125,Maintain,Mantenimiento - comunicacion periodica,Low
4522-AKYLR,0.1509,Low,3.66,Low,0.0636,0,0.15756779357304984,0.06998088,0.0636,0.1125,Maintain,Mantenimiento - comunicacion periodica,Low
0030-FNXPP,0.1271,Low,0.56,Low,0.2233,0,0.1291363039063433,0.010707458,0.2233,0.1124,Maintain,Mantenimiento - comunicacion periodica,Low
6384-VMJHP,0.0246,Low,9.19,Medium,0.2819,0,0.006689762274519175,0.17571701,0.2819,0.1124,Maintain,Mantenimiento - comunicacion periodica,Low
4393-OBCRR,0.0668,Low,0.26,Low,0.4117,0,0.0571018994146458,0.0049713193,0.4117,0.1124,Maintain,Mantenimiento - comunicacion periodica,Low
2239-CGBUZ,0.0412,Low,11.35,Medium,0.1704,0,0.02652012901684387,0.21701722,0.1704,0.1124,Maintain,Mantenimiento - comunicacion periodica,Low
7762-URZQH,0.0871,Low,5.41,Medium,0.203,0,0.0813522876597778,0.10344168,0.203,0.1123,Maintain,Mantenimiento - comunicacion periodica,Low
0816-TSPHQ,0.1162,Low,0.05,Low,0.2699,0,0.11611515947915423,0.000956023,0.2699,0.1123,Maintain,Mantenimiento - comunicacion periodica,Low
6048-NJXHX,0.0306,Low,4.97,Low,0.3836,0,0.013857364711504002,0.095028676,0.3836,0.1122,Maintain,Mantenimiento - comunicacion periodica,Low
5702-SKUOB,0.0832,Low,0.89,Low,0.3436,0,0.07669334607573766,0.017017208,0.3436,0.1122,Maintain,Mantenimiento - comunicacion periodica,Low
3521-SYVOR,0.165,Low,0.4,Low,0.1135,0,0.1744116592999642,0.007648184,0.1135,0.1122,Maintain,Mantenimiento - comunicacion periodica,Low
4671-VJLCL,0.0366,Low,3.69,Low,0.402,0,0.021024967148488834,0.070554495,0.402,0.1121,Maintain,Mantenimiento - comunicacion periodica,Low
9086-YJYXS,0.1216,Low,0.46,Low,0.2409,0,0.12256600167244057,0.008795411,0.2409,0.1121,Maintain,Mantenimiento - comunicacion periodica,Low
1172-VIYBP,0.0298,Low,13.84,Medium,0.1312,0,0.012901684386572692,0.26462716,0.1312,0.1121,Maintain,Mantenimiento - comunicacion periodica,Low
8680-CGLTP,0.0511,Low,12.92,Medium,0.0938,0,0.03834667303786884,0.24703634,0.0938,0.112,Maintain,Mantenimiento - comunicacion periodica,Low
6169-PGNCD,0.0291,Low,8.67,Medium,0.281,0,0.012065464102257797,0.16577438,0.281,0.112,Maintain,Mantenimiento - comunicacion periodica,Low
5318-YKDPV,0.0291,Low,3.54,Low,0.4276,0,0.012065464102257797,0.06768642,0.4276,0.1119,Maintain,Mantenimiento - comunicacion periodica,Low
0707-HOVVN,0.0559,Low,7.95,Medium,0.2212,0,0.0440807549874567,0.15200764,0.2212,0.1119,Maintain,Mantenimiento - comunicacion periodica,Low
3546-GHEAE,0.0405,Low,5.16,Medium,0.347,0,0.025683908732528973,0.098661564,0.347,0.1118,Maintain,Mantenimiento - comunicacion periodica,Low
6729-FZWSY,0.0286,Low,1.06,Low,0.4997,0,0.011468163899175727,0.020267686,0.4997,0.1118,Maintain,Mantenimiento - comunicacion periodica,Low
1325-USMEC,0.0413,Low,11.77,Medium,0.1546,0,0.026639589057460285,0.22504781,0.1546,0.1118,Maintain,Mantenimiento - comunicacion periodica,Low
0263-FJTQO,0.0347,Low,13.21,Medium,0.1332,0,0.01875522637677697,0.25258127,0.1332,0.1118,Maintain,Mantenimiento - comunicacion periodica,Low
1449-XQEMT,0.1289,Low,0.65,Low,0.2121,0,0.13128658463743875,0.012428298,0.2121,0.1118,Maintain,Mantenimiento - comunicacion periodica,Low
5716-EZXZN,0.0453,Low,12.47,Medium,0.1223,0,0.031417990682116835,0.23843212,0.1223,0.1117,Maintain,Mantenimiento - comunicacion periodica,Low
0862-PRCBS,0.0772,Low,6.99,Medium,0.1844,0,0.06952574363875284,0.133652,0.1844,0.1117,Maintain,Mantenimiento - comunicacion periodica,Low
4672-FOTSD,0.1559,Low,0.72,Low,0.129,0,0.16354079560387055,0.013766731,0.129,0.1117,Maintain,Mantenimiento - comunicacion periodica,Low
3957-HHLMR,0.0464,Low,6.82,Medium,0.281,0,0.032732051128897384,0.13040154,0.281,0.1117,Maintain,Mantenimiento - comunicacion periodica,Low
7766-CLTIC,0.1767,Low,0.42,Low,0.0749,0,0.1883884840520846,0.008030592,0.0749,0.1116,Maintain,Mantenimiento - comunicacion periodica,Low
5569-IDSEY,0.1231,Low,0.15,Low,0.2426,0,0.12435790228168678,0.002868069,0.2426,0.1116,Maintain,Mantenimiento - comunicacion periodica,Low
7017-VFHAY,0.0369,Low,0.0,Low,0.5044,0,0.021383347270338075,0.0,0.5044,0.1116,Maintain,Mantenimiento - comunicacion periodica,Low
6047-SUHPR,0.0519,Low,12.48,Medium,0.102,0,0.03930235336280014,0.23862332,0.102,0.1116,Maintain,Mantenimiento - comunicacion periodica,Low
8261-GWDBQ,0.0393,Low,0.0,Low,0.4965,0,0.024250388245132006,0.0,0.4965,0.1114,Maintain,Mantenimiento - comunicacion periodica,Low
7639-OPLNG,0.0235,Low,3.97,Low,0.4293,0,0.0053757018277386225,0.07590822,0.4293,0.1113,Maintain,Mantenimiento - comunicacion periodica,Low
4632-XJMEX,0.0265,Low,11.0,Medium,0.2184,0,0.008959503046231035,0.21032505,0.2184,0.1113,Maintain,Mantenimiento - comunicacion periodica,Low
4817-KEQSP,0.0233,Low,4.75,Low,0.4072,0,0.005136781746505796,0.09082218,0.4072,0.1113,Maintain,Mantenimiento - comunicacion periodica,Low
3605-JISKB,0.0408,Low,11.3,Medium,0.1667,0,0.026042288854378214,0.21606119,0.1667,0.1112,Maintain,Mantenimiento - comunicacion periodica,Low
4322-RCYMT,0.1028,Low,0.09,Low,0.3024,0,0.10010751403655478,0.0017208414,0.3024,0.1111,Maintain,Mantenimiento - comunicacion periodica,Low
6429-SHBCB,0.1558,Low,0.0,Low,0.147,0,0.1634213355632541,0.0,0.147,0.1111,Maintain,Mantenimiento - comunicacion periodica,Low
6723-WSNTY,0.1112,Low,0.0,Low,0.2801,0,0.11014215744833353,0.0,0.2801,0.1111,Maintain,Mantenimiento - comunicacion periodica,Low
2279-AXJJK,0.1331,Low,0.83,Low,0.1906,0,0.13630390634332815,0.01586998,0.1906,0.111,Maintain,Mantenimiento - comunicacion periodica,Low
2498-XLDZR,0.0283,Low,8.72,Medium,0.2767,0,0.011109783777326484,0.1667304,0.2767,0.1109,Maintain,Mantenimiento - comunicacion periodica,Low
2368-GAKKQ,0.0407,Low,0.0,Low,0.4897,0,0.0259228288137618,0.0,0.4897,0.1109,Maintain,Mantenimiento - comunicacion periodica,Low
4884-TVUQF,0.0627,Low,10.28,Medium,0.1291,0,0.05220403774937284,0.19655831,0.1291,0.1109,Maintain,Mantenimiento - comunicacion periodica,Low
7162-WPHPM,0.0237,Low,11.99,Medium,0.1968,0,0.005614621908971449,0.2292543,0.1968,0.1109,Maintain,Mantenimiento - comunicacion periodica,Low
6418-HNFED,0.0292,Low,0.19,Low,0.518,0,0.01218492414287421,0.0036328873,0.518,0.1108,Maintain,Mantenimiento - comunicacion periodica,Low
4986-MXSFP,0.1372,Low,0.4,Low,0.1889,0,0.14120176800860113,0.007648184,0.1889,0.1107,Maintain,Mantenimiento - comunicacion periodica,Low
0613-WUXUM,0.0295,Low,5.28,Medium,0.3707,0,0.01254330426472345,0.10095603,0.3707,0.1107,Maintain,Mantenimiento - comunicacion periodica,Low
9031-ZVQPT,0.0734,Low,2.25,Low,0.3265,0,0.06498626209532912,0.043021034,0.3265,0.1107,Maintain,Mantenimiento - comunicacion periodica,Low
2560-PPCHE,0.1205,Low,0.64,Low,0.232,0,0.12125194122566002,0.012237093,0.232,0.1107,Maintain,Mantenimiento - comunicacion periodica,Low
3629-WEAAM,0.1597,Low,0.0,Low,0.1335,0,0.16808027714729426,0.0,0.1335,0.1107,Maintain,Mantenimiento - comunicacion periodica,Low
3144-KMTWZ,0.1078,Low,2.65,Low,0.212,0,0.10608051606737548,0.05066922,0.212,0.1106,Maintain,Mantenimiento - comunicacion periodica,Low
8735-DCXNF,0.1438,Low,3.3,Low,0.0854,0,0.14908613068928445,0.063097514,0.0854,0.1106,Maintain,Mantenimiento - comunicacion periodica,Low
5753-QQWPW,0.0521,Low,12.34,Medium,0.1001,0,0.03954127344403298,0.23594648,0.1001,0.1106,Maintain,Mantenimiento - comunicacion periodica,Low
4116-IQRFR,0.0528,Low,0.24,Low,0.4448,0,0.04037749372834787,0.00458891,0.4448,0.1105,Maintain,Mantenimiento - comunicacion periodica,Low
8006-PYCSW,0.1387,Low,0.39,Low,0.1837,0,0.14299366861784732,0.007456979,0.1837,0.1105,Maintain,Mantenimiento - comunicacion periodica,Low
5020-ZSTTY,0.1114,Low,0.0,Low,0.275,0,0.11038107752956636,0.0,0.275,0.1102,Maintain,Mantenimiento - comunicacion periodica,Low
4625-XMOYM,0.0211,Low,0.33,Low,0.5348,0,0.0025086608529446917,0.006309752,0.5348,0.1101,Maintain,Mantenimiento - comunicacion periodica,Low
3766-EJLFL,0.0717,Low,2.07,Low,0.3337,0,0.06295544140485007,0.03957935,0.3337,0.1101,Maintain,Mantenimiento - comunicacion periodica,Low
5144-PQCDZ,0.0461,Low,0.49,Low,0.4557,0,0.032373671007048146,0.009369025,0.4557,0.1101,Maintain,Mantenimiento - comunicacion periodica,Low
7753-USQYQ,0.0518,Low,7.98,Medium,0.2234,0,0.03918289332218373,0.15258126,0.2234,0.11,Maintain,Mantenimiento - comunicacion periodica,Low
1465-WCZVT,0.1243,Low,0.77,Low,0.2132,0,0.12579142276908373,0.014722753,0.2132,0.11,Maintain,Mantenimiento - comunicacion periodica,Low
0639-TSIQW,0.1438,Low,0.38,Low,0.1658,0,0.14908613068928445,0.0072657745,0.1658,0.1099,Maintain,Mantenimiento - comunicacion periodica,Low
0289-IVARM,0.0577,Low,1.62,Low,0.3875,0,0.046231035718552145,0.030975144,0.3875,0.1099,Maintain,Mantenimiento - comunicacion periodica,Low
8670-ERCJH,0.0315,Low,0.02,Low,0.511,0,0.014932505077051728,0.00038240917,0.511,0.1098,Maintain,Mantenimiento - comunicacion periodica,Low
1543-LLLFT,0.0786,Low,6.74,Medium,0.1776,0,0.07119818420738264,0.12887189,0.1776,0.1098,Maintain,Mantenimiento - comunicacion periodica,Low
8166-ZZTFS,0.114,Low,3.25,Low,0.1712,0,0.11348703858559313,0.062141493,0.1712,0.1096,Maintain,Mantenimiento - comunicacion periodica,Low
3137-NYQQI,0.0675,Low,7.32,Medium,0.1927,0,0.057938119698960705,0.13996176,0.1927,0.1095,Maintain,Mantenimiento - comunicacion periodica,Low
8200-LGKSR,0.0317,Low,0.12,Low,0.5059,0,0.015171425158284554,0.002294455,0.5059,0.1095,Maintain,Mantenimiento - comunicacion periodica,Low
5206-HPJKM,0.1625,Low,3.26,Low,0.025,0,0.17142515828455385,0.062332697,0.025,0.1094,Maintain,Mantenimiento - comunicacion periodica,Low
5820-PTRYM,0.0364,Low,2.9,Low,0.4119,0,0.020786047067256008,0.055449333,0.4119,0.1094,Maintain,Mantenimiento - comunicacion periodica,Low
4774-HHGGS,0.0304,Low,5.46,Medium,0.3565,0,0.013618444630271176,0.10439771,0.3565,0.1094,Maintain,Mantenimiento - comunicacion periodica,Low
9500-WBGRP,0.0271,Low,5.42,Medium,0.3672,0,0.009676263289929519,0.10363289,0.3672,0.1094,Maintain,Mantenimiento - comunicacion periodica,Low
5038-ETMLM,0.0277,Low,0.01,Low,0.5201,0,0.010393023533628,0.00019120458,0.5201,0.1093,Maintain,Mantenimiento - comunicacion periodica,Low
3022-BEXHZ,0.0746,Low,0.37,Low,0.37,0,0.06641978258272607,0.00707457,0.37,0.1093,Maintain,Mantenimiento - comunicacion periodica,Low
9818-XQCUV,0.1022,Low,0.08,Low,0.2952,0,0.09939075379285629,0.0015296367,0.2952,0.1092,Maintain,Mantenimiento - comunicacion periodica,Low
6050-IJRHS,0.1198,Low,0.06,Low,0.2433,0,0.12041572094134513,0.0011472275,0.2433,0.1092,Maintain,Mantenimiento - comunicacion periodica,Low
5696-CEIQJ,0.0519,Low,7.49,Medium,0.2325,0,0.03930235336280014,0.14321223,0.2325,0.1091,Maintain,Mantenimiento - comunicacion periodica,Low
7157-SMCFK,0.0262,Low,4.88,Low,0.3833,0,0.008601122924381796,0.093307845,0.3833,0.109,Maintain,Mantenimiento - comunicacion periodica,Low
2257-BOVXD,0.1659,Low,0.0,Low,0.1065,0,0.1754867996655119,0.0,0.1065,0.109,Maintain,Mantenimiento - comunicacion periodica,Low
9950-MTGYX,0.0227,Low,4.28,Low,0.4105,0,0.004420021502807314,0.08183557,0.4105,0.1089,Maintain,Mantenimiento - comunicacion periodica,Low
4541-RMRLG,0.0599,Low,1.25,Low,0.3865,0,0.04885915661211326,0.023900574,0.3865,0.1089,Maintain,Mantenimiento - comunicacion periodica,Low
3229-USWAR,0.1237,Low,0.35,Low,0.2218,0,0.12507466252538527,0.0066921604,0.2218,0.1089,Maintain,Mantenimiento - comunicacion periodica,Low
3280-MRDOF,0.0443,Low,14.32,Medium,0.0578,0,0.030223390275952694,0.27380496,0.0578,0.1088,Maintain,Mantenimiento - comunicacion periodica,Low
5322-TEUJK,0.029,Low,0.01,Low,0.5134,0,0.011946004061641384,0.00019120458,0.5134,0.1087,Maintain,Mantenimiento - comunicacion periodica,Low
4636-OLWOE,0.0466,Low,11.26,Medium,0.138,0,0.032970971210130214,0.21529637,0.138,0.1087,Maintain,Mantenimiento - comunicacion periodica,Low
1676-MQAOA,0.0257,Low,7.76,Medium,0.3004,0,0.008003822721299727,0.14837477,0.3004,0.1086,Maintain,Mantenimiento - comunicacion periodica,Low
2256-YLYLP,0.0516,Low,9.66,Medium,0.1682,0,0.03894397324095091,0.18470363,0.1682,0.1085,Maintain,Mantenimiento - comunicacion periodica,Low
7446-KQISO,0.0905,Low,1.38,Low,0.2892,0,0.08541392904073587,0.026386233,0.2892,0.1085,Maintain,Mantenimiento - comunicacion periodica,Low
5619-PTMIK,0.0723,Low,5.54,Medium,0.2242,0,0.06367220164854856,0.10592734,0.2242,0.1085,Maintain,Mantenimiento - comunicacion periodica,Low
3744-ZBHON,0.1075,Low,0.3,Low,0.269,0,0.10572213594552622,0.005736138,0.269,0.1084,Maintain,Mantenimiento - comunicacion periodica,Low
3978-YNKDD,0.0234,Low,3.81,Low,0.4194,0,0.0052562417871222095,0.072848946,0.4194,0.1084,Maintain,Mantenimiento - comunicacion periodica,Low
2408-PSJVE,0.0595,Low,0.63,Low,0.4027,0,0.04838131644964759,0.012045889,0.4027,0.1083,Maintain,Mantenimiento - comunicacion periodica,Low
0868-VJRDR,0.0543,Low,6.83,Medium,0.2395,0,0.04216939433759408,0.13059273,0.2395,0.1082,Maintain,Mantenimiento - comunicacion periodica,Low
2863-IMQDR,0.0324,Low,0.0,Low,0.5009,0,0.01600764544259945,0.0,0.5009,0.1082,Maintain,Mantenimiento - comunicacion periodica,Low
7707-PYBBH,0.066,Low,0.87,Low,0.3754,0,0.0561462190897145,0.0166348,0.3754,0.1081,Maintain,Mantenimiento - comunicacion periodica,Low
0440-UEDAI,0.0651,Low,10.01,Medium,0.1157,0,0.05507107872416677,0.1913958,0.1157,0.1081,Maintain,Mantenimiento - comunicacion periodica,Low
0822-QGCXA,0.116,Low,0.0,Low,0.2509,0,0.11587623939792141,0.0,0.2509,0.1081,Maintain,Mantenimiento - comunicacion periodica,Low
6993-YGFJV,0.0436,Low,0.0,Low,0.4663,0,0.0293871699916378,0.0,0.4663,0.108,Maintain,Mantenimiento - comunicacion periodica,Low
0378-XSZPU,0.0257,Low,11.32,Medium,0.1951,0,0.008003822721299727,0.2164436,0.1951,0.108,Maintain,Mantenimiento - comunicacion periodica,Low
7382-DFJTU,0.1181,Low,3.29,Low,0.1496,0,0.11838490025086608,0.06290631,0.1496,0.108,Maintain,Mantenimiento - comunicacion periodica,Low
1577-HKTFG,0.0942,Low,0.86,Low,0.2907,0,0.08983395054354319,0.016443595,0.2907,0.108,Maintain,Mantenimiento - comunicacion periodica,Low
5424-RLQLC,0.1497,Low,0.32,Low,0.1401,0,0.15613427308565286,0.0061185467,0.1401,0.1079,Maintain,Mantenimiento - comunicacion periodica,Low
2371-KFUOG,0.0991,Low,6.41,Medium,0.1165,0,0.09568749253374746,0.12256214,0.1165,0.1079,Maintain,Mantenimiento - comunicacion periodica,Low
4489-SNOJF,0.1554,Low,0.0,Low,0.1318,0,0.16294349540078848,0.0,0.1318,0.1078,Maintain,Mantenimiento - comunicacion periodica,Low
4815-YOSUK,0.0934,Low,0.96,Low,0.2888,0,0.08887827021861187,0.01835564,0.2888,0.1077,Maintain,Mantenimiento - comunicacion periodica,Low
1309-XGFSN,0.1162,Low,0.0,Low,0.2484,0,0.11611515947915423,0.0,0.2484,0.1077,Maintain,Mantenimiento - comunicacion periodica,Low
1183-CANVH,0.066,Low,11.51,Medium,0.068,0,0.0561462190897145,0.22007649,0.068,0.1077,Maintain,Mantenimiento - comunicacion periodica,Low
5985-BEHZK,0.1086,Low,0.54,Low,0.255,0,0.10703619639230678,0.010325048,0.255,0.1076,Maintain,Mantenimiento - comunicacion periodica,Low
4925-LMHOK,0.1473,Low,0.01,Low,0.1546,0,0.15326723211085894,0.00019120458,0.1546,0.1076,Maintain,Mantenimiento - comunicacion periodica,Low
5529-GIBVH,0.0246,Low,4.42,Low,0.3945,0,0.006689762274519175,0.08451243,0.3945,0.1076,Maintain,Mantenimiento - comunicacion periodica,Low
5240-CAOYT,0.0617,Low,7.71,Medium,0.1879,0,0.0510094373432087,0.14741874,0.1879,0.1073,Maintain,Mantenimiento - comunicacion periodica,Low
4396-KLSEH,0.065,Low,0.58,Low,0.3821,0,0.054951618683550356,0.011089866,0.3821,0.1072,Maintain,Mantenimiento - comunicacion periodica,Low
5832-TRLPB,0.1473,Low,0.1,Low,0.149,0,0.15326723211085894,0.001912046,0.149,0.107,Maintain,Mantenimiento - comunicacion periodica,Low
9114-AAFQH,0.08,Low,7.25,Medium,0.1443,0,0.07287062477601243,0.13862333,0.1443,0.1069,Maintain,Mantenimiento - comunicacion periodica,Low
5827-MWCZK,0.1557,Low,0.33,Low,0.1169,0,0.1633018755226377,0.006309752,0.1169,0.1069,Maintain,Mantenimiento - comunicacion periodica,Low
5377-NDTOU,0.0295,Low,0.0,Low,0.5028,0,0.01254330426472345,0.0,0.5028,0.1068,Maintain,Mantenimiento - comunicacion periodica,Low
3714-XPXBW,0.1117,Low,0.0,Low,0.2573,0,0.1107394576514156,0.0,0.2573,0.1068,Maintain,Mantenimiento - comunicacion periodica,Low
2805-EDJPQ,0.0989,Low,5.83,Medium,0.1283,0,0.09544857245251463,0.11147228,0.1283,0.1068,Maintain,Mantenimiento - comunicacion periodica,Low
9239-GZHZE,0.0269,Low,0.03,Low,0.5092,0,0.009437343208696693,0.00057361374,0.5092,0.1067,Maintain,Mantenimiento - comunicacion periodica,Low
9659-ZTWSM,0.1191,Low,0.0,Low,0.2347,0,0.11957950065703023,0.0,0.2347,0.1067,Maintain,Mantenimiento - comunicacion periodica,Low
3794-NFNCH,0.0656,Low,8.44,Medium,0.1518,0,0.055668378927248845,0.16137667,0.1518,0.1066,Maintain,Mantenimiento - comunicacion periodica,Low
4710-NKCAW,0.1449,Low,0.0,Low,0.1566,0,0.150400191136065,0.0,0.1566,0.1065,Maintain,Mantenimiento - comunicacion periodica,Low
3508-CFVZL,0.0311,Low,0.0,Low,0.4964,0,0.01445466491458607,0.0,0.4964,0.1065,Maintain,Mantenimiento - comunicacion periodica,Low
7919-ZODZZ,0.1101,Low,6.45,Medium,0.075,0,0.10882809700155299,0.12332696,0.075,0.1064,Maintain,Mantenimiento - comunicacion periodica,Low
4508-OEBEY,0.0886,Low,0.56,Low,0.3083,0,0.083144188269024,0.010707458,0.3083,0.1064,Maintain,Mantenimiento - comunicacion periodica,Low
9586-JGQKH,0.0698,Low,5.86,Medium,0.2123,0,0.06068570063313822,0.11204589,0.2123,0.1064,Maintain,Mantenimiento - comunicacion periodica,Low
7868-TMWMZ,0.0408,Low,1.17,Low,0.4333,0,0.026042288854378214,0.022370936,0.4333,0.1064,Maintain,Mantenimiento - comunicacion periodica,Low
0378-CJKPV,0.0316,Low,0.0,Low,0.4933,0,0.015051965117668145,0.0,0.4933,0.1062,Maintain,Mantenimiento - comunicacion periodica,Low
6139-ZZRBQ,0.0247,Low,4.63,Low,0.3812,0,0.006809222315135588,0.08852773,0.3812,0.1062,Maintain,Mantenimiento - comunicacion periodica,Low
2193-SFWQW,0.0289,Low,1.43,Low,0.4604,0,0.011826544021024966,0.027342256,0.4604,0.1062,Maintain,Mantenimiento - comunicacion periodica,Low
3347-YJZZE,0.0937,Low,0.0,Low,0.3072,0,0.08923665034046112,0.0,0.3072,0.1061,Maintain,Mantenimiento - comunicacion periodica,Low
0336-PIKEI,0.0309,Low,8.39,Medium,0.2538,0,0.014215744833353245,0.16042066,0.2538,0.106,Maintain,Mantenimiento - comunicacion periodica,Low
2150-WLKUW,0.0593,Low,7.99,Medium,0.1802,0,0.04814239636841477,0.15277247,0.1802,0.1059,Maintain,Mantenimiento - comunicacion periodica,Low
6582-PLFUU,0.0277,Low,5.14,Medium,0.3556,0,0.010393023533628,0.098279156,0.3556,0.1058,Maintain,Mantenimiento - comunicacion periodica,Low
2522-WLNSF,0.0633,Low,7.42,Medium,0.1833,0,0.05292079799307131,0.1418738,0.1833,0.1057,Maintain,Mantenimiento - comunicacion periodica,Low
3617-XLSGQ,0.0597,Low,1.97,Low,0.3498,0,0.04862023653088042,0.037667304,0.3498,0.1056,Maintain,Mantenimiento - comunicacion periodica,Low
2266-SJNAT,0.0914,Low,0.0,Low,0.3112,0,0.08648906940628359,0.0,0.3112,0.1055,Maintain,Mantenimiento - comunicacion periodica,Low
3096-YXENJ,0.0697,Low,2.38,Low,0.3077,0,0.060566240592521796,0.045506693,0.3077,0.1055,Maintain,Mantenimiento - comunicacion periodica,Low
6993-YCOBK,0.0998,Low,0.8,Low,0.2629,0,0.09652371281806237,0.015296368,0.2629,0.1054,Maintain,Mantenimiento - comunicacion periodica,Low
0374-FIUCA,0.0218,Low,4.33,Low,0.3944,0,0.0033448811372595874,0.08279159,0.3944,0.1054,Maintain,Mantenimiento - comunicacion periodica,Low
5844-QVTAT,0.0372,Low,13.1,Medium,0.097,0,0.021741727392187313,0.25047803,0.097,0.1054,Maintain,Mantenimiento - comunicacion periodica,Low
9778-OGKQZ,0.0218,Low,0.06,Low,0.5169,0,0.0033448811372595874,0.0011472275,0.5169,0.1054,Maintain,Mantenimiento - comunicacion periodica,Low
5668-MEISB,0.0402,Low,6.03,Medium,0.2895,0,0.02532552861067973,0.11529637,0.2895,0.1052,Maintain,Mantenimiento - comunicacion periodica,Low
3262-EIDHV,0.039,Low,0.0,Low,0.4664,0,0.023892008123282765,0.0,0.4664,0.1052,Maintain,Mantenimiento - comunicacion periodica,Low
2307-FYNNL,0.0898,Low,2.13,Low,0.253,0,0.08457770875642098,0.04072658,0.253,0.1051,Maintain,Mantenimiento - comunicacion periodica,Low
5997-OPVFA,0.0256,Low,0.0,Low,0.506,0,0.007884362680683314,0.0,0.506,0.1051,Maintain,Mantenimiento - comunicacion periodica,Low
4226-KKDON,0.1523,Low,0.0,Low,0.1273,0,0.15924023414167962,0.0,0.1273,0.1051,Maintain,Mantenimiento - comunicacion periodica,Low
0074-HDKDG,0.0428,Low,10.44,Medium,0.1541,0,0.028431489666706486,0.19961758,0.1541,0.1049,Maintain,Mantenimiento - comunicacion periodica,Low
6308-CQRBU,0.0784,Low,1.9,Low,0.2922,0,0.07095926412614981,0.03632887,0.2922,0.1048,Maintain,Mantenimiento - comunicacion periodica,Low
8213-TAZPM,0.1084,Low,0.0,Low,0.2569,0,0.10679727631107394,0.0,0.2569,0.1048,Maintain,Mantenimiento - comunicacion periodica,Low
5647-URDKA,0.0347,Low,4.93,Low,0.3359,0,0.01875522637677697,0.09426386,0.3359,0.1048,Maintain,Mantenimiento - comunicacion periodica,Low
5855-EIBDE,0.0535,Low,5.01,Medium,0.2775,0,0.04121371401266277,0.09579351,0.2775,0.1048,Maintain,Mantenimiento - comunicacion periodica,Low
3413-CSSTH,0.0843,Low,3.95,Low,0.2152,0,0.07800740652251822,0.07552581,0.2152,0.1047,Maintain,Mantenimiento - comunicacion periodica,Low
8970-ANWXO,0.1522,Low,0.6,Low,0.1086,0,0.1591207741010632,0.011472276,0.1086,0.1047,Maintain,Mantenimiento - comunicacion periodica,Low
8690-ZVLCL,0.021,Low,0.0,Low,0.5173,0,0.0023892008123282786,0.0,0.5173,0.1047,Maintain,Mantenimiento - comunicacion periodica,Low
8707-HOEDG,0.0846,Low,1.21,Low,0.2927,0,0.07836578664436746,0.023135757,0.2927,0.1047,Maintain,Mantenimiento - comunicacion periodica,Low
6837-BJYDQ,0.1039,Low,0.95,Low,0.2417,0,0.10142157448333533,0.018164435,0.2417,0.1045,Maintain,Mantenimiento - comunicacion periodica,Low
4324-BZCKL,0.1502,Low,3.18,Low,0.0392,0,0.15673157328873494,0.060803063,0.0392,0.1044,Maintain,Mantenimiento - comunicacion periodica,Low
3786-WOVKF,0.1034,Low,0.04,Low,0.2688,0,0.10082427428025327,0.00076481834,0.2688,0.1044,Maintain,Mantenimiento - comunicacion periodica,Low
3870-SPZSI,0.0383,Low,0.02,Low,0.4637,0,0.02305578783896787,0.00038240917,0.4637,0.1044,Maintain,Mantenimiento - comunicacion periodica,Low
7143-BQIBA,0.1541,Low,0.0,Low,0.1184,0,0.16139051487277506,0.0,0.1184,0.1044,Maintain,Mantenimiento - comunicacion periodica,Low
0068-FIGTF,0.1034,Low,0.0,Low,0.269,0,0.10082427428025327,0.0,0.269,0.1042,Maintain,Mantenimiento - comunicacion periodica,Low
5499-ECUTN,0.0632,Low,6.86,Medium,0.1915,0,0.05280133795245491,0.13116635,0.1915,0.1041,Maintain,Mantenimiento - comunicacion periodica,Low
6425-JWTDV,0.0236,Low,5.32,Medium,0.3542,0,0.005495161868355036,0.10172085,0.3542,0.1041,Maintain,Mantenimiento - comunicacion periodica,Low
7566-DSRLQ,0.0586,Low,1.03,Low,0.3729,0,0.047306176084099864,0.019694073,0.3729,0.1041,Maintain,Mantenimiento - comunicacion periodica,Low
5269-NRGDP,0.1531,Low,0.0,Low,0.12,0,0.16019591446661097,0.0,0.12,0.1041,Maintain,Mantenimiento - comunicacion periodica,Low
8819-ZBYNA,0.0745,Low,2.16,Low,0.2925,0,0.06630032254210966,0.041300192,0.2925,0.104,Maintain,Mantenimiento - comunicacion periodica,Low
0674-GCDXG,0.0452,Low,9.5,Medium,0.1695,0,0.03129853064150042,0.18164437,0.1695,0.104,Maintain,Mantenimiento - comunicacion periodica,Low
5149-QYTTU,0.0393,Low,10.32,Medium,0.1631,0,0.024250388245132006,0.19732313,0.1631,0.1039,Maintain,Mantenimiento - comunicacion periodica,Low
9958-MEKUC,0.032,Low,6.71,Medium,0.288,0,0.015529805280133797,0.12829828,0.288,0.1039,Maintain,Mantenimiento - comunicacion periodica,Low
4751-ERMAN,0.0447,Low,8.24,Medium,0.2066,0,0.030701230438418346,0.15755259,0.2066,0.1039,Maintain,Mantenimiento - comunicacion periodica,Low
0565-JUPYD,0.0938,Low,1.82,Low,0.244,0,0.08935611038107752,0.034799237,0.244,0.1039,Maintain,Mantenimiento - comunicacion periodica,Low
0022-TCJCI,0.0691,Low,8.23,Medium,0.1331,0,0.059849480348823314,0.15736137,0.1331,0.1038,Maintain,Mantenimiento - comunicacion periodica,Low
6682-QJDGB,0.086,Low,4.19,Low,0.1988,0,0.08003822721299725,0.08011472,0.1988,0.1038,Maintain,Mantenimiento - comunicacion periodica,Low
2294-DMMUS,0.1088,Low,0.0,Low,0.2502,0,0.1072751164735396,0.0,0.2502,0.1037,Maintain,Mantenimiento - comunicacion periodica,Low
9853-JFZDU,0.0487,Low,2.59,Low,0.3557,0,0.035479632063074903,0.049521986,0.3557,0.1037,Maintain,Mantenimiento - comunicacion periodica,Low
2342-CKIAO,0.1335,Low,0.14,Low,0.1723,0,0.13678174650579383,0.0026768644,0.1723,0.1037,Maintain,Mantenimiento - comunicacion periodica,Low
1134-YWTYF,0.0905,Low,5.35,Medium,0.1514,0,0.08541392904073587,0.10229445,0.1514,0.1037,Maintain,Mantenimiento - comunicacion periodica,Low
9481-SFCQY,0.1762,Low,0.28,Low,0.0406,0,0.18779118384900254,0.005353729,0.0406,0.1036,Maintain,Mantenimiento - comunicacion periodica,Low
6120-RJKLU,0.0474,Low,2.81,Low,0.3527,0,0.033926651535061525,0.053728487,0.3527,0.1036,Maintain,Mantenimiento - comunicacion periodica,Low
8017-UVSZU,0.0532,Low,1.94,Low,0.3604,0,0.04085533389081352,0.03709369,0.3604,0.1036,Maintain,Mantenimiento - comunicacion periodica,Low
4227-OJHAL,0.0501,Low,0.0,Low,0.4248,0,0.0371520726317047,0.0,0.4248,0.1035,Maintain,Mantenimiento - comunicacion periodica,Low
4353-HYOJD,0.0732,Low,9.06,Medium,0.096,0,0.06474734201409629,0.17323136,0.096,0.1035,Maintain,Mantenimiento - comunicacion periodica,Low
3084-DOWLE,0.0332,Low,0.0,Low,0.4745,0,0.016963325767530762,0.0,0.4745,0.1034,Maintain,Mantenimiento - comunicacion periodica,Low
3520-FJGCV,0.0286,Low,0.0,Low,0.4885,0,0.011468163899175727,0.0,0.4885,0.1034,Maintain,Mantenimiento - comunicacion periodica,Low
6475-VHUIZ,0.1268,Low,4.95,Low,0.0525,0,0.1287779237844941,0.09464627,0.0525,0.1033,Maintain,Mantenimiento - comunicacion periodica,Low
7319-ZNRTR,0.0305,Low,0.94,Low,0.4554,0,0.013737904670887589,0.017973231,0.4554,0.1033,Maintain,Mantenimiento - comunicacion periodica,Low
7602-MVRMB,0.0398,Low,0.71,Low,0.434,0,0.024847688448214077,0.013575526,0.434,0.1033,Maintain,Mantenimiento - comunicacion periodica,Low
3486-HOOGQ,0.0235,Low,3.75,Low,0.3952,0,0.0053757018277386225,0.07170172,0.3952,0.1032,Maintain,Mantenimiento - comunicacion periodica,Low
5376-PCKNB,0.0945,Low,1.23,Low,0.2548,0,0.09019233066539242,0.023518166,0.2548,0.1031,Maintain,Mantenimiento - comunicacion periodica,Low
4086-ATNFV,0.0508,Low,10.95,Medium,0.1061,0,0.037988292916019586,0.20936902,0.1061,0.103,Maintain,Mantenimiento - comunicacion periodica,Low
1090-ESELR,0.037,Low,5.96,Medium,0.2905,0,0.021502807310954487,0.113957934,0.2905,0.103,Maintain,Mantenimiento - comunicacion periodica,Low
6635-MYYYZ,0.0742,Low,0.0,Low,0.3499,0,0.06594194242026043,0.0,0.3499,0.103,Maintain,Mantenimiento - comunicacion periodica,Low
6518-PPLMZ,0.0313,Low,5.27,Medium,0.3266,0,0.014693584995818902,0.10076482,0.3266,0.1029,Maintain,Mantenimiento - comunicacion periodica,Low
8823-RLPWL,0.0372,Low,0.69,Low,0.4404,0,0.021741727392187313,0.0131931165,0.4404,0.1029,Maintain,Mantenimiento - comunicacion periodica,Low
2599-CIPQE,0.0354,Low,1.98,Low,0.4087,0,0.019591446661091867,0.03785851,0.4087,0.1029,Maintain,Mantenimiento - comunicacion periodica,Low
1383-EZRWL,0.0833,Low,0.42,Low,0.3092,0,0.07681280611635408,0.008030592,0.3092,0.1027,Maintain,Mantenimiento - comunicacion periodica,Low
4003-OCTMP,0.0548,Low,7.96,Medium,0.1785,0,0.042766694540676144,0.15219885,0.1785,0.1027,Maintain,Mantenimiento - comunicacion periodica,Low
2348-KCJLT,0.046,Low,11.15,Medium,0.1128,0,0.03225421096643173,0.21319312,0.1128,0.1026,Maintain,Mantenimiento - comunicacion periodica,Low
7762-ONLJY,0.0598,Low,0.87,Low,0.366,0,0.04873969657149684,0.0166348,0.366,0.1026,Maintain,Mantenimiento - comunicacion periodica,Low
0386-CWRGM,0.0332,Low,5.25,Medium,0.3198,0,0.016963325767530762,0.10038241,0.3198,0.1026,Maintain,Mantenimiento - comunicacion periodica,Low
3108-PCCGG,0.0435,Low,0.0,Low,0.4393,0,0.029267709951021383,0.0,0.4393,0.1025,Maintain,Mantenimiento - comunicacion periodica,Low
3902-MIVLE,0.0449,Low,7.27,Medium,0.226,0,0.030940150519651183,0.13900574,0.226,0.1024,Maintain,Mantenimiento - comunicacion periodica,Low
3352-RICWQ,0.0357,Low,4.97,Low,0.3193,0,0.01994982678294111,0.095028676,0.3193,0.1023,Maintain,Mantenimiento - comunicacion periodica,Low
4312-KFRXN,0.024,Low,0.0,Low,0.496,0,0.005973002030820692,0.0,0.496,0.1022,Maintain,Mantenimiento - comunicacion periodica,Low
4957-TIALW,0.0648,Low,6.27,Medium,0.1938,0,0.05471269860231752,0.11988528,0.1938,0.1021,Maintain,Mantenimiento - comunicacion periodica,Low
1167-OYZJF,0.025,Low,4.58,Low,0.3612,0,0.0071676024369848315,0.0875717,0.3612,0.1021,Maintain,Mantenimiento - comunicacion periodica,Low
9720-JJJOR,0.0413,Low,10.95,Medium,0.1293,0,0.026639589057460285,0.20936902,0.1293,0.102,Maintain,Mantenimiento - comunicacion periodica,Low
1043-UXOVO,0.0323,Low,0.02,Low,0.4695,0,0.01588818540198304,0.00038240917,0.4695,0.102,Maintain,Mantenimiento - comunicacion periodica,Low
8474-UMLNT,0.108,Low,0.0,Low,0.2441,0,0.1063194361486083,0.0,0.2441,0.102,Maintain,Mantenimiento - comunicacion periodica,Low
4378-MYPGO,0.0502,Low,5.86,Medium,0.2477,0,0.03727153267232111,0.11204589,0.2477,0.1018,Maintain,Mantenimiento - comunicacion periodica,Low
5387-ASZNZ,0.0388,Low,7.75,Medium,0.227,0,0.02365308804204994,0.14818355,0.227,0.1017,Maintain,Mantenimiento - comunicacion periodica,Low
9717-IOAAF,0.0266,Low,0.11,Low,0.4817,0,0.009078963086847448,0.0021032505,0.4817,0.1015,Maintain,Mantenimiento - comunicacion periodica,Low
8747-UDCOI,0.0262,Low,5.26,Medium,0.3353,0,0.008601122924381796,0.10057362,0.3353,0.1015,Maintain,Mantenimiento - comunicacion periodica,Low
6586-MYGKD,0.0556,Low,4.75,Low,0.2617,0,0.04372237486560745,0.09082218,0.2617,0.1014,Maintain,Mantenimiento - comunicacion periodica,Low
5825-XJOCM,0.0581,Low,7.87,Medium,0.1644,0,0.0467088758810178,0.150478,0.1644,0.1014,Maintain,Mantenimiento - comunicacion periodica,Low
4077-HWUYD,0.0207,Low,0.0,Low,0.5019,0,0.002030820690479035,0.0,0.5019,0.1014,Maintain,Mantenimiento - comunicacion periodica,Low
5494-WOZRZ,0.0243,Low,1.72,Low,0.4411,0,0.006331382152669931,0.03288719,0.4411,0.1013,Maintain,Mantenimiento - comunicacion periodica,Low
6297-NOOPG,0.0761,Low,0.94,Low,0.3089,0,0.06821168319197228,0.017973231,0.3089,0.1013,Maintain,Mantenimiento - comunicacion periodica,Low
0975-UYDTX,0.0718,Low,0.04,Low,0.3472,0,0.0630749014454665,0.00076481834,0.3472,0.1012,Maintain,Mantenimiento - comunicacion periodica,Low
2541-YGPKE,0.0466,Low,8.18,Medium,0.189,0,0.032970971210130214,0.15640536,0.189,0.1012,Maintain,Mantenimiento - comunicacion periodica,Low
2516-XSJKX,0.0435,Low,4.07,Low,0.3162,0,0.029267709951021383,0.07782027,0.3162,0.1012,Maintain,Mantenimiento - comunicacion periodica,Low
9470-RTWDV,0.1434,Low,0.14,Low,0.1307,0,0.1486082905268188,0.0026768644,0.1307,0.1012,Maintain,Mantenimiento - comunicacion periodica,Low
5446-DKWYW,0.0579,Low,6.65,Medium,0.1988,0,0.04646995579978498,0.12715106,0.1988,0.1011,Maintain,Mantenimiento - comunicacion periodica,Low
2673-ZALNP,0.0526,Low,0.64,Low,0.3867,0,0.040138573647115046,0.012237093,0.3867,0.1011,Maintain,Mantenimiento - comunicacion periodica,Low
5153-LXKDT,0.0866,Low,1.05,Low,0.2734,0,0.08075498745669574,0.020076482,0.2734,0.1011,Maintain,Mantenimiento - comunicacion periodica,Low
1222-LRYKO,0.0539,Low,0.0,Low,0.4006,0,0.041691554175128424,0.0,0.4006,0.101,Maintain,Mantenimiento - comunicacion periodica,Low
8547-NSBBO,0.1427,Low,0.81,Low,0.1121,0,0.14777207024250388,0.015487572,0.1121,0.101,Maintain,Mantenimiento - comunicacion periodica,Low
2522-AHJXR,0.1038,Low,0.0,Low,0.2512,0,0.10130211444271892,0.0,0.2512,0.1009,Maintain,Mantenimiento - comunicacion periodica,Low
0795-GMVQO,0.1006,Low,0.01,Low,0.2603,0,0.09747939314299367,0.00019120458,0.2603,0.1009,Maintain,Mantenimiento - comunicacion periodica,Low
4808-YNLEU,0.0598,Low,10.15,Medium,0.0908,0,0.04873969657149684,0.19407265,0.0908,0.1008,Maintain,Mantenimiento - comunicacion periodica,Low
6794-HKIAJ,0.0888,Low,5.27,Medium,0.1439,0,0.08338310835025685,0.10076482,0.1439,0.1007,Maintain,Mantenimiento - comunicacion periodica,Low
2661-GKBTK,0.0462,Low,7.5,Medium,0.2074,0,0.032493131047664554,0.14340344,0.2074,0.1007,Maintain,Mantenimiento - comunicacion periodica,Low
8944-AILEF,0.0607,Low,1.14,Low,0.3462,0,0.04981483693704456,0.021797324,0.3462,0.1007,Maintain,Mantenimiento - comunicacion periodica,Low
5727-MYATE,0.0307,Low,0.0,Low,0.4686,0,0.013976824752120419,0.0,0.4686,0.1007,Maintain,Mantenimiento - comunicacion periodica,Low
1703-MGIAB,0.1316,Low,0.0,Low,0.1669,0,0.13451200573408195,0.0,0.1669,0.1006,Maintain,Mantenimiento - comunicacion periodica,Low
8433-WPJTV,0.1151,Low,1.81,Low,0.1636,0,0.11480109903237366,0.03460803,0.1636,0.1005,Maintain,Mantenimiento - comunicacion periodica,Low
8313-AFGBW,0.0512,Low,8.7,Medium,0.1561,0,0.03846613307848526,0.166348,0.1561,0.1004,Maintain,Mantenimiento - comunicacion periodica,Low
4006-HKYHO,0.0247,Low,0.31,Low,0.476,0,0.006809222315135588,0.0059273425,0.476,0.1004,Maintain,Mantenimiento - comunicacion periodica,Low
2931-FSOHN,0.1737,Low,0.42,Low,0.0276,0,0.18480468283359217,0.008030592,0.0276,0.1003,Maintain,Mantenimiento - comunicacion periodica,Low
9931-KGHOA,0.0545,Low,4.0,Low,0.2808,0,0.042408314418826906,0.076481834,0.2808,0.1003,Maintain,Mantenimiento - comunicacion periodica,Low
8265-HKSOW,0.0346,Low,4.75,Low,0.3184,0,0.018635766336160556,0.09082218,0.3184,0.1002,Maintain,Mantenimiento - comunicacion periodica,Low
3259-KNMRR,0.0715,Low,3.46,Low,0.2448,0,0.06271652132361724,0.06615679,0.2448,0.1002,Maintain,Mantenimiento - comunicacion periodica,Low
2469-DTSGX,0.0595,Low,0.39,Low,0.3691,0,0.04838131644964759,0.007456979,0.3691,0.1002,Maintain,Mantenimiento - comunicacion periodica,Low
5678-VFNEQ,0.0971,Low,1.4,Low,0.2274,0,0.0932982917214192,0.026768642,0.2274,0.1002,Maintain,Mantenimiento - comunicacion periodica,Low
2167-FQSTQ,0.0264,Low,0.11,Low,0.4756,0,0.008840043005614622,0.0021032505,0.4756,0.1002,Maintain,Mantenimiento - comunicacion periodica,Low
5481-NTDOH,0.11,Low,0.08,Low,0.2262,0,0.10870863696093656,0.0015296367,0.2262,0.1001,Maintain,Mantenimiento - comunicacion periodica,Low
5985-TBABQ,0.1027,Low,0.27,Low,0.2426,0,0.09998805399593837,0.005162524,0.2426,0.1001,Maintain,Mantenimiento - comunicacion periodica,Low
7055-JCGNI,0.0391,Low,0.0,Low,0.4399,0,0.02401146816389918,0.0,0.4399,0.1,Maintain,Mantenimiento - comunicacion periodica,Low
4644-PIZRT,0.1479,Low,2.23,Low,0.0511,0,0.15398399235455743,0.042638626,0.0511,0.1,Maintain,Mantenimiento - comunicacion periodica,Low
1166-PQLGG,0.0261,Low,5.08,Medium,0.3327,0,0.008481662883765383,0.09713193,0.3327,0.0999,Maintain,Mantenimiento - comunicacion periodica,Low
5919-VCZYM,0.1026,Low,0.38,Low,0.2389,0,0.09986859395532194,0.0072657745,0.2389,0.0999,Maintain,Mantenimiento - comunicacion periodica,Low
0297-RBCSG,0.1029,Low,6.66,Medium,0.058,0,0.1002269740771712,0.12734225,0.058,0.0999,Maintain,Mantenimiento - comunicacion periodica,Low
7293-LSCDV,0.0277,Low,5.32,Medium,0.3208,0,0.010393023533628,0.10172085,0.3208,0.0999,Maintain,Mantenimiento - comunicacion periodica,Low
1866-NXPSP,0.092,Low,0.4,Low,0.2696,0,0.08720582964998208,0.007648184,0.2696,0.0998,Maintain,Mantenimiento - comunicacion periodica,Low
8966-SNIZF,0.0241,Low,5.17,Medium,0.3357,0,0.006092462071437105,0.098852776,0.3357,0.0998,Maintain,Mantenimiento - comunicacion periodica,Low
2587-YNLES,0.0323,Low,4.46,Low,0.3305,0,0.01588818540198304,0.08527725,0.3305,0.0996,Maintain,Mantenimiento - comunicacion periodica,Low
7876-DNYAP,0.0207,Low,4.81,Low,0.3544,0,0.002030820690479035,0.09196941,0.3544,0.0995,Maintain,Mantenimiento - comunicacion periodica,Low
2452-MRMZF,0.0222,Low,0.29,Low,0.4798,0,0.003822721299725244,0.005544933,0.4798,0.0995,Maintain,Mantenimiento - comunicacion periodica,Low
9348-ROUAI,0.0328,Low,0.0,Low,0.4555,0,0.01648548560506511,0.0,0.4555,0.0993,Maintain,Mantenimiento - comunicacion periodica,Low
6620-JDYNW,0.136,Low,0.0,Low,0.1462,0,0.13976824752120418,0.0,0.1462,0.0991,Maintain,Mantenimiento - comunicacion periodica,Low
0567-GGCAC,0.1316,Low,0.71,Low,0.1388,0,0.13451200573408195,0.013575526,0.1388,0.0991,Maintain,Mantenimiento - comunicacion periodica,Low
4654-ULTTN,0.0344,Low,8.51,Medium,0.2047,0,0.01839684625492773,0.1627151,0.2047,0.099,Maintain,Mantenimiento - comunicacion periodica,Low
2911-IJORQ,0.0685,Low,0.01,Low,0.3469,0,0.05913272010512484,0.00019120458,0.3469,0.099,Maintain,Mantenimiento - comunicacion periodica,Low
6797-UCJHZ,0.1002,Low,0.79,Low,0.2293,0,0.09700155298052801,0.015105163,0.2293,0.0989,Maintain,Mantenimiento - comunicacion periodica,Low
4849-PYRLQ,0.0374,Low,9.6,Medium,0.1644,0,0.021980647473420146,0.18355642,0.1644,0.0989,Maintain,Mantenimiento - comunicacion periodica,Low
7017-VFULY,0.0972,Low,0.39,Low,0.2497,0,0.0934177517620356,0.007456979,0.2497,0.0989,Maintain,Mantenimiento - comunicacion periodica,Low
0178-CIIKR,0.1139,Low,0.48,Low,0.1975,0,0.11336757854497671,0.00917782,0.1975,0.0989,Maintain,Mantenimiento - comunicacion periodica,Low
7105-BENQF,0.0825,Low,7.16,Medium,0.0994,0,0.07585712579142277,0.13690248,0.0994,0.0989,Maintain,Mantenimiento - comunicacion periodica,Low
1023-BQXZE,0.0384,Low,8.9,Medium,0.1808,0,0.023175247879584276,0.17017208,0.1808,0.0988,Maintain,Mantenimiento - comunicacion periodica,Low
1960-UOTYM,0.0459,Low,3.53,Low,0.3125,0,0.032134750925815324,0.06749522,0.3125,0.0988,Maintain,Mantenimiento - comunicacion periodica,Low
1431-AIDJQ,0.037,Low,2.14,Low,0.3788,0,0.021502807310954487,0.040917784,0.3788,0.0988,Maintain,Mantenimiento - comunicacion periodica,Low
1345-ZUKID,0.0427,Low,1.36,Low,0.3839,0,0.028312029626090078,0.026003825,0.3839,0.0987,Maintain,Mantenimiento - comunicacion periodica,Low
0078-XZMHT,0.0263,Low,0.12,Low,0.4683,0,0.008720582964998209,0.002294455,0.4683,0.0987,Maintain,Mantenimiento - comunicacion periodica,Low
3831-YCPUO,0.0313,Low,1.97,Low,0.4004,0,0.014693584995818902,0.037667304,0.4004,0.0987,Maintain,Mantenimiento - comunicacion periodica,Low
6283-GITPX,0.0248,Low,6.39,Medium,0.2925,0,0.006928682355752001,0.12217973,0.2925,0.0986,Maintain,Mantenimiento - comunicacion periodica,Low
1915-OAKWD,0.0533,Low,1.44,Low,0.3491,0,0.040974793931429936,0.027533462,0.3491,0.0986,Maintain,Mantenimiento - comunicacion periodica,Low
6341-JVQGF,0.1126,Low,0.16,Low,0.2088,0,0.11181459801696333,0.0030592734,0.2088,0.0986,Maintain,Mantenimiento - comunicacion periodica,Low
0853-TWRVK,0.0373,Low,5.2,Medium,0.2885,0,0.021861187432803728,0.09942638,0.2885,0.0985,Maintain,Mantenimiento - comunicacion periodica,Low
9512-PHSMG,0.0489,Low,0.05,Low,0.4011,0,0.03571855214430773,0.000956023,0.4011,0.0984,Maintain,Mantenimiento - comunicacion periodica,Low
6827-IEAUQ,0.0518,Low,5.69,Medium,0.2309,0,0.03918289332218373,0.10879541,0.2309,0.0984,Maintain,Mantenimiento - comunicacion periodica,Low
8498-XXGWA,0.0377,Low,4.22,Low,0.3142,0,0.02233902759526938,0.080688335,0.3142,0.0982,Maintain,Mantenimiento - comunicacion periodica,Low
7711-YIJWC,0.0501,Low,0.01,Low,0.3973,0,0.0371520726317047,0.00019120458,0.3973,0.0981,Maintain,Mantenimiento - comunicacion periodica,Low
4295-YURET,0.0421,Low,9.78,Medium,0.1412,0,0.02759526938239159,0.18699808,0.1412,0.0981,Maintain,Mantenimiento - comunicacion periodica,Low
9025-ZRPVR,0.1022,Low,1.55,Low,0.1971,0,0.09939075379285629,0.02963671,0.1971,0.098,Maintain,Mantenimiento - comunicacion periodica,Low
6917-FIJHC,0.0249,Low,0.0,Low,0.4721,0,0.007048142396368414,0.0,0.4721,0.0979,Maintain,Mantenimiento - comunicacion periodica,Low
0562-FGDCR,0.0272,Low,8.93,Medium,0.2083,0,0.009795723330545932,0.1707457,0.2083,0.0978,Maintain,Mantenimiento - comunicacion periodica,Low
0208-BPQEJ,0.0529,Low,1.07,Low,0.3559,0,0.04049695376896428,0.020458892,0.3559,0.0976,Maintain,Mantenimiento - comunicacion periodica,Low
0730-BGQGF,0.0328,Low,0.0,Low,0.447,0,0.01648548560506511,0.0,0.447,0.0976,Maintain,Mantenimiento - comunicacion periodica,Low
7799-DSEWS,0.0971,Low,0.24,Low,0.2479,0,0.0932982917214192,0.00458891,0.2479,0.0976,Maintain,Mantenimiento - comunicacion periodica,Low
4293-ETKAP,0.0669,Low,3.83,Low,0.2347,0,0.057221359455262216,0.073231354,0.2347,0.0975,Maintain,Mantenimiento - comunicacion periodica,Low
3521-HTQTV,0.0284,Low,0.05,Low,0.4578,0,0.0112292438179429,0.000956023,0.4578,0.0975,Maintain,Mantenimiento - comunicacion periodica,Low
7779-ORAEL,0.0329,Low,8.21,Medium,0.2107,0,0.016604945645681518,0.15697896,0.2107,0.0975,Maintain,Mantenimiento - comunicacion periodica,Low
2632-IVXVF,0.0679,Low,0.43,Low,0.3292,0,0.05841595986142636,0.008221798,0.3292,0.0975,Maintain,Mantenimiento - comunicacion periodica,Low
0628-CNQRM,0.0893,Low,2.64,Low,0.2015,0,0.08398040855333891,0.050478015,0.2015,0.0974,Maintain,Mantenimiento - comunicacion periodica,Low
9073-ZZIAY,0.032,Low,0.1,Low,0.4455,0,0.015529805280133797,0.001912046,0.4455,0.0974,Maintain,Mantenimiento - comunicacion periodica,Low
3779-OSWCF,0.0385,Low,0.11,Low,0.4249,0,0.023294707920200695,0.0021032505,0.4249,0.0973,Maintain,Mantenimiento - comunicacion periodica,Low
7940-UQQUG,0.1039,Low,1.24,Low,0.1969,0,0.10142157448333533,0.02370937,0.1969,0.0972,Maintain,Mantenimiento - comunicacion periodica,Low
2753-JMMCV,0.0441,Low,8.89,Medium,0.1563,0,0.029984470194719868,0.16998088,0.1563,0.0972,Maintain,Mantenimiento - comunicacion periodica,Low
3795-GWTRD,0.0366,Low,6.75,Medium,0.2398,0,0.021024967148488834,0.1290631,0.2398,0.0972,Maintain,Mantenimiento - comunicacion periodica,Low
0123-CRBRT,0.0207,Low,0.0,Low,0.4806,0,0.002030820690479035,0.0,0.4806,0.0971,Maintain,Mantenimiento - comunicacion periodica,Low
3099-OONVS,0.0853,Low,4.6,Low,0.1557,0,0.07920200692868236,0.08795411,0.1557,0.0971,Maintain,Mantenimiento - comunicacion periodica,Low
8402-EIVQS,0.0823,Low,4.64,Low,0.1622,0,0.07561820571018994,0.08871893,0.1622,0.0969,Maintain,Mantenimiento - comunicacion periodica,Low
4682-BLBUC,0.0697,Low,1.41,Low,0.2924,0,0.060566240592521796,0.026959848,0.2924,0.0969,Maintain,Mantenimiento - comunicacion periodica,Low
3026-ATZYV,0.0757,Low,0.05,Low,0.3132,0,0.06773384302950664,0.000956023,0.3132,0.0968,Maintain,Mantenimiento - comunicacion periodica,Low
8722-PRFDV,0.0425,Low,7.19,Medium,0.2078,0,0.028073109544857252,0.1374761,0.2078,0.0968,Maintain,Mantenimiento - comunicacion periodica,Low
8331-ZXFOE,0.0366,Low,1.68,Low,0.3832,0,0.021024967148488834,0.03212237,0.3832,0.0968,Maintain,Mantenimiento - comunicacion periodica,Low
2978-XXSOG,0.1432,Low,0.09,Low,0.11,0,0.14836937044558596,0.0017208414,0.11,0.0967,Maintain,Mantenimiento - comunicacion periodica,Low
3977-QCRSL,0.0742,Low,0.33,Low,0.3088,0,0.06594194242026043,0.006309752,0.3088,0.0966,Maintain,Mantenimiento - comunicacion periodica,Low
3373-DIUUN,0.0229,Low,3.57,Low,0.3691,0,0.00465894158404014,0.06826004,0.3691,0.0966,Maintain,Mantenimiento - comunicacion periodica,Low
4922-CVPDX,0.0527,Low,9.7,Medium,0.104,0,0.04025803368773145,0.18546845,0.104,0.0966,Maintain,Mantenimiento - comunicacion periodica,Low
7105-MXJLL,0.0658,Low,10.74,Medium,0.0352,0,0.05590729900848166,0.20535372,0.0352,0.0966,Maintain,Mantenimiento - comunicacion periodica,Low
5248-YGIJN,0.028,Low,0.0,Low,0.4559,0,0.010751403655477245,0.0,0.4559,0.0966,Maintain,Mantenimiento - comunicacion periodica,Low
9089-UOWJG,0.1364,Low,0.33,Low,0.1228,0,0.1402460876836698,0.006309752,0.1228,0.0966,Maintain,Mantenimiento - comunicacion periodica,Low
7860-UXCRM,0.0352,Low,8.0,Medium,0.2046,0,0.01935252657985904,0.15296367,0.2046,0.0965,Maintain,Mantenimiento - comunicacion periodica,Low
2234-XADUH,0.0784,Low,2.08,Low,0.245,0,0.07095926412614981,0.039770555,0.245,0.0964,Maintain,Mantenimiento - comunicacion periodica,Low
1060-ENTOF,0.0915,Low,0.71,Low,0.245,0,0.0866085294469,0.013575526,0.245,0.0964,Maintain,Mantenimiento - comunicacion periodica,Low
9359-UGBTK,0.0546,Low,1.54,Low,0.3315,0,0.04252777445944333,0.029445507,0.3315,0.0964,Maintain,Mantenimiento - comunicacion periodica,Low
6840-RESVB,0.091,Low,0.11,Low,0.2639,0,0.08601122924381795,0.0021032505,0.2639,0.0964,Maintain,Mantenimiento - comunicacion periodica,Low
4451-RWASJ,0.0353,Low,1.08,Low,0.4015,0,0.01947198662047545,0.020650096,0.4015,0.0962,Maintain,Mantenimiento - comunicacion periodica,Low
9362-MWODR,0.0936,Low,0.0,Low,0.2581,0,0.0891171902998447,0.0,0.2581,0.0962,Maintain,Mantenimiento - comunicacion periodica,Low
2851-MMUTZ,0.0868,Low,2.75,Low,0.1992,0,0.08099390753792857,0.05258126,0.1992,0.0961,Maintain,Mantenimiento - comunicacion periodica,Low
1921-KYSAY,0.1041,Low,3.21,Low,0.1342,0,0.10166049456456815,0.061376676,0.1342,0.0961,Maintain,Mantenimiento - comunicacion periodica,Low
6214-EDAKZ,0.1372,Low,3.31,Low,0.0324,0,0.14120176800860113,0.06328872,0.0324,0.0961,Maintain,Mantenimiento - comunicacion periodica,Low
4072-IPYLT,0.0533,Low,7.34,Medium,0.1673,0,0.040974793931429936,0.14034417,0.1673,0.0961,Maintain,Mantenimiento - comunicacion periodica,Low
9079-LWTFD,0.1173,Low,0.24,Low,0.1793,0,0.11742921992593477,0.00458891,0.1793,0.096,Maintain,Mantenimiento - comunicacion periodica,Low
9700-ISPUP,0.1196,Low,0.1,Low,0.1768,0,0.12017680086011229,0.001912046,0.1768,0.096,Maintain,Mantenimiento - comunicacion periodica,Low
1839-FBNFR,0.0247,Low,4.81,Low,0.3246,0,0.006809222315135588,0.09196941,0.3246,0.0959,Maintain,Mantenimiento - comunicacion periodica,Low
6870-ZWMNX,0.0412,Low,7.39,Medium,0.2012,0,0.02652012901684387,0.14130019,0.2012,0.0959,Maintain,Mantenimiento - comunicacion periodica,Low
4829-ZLJTK,0.0512,Low,0.34,Low,0.3734,0,0.03846613307848526,0.006500956,0.3734,0.0959,Maintain,Mantenimiento - comunicacion periodica,Low
9624-EGDEQ,0.0258,Low,4.84,Low,0.3198,0,0.00812328276191614,0.09254303,0.3198,0.0958,Maintain,Mantenimiento - comunicacion periodica,Low
2885-HIJDH,0.0252,Low,0.21,Low,0.4539,0,0.007406522518217658,0.004015296,0.4539,0.0957,Maintain,Mantenimiento - comunicacion periodica,Low
0487-RPVUM,0.0998,Low,0.03,Low,0.2362,0,0.09652371281806237,0.00057361374,0.2362,0.0957,Maintain,Mantenimiento - comunicacion periodica,Low
6365-HITVU,0.0216,Low,0.81,Low,0.4473,0,0.0031059610560267613,0.015487572,0.4473,0.0957,Maintain,Mantenimiento - comunicacion periodica,Low
6394-HHHZM,0.084,Low,0.07,Low,0.2818,0,0.07764902640066898,0.0013384322,0.2818,0.0956,Maintain,Mantenimiento - comunicacion periodica,Low
1110-KYLGQ,0.0997,Low,0.0,Low,0.2361,0,0.09640425277744594,0.0,0.2361,0.0954,Maintain,Mantenimiento - comunicacion periodica,Low
5876-HZVZM,0.0991,Low,2.38,Low,0.1695,0,0.09568749253374746,0.045506693,0.1695,0.0954,Maintain,Mantenimiento - comunicacion periodica,Low
4797-MIWUM,0.0561,Low,0.17,Low,0.3613,0,0.044319675068689515,0.003250478,0.3613,0.0954,Maintain,Mantenimiento - comunicacion periodica,Low
8044-BGWPI,0.0442,Low,0.01,Low,0.4009,0,0.030103930235336286,0.00019120458,0.4009,0.0953,Maintain,Mantenimiento - comunicacion periodica,Low
8401-EMUWF,0.0787,Low,0.0,Low,0.2981,0,0.07131764424799905,0.0,0.2981,0.0953,Maintain,Mantenimiento - comunicacion periodica,Low
5829-NVSQN,0.062,Low,2.77,Low,0.2686,0,0.05136781746505794,0.05296367,0.2686,0.0953,Maintain,Mantenimiento - comunicacion periodica,Low
3389-KTRXV,0.0263,Low,0.69,Low,0.4346,0,0.008720582964998209,0.0131931165,0.4346,0.0952,Maintain,Mantenimiento - comunicacion periodica,Low
8200-KLNYW,0.0985,Low,0.09,Low,0.236,0,0.09497073229004899,0.0017208414,0.236,0.0952,Maintain,Mantenimiento - comunicacion periodica,Low
0238-WHBIQ,0.032,Low,0.01,Low,0.4368,0,0.015529805280133797,0.00019120458,0.4368,0.0952,Maintain,Mantenimiento - comunicacion periodica,Low
8624-GIOUT,0.1363,Low,0.35,Low,0.115,0,0.14012662764305342,0.0066921604,0.115,0.0951,Maintain,Mantenimiento - comunicacion periodica,Low
1090-PYKCI,0.0878,Low,0.79,Low,0.2472,0,0.0821885079440927,0.015105163,0.2472,0.0951,Maintain,Mantenimiento - comunicacion periodica,Low
5204-HMGYF,0.0529,Low,0.09,Low,0.3713,0,0.04049695376896428,0.0017208414,0.3713,0.095,Maintain,Mantenimiento - comunicacion periodica,Low
8383-SGHJU,0.0474,Low,11.75,Medium,0.0531,0,0.033926651535061525,0.22466539,0.0531,0.095,Maintain,Mantenimiento - comunicacion periodica,Low
3082-YVEKW,0.0532,Low,8.59,Medium,0.1265,0,0.04085533389081352,0.16424474,0.1265,0.095,Maintain,Mantenimiento - comunicacion periodica,Low
8024-XNAFQ,0.0393,Low,4.56,Low,0.283,0,0.024250388245132006,0.087189294,0.283,0.0949,Maintain,Mantenimiento - comunicacion periodica,Low
1080-BWSYE,0.0224,Low,0.05,Low,0.4623,0,0.00406164138095807,0.000956023,0.4623,0.0948,Maintain,Mantenimiento - comunicacion periodica,Low
5171-EPLKN,0.0209,Low,4.7,Low,0.3336,0,0.002269740771711861,0.089866154,0.3336,0.0948,Maintain,Mantenimiento - comunicacion periodica,Low
2799-TSLAG,0.0215,Low,0.0,Low,0.466,0,0.002986501015410344,0.0,0.466,0.0947,Maintain,Mantenimiento - comunicacion periodica,Low
7134-HBPBS,0.0564,Low,2.29,Low,0.2963,0,0.044678055190538774,0.04378585,0.2963,0.0947,Maintain,Mantenimiento - comunicacion periodica,Low
7328-ZJAJO,0.0249,Low,5.14,Medium,0.3077,0,0.007048142396368414,0.098279156,0.3077,0.0945,Maintain,Mantenimiento - comunicacion periodica,Low
4186-ZBUEW,0.1312,Low,1.88,Low,0.0835,0,0.13403416557161632,0.035946462,0.0835,0.0945,Maintain,Mantenimiento - comunicacion periodica,Low
9473-CBZOP,0.0439,Low,12.47,Medium,0.04,0,0.029745550113487042,0.23843212,0.04,0.0944,Maintain,Mantenimiento - comunicacion periodica,Low
7032-LMBHI,0.0721,Low,7.35,Medium,0.1014,0,0.06343328156731573,0.14053537,0.1014,0.0942,Maintain,Mantenimiento - comunicacion periodica,Low
3429-IFLEM,0.0256,Low,6.37,Medium,0.2685,0,0.007884362680683314,0.12179732,0.2685,0.0942,Maintain,Mantenimiento - comunicacion periodica,Low
7013-PSXHK,0.1371,Low,0.0,Low,0.1183,0,0.1410823079679847,0.0,0.1183,0.0942,Maintain,Mantenimiento - comunicacion periodica,Low
6695-AMZUF,0.0283,Low,0.31,Low,0.4344,0,0.011109783777326484,0.0059273425,0.4344,0.0942,Maintain,Mantenimiento - comunicacion periodica,Low
9308-ANMVE,0.0778,Low,4.13,Low,0.177,0,0.07024250388245132,0.0789675,0.177,0.0942,Maintain,Mantenimiento - comunicacion periodica,Low
1987-AUELQ,0.0195,Low,0.0,Low,0.4691,0,0.0005973002030820697,0.0,0.4691,0.0941,Maintain,Mantenimiento - comunicacion periodica,Low
6502-KUGLL,0.1035,Low,0.7,Low,0.1982,0,0.10094373432086967,0.013384321,0.1982,0.0941,Maintain,Mantenimiento - comunicacion periodica,Low
3723-BFBGR,0.1058,Low,3.63,Low,0.1056,0,0.1036913152550472,0.06940727,0.1056,0.0938,Maintain,Mantenimiento - comunicacion periodica,Low
0619-OLYUR,0.0414,Low,0.48,Low,0.3882,0,0.026759049098076696,0.00917782,0.3882,0.0938,Maintain,Mantenimiento - comunicacion periodica,Low
2088-IEBAU,0.0248,Low,0.0,Low,0.4518,0,0.006928682355752001,0.0,0.4518,0.0938,Maintain,Mantenimiento - comunicacion periodica,Low
7797-EJMDP,0.0993,Low,0.23,Low,0.2219,0,0.09592641261498029,0.0043977057,0.2219,0.0937,Maintain,Mantenimiento - comunicacion periodica,Low
5743-KHMNA,0.0224,Low,0.32,Low,0.4491,0,0.00406164138095807,0.0061185467,0.4491,0.0937,Maintain,Mantenimiento - comunicacion periodica,Low
9489-JMTTN,0.0222,Low,0.04,Low,0.4571,0,0.003822721299725244,0.00076481834,0.4571,0.0936,Maintain,Mantenimiento - comunicacion periodica,Low
8630-QSGXK,0.0415,Low,8.5,Medium,0.1563,0,0.02687850913869311,0.1625239,0.1563,0.0935,Maintain,Mantenimiento - comunicacion periodica,Low
9405-GPBBG,0.0691,Low,0.92,Low,0.2915,0,0.059849480348823314,0.017590823,0.2915,0.0935,Maintain,Mantenimiento - comunicacion periodica,Low
3407-JMJQQ,0.0514,Low,2.14,Low,0.3088,0,0.038705053159718075,0.040917784,0.3088,0.0934,Maintain,Mantenimiento - comunicacion periodica,Low
0487-CRLZF,0.0331,Low,8.61,Medium,0.1772,0,0.016843865726914344,0.16462715,0.1772,0.0933,Maintain,Mantenimiento - comunicacion periodica,Low
3976-HXHCE,0.027,Low,5.26,Medium,0.2918,0,0.009556803249313106,0.10057362,0.2918,0.0933,Maintain,Mantenimiento - comunicacion periodica,Low
8399-YNDCH,0.1542,Low,0.42,Low,0.0502,0,0.1615099749133915,0.008030592,0.0502,0.0932,Maintain,Mantenimiento - comunicacion periodica,Low
9052-DHNKM,0.0588,Low,10.4,Medium,0.0488,0,0.0475450961653327,0.19885276,0.0488,0.0932,Maintain,Mantenimiento - comunicacion periodica,Low
1354-YZFNB,0.0322,Low,4.97,Low,0.2842,0,0.015768725361366625,0.095028676,0.2842,0.0932,Maintain,Mantenimiento - comunicacion periodica,Low
7684-XSZIY,0.0219,Low,0.2,Low,0.4511,0,0.0034643411778760005,0.003824092,0.4511,0.0931,Maintain,Mantenimiento - comunicacion periodica,Low
0774-IFUVM,0.1657,Low,0.0,Low,0.0273,0,0.17524787958427906,0.0,0.0273,0.0931,Maintain,Mantenimiento - comunicacion periodica,Low
3847-BAERP,0.0509,Low,0.01,Low,0.3697,0,0.038107752956636,0.00019120458,0.3697,0.0931,Maintain,Mantenimiento - comunicacion periodica,Low
5148-ORICT,0.0302,Low,7.91,Medium,0.2053,0,0.01337952454903835,0.15124282,0.2053,0.0931,Maintain,Mantenimiento - comunicacion periodica,Low
7446-YPODE,0.1652,Low,0.0,Low,0.0273,0,0.17465057938119702,0.0,0.0273,0.0928,Maintain,Mantenimiento - comunicacion periodica,Low
1177-XZBJL,0.0267,Low,7.9,Medium,0.2135,0,0.009198423127463867,0.15105163,0.2135,0.0926,Maintain,Mantenimiento - comunicacion periodica,Low
6469-QJKZW,0.0952,Low,0.3,Low,0.2265,0,0.09102855094970733,0.005736138,0.2265,0.0925,Maintain,Mantenimiento - comunicacion periodica,Low
0825-CPPQH,0.0239,Low,5.45,Medium,0.2911,0,0.005853541990204279,0.1042065,0.2911,0.0924,Maintain,Mantenimiento - comunicacion periodica,Low
9867-JCZSP,0.0363,Low,0.07,Low,0.4082,0,0.02066658702663959,0.0013384322,0.4082,0.0924,Maintain,Mantenimiento - comunicacion periodica,Low
5131-PONJI,0.087,Low,5.38,Medium,0.1047,0,0.08123282761916138,0.10286807,0.1047,0.0924,Maintain,Mantenimiento - comunicacion periodica,Low
9764-REAFF,0.0243,Low,5.58,Medium,0.2855,0,0.006331382152669931,0.10669216,0.2855,0.0923,Maintain,Mantenimiento - comunicacion periodica,Low
7727-SHVZV,0.0612,Low,0.98,Low,0.3073,0,0.050412137140126635,0.01873805,0.3073,0.0923,Maintain,Mantenimiento - comunicacion periodica,Low
0485-ZBSLN,0.0207,Low,0.05,Low,0.4543,0,0.002030820690479035,0.000956023,0.4543,0.0922,Maintain,Mantenimiento - comunicacion periodica,Low
0459-SPZHJ,0.0319,Low,0.03,Low,0.4218,0,0.01541034523951738,0.00057361374,0.4218,0.0922,Maintain,Mantenimiento - comunicacion periodica,Low
6295-OSINB,0.0567,Low,1.86,Low,0.2951,0,0.045036435312388004,0.035564054,0.2951,0.0922,Maintain,Mantenimiento - comunicacion periodica,Low
3282-ZISZV,0.0878,Low,0.0,Low,0.2548,0,0.0821885079440927,0.0,0.2548,0.0921,Maintain,Mantenimiento - comunicacion periodica,Low
4091-TVOCN,0.0922,Low,0.0,Low,0.2417,0,0.08744474973121491,0.0,0.2417,0.0921,Maintain,Mantenimiento - comunicacion periodica,Low
0440-MOGPM,0.128,Low,0.0,Low,0.1338,0,0.13021144427189105,0.0,0.1338,0.0919,Maintain,Mantenimiento - comunicacion periodica,Low
4418-LZMSV,0.0944,Low,0.86,Low,0.2099,0,0.09007287062477601,0.016443595,0.2099,0.0919,Maintain,Mantenimiento - comunicacion periodica,Low
5448-VWNAM,0.0908,Low,0.0,Low,0.2442,0,0.08577230916258512,0.0,0.2442,0.0917,Maintain,Mantenimiento - comunicacion periodica,Low
5766-XQXMQ,0.1218,Low,0.43,Low,0.1387,0,0.1228049217536734,0.008221798,0.1387,0.0916,Maintain,Mantenimiento - comunicacion periodica,Low
8224-IVVPA,0.0587,Low,2.52,Low,0.2668,0,0.047425636124716286,0.048183557,0.2668,0.0915,Maintain,Mantenimiento - comunicacion periodica,Low
2612-PHGOX,0.0456,Low,7.45,Medium,0.1645,0,0.03177637080396608,0.14244741,0.1645,0.0915,Maintain,Mantenimiento - comunicacion periodica,Low
2302-OUZXB,0.0501,Low,2.52,Low,0.2919,0,0.0371520726317047,0.048183557,0.2919,0.0914,Maintain,Mantenimiento - comunicacion periodica,Low
9774-NRNAU,0.0985,Low,0.0,Low,0.2195,0,0.09497073229004899,0.0,0.2195,0.0914,Maintain,Mantenimiento - comunicacion periodica,Low
7941-RCJOW,0.0255,Low,5.11,Medium,0.2894,0,0.007764902640066897,0.09770555,0.2894,0.0911,Maintain,Mantenimiento - comunicacion periodica,Low
3594-IVHJZ,0.1065,Low,0.09,Low,0.1911,0,0.10452753553936209,0.0017208414,0.1911,0.091,Maintain,Mantenimiento - comunicacion periodica,Low
8749-TZYEC,0.0199,Low,0.03,Low,0.4517,0,0.001075140365547726,0.00057361374,0.4517,0.091,Maintain,Mantenimiento - comunicacion periodica,Low
7643-RCHXS,0.0289,Low,5.3,Medium,0.2727,0,0.011826544021024966,0.10133844,0.2727,0.0909,Maintain,Mantenimiento - comunicacion periodica,Low
4430-YHXGG,0.0546,Low,0.0,Low,0.3482,0,0.04252777445944333,0.0,0.3482,0.0909,Maintain,Mantenimiento - comunicacion periodica,Low
1705-GUHPV,0.0205,Low,0.37,Low,0.4392,0,0.0017919006092462087,0.00707457,0.4392,0.0909,Maintain,Mantenimiento - comunicacion periodica,Low
1045-LTCYT,0.0526,Low,0.05,Low,0.3526,0,0.040138573647115046,0.000956023,0.3526,0.0909,Maintain,Mantenimiento - comunicacion periodica,Low
9574-BOSMD,0.0233,Low,0.0,Low,0.4414,0,0.005136781746505796,0.0,0.4414,0.0908,Maintain,Mantenimiento - comunicacion periodica,Low
3649-JPUGY,0.0286,Low,0.34,Low,0.4149,0,0.011468163899175727,0.006500956,0.4149,0.0907,Maintain,Mantenimiento - comunicacion periodica,Low
3170-NMYVV,0.022,Low,4.58,Low,0.3131,0,0.0035838012184924136,0.0875717,0.3131,0.0907,Maintain,Mantenimiento - comunicacion periodica,Low
8815-LMFLX,0.0292,Low,0.09,Low,0.4194,0,0.01218492414287421,0.0017208414,0.4194,0.0905,Maintain,Mantenimiento - comunicacion periodica,Low
8608-OZTLB,0.0837,Low,0.34,Low,0.2493,0,0.07729064627881974,0.006500956,0.2493,0.0905,Maintain,Mantenimiento - comunicacion periodica,Low
2146-EGVDT,0.0247,Low,5.27,Medium,0.2843,0,0.006809222315135588,0.10076482,0.2843,0.0905,Maintain,Mantenimiento - comunicacion periodica,Low
0690-SRQID,0.0568,Low,0.79,Low,0.317,0,0.045155895353004426,0.015105163,0.317,0.0905,Maintain,Mantenimiento - comunicacion periodica,Low
4510-PYUSH,0.0717,Low,3.09,Low,0.2067,0,0.06295544140485007,0.059082218,0.2067,0.0905,Maintain,Mantenimiento - comunicacion periodica,Low
6885-PKOAM,0.021,Low,0.0,Low,0.4464,0,0.0023892008123282786,0.0,0.4464,0.0905,Maintain,Mantenimiento - comunicacion periodica,Low
2192-OZITF,0.0305,Low,11.67,Medium,0.083,0,0.013737904670887589,0.22313575,0.083,0.0904,Maintain,Mantenimiento - comunicacion periodica,Low
2325-ZUSFD,0.0668,Low,3.33,Low,0.2137,0,0.0571018994146458,0.06367113,0.2137,0.0904,Maintain,Mantenimiento - comunicacion periodica,Low
1891-QRQSA,0.0623,Low,0.38,Low,0.3113,0,0.05172619758690719,0.0072657745,0.3113,0.0903,Maintain,Mantenimiento - comunicacion periodica,Low
8205-VSLRB,0.0314,Low,6.88,Medium,0.2172,0,0.01481304503643531,0.13154876,0.2172,0.0903,Maintain,Mantenimiento - comunicacion periodica,Low
0813-TAXXS,0.0621,Low,6.96,Medium,0.1232,0,0.051487277505674355,0.1330784,0.1232,0.0903,Maintain,Mantenimiento - comunicacion periodica,Low
8421-WZOOW,0.0685,Low,1.84,Low,0.2509,0,0.05913272010512484,0.035181645,0.2509,0.0903,Maintain,Mantenimiento - comunicacion periodica,Low
6112-KTHFQ,0.0851,Low,1.26,Low,0.2181,0,0.07896308684744953,0.024091778,0.2181,0.0903,Maintain,Mantenimiento - comunicacion periodica,Low
3468-DRVQJ,0.1039,Low,2.29,Low,0.132,0,0.10142157448333533,0.04378585,0.132,0.0902,Maintain,Mantenimiento - comunicacion periodica,Low
4648-YPBTM,0.0302,Low,9.01,Medium,0.1593,0,0.01337952454903835,0.17227533,0.1593,0.0902,Maintain,Mantenimiento - comunicacion periodica,Low
3696-DFHHB,0.022,Low,0.0,Low,0.442,0,0.0035838012184924136,0.0,0.442,0.0902,Maintain,Mantenimiento - comunicacion periodica,Low
2499-AJYUA,0.0436,Low,0.65,Low,0.3584,0,0.0293871699916378,0.012428298,0.3584,0.0901,Maintain,Mantenimiento - comunicacion periodica,Low
6762-NSODU,0.0252,Low,5.25,Medium,0.2806,0,0.007406522518217658,0.10038241,0.2806,0.0899,Maintain,Mantenimiento - comunicacion periodica,Low
8845-LWKGE,0.0572,Low,7.08,Medium,0.1319,0,0.04563373551547008,0.13537285,0.1319,0.0898,Maintain,Mantenimiento - comunicacion periodica,Low
9861-PDSZP,0.0477,Low,2.32,Low,0.2965,0,0.03428503165691076,0.044359464,0.2965,0.0898,Maintain,Mantenimiento - comunicacion periodica,Low
1353-LJWEM,0.1178,Low,0.84,Low,0.1293,0,0.11802652012901685,0.016061185,0.1293,0.0897,Maintain,Mantenimiento - comunicacion periodica,Low
8739-QOTTN,0.1054,Low,0.13,Low,0.1869,0,0.10321347509258152,0.0024856597,0.1869,0.0897,Maintain,Mantenimiento - comunicacion periodica,Low
2848-YXSMW,0.0234,Low,5.21,Medium,0.2859,0,0.0052562417871222095,0.09961759,0.2859,0.0897,Maintain,Mantenimiento - comunicacion periodica,Low
7994-XIRTR,0.0507,Low,7.42,Medium,0.1404,0,0.037868832875403186,0.1418738,0.1404,0.0896,Maintain,Mantenimiento - comunicacion periodica,Low
8285-ABVLB,0.021,Low,4.75,Low,0.3053,0,0.0023892008123282786,0.09082218,0.3053,0.0895,Maintain,Mantenimiento - comunicacion periodica,Low
9488-FYQAU,0.0693,Low,1.91,Low,0.2426,0,0.060088400430056144,0.036520075,0.2426,0.0895,Maintain,Mantenimiento - comunicacion periodica,Low
3466-BYAVD,0.0974,Low,0.2,Low,0.2078,0,0.09365667184326842,0.003824092,0.2078,0.0895,Maintain,Mantenimiento - comunicacion periodica,Low
6223-DHJGV,0.0343,Low,0.0,Low,0.4013,0,0.01827738621431131,0.0,0.4013,0.0894,Maintain,Mantenimiento - comunicacion periodica,Low
8822-KNBHV,0.0658,Low,0.0,Low,0.3071,0,0.05590729900848166,0.0,0.3071,0.0894,Maintain,Mantenimiento - comunicacion periodica,Low
8597-CTXVJ,0.026,Low,7.16,Medium,0.22,0,0.008362202843148966,0.13690248,0.22,0.0893,Maintain,Mantenimiento - comunicacion periodica,Low
6963-KQYQB,0.0197,Low,0.3,Low,0.4353,0,0.0008362202843148958,0.005736138,0.4353,0.0892,Maintain,Mantenimiento - comunicacion periodica,Low
4616-ULAOA,0.0565,Low,0.5,Low,0.3197,0,0.04479751523115519,0.009560229,0.3197,0.0892,Maintain,Mantenimiento - comunicacion periodica,Low
9504-DSHWM,0.1605,Low,0.0,Low,0.0227,0,0.16903595747222558,0.0,0.0227,0.0891,Maintain,Mantenimiento - comunicacion periodica,Low
8878-RYUKI,0.0891,Low,1.84,Low,0.1827,0,0.08374148847210608,0.035181645,0.1827,0.089,Maintain,Mantenimiento - comunicacion periodica,Low
3973-SKMLN,0.0214,Low,4.69,Low,0.3035,0,0.002867040974793931,0.08967496,0.3035,0.089,Maintain,Mantenimiento - comunicacion periodica,Low
0604-THJFP,0.033,Low,7.62,Medium,0.1843,0,0.016724405686297936,0.14569789,0.1843,0.0889,Maintain,Mantenimiento - comunicacion periodica,Low
0292-WEGCH,0.0643,Low,0.0,Low,0.3091,0,0.05411539839923545,0.0,0.3091,0.0889,Maintain,Mantenimiento - comunicacion periodica,Low
7673-LPRNY,0.1285,Low,0.0,Low,0.1174,0,0.13080874447497312,0.0,0.1174,0.0889,Maintain,Mantenimiento - comunicacion periodica,Low
7789-CRUVC,0.0523,Low,2.17,Low,0.2821,0,0.039780193525265795,0.041491397,0.2821,0.0888,Maintain,Mantenimiento - comunicacion periodica,Low
3523-QRQLL,0.1099,Low,3.22,Low,0.0792,0,0.10858917692032015,0.06156788,0.0792,0.0886,Maintain,Mantenimiento - comunicacion periodica,Low
5808-TOTXO,0.0769,Low,0.1,Low,0.267,0,0.06916736351690358,0.001912046,0.267,0.0886,Maintain,Mantenimiento - comunicacion periodica,Low
2925-VDZHY,0.022,Low,0.01,Low,0.4333,0,0.0035838012184924136,0.00019120458,0.4333,0.0885,Maintain,Mantenimiento - comunicacion periodica,Low
9297-EONCV,0.0217,Low,0.0,Low,0.4339,0,0.0032254210966431744,0.0,0.4339,0.0884,Maintain,Mantenimiento - comunicacion periodica,Low
9081-WWXKP,0.0223,Low,4.37,Low,0.3068,0,0.003942181340341657,0.083556406,0.3068,0.0884,Maintain,Mantenimiento - comunicacion periodica,Low
6734-CKRSM,0.0842,Low,0.42,Low,0.2353,0,0.0778879464819018,0.008030592,0.2353,0.0884,Maintain,Mantenimiento - comunicacion periodica,Low
7608-RGIRO,0.0231,Low,0.25,Low,0.4223,0,0.004897861665272966,0.0047801146,0.4223,0.0883,Maintain,Mantenimiento - comunicacion periodica,Low
5129-HHMZC,0.0358,Low,0.31,Low,0.3822,0,0.02006928682355752,0.0059273425,0.3822,0.0883,Maintain,Mantenimiento - comunicacion periodica,Low
0840-DCNZE,0.048,Low,0.08,Low,0.3523,0,0.03464341177876001,0.0015296367,0.3523,0.0882,Maintain,Mantenimiento - comunicacion periodica,Low
7493-GVFIO,0.0233,Low,4.1,Low,0.3107,0,0.005136781746505796,0.078393884,0.3107,0.0882,Maintain,Mantenimiento - comunicacion periodica,Low
2892-GESUL,0.0251,Low,5.17,Medium,0.2746,0,0.0072870624776012445,0.098852776,0.2746,0.0882,Maintain,Mantenimiento - comunicacion periodica,Low
2739-CCZMB,0.0507,Low,0.09,Low,0.3431,0,0.037868832875403186,0.0017208414,0.3431,0.0881,Maintain,Mantenimiento - comunicacion periodica,Low
4304-XUMGI,0.0283,Low,7.98,Medium,0.1837,0,0.011109783777326484,0.15258126,0.1837,0.0881,Maintain,Mantenimiento - comunicacion periodica,Low
5356-KZCKT,0.023,Low,0.15,Low,0.424,0,0.004778401624656553,0.002868069,0.424,0.088,Maintain,Mantenimiento - comunicacion periodica,Low
7606-BPHHN,0.021,Low,4.82,Low,0.2954,0,0.0023892008123282786,0.09216062,0.2954,0.0879,Maintain,Mantenimiento - comunicacion periodica,Low
7233-PAHHL,0.0268,Low,0.03,Low,0.4154,0,0.00931788316808028,0.00057361374,0.4154,0.0879,Maintain,Mantenimiento - comunicacion periodica,Low
7426-GSWPO,0.101,Low,0.03,Low,0.1938,0,0.09795723330545933,0.00057361374,0.1938,0.0879,Maintain,Mantenimiento - comunicacion periodica,Low
2675-IJRGJ,0.0245,Low,5.02,Medium,0.2791,0,0.006570302233902762,0.095984705,0.2791,0.0879,Maintain,Mantenimiento - comunicacion periodica,Low
5115-SQAAU,0.025,Low,0.0,Low,0.4213,0,0.0071676024369848315,0.0,0.4213,0.0878,Maintain,Mantenimiento - comunicacion periodica,Low
2484-DGXPZ,0.0969,Low,0.91,Low,0.1801,0,0.09305937164018636,0.017399618,0.1801,0.0878,Maintain,Mantenimiento - comunicacion periodica,Low
9691-HKOVS,0.0571,Low,0.01,Low,0.3244,0,0.045514275474853656,0.00019120458,0.3244,0.0877,Maintain,Mantenimiento - comunicacion periodica,Low
0794-YVSGE,0.0201,Low,4.31,Low,0.3115,0,0.0013140604467805524,0.08240918,0.3115,0.0877,Maintain,Mantenimiento - comunicacion periodica,Low
1320-GVNHT,0.0461,Low,2.3,Low,0.2915,0,0.032373671007048146,0.043977056,0.2915,0.0877,Maintain,Mantenimiento - comunicacion periodica,Low
4160-AMJTL,0.1349,Low,0.89,Low,0.0659,0,0.1384541870744236,0.017017208,0.0659,0.0875,Maintain,Mantenimiento - comunicacion periodica,Low
2230-XTUWL,0.0231,Low,5.13,Medium,0.2775,0,0.004897861665272966,0.09808796,0.2775,0.0874,Maintain,Mantenimiento - comunicacion periodica,Low
1985-MBRYP,0.0244,Low,4.98,Low,0.2776,0,0.006450842193286349,0.09521989,0.2776,0.0873,Maintain,Mantenimiento - comunicacion periodica,Low
8969-PRHFK,0.0427,Low,1.0,Low,0.3372,0,0.028312029626090078,0.019120459,0.3372,0.0873,Maintain,Mantenimiento - comunicacion periodica,Low
7579-KKLOE,0.0221,Low,0.05,Low,0.426,0,0.003703261259108831,0.000956023,0.426,0.0873,Maintain,Mantenimiento - comunicacion periodica,Low
5666-MBJPT,0.0202,Low,0.02,Low,0.4325,0,0.0014335204873969654,0.00038240917,0.4325,0.0873,Maintain,Mantenimiento - comunicacion periodica,Low
8237-ULIXL,0.0197,Low,0.0,Low,0.4345,0,0.0008362202843148958,0.0,0.4345,0.0873,Maintain,Mantenimiento - comunicacion periodica,Low
4063-EIKNQ,0.0464,Low,0.0,Low,0.354,0,0.032732051128897384,0.0,0.354,0.0872,Maintain,Mantenimiento - comunicacion periodica,Low
5751-USDBL,0.0273,Low,2.35,Low,0.3439,0,0.009915183371162348,0.044933077,0.3439,0.0872,Maintain,Mantenimiento - comunicacion periodica,Low
3466-WAESX,0.1366,Low,0.0,Low,0.0846,0,0.14048500776490264,0.0,0.0846,0.0872,Maintain,Mantenimiento - comunicacion periodica,Low
3777-XROBG,0.0243,Low,5.1,Medium,0.2741,0,0.006331382152669931,0.09751434,0.2741,0.0872,Maintain,Mantenimiento - comunicacion periodica,Low
3498-LZGQZ,0.028,Low,5.44,Medium,0.2531,0,0.010751403655477245,0.1040153,0.2531,0.0872,Maintain,Mantenimiento - comunicacion periodica,Low
1043-YCUTE,0.0389,Low,0.04,Low,0.375,0,0.023772548082666347,0.00076481834,0.375,0.0871,Maintain,Mantenimiento - comunicacion periodica,Low
2007-QVGAW,0.0301,Low,5.26,Medium,0.251,0,0.013260064508421932,0.10057362,0.251,0.087,Maintain,Mantenimiento - comunicacion periodica,Low
9402-ROUMJ,0.0608,Low,5.41,Medium,0.155,0,0.04993429697766098,0.10344168,0.155,0.087,Maintain,Mantenimiento - comunicacion periodica,Low
0228-MAUWC,0.1552,Low,0.01,Low,0.0273,0,0.16270457531955562,0.00019120458,0.0273,0.0869,Maintain,Mantenimiento - comunicacion periodica,Low
8400-WZICQ,0.0531,Low,3.98,Low,0.2184,0,0.04073587385019712,0.076099426,0.2184,0.0869,Maintain,Mantenimiento - comunicacion periodica,Low
0696-UKTOX,0.0681,Low,5.2,Medium,0.138,0,0.05865487994265917,0.09942638,0.138,0.0868,Maintain,Mantenimiento - comunicacion periodica,Low
8777-PVYGU,0.0298,Low,7.64,Medium,0.1828,0,0.012901684386572692,0.1460803,0.1828,0.0868,Maintain,Mantenimiento - comunicacion periodica,Low
9503-XJUME,0.0238,Low,0.92,Low,0.3931,0,0.005734081949587866,0.017590823,0.3931,0.0868,Maintain,Mantenimiento - comunicacion periodica,Low
0254-KCJGT,0.054,Low,0.0,Low,0.3295,0,0.04181101421574484,0.0,0.3295,0.0868,Maintain,Mantenimiento - comunicacion periodica,Low
9027-TMATR,0.0419,Low,3.72,Low,0.2585,0,0.027356349301158763,0.07112811,0.2585,0.0867,Maintain,Mantenimiento - comunicacion periodica,Low
3569-JFODW,0.023,Low,0.04,Low,0.4206,0,0.004778401624656553,0.00076481834,0.4206,0.0867,Maintain,Mantenimiento - comunicacion periodica,Low
6461-SZMCV,0.0207,Low,0.0,Low,0.4281,0,0.002030820690479035,0.0,0.4281,0.0866,Maintain,Mantenimiento - comunicacion periodica,Low
2581-VKIRT,0.0301,Low,6.67,Medium,0.2085,0,0.013260064508421932,0.12753347,0.2085,0.0866,Maintain,Mantenimiento - comunicacion periodica,Low
2055-BFOCC,0.0416,Low,0.0,Low,0.3649,0,0.026997969179309522,0.0,0.3649,0.0865,Maintain,Mantenimiento - comunicacion periodica,Low
3486-NPGST,0.0239,Low,0.99,Low,0.3896,0,0.005853541990204279,0.018929254,0.3896,0.0865,Maintain,Mantenimiento - comunicacion periodica,Low
5304-EFJLP,0.0426,Low,0.37,Low,0.3512,0,0.02819256958547366,0.00707457,0.3512,0.0865,Maintain,Mantenimiento - comunicacion periodica,Low
8779-YIQQA,0.0233,Low,0.8,Low,0.3968,0,0.005136781746505796,0.015296368,0.3968,0.0865,Maintain,Mantenimiento - comunicacion periodica,Low
0463-WZZKO,0.0652,Low,0.02,Low,0.2935,0,0.05519053876478317,0.00038240917,0.2935,0.0864,Maintain,Mantenimiento - comunicacion periodica,Low
7764-BDPEE,0.0879,Low,0.08,Low,0.2238,0,0.08230796798470913,0.0015296367,0.2238,0.0864,Maintain,Mantenimiento - comunicacion periodica,Low
1385-TQOZW,0.0417,Low,0.12,Low,0.3605,0,0.027117429219925937,0.002294455,0.3605,0.0863,Maintain,Mantenimiento - comunicacion periodica,Low
1506-YJTYT,0.0288,Low,9.53,Medium,0.1291,0,0.011707083980408553,0.18221797,0.1291,0.0863,Maintain,Mantenimiento - comunicacion periodica,Low
7255-SSFBC,0.0363,Low,0.38,Low,0.3686,0,0.02066658702663959,0.0072657745,0.3686,0.0862,Maintain,Mantenimiento - comunicacion periodica,Low
5795-KTGUD,0.0537,Low,0.59,Low,0.3103,0,0.04145263409389559,0.01128107,0.3103,0.0862,Maintain,Mantenimiento - comunicacion periodica,Low
3419-SNJJD,0.1007,Low,0.0,Low,0.1867,0,0.09759885318361008,0.0,0.1867,0.0861,Maintain,Mantenimiento - comunicacion periodica,Low
4452-ROHMO,0.033,Low,5.05,Medium,0.2438,0,0.016724405686297936,0.096558325,0.2438,0.0861,Maintain,Mantenimiento - comunicacion periodica,Low
8731-WBBMB,0.0775,Low,0.0,Low,0.2555,0,0.06988412376060207,0.0,0.2555,0.086,Maintain,Mantenimiento - comunicacion periodica,Low
7956-XQWGU,0.0301,Low,1.06,Low,0.3658,0,0.013260064508421932,0.020267686,0.3658,0.0859,Maintain,Mantenimiento - comunicacion periodica,Low
4578-PHJYZ,0.051,Low,2.95,Low,0.2494,0,0.03822721299725242,0.056405354,0.2494,0.0859,Maintain,Mantenimiento - comunicacion periodica,Low
3518-FSTWG,0.0417,Low,1.81,Low,0.3086,0,0.027117429219925937,0.03460803,0.3086,0.0857,Maintain,Mantenimiento - comunicacion periodica,Low
6614-FHDBO,0.0437,Low,2.09,Low,0.2946,0,0.029506630032254216,0.03996176,0.2946,0.0857,Maintain,Mantenimiento - comunicacion periodica,Low
7925-PNRGI,0.0579,Low,0.0,Low,0.3118,0,0.04646995579978498,0.0,0.3118,0.0856,Maintain,Mantenimiento - comunicacion periodica,Low
2809-ILCYT,0.0394,Low,0.21,Low,0.3601,0,0.024369848285748417,0.004015296,0.3601,0.0854,Maintain,Mantenimiento - comunicacion periodica,Low
6323-AYBRX,0.0258,Low,5.27,Medium,0.2555,0,0.00812328276191614,0.10076482,0.2555,0.0854,Maintain,Mantenimiento - comunicacion periodica,Low
9110-HSGTV,0.0339,Low,1.74,Low,0.3321,0,0.01779954605184566,0.0332696,0.3321,0.0853,Maintain,Mantenimiento - comunicacion periodica,Low
0620-XEFWH,0.062,Low,1.5,Low,0.2552,0,0.05136781746505794,0.02868069,0.2552,0.0853,Maintain,Mantenimiento - comunicacion periodica,Low
2387-KDZQY,0.025,Low,0.51,Low,0.3939,0,0.0071676024369848315,0.009751434,0.3939,0.0853,Maintain,Mantenimiento - comunicacion periodica,Low
9929-PLVPA,0.0607,Low,0.07,Low,0.2996,0,0.04981483693704456,0.0013384322,0.2996,0.0852,Maintain,Mantenimiento - comunicacion periodica,Low
1794-SWWKL,0.1341,Low,0.26,Low,0.0747,0,0.1374985067494923,0.0049713193,0.0747,0.0852,Maintain,Mantenimiento - comunicacion periodica,Low
8076-FEZKJ,0.048,Low,1.14,Low,0.3063,0,0.03464341177876001,0.021797324,0.3063,0.0851,Maintain,Mantenimiento - comunicacion periodica,Low
6924-TDGMT,0.0353,Low,0.1,Low,0.3737,0,0.01947198662047545,0.001912046,0.3737,0.085,Maintain,Mantenimiento - comunicacion periodica,Low
8164-OCKUJ,0.0199,Low,4.09,Low,0.3048,0,0.001075140365547726,0.07820268,0.3048,0.085,Maintain,Mantenimiento - comunicacion periodica,Low
1775-KWJKQ,0.0223,Low,0.07,Low,0.4129,0,0.003942181340341657,0.0013384322,0.4129,0.085,Maintain,Mantenimiento - comunicacion periodica,Low
2446-ZKVAF,0.0946,Low,1.4,Low,0.1592,0,0.09031179070600885,0.026768642,0.1592,0.085,Maintain,Mantenimiento - comunicacion periodica,Low
6060-QBMGV,0.02,Low,4.78,Low,0.2851,0,0.0011946004061641393,0.091395795,0.2851,0.085,Maintain,Mantenimiento - comunicacion periodica,Low
6252-DFGTK,0.074,Low,5.41,Medium,0.1054,0,0.0657030223390276,0.10344168,0.1054,0.085,Maintain,Mantenimiento - comunicacion periodica,Low
2169-RRLFW,0.0205,Low,0.0,Low,0.4207,0,0.0017919006092462087,0.0,0.4207,0.085,Maintain,Mantenimiento - comunicacion periodica,Low
0244-LGNFY,0.0264,Low,0.11,Low,0.3987,0,0.008840043005614622,0.0021032505,0.3987,0.0848,Maintain,Mantenimiento - comunicacion periodica,Low
9803-FTJCG,0.0293,Low,5.57,Medium,0.2335,0,0.012304384183490624,0.10650096,0.2335,0.0848,Maintain,Mantenimiento - comunicacion periodica,Low
8467-WYNSR,0.0971,Low,3.35,Low,0.0945,0,0.0932982917214192,0.064053535,0.0945,0.0848,Maintain,Mantenimiento - comunicacion periodica,Low
9668-PUGNU,0.0218,Low,0.12,Low,0.4123,0,0.0033448811372595874,0.002294455,0.4123,0.0848,Maintain,Mantenimiento - comunicacion periodica,Low
4872-VXRIL,0.0282,Low,7.59,Medium,0.179,0,0.010990323736710071,0.14512429,0.179,0.0848,Maintain,Mantenimiento - comunicacion periodica,Low
2410-CIYFZ,0.083,Low,0.11,Low,0.2299,0,0.07645442599450485,0.0021032505,0.2299,0.0848,Maintain,Mantenimiento - comunicacion periodica,Low
8295-KMENE,0.0413,Low,7.25,Medium,0.1488,0,0.026639589057460285,0.13862333,0.1488,0.0847,Maintain,Mantenimiento - comunicacion periodica,Low
8752-IMQOS,0.0519,Low,0.52,Low,0.3098,0,0.03930235336280014,0.009942639,0.3098,0.0846,Maintain,Mantenimiento - comunicacion periodica,Low
9253-VIFJQ,0.0331,Low,5.71,Medium,0.2173,0,0.016843865726914344,0.10917782,0.2173,0.0846,Maintain,Mantenimiento - comunicacion periodica,Low
8879-ZKJOF,0.0835,Low,0.4,Low,0.2188,0,0.07705172619758692,0.007648184,0.2188,0.0846,Maintain,Mantenimiento - comunicacion periodica,Low
6352-GIGGQ,0.0495,Low,0.0,Low,0.3317,0,0.036435312388006215,0.0,0.3317,0.0846,Maintain,Mantenimiento - comunicacion periodica,Low
5032-USPKF,0.0868,Low,0.0,Low,0.2199,0,0.08099390753792857,0.0,0.2199,0.0845,Maintain,Mantenimiento - comunicacion periodica,Low
8992-VONJD,0.1018,Low,2.52,Low,0.1028,0,0.09891291363039063,0.048183557,0.1028,0.0845,Maintain,Mantenimiento - comunicacion periodica,Low
1498-NHTLT,0.0265,Low,0.57,Low,0.3837,0,0.008959503046231035,0.010898662,0.3837,0.0845,Maintain,Mantenimiento - comunicacion periodica,Low
3082-WQRVY,0.0351,Low,0.96,Low,0.3467,0,0.019233066539242623,0.01835564,0.3467,0.0845,Maintain,Mantenimiento - comunicacion periodica,Low
8738-JOKAR,0.0781,Low,3.35,Low,0.1499,0,0.07060088400430056,0.064053535,0.1499,0.0845,Maintain,Mantenimiento - comunicacion periodica,Low
7609-NRNCA,0.0278,Low,1.03,Low,0.3664,0,0.010512483574244414,0.019694073,0.3664,0.0844,Maintain,Mantenimiento - comunicacion periodica,Low
5321-NTRKC,0.0715,Low,3.49,Low,0.1646,0,0.06271652132361724,0.0667304,0.1646,0.0843,Maintain,Mantenimiento - comunicacion periodica,Low
2176-LVPNX,0.0327,Low,0.0,Low,0.3807,0,0.016366025564448692,0.0,0.3807,0.0843,Maintain,Mantenimiento - comunicacion periodica,Low
8229-BUJHX,0.0194,Low,4.23,Low,0.2983,0,0.00047784016246565653,0.08087954,0.2983,0.0842,Maintain,Mantenimiento - comunicacion periodica,Low
5172-RKOCB,0.0376,Low,2.25,Low,0.3011,0,0.022219567554652972,0.043021034,0.3011,0.0842,Maintain,Mantenimiento - comunicacion periodica,Low
2181-TIDSV,0.0219,Low,4.68,Low,0.2779,0,0.0034643411778760005,0.089483745,0.2779,0.0842,Maintain,Mantenimiento - comunicacion periodica,Low
7114-AEOZE,0.0217,Low,4.78,Low,0.2756,0,0.0032254210966431744,0.091395795,0.2756,0.0842,Maintain,Mantenimiento - comunicacion periodica,Low
6258-PVZWJ,0.0217,Low,0.07,Low,0.4111,0,0.0032254210966431744,0.0013384322,0.4111,0.0842,Maintain,Mantenimiento - comunicacion periodica,Low
1051-EQPZR,0.0336,Low,0.96,Low,0.3501,0,0.017441165929996415,0.01835564,0.3501,0.0842,Maintain,Mantenimiento - comunicacion periodica,Low
5788-YPOEG,0.0282,Low,0.65,Low,0.3751,0,0.010990323736710071,0.012428298,0.3751,0.0842,Maintain,Mantenimiento - comunicacion periodica,Low
6035-BXTTY,0.0652,Low,3.68,Low,0.1774,0,0.05519053876478317,0.07036329,0.1774,0.0842,Maintain,Mantenimiento - comunicacion periodica,Low
6369-MCAKO,0.0199,Low,0.03,Low,0.4177,0,0.001075140365547726,0.00057361374,0.4177,0.0842,Maintain,Mantenimiento - comunicacion periodica,Low
7649-SIJJF,0.0277,Low,3.17,Low,0.304,0,0.010393023533628,0.060611855,0.304,0.0842,Maintain,Mantenimiento - comunicacion periodica,Low
9565-AXSMR,0.0255,Low,5.37,Medium,0.247,0,0.007764902640066897,0.10267686,0.247,0.0841,Maintain,Mantenimiento - comunicacion periodica,Low
7088-FBAWU,0.0837,Low,0.0,Low,0.2273,0,0.07729064627881974,0.0,0.2273,0.0841,Maintain,Mantenimiento - comunicacion periodica,Low
4719-UMSIY,0.0452,Low,0.85,Low,0.3177,0,0.03129853064150042,0.016252391,0.3177,0.0841,Maintain,Mantenimiento - comunicacion periodica,Low
1162-ECVII,0.0449,Low,1.23,Low,0.3079,0,0.030940150519651183,0.023518166,0.3079,0.0841,Maintain,Mantenimiento - comunicacion periodica,Low
8922-NPKBJ,0.0267,Low,5.31,Medium,0.2448,0,0.009198423127463867,0.101529635,0.2448,0.084,Maintain,Mantenimiento - comunicacion periodica,Low
0310-SUCIN,0.0396,Low,0.0,Low,0.3585,0,0.02460876836698125,0.0,0.3585,0.084,Maintain,Mantenimiento - comunicacion periodica,Low
9070-BCKQP,0.0432,Low,1.21,Low,0.3129,0,0.028909329829172145,0.023135757,0.3129,0.084,Maintain,Mantenimiento - comunicacion periodica,Low
8548-AWOFC,0.0611,Low,0.32,Low,0.285,0,0.050292677099510213,0.0061185467,0.285,0.084,Maintain,Mantenimiento - comunicacion periodica,Low
9592-ERDKV,0.1147,Low,0.0,Low,0.1343,0,0.11432325886990802,0.0,0.1343,0.084,Maintain,Mantenimiento - comunicacion periodica,Low
0397-ZXWQF,0.021,Low,4.24,Low,0.2926,0,0.0023892008123282786,0.08107074,0.2926,0.084,Maintain,Mantenimiento - comunicacion periodica,Low
3557-HTYWR,0.0286,Low,8.98,Medium,0.1326,0,0.011468163899175727,0.17170171,0.1326,0.0838,Maintain,Mantenimiento - comunicacion periodica,Low
3161-ONRWK,0.0311,Low,6.41,Medium,0.1988,0,0.01445466491458607,0.12256214,0.1988,0.0838,Maintain,Mantenimiento - comunicacion periodica,Low
6928-ONTRW,0.0231,Low,4.94,Low,0.2646,0,0.004897861665272966,0.09445507,0.2646,0.0837,Maintain,Mantenimiento - comunicacion periodica,Low
4990-ALDGW,0.0226,Low,4.04,Low,0.2914,0,0.004300561462190896,0.07724665,0.2914,0.0836,Maintain,Mantenimiento - comunicacion periodica,Low
1302-TPUBN,0.0252,Low,5.25,Medium,0.2491,0,0.007406522518217658,0.10038241,0.2491,0.0836,Maintain,Mantenimiento - comunicacion periodica,Low
0042-RLHYP,0.0252,Low,4.97,Low,0.2571,0,0.007406522518217658,0.095028676,0.2571,0.0836,Maintain,Mantenimiento - comunicacion periodica,Low
5248-KWLAR,0.03,Low,0.0,Low,0.385,0,0.013140604467805518,0.0,0.385,0.0836,Maintain,Mantenimiento - comunicacion periodica,Low
6103-QCKFX,0.048,Low,4.5,Low,0.2018,0,0.03464341177876001,0.08604207,0.2018,0.0835,Maintain,Mantenimiento - comunicacion periodica,Low
0932-YIXYU,0.023,Low,4.38,Low,0.2797,0,0.004778401624656553,0.08374761,0.2797,0.0835,Maintain,Mantenimiento - comunicacion periodica,Low
7634-HLQJR,0.0237,Low,4.61,Low,0.2707,0,0.005614621908971449,0.088145316,0.2707,0.0834,Maintain,Mantenimiento - comunicacion periodica,Low
1568-LJSZU,0.0237,Low,0.16,Low,0.3983,0,0.005614621908971449,0.0030592734,0.3983,0.0834,Maintain,Mantenimiento - comunicacion periodica,Low
8853-TZDGH,0.0377,Low,0.37,Low,0.3503,0,0.02233902759526938,0.00707457,0.3503,0.0834,Maintain,Mantenimiento - comunicacion periodica,Low
2400-XIWIO,0.0307,Low,0.0,Low,0.3821,0,0.013976824752120419,0.0,0.3821,0.0834,Maintain,Mantenimiento - comunicacion periodica,Low
5949-HGVJL,0.1066,Low,0.0,Low,0.155,0,0.1046469955799785,0.0,0.155,0.0833,Maintain,Mantenimiento - comunicacion periodica,Low
9224-VTYID,0.0243,Low,0.0,Low,0.4,0,0.006331382152669931,0.0,0.4,0.0832,Maintain,Mantenimiento - comunicacion periodica,Low
4443-EMBNA,0.0195,Low,0.0,Low,0.4139,0,0.0005973002030820697,0.0,0.4139,0.0831,Maintain,Mantenimiento - comunicacion periodica,Low
8980-WQFWL,0.101,Low,0.37,Low,0.16,0,0.09795723330545933,0.00707457,0.16,0.0831,Maintain,Mantenimiento - comunicacion periodica,Low
8591-TKMZH,0.0602,Low,0.36,Low,0.2814,0,0.049217536733962494,0.0068833656,0.2814,0.083,Maintain,Mantenimiento - comunicacion periodica,Low
8071-SBTRN,0.0488,Low,0.57,Low,0.3094,0,0.03559909210369132,0.010898662,0.3094,0.0829,Maintain,Mantenimiento - comunicacion periodica,Low
8028-PNXHQ,0.0228,Low,0.37,Low,0.3926,0,0.004539481543423727,0.00707457,0.3926,0.0829,Maintain,Mantenimiento - comunicacion periodica,Low
1614-JBEBI,0.0427,Low,0.09,Low,0.341,0,0.028312029626090078,0.0017208414,0.341,0.0829,Maintain,Mantenimiento - comunicacion periodica,Low
8958-JPTRR,0.0265,Low,0.02,Low,0.3917,0,0.008959503046231035,0.00038240917,0.3917,0.0829,Maintain,Mantenimiento - comunicacion periodica,Low
2236-HILPA,0.0217,Low,4.06,Low,0.2901,0,0.0032254210966431744,0.07762906,0.2901,0.0829,Maintain,Mantenimiento - comunicacion periodica,Low
8218-FFJDS,0.0265,Low,0.13,Low,0.3879,0,0.008959503046231035,0.0024856597,0.3879,0.0828,Maintain,Mantenimiento - comunicacion periodica,Low
6855-VLGOS,0.0226,Low,4.06,Low,0.2869,0,0.004300561462190896,0.07762906,0.2869,0.0828,Maintain,Mantenimiento - comunicacion periodica,Low
5232-NXPAY,0.0346,Low,8.51,Medium,0.1234,0,0.018635766336160556,0.1627151,0.1234,0.0828,Maintain,Mantenimiento - comunicacion periodica,Low
6181-AXXYF,0.02,Low,0.02,Low,0.4104,0,0.0011946004061641393,0.00038240917,0.4104,0.0828,Maintain,Mantenimiento - comunicacion periodica,Low
3230-IUALN,0.0337,Low,2.39,Low,0.3012,0,0.017560625970612833,0.045697898,0.3012,0.0827,Maintain,Mantenimiento - comunicacion periodica,Low
1855-CFULU,0.0718,Low,0.37,Low,0.2453,0,0.0630749014454665,0.00707457,0.2453,0.0827,Maintain,Mantenimiento - comunicacion periodica,Low
4020-KIUDI,0.0522,Low,0.6,Low,0.297,0,0.039660733484649394,0.011472276,0.297,0.0827,Maintain,Mantenimiento - comunicacion periodica,Low
2649-HWLYB,0.0413,Low,7.11,Medium,0.1426,0,0.026639589057460285,0.13594647,0.1426,0.0826,Maintain,Mantenimiento - comunicacion periodica,Low
9330-VOFSZ,0.0635,Low,0.42,Low,0.2683,0,0.05315971807430415,0.008030592,0.2683,0.0826,Maintain,Mantenimiento - comunicacion periodica,Low
1291-CUOCY,0.0415,Low,0.72,Low,0.3245,0,0.02687850913869311,0.013766731,0.3245,0.0825,Maintain,Mantenimiento - comunicacion periodica,Low
6963-EZQEE,0.0235,Low,0.0,Low,0.3993,0,0.0053757018277386225,0.0,0.3993,0.0825,Maintain,Mantenimiento - comunicacion periodica,Low
1403-LKLIK,0.0228,Low,0.48,Low,0.3873,0,0.004539481543423727,0.00917782,0.3873,0.0825,Maintain,Mantenimiento - comunicacion periodica,Low
1951-IEYXM,0.0256,Low,0.0,Low,0.3928,0,0.007884362680683314,0.0,0.3928,0.0825,Maintain,Mantenimiento - comunicacion periodica,Low
5815-HGGHV,0.0633,Low,7.66,Medium,0.0602,0,0.05292079799307131,0.14646271,0.0602,0.0824,Maintain,Mantenimiento - comunicacion periodica,Low
3662-FXJFO,0.0237,Low,4.29,Low,0.2743,0,0.005614621908971449,0.08202677,0.2743,0.0823,Maintain,Mantenimiento - comunicacion periodica,Low
1137-DGOWI,0.0676,Low,1.91,Low,0.2115,0,0.058057579739577106,0.036520075,0.2115,0.0823,Maintain,Mantenimiento - comunicacion periodica,Low
3146-MSEGF,0.0248,Low,0.0,Low,0.3943,0,0.006928682355752001,0.0,0.3943,0.0823,Maintain,Mantenimiento - comunicacion periodica,Low
1357-MVDOZ,0.1213,Low,0.23,Low,0.0996,0,0.12220762155059134,0.0043977057,0.0996,0.0823,Maintain,Mantenimiento - comunicacion periodica,Low
1265-BCFEO,0.0606,Low,3.36,Low,0.1904,0,0.049695376896428146,0.06424474,0.1904,0.0822,Maintain,Mantenimiento - comunicacion periodica,Low
9330-DHBFL,0.0662,Low,5.72,Medium,0.1061,0,0.05638513917094731,0.109369025,0.1061,0.0822,Maintain,Mantenimiento - comunicacion periodica,Low
6366-XIVKZ,0.129,Low,0.0,Low,0.082,0,0.1314060446780552,0.0,0.082,0.0821,Maintain,Mantenimiento - comunicacion periodica,Low
0820-FNRNX,0.1021,Low,0.0,Low,0.1621,0,0.09927129375223988,0.0,0.1621,0.0821,Maintain,Mantenimiento - comunicacion periodica,Low
7521-YXVZY,0.0845,Low,0.5,Low,0.1998,0,0.07824632660375105,0.009560229,0.1998,0.082,Maintain,Mantenimiento - comunicacion periodica,Low
9554-DFKIC,0.0668,Low,4.16,Low,0.1477,0,0.0571018994146458,0.07954111,0.1477,0.082,Maintain,Mantenimiento - comunicacion periodica,Low
1084-MNSMJ,0.0271,Low,0.36,Low,0.3754,0,0.009676263289929519,0.0068833656,0.3754,0.082,Maintain,Mantenimiento - comunicacion periodica,Low
7030-FZTFM,0.0373,Low,0.65,Low,0.3366,0,0.021861187432803728,0.012428298,0.3366,0.082,Maintain,Mantenimiento - comunicacion periodica,Low
9294-TDIPC,0.0415,Low,0.3,Low,0.3343,0,0.02687850913869311,0.005736138,0.3343,0.082,Maintain,Mantenimiento - comunicacion periodica,Low
0442-TDYUO,0.0243,Low,4.61,Low,0.2614,0,0.006331382152669931,0.088145316,0.2614,0.0819,Maintain,Mantenimiento - comunicacion periodica,Low
7508-DQAKK,0.0264,Low,0.0,Low,0.3873,0,0.008840043005614622,0.0,0.3873,0.0819,Maintain,Mantenimiento - comunicacion periodica,Low
8857-CUPFQ,0.0256,Low,5.36,Medium,0.2355,0,0.007884362680683314,0.102485664,0.2355,0.0818,Maintain,Mantenimiento - comunicacion periodica,Low
3195-TQDZX,0.0924,Low,0.21,Low,0.1836,0,0.08768366981244773,0.004015296,0.1836,0.0818,Maintain,Mantenimiento - comunicacion periodica,Low
4018-PPNDW,0.0196,Low,0.33,Low,0.3975,0,0.0007167602436984827,0.006309752,0.3975,0.0818,Maintain,Mantenimiento - comunicacion periodica,Low
3724-BSCVH,0.0373,Low,0.11,Low,0.3514,0,0.021861187432803728,0.0021032505,0.3514,0.0818,Maintain,Mantenimiento - comunicacion periodica,Low
2817-LVCPP,0.0243,Low,5.26,Medium,0.2425,0,0.006331382152669931,0.10057362,0.2425,0.0818,Maintain,Mantenimiento - comunicacion periodica,Low
8441-SHIPE,0.0217,Low,0.0,Low,0.4009,0,0.0032254210966431744,0.0,0.4009,0.0818,Maintain,Mantenimiento - comunicacion periodica,Low
4723-BEGSG,0.0368,Low,0.02,Low,0.3546,0,0.02126388722972166,0.00038240917,0.3546,0.0817,Maintain,Mantenimiento - comunicacion periodica,Low
7101-HRBLJ,0.0197,Low,0.28,Low,0.3986,0,0.0008362202843148958,0.005353729,0.3986,0.0817,Maintain,Mantenimiento - comunicacion periodica,Low
6051-PTVNS,0.024,Low,1.39,Low,0.3535,0,0.005973002030820692,0.026577437,0.3535,0.0817,Maintain,Mantenimiento - comunicacion periodica,Low
6701-YVNQG,0.0227,Low,0.0,Low,0.3976,0,0.004420021502807314,0.0,0.3976,0.0817,Maintain,Mantenimiento - comunicacion periodica,Low
6427-FEFIG,0.0497,Low,5.34,Medium,0.1639,0,0.036674232469239045,0.102103256,0.1639,0.0817,Maintain,Mantenimiento - comunicacion periodica,Low
4700-UBQMV,0.116,Low,0.4,Low,0.1073,0,0.11587623939792141,0.007648184,0.1073,0.0817,Maintain,Mantenimiento - comunicacion periodica,Low
3410-YOQBQ,0.0475,Low,3.71,Low,0.2161,0,0.03404611157567794,0.0709369,0.2161,0.0815,Maintain,Mantenimiento - comunicacion periodica,Low
5619-XZZKR,0.0481,Low,0.6,Low,0.3034,0,0.034762871819376415,0.011472276,0.3034,0.0815,Maintain,Mantenimiento - comunicacion periodica,Low
1389-WNUIB,0.1046,Low,0.44,Low,0.1388,0,0.10225779476765022,0.008413002,0.1388,0.0814,Maintain,Mantenimiento - comunicacion periodica,Low
5061-PBXFW,0.0534,Low,0.5,Low,0.2899,0,0.04109425397204635,0.009560229,0.2899,0.0814,Maintain,Mantenimiento - comunicacion periodica,Low
4909-JOUPP,0.0421,Low,1.24,Low,0.3025,0,0.02759526938239159,0.02370937,0.3025,0.0814,Maintain,Mantenimiento - comunicacion periodica,Low
5151-HQRDG,0.0703,Low,3.82,Low,0.144,0,0.061283000836220285,0.07304015,0.144,0.0814,Maintain,Mantenimiento - comunicacion periodica,Low
0363-SVHYR,0.0199,Low,0.0,Low,0.4036,0,0.001075140365547726,0.0,0.4036,0.0813,Maintain,Mantenimiento - comunicacion periodica,Low
5120-ZBLAI,0.0856,Low,0.65,Low,0.1891,0,0.07956038705053159,0.012428298,0.1891,0.0813,Maintain,Mantenimiento - comunicacion periodica,Low
7602-DBTOU,0.0245,Low,5.05,Medium,0.2451,0,0.006570302233902762,0.096558325,0.2451,0.0813,Maintain,Mantenimiento - comunicacion periodica,Low
5730-DBDSI,0.0259,Low,4.97,Low,0.2434,0,0.008242742802532553,0.095028676,0.2434,0.0813,Maintain,Mantenimiento - comunicacion periodica,Low
3279-DYZQM,0.0244,Low,5.16,Medium,0.2421,0,0.006450842193286349,0.098661564,0.2421,0.0812,Maintain,Mantenimiento - comunicacion periodica,Low
8992-OBVDG,0.085,Low,0.5,Low,0.1943,0,0.07884362680683313,0.009560229,0.1943,0.0811,Maintain,Mantenimiento - comunicacion periodica,Low
3071-MVJCD,0.0265,Low,3.06,Low,0.2955,0,0.008959503046231035,0.058508605,0.2955,0.0811,Maintain,Mantenimiento - comunicacion periodica,Low
3889-VWBID,0.021,Low,1.97,Low,0.3429,0,0.0023892008123282786,0.037667304,0.3429,0.0811,Maintain,Mantenimiento - comunicacion periodica,Low
8755-OGKNA,0.0279,Low,5.15,Medium,0.2308,0,0.010631943614860832,0.09847037,0.2308,0.081,Maintain,Mantenimiento - comunicacion periodica,Low
3967-KXAPS,0.0231,Low,0.12,Low,0.3893,0,0.004897861665272966,0.002294455,0.3893,0.081,Maintain,Mantenimiento - comunicacion periodica,Low
5393-HJZSM,0.0599,Low,0.0,Low,0.2828,0,0.04885915661211326,0.0,0.2828,0.081,Maintain,Mantenimiento - comunicacion periodica,Low
8309-PPCED,0.037,Low,0.7,Low,0.3314,0,0.021502807310954487,0.013384321,0.3314,0.081,Maintain,Mantenimiento - comunicacion periodica,Low
9207-ZPANB,0.0584,Low,3.74,Low,0.1802,0,0.04706725600286705,0.071510516,0.1802,0.081,Maintain,Mantenimiento - comunicacion periodica,Low
9350-ZXYJC,0.0359,Low,0.05,Low,0.3529,0,0.020188746864173938,0.000956023,0.3529,0.081,Maintain,Mantenimiento - comunicacion periodica,Low
8999-YPYBV,0.0232,Low,0.25,Low,0.3846,0,0.005017321705889379,0.0047801146,0.3846,0.0809,Maintain,Mantenimiento - comunicacion periodica,Low
0654-PQKDW,0.0438,Low,1.37,Low,0.2907,0,0.029626090072870627,0.026195029,0.2907,0.0808,Maintain,Mantenimiento - comunicacion periodica,Low
1619-YWUBB,0.0256,Low,0.0,Low,0.3843,0,0.007884362680683314,0.0,0.3843,0.0808,Maintain,Mantenimiento - comunicacion periodica,Low
7164-BPTUT,0.0283,Low,0.0,Low,0.3751,0,0.011109783777326484,0.0,0.3751,0.0806,Maintain,Mantenimiento - comunicacion periodica,Low
8670-MEFCP,0.0341,Low,0.13,Low,0.3538,0,0.018038466133078485,0.0024856597,0.3538,0.0805,Maintain,Mantenimiento - comunicacion periodica,Low
1140-UKVZG,0.0453,Low,0.0,Low,0.3242,0,0.031417990682116835,0.0,0.3242,0.0805,Maintain,Mantenimiento - comunicacion periodica,Low
7673-BQGKU,0.0199,Low,4.54,Low,0.2695,0,0.001075140365547726,0.086806886,0.2695,0.0805,Maintain,Mantenimiento - comunicacion periodica,Low
1227-UDMZR,0.0201,Low,0.03,Low,0.3982,0,0.0013140604467805524,0.00057361374,0.3982,0.0805,Maintain,Mantenimiento - comunicacion periodica,Low
8464-EETCQ,0.0257,Low,5.64,Medium,0.2205,0,0.008003822721299727,0.10783939,0.2205,0.0805,Maintain,Mantenimiento - comunicacion periodica,Low
1755-RMCXH,0.092,Low,0.19,Low,0.1791,0,0.08720582964998208,0.0036328873,0.1791,0.0805,Maintain,Mantenimiento - comunicacion periodica,Low
0048-PIHNL,0.0218,Low,0.26,Low,0.386,0,0.0033448811372595874,0.0049713193,0.386,0.0804,Maintain,Mantenimiento - comunicacion periodica,Low
3913-RDSJZ,0.0207,Low,0.03,Low,0.3956,0,0.002030820690479035,0.00057361374,0.3956,0.0803,Maintain,Mantenimiento - comunicacion periodica,Low
3580-HYCSP,0.0401,Low,0.68,Low,0.3191,0,0.02520606857006331,0.013001912,0.3191,0.0803,Maintain,Mantenimiento - comunicacion periodica,Low
5346-BZCHP,0.0304,Low,5.21,Medium,0.2181,0,0.013618444630271176,0.09961759,0.2181,0.0803,Maintain,Mantenimiento - comunicacion periodica,Low
4674-HGNUA,0.022,Low,0.05,Low,0.3908,0,0.0035838012184924136,0.000956023,0.3908,0.0802,Maintain,Mantenimiento - comunicacion periodica,Low
1768-HNVGJ,0.0925,Low,0.0,Low,0.1798,0,0.08780312985306415,0.0,0.1798,0.0799,Maintain,Mantenimiento - comunicacion periodica,Low
5712-VBOXD,0.0461,Low,0.3,Low,0.3094,0,0.032373671007048146,0.005736138,0.3094,0.0798,Maintain,Mantenimiento - comunicacion periodica,Low
9170-GYZJC,0.0769,Low,0.0,Low,0.2258,0,0.06916736351690358,0.0,0.2258,0.0797,Maintain,Mantenimiento - comunicacion periodica,Low
7408-OFWXJ,0.0225,Low,0.05,Low,0.3866,0,0.004181101421574483,0.000956023,0.3866,0.0797,Maintain,Mantenimiento - comunicacion periodica,Low
1257-SXUXQ,0.0542,Low,0.97,Low,0.2655,0,0.042049934296977655,0.018546846,0.2655,0.0797,Maintain,Mantenimiento - comunicacion periodica,Low
1841-YSJGV,0.0362,Low,1.36,Low,0.3082,0,0.020547126986023182,0.026003825,0.3082,0.0797,Maintain,Mantenimiento - comunicacion periodica,Low
2458-EOMRE,0.1012,Low,0.0,Low,0.1523,0,0.09819615338669214,0.0,0.1523,0.0796,Maintain,Mantenimiento - comunicacion periodica,Low
6651-RLGGM,0.0209,Low,0.0,Low,0.3925,0,0.002269740771711861,0.0,0.3925,0.0796,Maintain,Mantenimiento - comunicacion periodica,Low
6217-KDYWC,0.0291,Low,5.08,Medium,0.2219,0,0.012065464102257797,0.09713193,0.2219,0.0796,Maintain,Mantenimiento - comunicacion periodica,Low
9575-IWCAZ,0.047,Low,0.12,Low,0.3109,0,0.033448811372595866,0.002294455,0.3109,0.0796,Maintain,Mantenimiento - comunicacion periodica,Low
3316-UWXUY,0.0645,Low,3.31,Low,0.1667,0,0.05435431848046828,0.06328872,0.1667,0.0795,Maintain,Mantenimiento - comunicacion periodica,Low
8727-JQFHV,0.0227,Low,4.03,Low,0.2708,0,0.004420021502807314,0.077055454,0.2708,0.0795,Maintain,Mantenimiento - comunicacion periodica,Low
1641-BYBTK,0.0378,Low,0.35,Low,0.3315,0,0.022458487635885798,0.0066921604,0.3315,0.0795,Maintain,Mantenimiento - comunicacion periodica,Low
5320-BRKGK,0.031,Low,7.47,Medium,0.1474,0,0.014335204873969658,0.14282982,0.1474,0.0795,Maintain,Mantenimiento - comunicacion periodica,Low
2351-BKRZW,0.0388,Low,7.84,Medium,0.1135,0,0.02365308804204994,0.1499044,0.1135,0.0795,Maintain,Mantenimiento - comunicacion periodica,Low
0667-NSRGI,0.0568,Low,2.82,Low,0.2035,0,0.045155895353004426,0.053919695,0.2035,0.0795,Maintain,Mantenimiento - comunicacion periodica,Low
9065-ZCPQX,0.0217,Low,3.93,Low,0.2762,0,0.0032254210966431744,0.075143404,0.2762,0.0794,Maintain,Mantenimiento - comunicacion periodica,Low
3219-JQRSL,0.0299,Low,0.0,Low,0.3645,0,0.013021144427189105,0.0,0.3645,0.0794,Maintain,Mantenimiento - comunicacion periodica,Low
5158-RIVOP,0.0285,Low,3.86,Low,0.2574,0,0.011348703858559314,0.07380497,0.2574,0.0793,Maintain,Mantenimiento - comunicacion periodica,Low
8760-ZRHKE,0.0455,Low,2.61,Low,0.2426,0,0.03165691076334966,0.049904395,0.2426,0.0793,Maintain,Mantenimiento - comunicacion periodica,Low
1121-QSIVB,0.1131,Low,0.37,Low,0.1045,0,0.11241189822004541,0.00707457,0.1045,0.0792,Maintain,Mantenimiento - comunicacion periodica,Low
5696-EXCYS,0.0281,Low,5.13,Medium,0.2217,0,0.010870863696093658,0.09808796,0.2217,0.0792,Maintain,Mantenimiento - comunicacion periodica,Low
9661-JALZV,0.0203,Low,0.03,Low,0.3913,0,0.0015529805280133785,0.00057361374,0.3913,0.0792,Maintain,Mantenimiento - comunicacion periodica,Low
0621-CXBKL,0.0275,Low,5.68,Medium,0.2078,0,0.010154103452395175,0.10860421,0.2078,0.0792,Maintain,Mantenimiento - comunicacion periodica,Low
2155-AMQRX,0.0748,Low,3.71,Low,0.1222,0,0.06665870266395892,0.0709369,0.1222,0.0791,Maintain,Mantenimiento - comunicacion periodica,Low
1971-DTCZB,0.0232,Low,0.0,Low,0.3832,0,0.005017321705889379,0.0,0.3832,0.0791,Maintain,Mantenimiento - comunicacion periodica,Low
9802-CAQUT,0.0339,Low,1.88,Low,0.2973,0,0.01779954605184566,0.035946462,0.2973,0.0791,Maintain,Mantenimiento - comunicacion periodica,Low
1036-GUDCL,0.0548,Low,0.0,Low,0.2881,0,0.042766694540676144,0.0,0.2881,0.079,Maintain,Mantenimiento - comunicacion periodica,Low
9259-PACGQ,0.0522,Low,0.0,Low,0.2956,0,0.039660733484649394,0.0,0.2956,0.079,Maintain,Mantenimiento - comunicacion periodica,Low
7729-XBTWX,0.0251,Low,4.88,Low,0.2367,0,0.0072870624776012445,0.093307845,0.2367,0.079,Maintain,Mantenimiento - comunicacion periodica,Low
1492-QGCLU,0.0732,Low,0.0,Low,0.2325,0,0.06474734201409629,0.0,0.2325,0.0789,Maintain,Mantenimiento - comunicacion periodica,Low
3646-ITDGM,0.0262,Low,4.99,Low,0.2299,0,0.008601122924381796,0.095411085,0.2299,0.0789,Maintain,Mantenimiento - comunicacion periodica,Low
1839-UMACK,0.0268,Low,0.11,Low,0.3679,0,0.00931788316808028,0.0021032505,0.3679,0.0789,Maintain,Mantenimiento - comunicacion periodica,Low
9435-JMLSX,0.0199,Low,0.25,Low,0.3843,0,0.001075140365547726,0.0047801146,0.3843,0.0788,Maintain,Mantenimiento - comunicacion periodica,Low
4903-CNOZC,0.0608,Low,1.94,Low,0.2136,0,0.04993429697766098,0.03709369,0.2136,0.0788,Maintain,Mantenimiento - comunicacion periodica,Low
5485-ITNPC,0.0219,Low,0.19,Low,0.3797,0,0.0034643411778760005,0.0036328873,0.3797,0.0788,Maintain,Mantenimiento - comunicacion periodica,Low
9730-DRTMJ,0.1074,Low,2.36,Low,0.0617,0,0.1056026759049098,0.04512428,0.0617,0.0787,Maintain,Mantenimiento - comunicacion periodica,Low
4893-GYUJU,0.0425,Low,1.25,Low,0.2867,0,0.028073109544857252,0.023900574,0.2867,0.0785,Maintain,Mantenimiento - comunicacion periodica,Low
0303-WMMRN,0.0515,Low,1.18,Low,0.2617,0,0.03882451320033449,0.02256214,0.2617,0.0785,Maintain,Mantenimiento - comunicacion periodica,Low
6848-HJTXY,0.0232,Low,5.21,Medium,0.2303,0,0.005017321705889379,0.09961759,0.2303,0.0785,Maintain,Mantenimiento - comunicacion periodica,Low
4701-LKOZD,0.0221,Low,0.02,Low,0.3819,0,0.003703261259108831,0.00038240917,0.3819,0.0783,Maintain,Mantenimiento - comunicacion periodica,Low
1982-FEBTD,0.0269,Low,0.26,Low,0.3606,0,0.009437343208696693,0.0049713193,0.3606,0.0783,Maintain,Mantenimiento - comunicacion periodica,Low
4223-BKEOR,0.0588,Low,7.01,Medium,0.0718,0,0.0475450961653327,0.13403443,0.0718,0.0783,Maintain,Mantenimiento - comunicacion periodica,Low
0496-AHOOK,0.0779,Low,0.01,Low,0.215,0,0.07036196392306773,0.00019120458,0.215,0.0782,Maintain,Mantenimiento - comunicacion periodica,Low
7980-MHFLQ,0.0193,Low,0.0,Low,0.39,0,0.0003583801218492434,0.0,0.39,0.0782,Maintain,Mantenimiento - comunicacion periodica,Low
2040-LDIWQ,0.0348,Low,0.0,Low,0.3439,0,0.018874686417393382,0.0,0.3439,0.0782,Maintain,Mantenimiento - comunicacion periodica,Low
8766-PAFNE,0.033,Low,3.42,Low,0.2512,0,0.016724405686297936,0.06539197,0.2512,0.0782,Maintain,Mantenimiento - comunicacion periodica,Low
8780-RSYYU,0.052,Low,1.27,Low,0.256,0,0.039421813403416564,0.024282983,0.256,0.0782,Maintain,Mantenimiento - comunicacion periodica,Low
1991-VOPLL,0.0678,Low,1.41,Low,0.2046,0,0.058296499820809936,0.026959848,0.2046,0.0782,Maintain,Mantenimiento - comunicacion periodica,Low
9675-ICXCT,0.0381,Low,2.21,Low,0.2708,0,0.022816867757735042,0.042256214,0.2708,0.0782,Maintain,Mantenimiento - comunicacion periodica,Low
4002-BQWPQ,0.076,Low,0.0,Low,0.2201,0,0.06809222315135587,0.0,0.2201,0.0781,Maintain,Mantenimiento - comunicacion periodica,Low
7799-LGRDP,0.0279,Low,0.02,Low,0.3633,0,0.010631943614860832,0.00038240917,0.3633,0.0781,Maintain,Mantenimiento - comunicacion periodica,Low
2017-CCBLH,0.0314,Low,4.5,Low,0.2242,0,0.01481304503643531,0.08604207,0.2242,0.0781,Maintain,Mantenimiento - comunicacion periodica,Low
0384-RVBPI,0.0628,Low,0.0,Low,0.2593,0,0.052323497789989244,0.0,0.2593,0.078,Maintain,Mantenimiento - comunicacion periodica,Low
3768-VHXQO,0.0233,Low,0.0,Low,0.377,0,0.005136781746505796,0.0,0.377,0.078,Maintain,Mantenimiento - comunicacion periodica,Low
1840-BIUOG,0.0813,Low,3.22,Low,0.1118,0,0.0744236053040258,0.06156788,0.1118,0.078,Maintain,Mantenimiento - comunicacion periodica,Low
2091-GPPIQ,0.0435,Low,4.3,Low,0.1928,0,0.029267709951021383,0.08221798,0.1928,0.0779,Maintain,Mantenimiento - comunicacion periodica,Low
9800-OUIGR,0.0203,Low,4.63,Low,0.2523,0,0.0015529805280133785,0.08852773,0.2523,0.0778,Maintain,Mantenimiento - comunicacion periodica,Low
9609-BENEA,0.0928,Low,3.31,Low,0.0735,0,0.08816150997491339,0.06328872,0.0735,0.0778,Maintain,Mantenimiento - comunicacion periodica,Low
6621-NRZAK,0.0213,Low,4.65,Low,0.2488,0,0.002747580934177518,0.08891014,0.2488,0.0778,Maintain,Mantenimiento - comunicacion periodica,Low
4475-NVTLU,0.0265,Low,5.38,Medium,0.2124,0,0.008959503046231035,0.10286807,0.2124,0.0778,Maintain,Mantenimiento - comunicacion periodica,Low
2391-IPLOP,0.0756,Low,2.8,Low,0.1392,0,0.06761438298889022,0.053537283,0.1392,0.0777,Maintain,Mantenimiento - comunicacion periodica,Low
2393-DIVAI,0.0795,Low,0.41,Low,0.1961,0,0.07227332457293036,0.007839388,0.1961,0.0777,Maintain,Mantenimiento - comunicacion periodica,Low
3915-ODIYG,0.0714,Low,1.76,Low,0.1808,0,0.06259706128300084,0.033652008,0.1808,0.0776,Maintain,Mantenimiento - comunicacion periodica,Low
0723-FDLAY,0.0738,Low,0.0,Low,0.2242,0,0.06546410225779477,0.0,0.2242,0.0776,Maintain,Mantenimiento - comunicacion periodica,Low
1680-VDCWW,0.0339,Low,0.8,Low,0.3202,0,0.01779954605184566,0.015296368,0.3202,0.0775,Maintain,Mantenimiento - comunicacion periodica,Low
7427-AUFPY,0.0232,Low,5.02,Medium,0.2308,0,0.005017321705889379,0.095984705,0.2308,0.0775,Maintain,Mantenimiento - comunicacion periodica,Low
9633-DENPU,0.0816,Low,1.85,Low,0.1474,0,0.07478198542587505,0.03537285,0.1474,0.0775,Maintain,Mantenimiento - comunicacion periodica,Low
5766-FTRTS,0.0211,Low,0.22,Low,0.3746,0,0.0025086608529446917,0.004206501,0.3746,0.0774,Maintain,Mantenimiento - comunicacion periodica,Low
5423-BHIXO,0.0655,Low,4.42,Low,0.1212,0,0.05554891888663242,0.08451243,0.1212,0.0774,Maintain,Mantenimiento - comunicacion periodica,Low
0687-ZVTHB,0.0848,Low,0.0,Low,0.1899,0,0.07860470672560028,0.0,0.1899,0.0773,Maintain,Mantenimiento - comunicacion periodica,Low
1460-UZPRJ,0.0206,Low,4.72,Low,0.2465,0,0.001911360649862622,0.09024856,0.2465,0.0773,Maintain,Mantenimiento - comunicacion periodica,Low
5380-XPJNZ,0.0231,Low,0.49,Low,0.3591,0,0.004897861665272966,0.009369025,0.3591,0.0771,Maintain,Mantenimiento - comunicacion periodica,Low
2930-UOTMB,0.1201,Low,0.0,Low,0.0837,0,0.12077410106319436,0.0,0.0837,0.0771,Maintain,Mantenimiento - comunicacion periodica,Low
3873-WOSBC,0.0215,Low,0.0,Low,0.3774,0,0.002986501015410344,0.0,0.3774,0.077,Maintain,Mantenimiento - comunicacion periodica,Low
6916-HIJSE,0.0226,Low,0.23,Low,0.3676,0,0.004300561462190896,0.0043977057,0.3676,0.077,Maintain,Mantenimiento - comunicacion periodica,Low
2030-BTZRO,0.0287,Low,4.22,Low,0.235,0,0.01158762393979214,0.080688335,0.235,0.077,Maintain,Mantenimiento - comunicacion periodica,Low
8515-OCTJS,0.0277,Low,0.13,Low,0.3548,0,0.010393023533628,0.0024856597,0.3548,0.0769,Maintain,Mantenimiento - comunicacion periodica,Low
9823-EALYC,0.0258,Low,3.12,Low,0.2743,0,0.00812328276191614,0.05965583,0.2743,0.0768,Maintain,Mantenimiento - comunicacion periodica,Low
2626-VEEWG,0.0263,Low,5.21,Medium,0.2127,0,0.008720582964998209,0.09961759,0.2127,0.0768,Maintain,Mantenimiento - comunicacion periodica,Low
1591-XWLGB,0.0209,Low,4.79,Low,0.2411,0,0.002269740771711861,0.091587,0.2411,0.0768,Maintain,Mantenimiento - comunicacion periodica,Low
1403-GYAFU,0.0204,Low,4.57,Low,0.2483,0,0.0016724405686297957,0.0873805,0.2483,0.0767,Maintain,Mantenimiento - comunicacion periodica,Low
0278-YXOOG,0.0908,Low,0.0,Low,0.169,0,0.08577230916258512,0.0,0.169,0.0767,Maintain,Mantenimiento - comunicacion periodica,Low
3720-DBRWL,0.0234,Low,0.21,Low,0.3641,0,0.0052562417871222095,0.004015296,0.3641,0.0767,Maintain,Mantenimiento - comunicacion periodica,Low
0508-SQWPL,0.023,Low,4.59,Low,0.2396,0,0.004778401624656553,0.08776291,0.2396,0.0766,Maintain,Mantenimiento - comunicacion periodica,Low
9066-QRSDU,0.0245,Low,0.0,Low,0.3663,0,0.006570302233902762,0.0,0.3663,0.0765,Maintain,Mantenimiento - comunicacion periodica,Low
7100-FQPRV,0.0799,Low,1.61,Low,0.1535,0,0.07275116473539602,0.03078394,0.1535,0.0763,Maintain,Mantenimiento - comunicacion periodica,Low
4277-UDIEF,0.1066,Low,0.0,Low,0.12,0,0.1046469955799785,0.0,0.12,0.0763,Maintain,Mantenimiento - comunicacion periodica,Low
3487-EARAT,0.0511,Low,0.73,Low,0.2646,0,0.03834667303786884,0.013957935,0.2646,0.0763,Maintain,Mantenimiento - comunicacion periodica,Low
9507-HSMMZ,0.0219,Low,4.65,Low,0.2388,0,0.0034643411778760005,0.08891014,0.2388,0.0762,Maintain,Mantenimiento - comunicacion periodica,Low
9107-UKCKY,0.0946,Low,0.0,Low,0.1545,0,0.09031179070600885,0.0,0.1545,0.0761,Maintain,Mantenimiento - comunicacion periodica,Low
8100-PNJMH,0.0199,Low,0.07,Low,0.375,0,0.001075140365547726,0.0013384322,0.375,0.0759,Maintain,Mantenimiento - comunicacion periodica,Low
6516-NKQBO,0.0512,Low,2.57,Low,0.2095,0,0.03846613307848526,0.049139578,0.2095,0.0759,Maintain,Mantenimiento - comunicacion periodica,Low
1346-PJWTK,0.0881,Low,2.35,Low,0.1056,0,0.08254688806594195,0.044933077,0.1056,0.0759,Maintain,Mantenimiento - comunicacion periodica,Low
0661-KQHNK,0.0572,Low,1.48,Low,0.2225,0,0.04563373551547008,0.02829828,0.2225,0.0758,Maintain,Mantenimiento - comunicacion periodica,Low
9424-CMPOG,0.0328,Low,5.03,Medium,0.1934,0,0.01648548560506511,0.09617592,0.1934,0.0758,Maintain,Mantenimiento - comunicacion periodica,Low
1764-VUUMT,0.0216,Low,4.68,Low,0.2368,0,0.0031059610560267613,0.089483745,0.2368,0.0758,Maintain,Mantenimiento - comunicacion periodica,Low
0942-KOWSM,0.0355,Low,2.77,Low,0.25,0,0.019710906701708275,0.05296367,0.25,0.0757,Maintain,Mantenimiento - comunicacion periodica,Low
2194-IIQOF,0.0207,Low,0.02,Low,0.3726,0,0.002030820690479035,0.00038240917,0.3726,0.0757,Maintain,Mantenimiento - comunicacion periodica,Low
7184-LRUUR,0.0632,Low,6.45,Medium,0.0614,0,0.05280133795245491,0.12332696,0.0614,0.0757,Maintain,Mantenimiento - comunicacion periodica,Low
8146-QQKZH,0.0246,Low,1.65,Low,0.3143,0,0.006689762274519175,0.031548757,0.3143,0.0757,Maintain,Mantenimiento - comunicacion periodica,Low
0264-CNITK,0.02,Low,4.56,Low,0.2448,0,0.0011946004061641393,0.087189294,0.2448,0.0757,Maintain,Mantenimiento - comunicacion periodica,Low
7175-NTIXE,0.0769,Low,0.0,Low,0.2055,0,0.06916736351690358,0.0,0.2055,0.0757,Maintain,Mantenimiento - comunicacion periodica,Low
6122-LJADA,0.0238,Low,0.0,Low,0.3635,0,0.005734081949587866,0.0,0.3635,0.0756,Maintain,Mantenimiento - comunicacion periodica,Low
0565-IYCGT,0.0555,Low,0.05,Low,0.2674,0,0.04360291482499105,0.000956023,0.2674,0.0756,Maintain,Mantenimiento - comunicacion periodica,Low
8413-YNHNV,0.0233,Low,0.06,Low,0.3629,0,0.005136781746505796,0.0011472275,0.3629,0.0755,Maintain,Mantenimiento - comunicacion periodica,Low
4501-UYKBC,0.0637,Low,2.98,Low,0.1586,0,0.05339863815553698,0.056978967,0.1586,0.0755,Maintain,Mantenimiento - comunicacion periodica,Low
9975-GPKZU,0.0223,Low,4.86,Low,0.2279,0,0.003942181340341657,0.09292544,0.2279,0.0754,Maintain,Mantenimiento - comunicacion periodica,Low
3173-WSSUE,0.0231,Low,4.95,Low,0.2229,0,0.004897861665272966,0.09464627,0.2229,0.0754,Maintain,Mantenimiento - comunicacion periodica,Low
9770-LXDBK,0.0794,Low,0.11,Low,0.1934,0,0.07215386453231394,0.0021032505,0.1934,0.0754,Maintain,Mantenimiento - comunicacion periodica,Low
0810-BDHAW,0.0885,Low,0.0,Low,0.1691,0,0.08302472822840759,0.0,0.1691,0.0753,Maintain,Mantenimiento - comunicacion periodica,Low
6479-SZPLM,0.0248,Low,5.22,Medium,0.2093,0,0.006928682355752001,0.09980879,0.2093,0.0753,Maintain,Mantenimiento - comunicacion periodica,Low
6440-DKQGE,0.0516,Low,7.15,Medium,0.0736,0,0.03894397324095091,0.13671128,0.0736,0.0752,Maintain,Mantenimiento - comunicacion periodica,Low
5524-KHNJP,0.1056,Low,0.04,Low,0.1158,0,0.10345239517381435,0.00076481834,0.1158,0.0751,Maintain,Mantenimiento - comunicacion periodica,Low
2718-YSKCS,0.026,Low,5.06,Medium,0.2097,0,0.008362202843148966,0.09674952,0.2097,0.0751,Maintain,Mantenimiento - comunicacion periodica,Low
3719-TDVQB,0.0291,Low,5.73,Medium,0.1812,0,0.012065464102257797,0.10956023,0.1812,0.0751,Maintain,Mantenimiento - comunicacion periodica,Low
1544-JJMYL,0.0631,Low,2.63,Low,0.1685,0,0.052681877911838496,0.05028681,0.1685,0.0751,Maintain,Mantenimiento - comunicacion periodica,Low
9227-YBAXE,0.032,Low,0.0,Low,0.3361,0,0.015529805280133797,0.0,0.3361,0.075,Maintain,Mantenimiento - comunicacion periodica,Low
7619-PLRLP,0.0609,Low,0.15,Low,0.2456,0,0.0500537570182774,0.002868069,0.2456,0.075,Maintain,Mantenimiento - comunicacion periodica,Low
2789-CZANW,0.0421,Low,0.98,Low,0.2775,0,0.02759526938239159,0.01873805,0.2775,0.0749,Maintain,Mantenimiento - comunicacion periodica,Low
5394-MEITZ,0.0256,Low,2.39,Low,0.2862,0,0.007884362680683314,0.045697898,0.2862,0.0749,Maintain,Mantenimiento - comunicacion periodica,Low
5955-EPOAZ,0.0467,Low,0.01,Low,0.2908,0,0.03309043125074663,0.00019120458,0.2908,0.0748,Maintain,Mantenimiento - comunicacion periodica,Low
7672-VFMXZ,0.0539,Low,3.86,Low,0.1591,0,0.041691554175128424,0.07380497,0.1591,0.0748,Maintain,Mantenimiento - comunicacion periodica,Low
1237-WIYYZ,0.0735,Low,0.95,Low,0.1839,0,0.06510572213594552,0.018164435,0.1839,0.0748,Maintain,Mantenimiento - comunicacion periodica,Low
5680-LQOGP,0.0208,Low,0.3,Low,0.3596,0,0.002150280731095448,0.005736138,0.3596,0.0747,Maintain,Mantenimiento - comunicacion periodica,Low
3454-JFUBC,0.0211,Low,4.65,Low,0.2337,0,0.0025086608529446917,0.08891014,0.2337,0.0747,Maintain,Mantenimiento - comunicacion periodica,Low
8414-OOEEL,0.0377,Low,3.11,Low,0.2286,0,0.02233902759526938,0.059464626,0.2286,0.0747,Maintain,Mantenimiento - comunicacion periodica,Low
2251-PYLPB,0.0211,Low,3.52,Low,0.2662,0,0.0025086608529446917,0.067304015,0.2662,0.0747,Maintain,Mantenimiento - comunicacion periodica,Low
7515-LODFU,0.0207,Low,4.31,Low,0.2442,0,0.002030820690479035,0.08240918,0.2442,0.0746,Maintain,Mantenimiento - comunicacion periodica,Low
1131-QQZEB,0.0196,Low,0.64,Low,0.3528,0,0.0007167602436984827,0.012237093,0.3528,0.0746,Maintain,Mantenimiento - comunicacion periodica,Low
0562-HKHML,0.0217,Low,0.61,Low,0.3473,0,0.0032254210966431744,0.011663481,0.3473,0.0746,Maintain,Mantenimiento - comunicacion periodica,Low
9140-CZQZZ,0.0228,Low,3.15,Low,0.2714,0,0.004539481543423727,0.060229447,0.2714,0.0746,Maintain,Mantenimiento - comunicacion periodica,Low
5186-PEIZU,0.0311,Low,1.12,Low,0.3041,0,0.01445466491458607,0.021414915,0.3041,0.0745,Maintain,Mantenimiento - comunicacion periodica,Low
1027-LKKQQ,0.0256,Low,2.57,Low,0.2783,0,0.007884362680683314,0.049139578,0.2783,0.0743,Maintain,Mantenimiento - comunicacion periodica,Low
1862-QRWPE,0.021,Low,4.07,Low,0.2488,0,0.0023892008123282786,0.07782027,0.2488,0.0743,Maintain,Mantenimiento - comunicacion periodica,Low
9677-AVKED,0.0788,Low,0.0,Low,0.193,0,0.07143710428861545,0.0,0.193,0.0743,Maintain,Mantenimiento - comunicacion periodica,Low
9365-CSLBQ,0.0206,Low,0.2,Low,0.3611,0,0.001911360649862622,0.003824092,0.3611,0.0743,Maintain,Mantenimiento - comunicacion periodica,Low
8623-ULFNQ,0.0994,Low,0.28,Low,0.1234,0,0.0960458726555967,0.005353729,0.1234,0.0743,Maintain,Mantenimiento - comunicacion periodica,Low
9063-ZGTUY,0.0742,Low,0.93,Low,0.1794,0,0.06594194242026043,0.017782027,0.1794,0.0742,Maintain,Mantenimiento - comunicacion periodica,Low
8544-JNBOX,0.0211,Low,4.03,Low,0.249,0,0.0025086608529446917,0.077055454,0.249,0.0742,Maintain,Mantenimiento - comunicacion periodica,Low
0174-QRVVY,0.021,Low,0.0,Low,0.3648,0,0.0023892008123282786,0.0,0.3648,0.0742,Maintain,Mantenimiento - comunicacion periodica,Low
1088-AUUZZ,0.0271,Low,7.18,Medium,0.1402,0,0.009676263289929519,0.13728489,0.1402,0.0741,Maintain,Mantenimiento - comunicacion periodica,Low
5324-KTGCG,0.0269,Low,0.11,Low,0.3439,0,0.009437343208696693,0.0021032505,0.3439,0.0741,Maintain,Mantenimiento - comunicacion periodica,Low
6997-UVGOX,0.0208,Low,0.17,Low,0.3601,0,0.002150280731095448,0.003250478,0.3601,0.0741,Maintain,Mantenimiento - comunicacion periodica,Low
4957-SREEC,0.0196,Low,4.32,Low,0.2443,0,0.0007167602436984827,0.082600385,0.2443,0.074,Maintain,Mantenimiento - comunicacion periodica,Low
9453-PATOS,0.0201,Low,0.34,Low,0.3563,0,0.0013140604467805524,0.006500956,0.3563,0.0739,Maintain,Mantenimiento - comunicacion periodica,Low
9585-KKMFD,0.0232,Low,4.71,Low,0.2215,0,0.005017321705889379,0.090057366,0.2215,0.0738,Maintain,Mantenimiento - comunicacion periodica,Low
9881-VCZEP,0.0652,Low,4.61,Low,0.0988,0,0.05519053876478317,0.088145316,0.0988,0.0738,Maintain,Mantenimiento - comunicacion periodica,Low
7622-FWGEW,0.0275,Low,0.27,Low,0.3357,0,0.010154103452395175,0.005162524,0.3357,0.0738,Maintain,Mantenimiento - comunicacion periodica,Low
4900-MSOMT,0.0263,Low,3.6,Low,0.2438,0,0.008720582964998209,0.06883365,0.2438,0.0738,Maintain,Mantenimiento - comunicacion periodica,Low
6479-VDGRK,0.0208,Low,0.33,Low,0.354,0,0.002150280731095448,0.006309752,0.354,0.0738,Maintain,Mantenimiento - comunicacion periodica,Low
7009-PCARS,0.0259,Low,1.45,Low,0.3062,0,0.008242742802532553,0.027724667,0.3062,0.0737,Maintain,Mantenimiento - comunicacion periodica,Low
8347-GDTMP,0.0237,Low,5.22,Medium,0.2048,0,0.005614621908971449,0.09980879,0.2048,0.0737,Maintain,Mantenimiento - comunicacion periodica,Low
0827-ITJPH,0.0247,Low,5.56,Medium,0.1917,0,0.006809222315135588,0.10630975,0.1917,0.0736,Maintain,Mantenimiento - comunicacion periodica,Low
9415-ZNBSX,0.02,Low,0.0,Low,0.3644,0,0.0011946004061641393,0.0,0.3644,0.0735,Maintain,Mantenimiento - comunicacion periodica,Low
4323-ELYYB,0.0277,Low,0.57,Low,0.325,0,0.010393023533628,0.010898662,0.325,0.0735,Maintain,Mantenimiento - comunicacion periodica,Low
0404-AHASP,0.024,Low,4.95,Low,0.2101,0,0.005973002030820692,0.09464627,0.2101,0.0734,Maintain,Mantenimiento - comunicacion periodica,Low
8434-PNQZX,0.0424,Low,4.32,Low,0.1726,0,0.027953649504240834,0.082600385,0.1726,0.0733,Maintain,Mantenimiento - comunicacion periodica,Low
3642-BYHDO,0.0207,Low,4.69,Low,0.227,0,0.002030820690479035,0.08967496,0.227,0.0733,Maintain,Mantenimiento - comunicacion periodica,Low
9367-OIUXP,0.0554,Low,0.07,Low,0.2557,0,0.04348345478437463,0.0013384322,0.2557,0.0733,Maintain,Mantenimiento - comunicacion periodica,Low
4656-CAURT,0.0206,Low,0.63,Low,0.3433,0,0.001911360649862622,0.012045889,0.3433,0.0732,Maintain,Mantenimiento - comunicacion periodica,Low
4121-AGSIN,0.0217,Low,0.0,Low,0.3575,0,0.0032254210966431744,0.0,0.3575,0.0731,Maintain,Mantenimiento - comunicacion periodica,Low
2933-XEUJM,0.0522,Low,3.78,Low,0.1578,0,0.039660733484649394,0.07227533,0.1578,0.0731,Maintain,Mantenimiento - comunicacion periodica,Low
6368-NWMCE,0.0925,Low,0.0,Low,0.1455,0,0.08780312985306415,0.0,0.1455,0.073,Maintain,Mantenimiento - comunicacion periodica,Low
1813-JLKWR,0.0278,Low,0.83,Low,0.3148,0,0.010512483574244414,0.01586998,0.3148,0.073,Maintain,Mantenimiento - comunicacion periodica,Low
7695-PKLCZ,0.0197,Low,4.23,Low,0.2411,0,0.0008362202843148958,0.08087954,0.2411,0.0729,Maintain,Mantenimiento - comunicacion periodica,Low
9488-FVZCC,0.0235,Low,3.42,Low,0.2531,0,0.0053757018277386225,0.06539197,0.2531,0.0729,Maintain,Mantenimiento - comunicacion periodica,Low
4973-MGTON,0.021,Low,0.16,Low,0.3537,0,0.0023892008123282786,0.0030592734,0.3537,0.0729,Maintain,Mantenimiento - comunicacion periodica,Low
6901-GOGZG,0.043,Low,0.0,Low,0.2925,0,0.028670409747939312,0.0,0.2925,0.0728,Maintain,Mantenimiento - comunicacion periodica,Low
4836-WNFNO,0.0192,Low,0.0,Low,0.3632,0,0.00023892008123282618,0.0,0.3632,0.0728,Maintain,Mantenimiento - comunicacion periodica,Low
8336-TAVKX,0.0293,Low,3.83,Low,0.223,0,0.012304384183490624,0.073231354,0.223,0.0727,Maintain,Mantenimiento - comunicacion periodica,Low
8434-VGEQQ,0.0205,Low,4.09,Low,0.2415,0,0.0017919006092462087,0.07820268,0.2415,0.0727,Maintain,Mantenimiento - comunicacion periodica,Low
9625-RZFUK,0.0251,Low,5.02,Medium,0.201,0,0.0072870624776012445,0.095984705,0.201,0.0726,Maintain,Mantenimiento - comunicacion periodica,Low
7869-ZYDST,0.0733,Low,0.0,Low,0.2006,0,0.06486680205471271,0.0,0.2006,0.0726,Maintain,Mantenimiento - comunicacion periodica,Low
6408-WHTEF,0.0209,Low,0.02,Low,0.3568,0,0.002269740771711861,0.00038240917,0.3568,0.0726,Maintain,Mantenimiento - comunicacion periodica,Low
1927-QEWMY,0.0192,Low,4.23,Low,0.241,0,0.00023892008123282618,0.08087954,0.241,0.0726,Maintain,Mantenimiento - comunicacion periodica,Low
5884-FBCTL,0.0194,Low,0.0,Low,0.362,0,0.00047784016246565653,0.0,0.362,0.0726,Maintain,Mantenimiento - comunicacion periodica,Low
6873-UDNLD,0.0949,Low,1.16,Low,0.1025,0,0.09067017082785808,0.022179732,0.1025,0.0725,Maintain,Mantenimiento - comunicacion periodica,Low
4468-KAZHE,0.0957,Low,0.52,Low,0.1187,0,0.09162585115278939,0.009942639,0.1187,0.0725,Maintain,Mantenimiento - comunicacion periodica,Low
7115-IRDHS,0.0191,Low,0.05,Low,0.3609,0,0.00011946004061641309,0.000956023,0.3609,0.0725,Maintain,Mantenimiento - comunicacion periodica,Low
9578-FOMUK,0.0424,Low,0.0,Low,0.2915,0,0.027953649504240834,0.0,0.2915,0.0723,Maintain,Mantenimiento - comunicacion periodica,Low
1272-ILHFG,0.0456,Low,1.03,Low,0.2521,0,0.03177637080396608,0.019694073,0.2521,0.0722,Maintain,Mantenimiento - comunicacion periodica,Low
8050-DVOJX,0.0336,Low,2.28,Low,0.252,0,0.017441165929996415,0.043594647,0.252,0.0722,Maintain,Mantenimiento - comunicacion periodica,Low
4231-LZUYM,0.0195,Low,0.0,Low,0.3597,0,0.0005973002030820697,0.0,0.3597,0.0722,Maintain,Mantenimiento - comunicacion periodica,Low
5793-YOLJN,0.0202,Low,3.94,Low,0.2444,0,0.0014335204873969654,0.07533461,0.2444,0.0722,Maintain,Mantenimiento - comunicacion periodica,Low
7711-GQBZC,0.0193,Low,0.0,Low,0.3594,0,0.0003583801218492434,0.0,0.3594,0.0721,Maintain,Mantenimiento - comunicacion periodica,Low
2925-MXLSX,0.0851,Low,3.02,Low,0.0763,0,0.07896308684744953,0.057743788,0.0763,0.0721,Maintain,Mantenimiento - comunicacion periodica,Low
0744-BIKKF,0.0229,Low,0.0,Low,0.3488,0,0.00465894158404014,0.0,0.3488,0.0721,Maintain,Mantenimiento - comunicacion periodica,Low
3050-RLLXC,0.0308,Low,2.99,Low,0.2392,0,0.014096284792736832,0.05717017,0.2392,0.072,Maintain,Mantenimiento - comunicacion periodica,Low
1492-KGETH,0.0564,Low,0.0,Low,0.2484,0,0.044678055190538774,0.0,0.2484,0.072,Maintain,Mantenimiento - comunicacion periodica,Low
3259-QMXUN,0.0446,Low,0.01,Low,0.2832,0,0.03058177039780194,0.00019120458,0.2832,0.072,Maintain,Mantenimiento - comunicacion periodica,Low
9805-FILKB,0.0242,Low,0.44,Low,0.3312,0,0.006211922112053518,0.008413002,0.3312,0.0719,Maintain,Mantenimiento - comunicacion periodica,Low
4425-OWHWB,0.0406,Low,1.25,Low,0.2589,0,0.02580336877314538,0.023900574,0.2589,0.0719,Maintain,Mantenimiento - comunicacion periodica,Low
7096-ZNBZI,0.0203,Low,0.43,Low,0.3435,0,0.0015529805280133785,0.008221798,0.3435,0.0719,Maintain,Mantenimiento - comunicacion periodica,Low
6696-YDAYZ,0.0212,Low,4.12,Low,0.2345,0,0.0026281208935611047,0.07877629,0.2345,0.0718,Maintain,Mantenimiento - comunicacion periodica,Low
6261-LHRTG,0.0896,Low,3.63,Low,0.0442,0,0.08433878867518815,0.06940727,0.0442,0.0718,Maintain,Mantenimiento - comunicacion periodica,Low
8591-NXRCV,0.1037,Low,0.0,Low,0.1061,0,0.1011826544021025,0.0,0.1061,0.0718,Maintain,Mantenimiento - comunicacion periodica,Low
5816-JMLGY,0.0242,Low,2.72,Low,0.2656,0,0.006211922112053518,0.05200765,0.2656,0.0718,Maintain,Mantenimiento - comunicacion periodica,Low
0016-QLJIS,0.0211,Low,0.01,Low,0.3521,0,0.0025086608529446917,0.00019120458,0.3521,0.0717,Maintain,Mantenimiento - comunicacion periodica,Low
5970-GHJAW,0.0206,Low,4.72,Low,0.2182,0,0.001911360649862622,0.09024856,0.2182,0.0717,Maintain,Mantenimiento - comunicacion periodica,Low
2984-RGEYA,0.0259,Low,4.92,Low,0.197,0,0.008242742802532553,0.09407266,0.197,0.0717,Maintain,Mantenimiento - comunicacion periodica,Low
5980-BDHPY,0.0201,Low,0.0,Low,0.3549,0,0.0013140604467805524,0.0,0.3549,0.0716,Maintain,Mantenimiento - comunicacion periodica,Low
9058-HRZSV,0.0797,Low,2.22,Low,0.1128,0,0.07251224465416317,0.04244742,0.1128,0.0716,Maintain,Mantenimiento - comunicacion periodica,Low
1599-EAHXY,0.0236,Low,0.05,Low,0.3427,0,0.005495161868355036,0.000956023,0.3427,0.0716,Maintain,Mantenimiento - comunicacion periodica,Low
8197-BFWVU,0.0271,Low,0.11,Low,0.3304,0,0.009676263289929519,0.0021032505,0.3304,0.0715,Maintain,Mantenimiento - comunicacion periodica,Low
3635-QQRQD,0.0224,Low,4.61,Low,0.2151,0,0.00406164138095807,0.088145316,0.2151,0.0715,Maintain,Mantenimiento - comunicacion periodica,Low
1697-BCSHV,0.0568,Low,0.0,Low,0.2439,0,0.045155895353004426,0.0,0.2439,0.0714,Maintain,Mantenimiento - comunicacion periodica,Low
4896-CPRPF,0.0243,Low,0.07,Low,0.339,0,0.006331382152669931,0.0013384322,0.339,0.0714,Maintain,Mantenimiento - comunicacion periodica,Low
3658-QQJYD,0.0647,Low,0.78,Low,0.1975,0,0.054593238561701105,0.014913958,0.1975,0.0713,Maintain,Mantenimiento - comunicacion periodica,Low
4369-NYSCF,0.0748,Low,0.77,Low,0.168,0,0.06665870266395892,0.014722753,0.168,0.0713,Maintain,Mantenimiento - comunicacion periodica,Low
3996-ZNWYK,0.021,Low,4.82,Low,0.2123,0,0.0023892008123282786,0.09216062,0.2123,0.0713,Maintain,Mantenimiento - comunicacion periodica,Low
2607-DHDAK,0.0215,Low,4.82,Low,0.2108,0,0.002986501015410344,0.09216062,0.2108,0.0713,Maintain,Mantenimiento - comunicacion periodica,Low
1057-FOGLZ,0.071,Low,0.86,Low,0.1764,0,0.062119221120535174,0.016443595,0.1764,0.0713,Maintain,Mantenimiento - comunicacion periodica,Low
6691-CCIHA,0.0385,Low,0.0,Low,0.2983,0,0.023294707920200695,0.0,0.2983,0.0713,Maintain,Mantenimiento - comunicacion periodica,Low
8080-POTJR,0.0969,Low,0.0,Low,0.1234,0,0.09305937164018636,0.0,0.1234,0.0712,Maintain,Mantenimiento - comunicacion periodica,Low
2429-AYKKO,0.0226,Low,4.76,Low,0.2087,0,0.004300561462190896,0.09101339,0.2087,0.0712,Maintain,Mantenimiento - comunicacion periodica,Low
2364-UFROM,0.0554,Low,1.8,Low,0.1954,0,0.04348345478437463,0.034416825,0.1954,0.0711,Maintain,Mantenimiento - comunicacion periodica,Low
2696-RZVZW,0.0225,Low,0.0,Low,0.3448,0,0.004181101421574483,0.0,0.3448,0.0711,Maintain,Mantenimiento - comunicacion periodica,Low
6532-YLWSI,0.0228,Low,0.12,Low,0.3409,0,0.004539481543423727,0.002294455,0.3409,0.0711,Maintain,Mantenimiento - comunicacion periodica,Low
3569-VLDHH,0.0519,Low,0.21,Low,0.2505,0,0.03930235336280014,0.004015296,0.2505,0.071,Maintain,Mantenimiento - comunicacion periodica,Low
9838-BFCQT,0.0201,Low,0.0,Low,0.3518,0,0.0013140604467805524,0.0,0.3518,0.071,Maintain,Mantenimiento - comunicacion periodica,Low
7234-KMNRQ,0.0697,Low,1.35,Low,0.1644,0,0.060566240592521796,0.02581262,0.1644,0.0709,Maintain,Mantenimiento - comunicacion periodica,Low
9027-YFHQJ,0.0457,Low,0.0,Low,0.2744,0,0.03189583084458249,0.0,0.2744,0.0708,Maintain,Mantenimiento - comunicacion periodica,Low
9646-NMHXE,0.0248,Low,5.02,Medium,0.1921,0,0.006928682355752001,0.095984705,0.1921,0.0707,Maintain,Mantenimiento - comunicacion periodica,Low
7156-MXBJE,0.0656,Low,0.0,Low,0.2145,0,0.055668378927248845,0.0,0.2145,0.0707,Maintain,Mantenimiento - comunicacion periodica,Low
7873-CVMAW,0.0243,Low,0.0,Low,0.3371,0,0.006331382152669931,0.0,0.3371,0.0706,Maintain,Mantenimiento - comunicacion periodica,Low
2108-GLPQB,0.068,Low,3.61,Low,0.103,0,0.05853541990204277,0.06902485,0.103,0.0706,Maintain,Mantenimiento - comunicacion periodica,Low
7838-LAZFO,0.0607,Low,0.44,Low,0.2159,0,0.04981483693704456,0.008413002,0.2159,0.0706,Maintain,Mantenimiento - comunicacion periodica,Low
1431-CYWMH,0.0632,Low,1.41,Low,0.1805,0,0.05280133795245491,0.026959848,0.1805,0.0706,Maintain,Mantenimiento - comunicacion periodica,Low
9114-DPSIA,0.0256,Low,2.51,Low,0.2611,0,0.007884362680683314,0.047992352,0.2611,0.0706,Maintain,Mantenimiento - comunicacion periodica,Low
1568-BEKZM,0.0254,Low,0.05,Low,0.3322,0,0.007645442599450484,0.000956023,0.3322,0.0705,Maintain,Mantenimiento - comunicacion periodica,Low
2000-DHJUY,0.0276,Low,0.09,Low,0.3244,0,0.010273563493011588,0.0017208414,0.3244,0.0705,Maintain,Mantenimiento - comunicacion periodica,Low
3653-NCRDJ,0.0304,Low,1.35,Low,0.2797,0,0.013618444630271176,0.02581262,0.2797,0.0705,Maintain,Mantenimiento - comunicacion periodica,Low
0480-KYJVA,0.0193,Low,0.3,Low,0.3428,0,0.0003583801218492434,0.005736138,0.3428,0.0705,Maintain,Mantenimiento - comunicacion periodica,Low
9067-YGSCA,0.0251,Low,0.0,Low,0.3345,0,0.0072870624776012445,0.0,0.3345,0.0705,Maintain,Mantenimiento - comunicacion periodica,Low
2320-YKQBO,0.0747,Low,1.2,Low,0.1514,0,0.0665392426233425,0.022944553,0.1514,0.0704,Maintain,Mantenimiento - comunicacion periodica,Low
9135-MGVPY,0.0191,Low,0.28,Low,0.3436,0,0.00011946004061641309,0.005353729,0.3436,0.0704,Maintain,Mantenimiento - comunicacion periodica,Low
7471-MQPOS,0.0667,Low,0.0,Low,0.2096,0,0.05698243937402938,0.0,0.2096,0.0704,Maintain,Mantenimiento - comunicacion periodica,Low
3863-QSTYI,0.0517,Low,0.0,Low,0.2544,0,0.03906343328156733,0.0,0.2544,0.0704,Maintain,Mantenimiento - comunicacion periodica,Low
2926-JEJJC,0.0499,Low,0.4,Low,0.2478,0,0.03691315255047187,0.007648184,0.2478,0.0703,Maintain,Mantenimiento - comunicacion periodica,Low
8097-OMULG,0.0576,Low,0.0,Low,0.2362,0,0.04611157567793573,0.0,0.2362,0.0703,Maintain,Mantenimiento - comunicacion periodica,Low
2990-IAJSV,0.0243,Low,0.09,Low,0.3329,0,0.006331382152669931,0.0017208414,0.3329,0.0703,Maintain,Mantenimiento - comunicacion periodica,Low
0559-CKHUS,0.0252,Low,5.08,Medium,0.1865,0,0.007406522518217658,0.09713193,0.1865,0.0701,Maintain,Mantenimiento - comunicacion periodica,Low
4759-PXTAN,0.0885,Low,0.06,Low,0.1409,0,0.08302472822840759,0.0011472275,0.1409,0.07,Maintain,Mantenimiento - comunicacion periodica,Low
3620-EHIMZ,0.0286,Low,5.3,Medium,0.1691,0,0.011468163899175727,0.10133844,0.1691,0.07,Maintain,Mantenimiento - comunicacion periodica,Low
5222-JCXZT,0.0723,Low,1.36,Low,0.1515,0,0.06367220164854856,0.026003825,0.1515,0.0699,Maintain,Mantenimiento - comunicacion periodica,Low
0831-JNISG,0.021,Low,4.82,Low,0.2046,0,0.0023892008123282786,0.09216062,0.2046,0.0698,Maintain,Mantenimiento - comunicacion periodica,Low
2096-XOTMO,0.0422,Low,1.19,Low,0.2458,0,0.027714729423008008,0.022753347,0.2458,0.0698,Maintain,Mantenimiento - comunicacion periodica,Low
4104-PVRPS,0.0612,Low,5.37,Medium,0.0689,0,0.050412137140126635,0.10267686,0.0689,0.0698,Maintain,Mantenimiento - comunicacion periodica,Low
0635-WKOLD,0.0586,Low,1.85,Low,0.1775,0,0.047306176084099864,0.03537285,0.1775,0.0698,Maintain,Mantenimiento - comunicacion periodica,Low
8734-FNWVH,0.0857,Low,0.23,Low,0.1431,0,0.079679847091148,0.0043977057,0.1431,0.0698,Maintain,Mantenimiento - comunicacion periodica,Low
6890-PFRQX,0.0928,Low,0.0,Low,0.128,0,0.08816150997491339,0.0,0.128,0.0697,Maintain,Mantenimiento - comunicacion periodica,Low
8782-NUUOL,0.0577,Low,0.23,Low,0.2265,0,0.046231035718552145,0.0043977057,0.2265,0.0697,Maintain,Mantenimiento - comunicacion periodica,Low
0640-YJTPY,0.0199,Low,3.91,Low,0.2335,0,0.001075140365547726,0.074760996,0.2335,0.0697,Maintain,Mantenimiento - comunicacion periodica,Low
3764-MNMOI,0.0237,Low,5.4,Medium,0.1797,0,0.005614621908971449,0.10325048,0.1797,0.0697,Maintain,Mantenimiento - comunicacion periodica,Low
3398-GCPMU,0.0266,Low,0.0,Low,0.326,0,0.009078963086847448,0.0,0.326,0.0697,Maintain,Mantenimiento - comunicacion periodica,Low
6980-CDGFC,0.0239,Low,0.07,Low,0.3321,0,0.005853541990204279,0.0013384322,0.3321,0.0697,Maintain,Mantenimiento - comunicacion periodica,Low
2961-VNFKL,0.0227,Low,0.0,Low,0.3369,0,0.004420021502807314,0.0,0.3369,0.0696,Maintain,Mantenimiento - comunicacion periodica,Low
5791-KAJFD,0.0504,Low,3.33,Low,0.1585,0,0.037510452753553934,0.06367113,0.1585,0.0696,Maintain,Mantenimiento - comunicacion periodica,Low
7469-LKBCI,0.0262,Low,5.58,Medium,0.1666,0,0.008601122924381796,0.10669216,0.1666,0.0696,Maintain,Mantenimiento - comunicacion periodica,Low
8232-UTFOZ,0.0202,Low,4.69,Low,0.2101,0,0.0014335204873969654,0.08967496,0.2101,0.0696,Maintain,Mantenimiento - comunicacion periodica,Low
0464-WJTKO,0.0206,Low,4.63,Low,0.2104,0,0.001911360649862622,0.08852773,0.2104,0.0696,Maintain,Mantenimiento - comunicacion periodica,Low
7833-PKIHD,0.0694,Low,0.55,Low,0.1813,0,0.060207860470672565,0.010516252,0.1813,0.0695,Maintain,Mantenimiento - comunicacion periodica,Low
8043-PNYSD,0.0276,Low,5.12,Medium,0.1749,0,0.010273563493011588,0.09789675,0.1749,0.0695,Maintain,Mantenimiento - comunicacion periodica,Low
5687-DKDTV,0.1144,Low,0.14,Low,0.0587,0,0.11396487874805877,0.0026768644,0.0587,0.0695,Maintain,Mantenimiento - comunicacion periodica,Low
4718-WXBGI,0.0236,Low,0.05,Low,0.3313,0,0.005495161868355036,0.000956023,0.3313,0.0693,Maintain,Mantenimiento - comunicacion periodica,Low
2890-WFBHU,0.0565,Low,0.0,Low,0.2339,0,0.04479751523115519,0.0,0.2339,0.0692,Maintain,Mantenimiento - comunicacion periodica,Low
0780-XNZFN,0.0227,Low,4.06,Low,0.2185,0,0.004420021502807314,0.07762906,0.2185,0.0692,Maintain,Mantenimiento - comunicacion periodica,Low
5136-RGMZO,0.1088,Low,0.0,Low,0.0777,0,0.1072751164735396,0.0,0.0777,0.0692,Maintain,Mantenimiento - comunicacion periodica,Low
7033-CLAMM,0.0208,Low,4.59,Low,0.2088,0,0.002150280731095448,0.08776291,0.2088,0.0692,Maintain,Mantenimiento - comunicacion periodica,Low
1293-BSEUN,0.02,Low,4.01,Low,0.2279,0,0.0011946004061641393,0.076673046,0.2279,0.0692,Maintain,Mantenimiento - comunicacion periodica,Low
9108-EQPNQ,0.0287,Low,0.08,Low,0.3142,0,0.01158762393979214,0.0015296367,0.3142,0.0691,Maintain,Mantenimiento - comunicacion periodica,Low
0505-SPOOW,0.0208,Low,4.86,Low,0.2009,0,0.002150280731095448,0.09292544,0.2009,0.0691,Maintain,Mantenimiento - comunicacion periodica,Low
6992-TKNYO,0.0722,Low,2.83,Low,0.1049,0,0.06355274160793214,0.0541109,0.1049,0.069,Maintain,Mantenimiento - comunicacion periodica,Low
5117-ZSMHQ,0.022,Low,0.0,Low,0.336,0,0.0035838012184924136,0.0,0.336,0.069,Maintain,Mantenimiento - comunicacion periodica,Low
3585-YNADK,0.0475,Low,0.0,Low,0.2594,0,0.03404611157567794,0.0,0.2594,0.0689,Maintain,Mantenimiento - comunicacion periodica,Low
8144-DGHXP,0.0415,Low,2.57,Low,0.2034,0,0.02687850913869311,0.049139578,0.2034,0.0689,Maintain,Mantenimiento - comunicacion periodica,Low
1052-QJIBV,0.0208,Low,4.68,Low,0.2047,0,0.002150280731095448,0.089483745,0.2047,0.0689,Maintain,Mantenimiento - comunicacion periodica,Low
7398-HPYZQ,0.022,Low,0.05,Low,0.3336,0,0.0035838012184924136,0.000956023,0.3336,0.0688,Maintain,Mantenimiento - comunicacion periodica,Low
7301-ABVAD,0.0259,Low,0.18,Low,0.318,0,0.008242742802532553,0.0034416828,0.318,0.0688,Maintain,Mantenimiento - comunicacion periodica,Low
3810-PJUHR,0.0213,Low,0.0,Low,0.3371,0,0.002747580934177518,0.0,0.3371,0.0688,Maintain,Mantenimiento - comunicacion periodica,Low
3696-XRIEN,0.0553,Low,0.0,Low,0.2356,0,0.04336399474375821,0.0,0.2356,0.0688,Maintain,Mantenimiento - comunicacion periodica,Low
7401-JIXNM,0.0258,Low,0.0,Low,0.3232,0,0.00812328276191614,0.0,0.3232,0.0687,Maintain,Mantenimiento - comunicacion periodica,Low
9135-HSWOC,0.0283,Low,5.03,Medium,0.1713,0,0.011109783777326484,0.09617592,0.1713,0.0687,Maintain,Mantenimiento - comunicacion periodica,Low
8374-UULRV,0.023,Low,0.35,Low,0.3213,0,0.004778401624656553,0.0066921604,0.3213,0.0687,Maintain,Mantenimiento - comunicacion periodica,Low
7225-IILWY,0.0206,Low,0.0,Low,0.3381,0,0.001911360649862622,0.0,0.3381,0.0686,Maintain,Mantenimiento - comunicacion periodica,Low
4667-QONEA,0.0503,Low,0.44,Low,0.2364,0,0.03739099271293752,0.008413002,0.2364,0.0685,Maintain,Mantenimiento - comunicacion periodica,Low
1945-XISKS,0.0248,Low,4.98,Low,0.1825,0,0.006928682355752001,0.09521989,0.1825,0.0685,Maintain,Mantenimiento - comunicacion periodica,Low
4135-FRWKJ,0.0825,Low,0.1,Low,0.1494,0,0.07585712579142277,0.001912046,0.1494,0.0684,Maintain,Mantenimiento - comunicacion periodica,Low
0962-CQPWQ,0.0208,Low,4.36,Low,0.2109,0,0.002150280731095448,0.0833652,0.2109,0.0683,Maintain,Mantenimiento - comunicacion periodica,Low
7463-IFMQU,0.0196,Low,4.58,Low,0.2085,0,0.0007167602436984827,0.0875717,0.2085,0.0683,Maintain,Mantenimiento - comunicacion periodica,Low
8750-QWZAJ,0.0213,Low,4.78,Low,0.1964,0,0.002747580934177518,0.091395795,0.1964,0.0681,Maintain,Mantenimiento - comunicacion periodica,Low
2862-JVEOY,0.0594,Low,1.48,Low,0.1776,0,0.04826185640903119,0.02829828,0.1776,0.0681,Maintain,Mantenimiento - comunicacion periodica,Low
2234-EOFPT,0.023,Low,3.37,Low,0.2319,0,0.004778401624656553,0.064435944,0.2319,0.0681,Maintain,Mantenimiento - comunicacion periodica,Low
4573-JKNAE,0.0278,Low,5.18,Medium,0.1659,0,0.010512483574244414,0.09904397,0.1659,0.0681,Maintain,Mantenimiento - comunicacion periodica,Low
6979-TNDEU,0.0853,Low,1.26,Low,0.1057,0,0.07920200692868236,0.024091778,0.1057,0.068,Maintain,Mantenimiento - comunicacion periodica,Low
5774-QPLTF,0.023,Low,0.35,Low,0.3178,0,0.004778401624656553,0.0066921604,0.3178,0.068,Maintain,Mantenimiento - comunicacion periodica,Low
2245-ADZFJ,0.0588,Low,3.64,Low,0.1167,0,0.0475450961653327,0.06959847,0.1167,0.068,Maintain,Mantenimiento - comunicacion periodica,Low
2400-FEQME,0.0206,Low,4.26,Low,0.2127,0,0.001911360649862622,0.08145316,0.2127,0.0679,Maintain,Mantenimiento - comunicacion periodica,Low
9938-ZREHM,0.0957,Low,1.62,Low,0.0641,0,0.09162585115278939,0.030975144,0.0641,0.0679,Maintain,Mantenimiento - comunicacion periodica,Low
8224-KDLKN,0.0198,Low,0.0,Low,0.3365,0,0.0009556803249313131,0.0,0.3365,0.0678,Maintain,Mantenimiento - comunicacion periodica,Low
5760-WRAHC,0.0937,Low,0.02,Low,0.1151,0,0.08923665034046112,0.00038240917,0.1151,0.0678,Maintain,Mantenimiento - comunicacion periodica,Low
1852-QSWCD,0.0221,Low,0.07,Low,0.3275,0,0.003703261259108831,0.0013384322,0.3275,0.0678,Maintain,Mantenimiento - comunicacion periodica,Low
5049-MUBWG,0.082,Low,0.14,Low,0.1468,0,0.0752598255883407,0.0026768644,0.1468,0.0678,Maintain,Mantenimiento - comunicacion periodica,Low
3378-AJRAO,0.0261,Low,0.09,Low,0.3147,0,0.008481662883765383,0.0017208414,0.3147,0.0677,Maintain,Mantenimiento - comunicacion periodica,Low
3678-MNGZX,0.0199,Low,4.69,Low,0.2011,0,0.001075140365547726,0.08967496,0.2011,0.0677,Maintain,Mantenimiento - comunicacion periodica,Low
5848-FHRFC,0.021,Low,4.59,Low,0.2005,0,0.0023892008123282786,0.08776291,0.2005,0.0676,Maintain,Mantenimiento - comunicacion periodica,Low
0031-PVLZI,0.1017,Low,0.16,Low,0.0862,0,0.09879345358977422,0.0030592734,0.0862,0.0676,Maintain,Mantenimiento - comunicacion periodica,Low
4933-BSAIP,0.0254,Low,5.57,Medium,0.1584,0,0.007645442599450484,0.10650096,0.1584,0.0675,Maintain,Mantenimiento - comunicacion periodica,Low
6892-BOGQE,0.0206,Low,3.95,Low,0.2194,0,0.001911360649862622,0.07552581,0.2194,0.0675,Maintain,Mantenimiento - comunicacion periodica,Low
6339-RZCBJ,0.0298,Low,3.39,Low,0.2079,0,0.012901684386572692,0.06481836,0.2079,0.0675,Maintain,Mantenimiento - comunicacion periodica,Low
2545-LXYVJ,0.0204,Low,4.0,Low,0.2187,0,0.0016724405686297957,0.076481834,0.2187,0.0675,Maintain,Mantenimiento - comunicacion periodica,Low
0704-VCUMB,0.0206,Low,4.4,Low,0.2059,0,0.001911360649862622,0.08413002,0.2059,0.0674,Maintain,Mantenimiento - comunicacion periodica,Low
0379-DJQHR,0.0378,Low,1.86,Low,0.2275,0,0.022458487635885798,0.035564054,0.2275,0.0674,Maintain,Mantenimiento - comunicacion periodica,Low
4717-GHADL,0.0432,Low,3.73,Low,0.1573,0,0.028909329829172145,0.07131931,0.1573,0.0673,Maintain,Mantenimiento - comunicacion periodica,Low
5915-ANOEI,0.0241,Low,4.21,Low,0.2005,0,0.006092462071437105,0.08049713,0.2005,0.0673,Maintain,Mantenimiento - comunicacion periodica,Low
0206-OYVOC,0.0269,Low,5.38,Medium,0.1582,0,0.009437343208696693,0.10286807,0.1582,0.0672,Maintain,Mantenimiento - comunicacion periodica,Low
4785-FCIFB,0.0216,Low,0.22,Low,0.3215,0,0.0031059610560267613,0.004206501,0.3215,0.0671,Maintain,Mantenimiento - comunicacion periodica,Low
6734-JDTTV,0.0228,Low,4.8,Low,0.1865,0,0.004539481543423727,0.09177821,0.1865,0.0671,Maintain,Mantenimiento - comunicacion periodica,Low
2908-WGAXL,0.02,Low,0.02,Low,0.3321,0,0.0011946004061641393,0.00038240917,0.3321,0.0671,Maintain,Mantenimiento - comunicacion periodica,Low
4890-VMUAV,0.0471,Low,2.32,Low,0.1846,0,0.03356827141321229,0.044359464,0.1846,0.067,Maintain,Mantenimiento - comunicacion periodica,Low
7683-CBDKJ,0.1011,Low,0.19,Low,0.0842,0,0.09807669334607573,0.0036328873,0.0842,0.067,Maintain,Mantenimiento - comunicacion periodica,Low
1657-DYMBM,0.0221,Low,4.73,Low,0.1896,0,0.003703261259108831,0.090439774,0.1896,0.0669,Maintain,Mantenimiento - comunicacion periodica,Low
5799-JRCZO,0.0252,Low,5.16,Medium,0.1679,0,0.007406522518217658,0.098661564,0.1679,0.0669,Maintain,Mantenimiento - comunicacion periodica,Low
5832-EXGTT,0.0677,Low,0.27,Low,0.181,0,0.05817703978019352,0.005162524,0.181,0.0668,Maintain,Mantenimiento - comunicacion periodica,Low
8097-VBQTZ,0.0395,Low,0.0,Low,0.2722,0,0.024489308326364832,0.0,0.2722,0.0667,Maintain,Mantenimiento - comunicacion periodica,Low
5012-YSPJJ,0.0556,Low,4.88,Low,0.0839,0,0.04372237486560745,0.093307845,0.0839,0.0666,Maintain,Mantenimiento - comunicacion periodica,Low
3166-PNEOF,0.0383,Low,0.0,Low,0.2751,0,0.02305578783896787,0.0,0.2751,0.0665,Maintain,Mantenimiento - comunicacion periodica,Low
7502-BNYGS,0.0976,Low,0.15,Low,0.0935,0,0.09389559192450127,0.002868069,0.0935,0.0665,Maintain,Mantenimiento - comunicacion periodica,Low
0396-UKGAI,0.0913,Low,3.26,Low,0.0228,0,0.08636960936566719,0.062332697,0.0228,0.0664,Maintain,Mantenimiento - comunicacion periodica,Low
3612-YVGSJ,0.0217,Low,0.08,Low,0.3214,0,0.0032254210966431744,0.0015296367,0.3214,0.0664,Maintain,Mantenimiento - comunicacion periodica,Low
2171-UDMFD,0.0564,Low,0.98,Low,0.1919,0,0.044678055190538774,0.01873805,0.1919,0.0663,Maintain,Mantenimiento - comunicacion periodica,Low
0626-QXNGV,0.0195,Low,0.32,Low,0.3204,0,0.0005973002030820697,0.0061185467,0.3204,0.0662,Maintain,Mantenimiento - comunicacion periodica,Low
4626-OZDTJ,0.071,Low,0.0,Low,0.1759,0,0.062119221120535174,0.0,0.1759,0.0662,Maintain,Mantenimiento - comunicacion periodica,Low
2616-FLVQC,0.0246,Low,5.13,Medium,0.1667,0,0.006689762274519175,0.09808796,0.1667,0.0661,Maintain,Mantenimiento - comunicacion periodica,Low
6848-YLDFR,0.0639,Low,0.63,Low,0.1776,0,0.0536375582367698,0.012045889,0.1776,0.066,Maintain,Mantenimiento - comunicacion periodica,Low
5438-QMDDL,0.1177,Low,0.5,Low,0.0207,0,0.11790706008840043,0.009560229,0.0207,0.066,Maintain,Mantenimiento - comunicacion periodica,Low
7268-WNTCP,0.0206,Low,4.31,Low,0.2016,0,0.001911360649862622,0.08240918,0.2016,0.066,Maintain,Mantenimiento - comunicacion periodica,Low
5146-YYFRZ,0.0212,Low,4.7,Low,0.1884,0,0.0026281208935611047,0.089866154,0.1884,0.066,Maintain,Mantenimiento - comunicacion periodica,Low
2801-NISEI,0.0782,Low,3.33,Low,0.0574,0,0.07072034404491698,0.06367113,0.0574,0.0659,Maintain,Mantenimiento - comunicacion periodica,Low
0253-ZTEOB,0.0427,Low,3.76,Low,0.1508,0,0.028312029626090078,0.071892925,0.1508,0.0659,Maintain,Mantenimiento - comunicacion periodica,Low
7109-CQYUZ,0.0284,Low,0.0,Low,0.3008,0,0.0112292438179429,0.0,0.3008,0.0658,Maintain,Mantenimiento - comunicacion periodica,Low
4522-XRWWI,0.0939,Low,0.0,Low,0.1046,0,0.08947557042169395,0.0,0.1046,0.0657,Maintain,Mantenimiento - comunicacion periodica,Low
5736-YEJAX,0.0247,Low,3.84,Low,0.2007,0,0.006809222315135588,0.07342256,0.2007,0.0656,Maintain,Mantenimiento - comunicacion periodica,Low
5451-MHQOF,0.0238,Low,0.05,Low,0.312,0,0.005734081949587866,0.000956023,0.312,0.0656,Maintain,Mantenimiento - comunicacion periodica,Low
9143-CANJF,0.0877,Low,3.17,Low,0.0313,0,0.08206904790347629,0.060611855,0.0313,0.0655,Maintain,Mantenimiento - comunicacion periodica,Low
4530-NDRKU,0.0317,Low,1.48,Low,0.2473,0,0.015171425158284554,0.02829828,0.2473,0.0655,Maintain,Mantenimiento - comunicacion periodica,Low
8659-HDIYE,0.0651,Low,0.0,Low,0.1893,0,0.05507107872416677,0.0,0.1893,0.0654,Maintain,Mantenimiento - comunicacion periodica,Low
6741-QRLUP,0.0285,Low,3.04,Low,0.211,0,0.011348703858559314,0.058126196,0.211,0.0653,Maintain,Mantenimiento - comunicacion periodica,Low
1897-OKVMW,0.0207,Low,0.01,Low,0.3213,0,0.002030820690479035,0.00019120458,0.3213,0.0653,Maintain,Mantenimiento - comunicacion periodica,Low
5567-GZKQY,0.0217,Low,4.34,Low,0.1937,0,0.0032254210966431744,0.08298279,0.1937,0.0652,Maintain,Mantenimiento - comunicacion periodica,Low
7690-KPNCU,0.0742,Low,0.39,Low,0.15,0,0.06594194242026043,0.007456979,0.15,0.0652,Maintain,Mantenimiento - comunicacion periodica,Low
8194-PEEBY,0.0402,Low,0.63,Low,0.2448,0,0.02532552861067973,0.012045889,0.2448,0.0652,Maintain,Mantenimiento - comunicacion periodica,Low
6332-FBZRI,0.0312,Low,3.39,Low,0.1919,0,0.014574124955202484,0.06481836,0.1919,0.0651,Maintain,Mantenimiento - comunicacion periodica,Low
3021-VLNRJ,0.0473,Low,1.56,Low,0.196,0,0.03380719149444511,0.029827915,0.196,0.0651,Maintain,Mantenimiento - comunicacion periodica,Low
0402-OAMEN,0.0195,Low,0.07,Low,0.3221,0,0.0005973002030820697,0.0013384322,0.3221,0.0651,Maintain,Mantenimiento - comunicacion periodica,Low
3525-DVKFN,0.0309,Low,5.16,Medium,0.1415,0,0.014215744833353245,0.098661564,0.1415,0.065,Maintain,Mantenimiento - comunicacion periodica,Low
7167-PCEYD,0.0231,Low,4.83,Low,0.1743,0,0.004897861665272966,0.09235182,0.1743,0.065,Maintain,Mantenimiento - comunicacion periodica,Low
1265-HVPZB,0.0303,Low,2.71,Low,0.2137,0,0.013498984589654763,0.051816445,0.2137,0.065,Maintain,Mantenimiento - comunicacion periodica,Low
6806-YDEUL,0.0598,Low,0.95,Low,0.1759,0,0.04873969657149684,0.018164435,0.1759,0.065,Maintain,Mantenimiento - comunicacion periodica,Low
6013-BHCAW,0.0434,Low,3.35,Low,0.1554,0,0.02914824991040497,0.064053535,0.1554,0.0649,Maintain,Mantenimiento - comunicacion periodica,Low
5656-JAMLX,0.0222,Low,4.81,Low,0.1772,0,0.003822721299725244,0.09196941,0.1772,0.0649,Maintain,Mantenimiento - comunicacion periodica,Low
2667-WYLWJ,0.0769,Low,0.85,Low,0.1271,0,0.06916736351690358,0.016252391,0.1271,0.0649,Maintain,Mantenimiento - comunicacion periodica,Low
2560-QTSBS,0.0219,Low,0.09,Low,0.3133,0,0.0034643411778760005,0.0017208414,0.3133,0.0649,Maintain,Mantenimiento - comunicacion periodica,Low
6980-IMXXE,0.02,Low,4.55,Low,0.1904,0,0.0011946004061641393,0.08699809,0.1904,0.0648,Maintain,Mantenimiento - comunicacion periodica,Low
6778-EICRF,0.1062,Low,0.42,Low,0.0509,0,0.10416915541751284,0.008030592,0.0509,0.0647,Maintain,Mantenimiento - comunicacion periodica,Low
0362-RAOQO,0.0249,Low,5.02,Medium,0.1621,0,0.007048142396368414,0.095984705,0.1621,0.0647,Maintain,Mantenimiento - comunicacion periodica,Low
9289-LBQVU,0.0643,Low,1.92,Low,0.1333,0,0.05411539839923545,0.03671128,0.1333,0.0647,Maintain,Mantenimiento - comunicacion periodica,Low
8345-MVDYC,0.0328,Low,1.91,Low,0.2275,0,0.01648548560506511,0.036520075,0.2275,0.0647,Maintain,Mantenimiento - comunicacion periodica,Low
1474-JUWSM,0.0479,Low,3.43,Low,0.1382,0,0.03452395173814359,0.06558318,0.1382,0.0646,Maintain,Mantenimiento - comunicacion periodica,Low
7471-WNSUF,0.0246,Low,0.04,Low,0.3051,0,0.006689762274519175,0.00076481834,0.3051,0.0646,Maintain,Mantenimiento - comunicacion periodica,Low
1488-SYSFC,0.0372,Low,0.08,Low,0.2664,0,0.021741727392187313,0.0015296367,0.2664,0.0646,Maintain,Mantenimiento - comunicacion periodica,Low
5018-HEKFO,0.0476,Low,0.0,Low,0.2371,0,0.034165571616294355,0.0,0.2371,0.0645,Maintain,Mantenimiento - comunicacion periodica,Low
2990-OGYTD,0.0264,Low,0.13,Low,0.2969,0,0.008840043005614622,0.0024856597,0.2969,0.0645,Maintain,Mantenimiento - comunicacion periodica,Low
8592-PLTMQ,0.0237,Low,0.01,Low,0.3084,0,0.005614621908971449,0.00019120458,0.3084,0.0645,Maintain,Mantenimiento - comunicacion periodica,Low
9227-UAQFT,0.0237,Low,4.89,Low,0.1682,0,0.005614621908971449,0.09349904,0.1682,0.0645,Maintain,Mantenimiento - comunicacion periodica,Low
7665-VIGUD,0.0381,Low,0.21,Low,0.2595,0,0.022816867757735042,0.004015296,0.2595,0.0645,Maintain,Mantenimiento - comunicacion periodica,Low
7242-EDTYC,0.0236,Low,5.09,Medium,0.1623,0,0.005495161868355036,0.09732314,0.1623,0.0644,Maintain,Mantenimiento - comunicacion periodica,Low
0872-CASZJ,0.0417,Low,3.35,Low,0.1578,0,0.027117429219925937,0.064053535,0.1578,0.0643,Maintain,Mantenimiento - comunicacion periodica,Low
1265-ZFOSD,0.0283,Low,2.39,Low,0.2251,0,0.011109783777326484,0.045697898,0.2251,0.0643,Maintain,Mantenimiento - comunicacion periodica,Low
1098-KFQEC,0.026,Low,5.24,Medium,0.15,0,0.008362202843148966,0.1001912,0.15,0.0642,Maintain,Mantenimiento - comunicacion periodica,Low
6752-APNJL,0.0435,Low,4.73,Low,0.1123,0,0.029267709951021383,0.090439774,0.1123,0.0642,Maintain,Mantenimiento - comunicacion periodica,Low
8932-CZHRQ,0.0733,Low,0.06,Low,0.1567,0,0.06486680205471271,0.0011472275,0.1567,0.0641,Maintain,Mantenimiento - comunicacion periodica,Low
4906-ZHGPK,0.0539,Low,2.14,Low,0.1551,0,0.041691554175128424,0.040917784,0.1551,0.0641,Maintain,Mantenimiento - comunicacion periodica,Low
3120-FAZKD,0.0248,Low,0.39,Low,0.292,0,0.006928682355752001,0.007456979,0.292,0.0641,Maintain,Mantenimiento - comunicacion periodica,Low
7558-IMLMT,0.0201,Low,4.03,Low,0.2014,0,0.0013140604467805524,0.077055454,0.2014,0.0641,Maintain,Mantenimiento - comunicacion periodica,Low
9972-NKTFD,0.0756,Low,3.66,Low,0.0461,0,0.06761438298889022,0.06998088,0.0461,0.064,Maintain,Mantenimiento - comunicacion periodica,Low
3654-ARMGP,0.0354,Low,0.41,Low,0.2595,0,0.019591446661091867,0.007839388,0.2595,0.064,Maintain,Mantenimiento - comunicacion periodica,Low
7473-ZBDSN,0.026,Low,5.58,Medium,0.1391,0,0.008362202843148966,0.10669216,0.1391,0.064,Maintain,Mantenimiento - comunicacion periodica,Low
7968-QUXNS,0.0554,Low,1.53,Low,0.1671,0,0.04348345478437463,0.029254302,0.1671,0.0639,Maintain,Mantenimiento - comunicacion periodica,Low
9537-JALFH,0.0206,Low,4.7,Low,0.18,0,0.001911360649862622,0.089866154,0.18,0.0639,Maintain,Mantenimiento - comunicacion periodica,Low
1136-XGEQU,0.0564,Low,0.0,Low,0.2077,0,0.044678055190538774,0.0,0.2077,0.0639,Maintain,Mantenimiento - comunicacion periodica,Low
7975-JMZNT,0.022,Low,0.04,Low,0.3095,0,0.0035838012184924136,0.00076481834,0.3095,0.0639,Maintain,Mantenimiento - comunicacion periodica,Low
4782-OSFXZ,0.0271,Low,2.68,Low,0.2181,0,0.009676263289929519,0.051242832,0.2181,0.0638,Maintain,Mantenimiento - comunicacion periodica,Low
1032-MAELW,0.0561,Low,0.0,Low,0.208,0,0.044319675068689515,0.0,0.208,0.0638,Maintain,Mantenimiento - comunicacion periodica,Low
5025-GOOKI,0.0301,Low,1.57,Low,0.2409,0,0.013260064508421932,0.030019121,0.2409,0.0638,Maintain,Mantenimiento - comunicacion periodica,Low
5930-GBIWP,0.0225,Low,2.39,Low,0.2397,0,0.004181101421574483,0.045697898,0.2397,0.0637,Maintain,Mantenimiento - comunicacion periodica,Low
5624-RYAMH,0.0959,Low,1.0,Low,0.06,0,0.09186477123402222,0.019120459,0.06,0.0637,Maintain,Mantenimiento - comunicacion periodica,Low
8184-WMOFI,0.0518,Low,1.27,Low,0.184,0,0.03918289332218373,0.024282983,0.184,0.0637,Maintain,Mantenimiento - comunicacion periodica,Low
1187-WILMM,0.0215,Low,0.0,Low,0.311,0,0.002986501015410344,0.0,0.311,0.0637,Maintain,Mantenimiento - comunicacion periodica,Low
9530-GRMJG,0.0302,Low,0.04,Low,0.2841,0,0.01337952454903835,0.00076481834,0.2841,0.0637,Maintain,Mantenimiento - comunicacion periodica,Low
6439-PKTRR,0.0265,Low,3.07,Low,0.208,0,0.008959503046231035,0.05869981,0.208,0.0637,Maintain,Mantenimiento - comunicacion periodica,Low
0839-JTCUD,0.0216,Low,0.01,Low,0.31,0,0.0031059610560267613,0.00019120458,0.31,0.0636,Maintain,Mantenimiento - comunicacion periodica,Low
1352-VHKAJ,0.1073,Low,0.0,Low,0.054,0,0.1054832158642934,0.0,0.054,0.0635,Maintain,Mantenimiento - comunicacion periodica,Low
0909-SELIE,0.0275,Low,2.54,Low,0.2188,0,0.010154103452395175,0.048565965,0.2188,0.0634,Maintain,Mantenimiento - comunicacion periodica,Low
4742-TXUEX,0.0251,Low,5.31,Medium,0.1464,0,0.0072870624776012445,0.101529635,0.1464,0.0634,Maintain,Mantenimiento - comunicacion periodica,Low
7137-NAXML,0.0229,Low,0.44,Low,0.2927,0,0.00465894158404014,0.008413002,0.2927,0.0634,Maintain,Mantenimiento - comunicacion periodica,Low
7336-RLLRH,0.0916,Low,0.16,Low,0.0953,0,0.08672798948751642,0.0030592734,0.0953,0.0633,Maintain,Mantenimiento - comunicacion periodica,Low
5598-IKHQQ,0.0207,Low,0.0,Low,0.3113,0,0.002030820690479035,0.0,0.3113,0.0633,Maintain,Mantenimiento - comunicacion periodica,Low
2977-CEBSX,0.0219,Low,0.01,Low,0.3077,0,0.0034643411778760005,0.00019120458,0.3077,0.0633,Maintain,Mantenimiento - comunicacion periodica,Low
3227-WLKLI,0.0232,Low,0.0,Low,0.3042,0,0.005017321705889379,0.0,0.3042,0.0633,Maintain,Mantenimiento - comunicacion periodica,Low
4635-EJYPD,0.0268,Low,5.59,Medium,0.133,0,0.00931788316808028,0.10688337,0.133,0.0633,Maintain,Mantenimiento - comunicacion periodica,Low
0607-MVMGC,0.0768,Low,0.0,Low,0.1433,0,0.06904790347628717,0.0,0.1433,0.0632,Maintain,Mantenimiento - comunicacion periodica,Low
6490-FGZAT,0.0431,Low,0.07,Low,0.2419,0,0.02878986978855573,0.0013384322,0.2419,0.0632,Maintain,Mantenimiento - comunicacion periodica,Low
4698-KVLLG,0.0237,Low,5.08,Medium,0.1563,0,0.005614621908971449,0.09713193,0.1563,0.0632,Maintain,Mantenimiento - comunicacion periodica,Low
5902-WBLSE,0.0211,Low,4.54,Low,0.1794,0,0.0025086608529446917,0.086806886,0.1794,0.0632,Maintain,Mantenimiento - comunicacion periodica,Low
8469-SNFFH,0.0504,Low,0.0,Low,0.2216,0,0.037510452753553934,0.0,0.2216,0.0631,Maintain,Mantenimiento - comunicacion periodica,Low
9588-YRFHY,0.0226,Low,4.71,Low,0.1699,0,0.004300561462190896,0.090057366,0.1699,0.0631,Maintain,Mantenimiento - comunicacion periodica,Low
4079-ULGFR,0.0273,Low,0.5,Low,0.2762,0,0.009915183371162348,0.009560229,0.2762,0.0631,Maintain,Mantenimiento - comunicacion periodica,Low
7639-LIAYI,0.0353,Low,3.8,Low,0.1568,0,0.01947198662047545,0.07265774,0.1568,0.0629,Maintain,Mantenimiento - comunicacion periodica,Low
8514-VZHEB,0.0256,Low,5.13,Medium,0.1479,0,0.007884362680683314,0.09808796,0.1479,0.0629,Maintain,Mantenimiento - comunicacion periodica,Low
0902-XKXPN,0.0197,Low,4.56,Low,0.1814,0,0.0008362202843148958,0.087189294,0.1814,0.0629,Maintain,Mantenimiento - comunicacion periodica,Low
9470-YFUYI,0.0399,Low,1.18,Low,0.2177,0,0.024967148488830485,0.02256214,0.2177,0.0628,Maintain,Mantenimiento - comunicacion periodica,Low
1133-KXCGE,0.0418,Low,0.48,Low,0.232,0,0.02723688926054235,0.00917782,0.232,0.0628,Maintain,Mantenimiento - comunicacion periodica,Low
0945-TSONX,0.0261,Low,0.32,Low,0.2835,0,0.008481662883765383,0.0061185467,0.2835,0.0628,Maintain,Mantenimiento - comunicacion periodica,Low
8016-ZMGMO,0.0448,Low,1.49,Low,0.1941,0,0.030820690479034765,0.028489484,0.1941,0.0628,Maintain,Mantenimiento - comunicacion periodica,Low
1760-CAZHT,0.0233,Low,0.1,Low,0.2975,0,0.005136781746505796,0.001912046,0.2975,0.0626,Maintain,Mantenimiento - comunicacion periodica,Low
8917-FAEMR,0.0226,Low,4.77,Low,0.1642,0,0.004300561462190896,0.09120459,0.1642,0.0624,Maintain,Mantenimiento - comunicacion periodica,Low
2888-ADFAO,0.0204,Low,4.28,Low,0.1851,0,0.0016724405686297957,0.08183557,0.1851,0.0624,Maintain,Mantenimiento - comunicacion periodica,Low
4114-QMKVN,0.0407,Low,3.31,Low,0.1524,0,0.0259228288137618,0.06328872,0.1524,0.0624,Maintain,Mantenimiento - comunicacion periodica,Low
3239-TPHPZ,0.032,Low,4.5,Low,0.1438,0,0.015529805280133797,0.08604207,0.1438,0.0623,Maintain,Mantenimiento - comunicacion periodica,Low
6509-TSGWN,0.0269,Low,0.0,Low,0.2877,0,0.009437343208696693,0.0,0.2877,0.0623,Maintain,Mantenimiento - comunicacion periodica,Low
4877-TSOFF,0.049,Low,0.06,Low,0.2201,0,0.03583801218492415,0.0011472275,0.2201,0.0623,Maintain,Mantenimiento - comunicacion periodica,Low
5447-VYTKW,0.0503,Low,5.28,Medium,0.0666,0,0.03739099271293752,0.10095603,0.0666,0.0623,Maintain,Mantenimiento - comunicacion periodica,Low
2332-EFBJY,0.0783,Low,0.85,Low,0.1088,0,0.07083980408553338,0.016252391,0.1088,0.0621,Maintain,Mantenimiento - comunicacion periodica,Low
0455-ENTCR,0.0366,Low,0.11,Low,0.2549,0,0.021024967148488834,0.0021032505,0.2549,0.0621,Maintain,Mantenimiento - comunicacion periodica,Low
8559-CIZFV,0.0785,Low,0.37,Low,0.1218,0,0.07107872416676622,0.00707457,0.1218,0.062,Maintain,Mantenimiento - comunicacion periodica,Low
8550-XSXUQ,0.0647,Low,1.72,Low,0.1239,0,0.054593238561701105,0.03288719,0.1239,0.0619,Maintain,Mantenimiento - comunicacion periodica,Low
8774-GSBUN,0.0208,Low,0.01,Low,0.3032,0,0.002150280731095448,0.00019120458,0.3032,0.0618,Maintain,Mantenimiento - comunicacion periodica,Low
7945-PRBVF,0.0218,Low,4.22,Low,0.1794,0,0.0033448811372595874,0.080688335,0.1794,0.0618,Maintain,Mantenimiento - comunicacion periodica,Low
6754-LZUKA,0.0546,Low,3.12,Low,0.1126,0,0.04252777445944333,0.05965583,0.1126,0.0617,Maintain,Mantenimiento - comunicacion periodica,Low
2453-SAFNS,0.0673,Low,1.61,Low,0.118,0,0.05769919961772787,0.03078394,0.118,0.0617,Maintain,Mantenimiento - comunicacion periodica,Low
9534-NSXEM,0.0328,Low,0.0,Low,0.2672,0,0.01648548560506511,0.0,0.2672,0.0617,Maintain,Mantenimiento - comunicacion periodica,Low
5075-JSDKI,0.0227,Low,0.14,Low,0.293,0,0.004420021502807314,0.0026768644,0.293,0.0616,Maintain,Mantenimiento - comunicacion periodica,Low
4291-TPNFG,0.0197,Low,2.2,Low,0.2428,0,0.0008362202843148958,0.04206501,0.2428,0.0616,Maintain,Mantenimiento - comunicacion periodica,Low
4299-OPXEJ,0.0295,Low,5.14,Medium,0.1292,0,0.01254330426472345,0.098279156,0.1292,0.0616,Maintain,Mantenimiento - comunicacion periodica,Low
6478-HRRCZ,0.0459,Low,2.18,Low,0.1641,0,0.032134750925815324,0.0416826,0.1641,0.0614,Maintain,Mantenimiento - comunicacion periodica,Low
0281-CNTZX,0.0221,Low,4.74,Low,0.162,0,0.003703261259108831,0.09063097,0.162,0.0614,Maintain,Mantenimiento - comunicacion periodica,Low
9251-WNSOD,0.0682,Low,0.0,Low,0.1602,0,0.05877433998327559,0.0,0.1602,0.0614,Maintain,Mantenimiento - comunicacion periodica,Low
6345-FZOQH,0.0198,Low,4.69,Low,0.1697,0,0.0009556803249313131,0.08967496,0.1697,0.0613,Maintain,Mantenimiento - comunicacion periodica,Low
7416-CKTEP,0.0294,Low,5.2,Medium,0.1265,0,0.012423844224107037,0.09942638,0.1265,0.0613,Maintain,Mantenimiento - comunicacion periodica,Low
6614-VBEGU,0.0841,Low,0.01,Low,0.1119,0,0.07776848644128538,0.00019120458,0.1119,0.0613,Maintain,Mantenimiento - comunicacion periodica,Low
6663-JOCQO,0.0901,Low,0.03,Low,0.0934,0,0.08493608887827021,0.00057361374,0.0934,0.0613,Maintain,Mantenimiento - comunicacion periodica,Low
7037-MTYVW,0.0363,Low,0.42,Low,0.2421,0,0.02066658702663959,0.008030592,0.2421,0.0612,Maintain,Mantenimiento - comunicacion periodica,Low
6674-KVJHG,0.0402,Low,0.15,Low,0.2379,0,0.02532552861067973,0.002868069,0.2379,0.0611,Maintain,Mantenimiento - comunicacion periodica,Low
6285-FTQBF,0.0204,Low,0.0,Low,0.3013,0,0.0016724405686297957,0.0,0.3013,0.0611,Maintain,Mantenimiento - comunicacion periodica,Low
5073-RZGBK,0.0492,Low,0.11,Low,0.2118,0,0.03607693226615697,0.0021032505,0.2118,0.061,Maintain,Mantenimiento - comunicacion periodica,Low
3266-FTKHB,0.0261,Low,5.42,Medium,0.1285,0,0.008481662883765383,0.10363289,0.1285,0.061,Maintain,Mantenimiento - comunicacion periodica,Low
5468-BPMMO,0.0336,Low,0.99,Low,0.2328,0,0.017441165929996415,0.018929254,0.2328,0.061,Maintain,Mantenimiento - comunicacion periodica,Low
6619-RPLQZ,0.0207,Low,4.04,Low,0.1841,0,0.002030820690479035,0.07724665,0.1841,0.061,Maintain,Mantenimiento - comunicacion periodica,Low
5465-BUBFA,0.0245,Low,5.32,Medium,0.136,0,0.006570302233902762,0.10172085,0.136,0.061,Maintain,Mantenimiento - comunicacion periodica,Low
5442-PPTJY,0.03,Low,4.94,Low,0.1304,0,0.013140604467805518,0.09445507,0.1304,0.061,Maintain,Mantenimiento - comunicacion periodica,Low
9385-EHGDO,0.0221,Low,4.77,Low,0.1588,0,0.003703261259108831,0.09120459,0.1588,0.061,Maintain,Mantenimiento - comunicacion periodica,Low
7196-LIWRH,0.0363,Low,5.02,Medium,0.1088,0,0.02066658702663959,0.095984705,0.1088,0.0609,Maintain,Mantenimiento - comunicacion periodica,Low
0285-INHLN,0.0642,Low,3.51,Low,0.0679,0,0.05399593835861903,0.06711281,0.0679,0.0607,Maintain,Mantenimiento - comunicacion periodica,Low
9173-IVZVP,0.0197,Low,3.97,Low,0.1874,0,0.0008362202843148958,0.07590822,0.1874,0.0607,Maintain,Mantenimiento - comunicacion periodica,Low
5702-KVQRD,0.0334,Low,1.78,Low,0.2088,0,0.01720224584876359,0.034034416,0.2088,0.0606,Maintain,Mantenimiento - comunicacion periodica,Low
4707-MAXGU,0.021,Low,0.02,Low,0.2958,0,0.0023892008123282786,0.00038240917,0.2958,0.0605,Maintain,Mantenimiento - comunicacion periodica,Low
7064-JHXCE,0.0207,Low,4.62,Low,0.1648,0,0.002030820690479035,0.08833652,0.1648,0.0605,Maintain,Mantenimiento - comunicacion periodica,Low
3012-VFFMN,0.0575,Low,0.04,Low,0.1864,0,0.04599211563731933,0.00076481834,0.1864,0.0605,Maintain,Mantenimiento - comunicacion periodica,Low
6418-PIQSP,0.0347,Low,2.16,Low,0.1934,0,0.01875522637677697,0.041300192,0.1934,0.0604,Maintain,Mantenimiento - comunicacion periodica,Low
7560-QJAVJ,0.0268,Low,2.86,Low,0.1967,0,0.00931788316808028,0.054684512,0.1967,0.0604,Maintain,Mantenimiento - comunicacion periodica,Low
4560-WQAQW,0.0361,Low,3.33,Low,0.1554,0,0.020427666945406764,0.06367113,0.1554,0.0604,Maintain,Mantenimiento - comunicacion periodica,Low
4737-HOBAX,0.047,Low,3.6,Low,0.1153,0,0.033448811372595866,0.06883365,0.1153,0.0604,Maintain,Mantenimiento - comunicacion periodica,Low
6734-PSBAW,0.02,Low,0.65,Low,0.2803,0,0.0011946004061641393,0.012428298,0.2803,0.0604,Maintain,Mantenimiento - comunicacion periodica,Low
3451-VAWLI,0.0232,Low,4.99,Low,0.1461,0,0.005017321705889379,0.095411085,0.1461,0.0604,Maintain,Mantenimiento - comunicacion periodica,Low
0743-HNPFG,0.0426,Low,2.8,Low,0.1505,0,0.02819256958547366,0.053537283,0.1505,0.0603,Maintain,Mantenimiento - comunicacion periodica,Low
0023-UYUPN,0.0317,Low,0.02,Low,0.2631,0,0.015171425158284554,0.00038240917,0.2631,0.0603,Maintain,Mantenimiento - comunicacion periodica,Low
5480-XTFFL,0.0226,Low,3.66,Low,0.1854,0,0.004300561462190896,0.06998088,0.1854,0.0602,Maintain,Mantenimiento - comunicacion periodica,Low
5006-MXVRN,0.0218,Low,3.93,Low,0.1801,0,0.0033448811372595874,0.075143404,0.1801,0.0602,Maintain,Mantenimiento - comunicacion periodica,Low
5726-CVNYA,0.0333,Low,4.67,Low,0.1245,0,0.01708278580814718,0.08929255,0.1245,0.0602,Maintain,Mantenimiento - comunicacion periodica,Low
5201-CBWYG,0.0211,Low,0.02,Low,0.2937,0,0.0025086608529446917,0.00038240917,0.2937,0.0601,Maintain,Mantenimiento - comunicacion periodica,Low
7356-AYNJP,0.0729,Low,0.24,Low,0.1325,0,0.06438896189224705,0.00458891,0.1325,0.0601,Maintain,Mantenimiento - comunicacion periodica,Low
4795-UXVCJ,0.0224,Low,0.8,Low,0.2676,0,0.00406164138095807,0.015296368,0.2676,0.0601,Maintain,Mantenimiento - comunicacion periodica,Low
1386-ZIKUV,0.0611,Low,1.52,Low,0.1312,0,0.050292677099510213,0.029063098,0.1312,0.0601,Maintain,Mantenimiento - comunicacion periodica,Low
9347-AERRL,0.0379,Low,1.29,Low,0.2067,0,0.022577947676502216,0.024665391,0.2067,0.06,Maintain,Mantenimiento - comunicacion periodica,Low
0708-SJDIS,0.0857,Low,0.0,Low,0.1004,0,0.079679847091148,0.0,0.1004,0.0599,Maintain,Mantenimiento - comunicacion periodica,Low
2546-KZAAT,0.0572,Low,0.53,Low,0.17,0,0.04563373551547008,0.010133843,0.17,0.0599,Maintain,Mantenimiento - comunicacion periodica,Low
6732-VAILE,0.0306,Low,0.07,Low,0.2621,0,0.013857364711504002,0.0013384322,0.2621,0.0598,Maintain,Mantenimiento - comunicacion periodica,Low
1047-RNXZV,0.0232,Low,5.15,Medium,0.1389,0,0.005017321705889379,0.09847037,0.1389,0.0598,Maintain,Mantenimiento - comunicacion periodica,Low
8917-SZTTJ,0.0241,Low,5.0,Low,0.1406,0,0.006092462071437105,0.0956023,0.1406,0.0598,Maintain,Mantenimiento - comunicacion periodica,Low
7969-FFOWG,0.0217,Low,4.69,Low,0.1563,0,0.0032254210966431744,0.08967496,0.1563,0.0598,Maintain,Mantenimiento - comunicacion periodica,Low
9498-FIMXL,0.0579,Low,1.36,Low,0.1436,0,0.04646995579978498,0.026003825,0.1436,0.0598,Maintain,Mantenimiento - comunicacion periodica,Low
0203-HHYIJ,0.0517,Low,0.16,Low,0.1965,0,0.03906343328156733,0.0030592734,0.1965,0.0597,Maintain,Mantenimiento - comunicacion periodica,Low
4641-FROLU,0.0262,Low,5.23,Medium,0.1269,0,0.008601122924381796,0.1,0.1269,0.0597,Maintain,Mantenimiento - comunicacion periodica,Low
4803-LBYPN,0.0243,Low,0.11,Low,0.2795,0,0.006331382152669931,0.0021032505,0.2795,0.0597,Maintain,Mantenimiento - comunicacion periodica,Low
9361-YNQWJ,0.0234,Low,0.03,Low,0.2843,0,0.0052562417871222095,0.00057361374,0.2843,0.0597,Maintain,Mantenimiento - comunicacion periodica,Low
9477-LGWQI,0.0279,Low,2.85,Low,0.1904,0,0.010631943614860832,0.054493308,0.1904,0.0597,Maintain,Mantenimiento - comunicacion periodica,Low
8735-SDUFN,0.019,Low,0.19,Low,0.293,0,0.0,0.0036328873,0.293,0.0597,Maintain,Mantenimiento - comunicacion periodica,Low
0533-UCAAU,0.0442,Low,1.4,Low,0.1828,0,0.030103930235336286,0.026768642,0.1828,0.0596,Maintain,Mantenimiento - comunicacion periodica,Low
6437-UDQJM,0.0295,Low,0.0,Low,0.2658,0,0.01254330426472345,0.0,0.2658,0.0594,Maintain,Mantenimiento - comunicacion periodica,Low
1074-WVEVG,0.0262,Low,0.34,Low,0.2658,0,0.008601122924381796,0.006500956,0.2658,0.0594,Maintain,Mantenimiento - comunicacion periodica,Low
2226-ICFDO,0.0317,Low,0.01,Low,0.259,0,0.015171425158284554,0.00019120458,0.259,0.0594,Maintain,Mantenimiento - comunicacion periodica,Low
5016-LIPDW,0.0277,Low,1.12,Low,0.2387,0,0.010393023533628,0.021414915,0.2387,0.0594,Maintain,Mantenimiento - comunicacion periodica,Low
3363-EWLGO,0.0694,Low,0.55,Low,0.1305,0,0.060207860470672565,0.010516252,0.1305,0.0594,Maintain,Mantenimiento - comunicacion periodica,Low
3154-HMWUU,0.0217,Low,4.25,Low,0.1666,0,0.0032254210966431744,0.08126195,0.1666,0.0593,Maintain,Mantenimiento - comunicacion periodica,Low
5622-UEJFI,0.0243,Low,0.03,Low,0.2799,0,0.006331382152669931,0.00057361374,0.2799,0.0593,Maintain,Mantenimiento - comunicacion periodica,Low
9631-RXVJM,0.026,Low,5.23,Medium,0.1251,0,0.008362202843148966,0.1,0.1251,0.0592,Maintain,Mantenimiento - comunicacion periodica,Low
9500-IWPXQ,0.0561,Low,0.0,Low,0.185,0,0.044319675068689515,0.0,0.185,0.0592,Maintain,Mantenimiento - comunicacion periodica,Low
5893-PYOLZ,0.0316,Low,1.8,Low,0.2062,0,0.015051965117668145,0.034416825,0.2062,0.0591,Maintain,Mantenimiento - comunicacion periodica,Low
6976-BWGLQ,0.0203,Low,0.0,Low,0.2914,0,0.0015529805280133785,0.0,0.2914,0.0591,Maintain,Mantenimiento - comunicacion periodica,Low
4726-DLWQN,0.0651,Low,0.0,Low,0.1579,0,0.05507107872416677,0.0,0.1579,0.0591,Maintain,Mantenimiento - comunicacion periodica,Low
5845-BZZIB,0.0203,Low,4.44,Low,0.1644,0,0.0015529805280133785,0.08489484,0.1644,0.0591,Maintain,Mantenimiento - comunicacion periodica,Low
2143-LJULT,0.0209,Low,0.01,Low,0.2894,0,0.002269740771711861,0.00019120458,0.2894,0.0591,Maintain,Mantenimiento - comunicacion periodica,Low
3387-PLKUI,0.0588,Low,1.6,Low,0.1308,0,0.0475450961653327,0.030592736,0.1308,0.0591,Maintain,Mantenimiento - comunicacion periodica,Low
9845-QOMAD,0.0426,Low,0.9,Low,0.1987,0,0.02819256958547366,0.017208412,0.1987,0.059,Maintain,Mantenimiento - comunicacion periodica,Low
9479-HYNYL,0.0262,Low,2.35,Low,0.2058,0,0.008601122924381796,0.044933077,0.2058,0.0589,Maintain,Mantenimiento - comunicacion periodica,Low
6685-XSHHU,0.0224,Low,3.95,Low,0.1708,0,0.00406164138095807,0.07552581,0.1708,0.0588,Maintain,Mantenimiento - comunicacion periodica,Low
4534-WGCIR,0.0203,Low,0.01,Low,0.29,0,0.0015529805280133785,0.00019120458,0.29,0.0588,Maintain,Mantenimiento - comunicacion periodica,Low
4584-LBNMK,0.0267,Low,0.09,Low,0.268,0,0.009198423127463867,0.0017208414,0.268,0.0587,Maintain,Mantenimiento - comunicacion periodica,Low
2474-LCNUE,0.0875,Low,0.0,Low,0.0888,0,0.08183012782224346,0.0,0.0888,0.0587,Maintain,Mantenimiento - comunicacion periodica,Low
9555-SAHUZ,0.0487,Low,4.65,Low,0.0708,0,0.035479632063074903,0.08891014,0.0708,0.0586,Maintain,Mantenimiento - comunicacion periodica,Low
1154-HYWWO,0.0614,Low,1.18,Low,0.1318,0,0.050651057221359465,0.02256214,0.1318,0.0585,Maintain,Mantenimiento - comunicacion periodica,Low
9970-QBCDA,0.0639,Low,0.8,Low,0.1354,0,0.0536375582367698,0.015296368,0.1354,0.0585,Maintain,Mantenimiento - comunicacion periodica,Low
6131-FOYAS,0.095,Low,0.0,Low,0.0656,0,0.0907896308684745,0.0,0.0656,0.0585,Maintain,Mantenimiento - comunicacion periodica,Low
8711-LOBKY,0.0211,Low,4.79,Low,0.1481,0,0.0025086608529446917,0.091587,0.1481,0.0584,Maintain,Mantenimiento - comunicacion periodica,Low
9371-BITHB,0.0206,Low,4.81,Low,0.1494,0,0.001911360649862622,0.09196941,0.1494,0.0584,Maintain,Mantenimiento - comunicacion periodica,Low
6340-DACFT,0.0196,Low,4.1,Low,0.1728,0,0.0007167602436984827,0.078393884,0.1728,0.0584,Maintain,Mantenimiento - comunicacion periodica,Low
8165-ZJRNM,0.0197,Low,0.62,Low,0.2716,0,0.0008362202843148958,0.011854685,0.2716,0.0583,Maintain,Mantenimiento - comunicacion periodica,Low
7691-KGKGP,0.0429,Low,0.0,Low,0.2202,0,0.028550949707322904,0.0,0.2202,0.0583,Maintain,Mantenimiento - comunicacion periodica,Low
6898-RBTLU,0.0349,Low,3.8,Low,0.1349,0,0.018994146458009797,0.07265774,0.1349,0.0583,Maintain,Mantenimiento - comunicacion periodica,Low
0134-XWXCE,0.073,Low,0.04,Low,0.1291,0,0.06450842193286345,0.00076481834,0.1291,0.0583,Maintain,Mantenimiento - comunicacion periodica,Low
6121-TNHBO,0.0479,Low,0.42,Low,0.193,0,0.03452395173814359,0.008030592,0.193,0.0583,Maintain,Mantenimiento - comunicacion periodica,Low
4701-MLJPN,0.0706,Low,3.37,Low,0.0409,0,0.06164138095806952,0.064435944,0.0409,0.0583,Maintain,Mantenimiento - comunicacion periodica,Low
6974-DAFLI,0.0335,Low,0.89,Low,0.2221,0,0.017321705889380007,0.017017208,0.2221,0.0582,Maintain,Mantenimiento - comunicacion periodica,Low
8690-UPCZI,0.0546,Low,3.13,Low,0.0945,0,0.04252777445944333,0.05984704,0.0945,0.0581,Maintain,Mantenimiento - comunicacion periodica,Low
9225-BZLNZ,0.0378,Low,0.0,Low,0.2345,0,0.022458487635885798,0.0,0.2345,0.0581,Maintain,Mantenimiento - comunicacion periodica,Low
2509-TFPJU,0.0211,Low,0.02,Low,0.2831,0,0.0025086608529446917,0.00038240917,0.2831,0.058,Maintain,Mantenimiento - comunicacion periodica,Low
3938-YFPXD,0.0333,Low,0.0,Low,0.2471,0,0.01708278580814718,0.0,0.2471,0.058,Maintain,Mantenimiento - comunicacion periodica,Low
7898-PDWQE,0.021,Low,3.04,Low,0.1966,0,0.0023892008123282786,0.058126196,0.1966,0.058,Maintain,Mantenimiento - comunicacion periodica,Low
2233-FAGXV,0.0499,Low,0.0,Low,0.1975,0,0.03691315255047187,0.0,0.1975,0.058,Maintain,Mantenimiento - comunicacion periodica,Low
1735-XMJVH,0.0783,Low,1.17,Low,0.0788,0,0.07083980408553338,0.022370936,0.0788,0.0579,Maintain,Mantenimiento - comunicacion periodica,Low
9919-FZDED,0.0322,Low,0.0,Low,0.2502,0,0.015768725361366625,0.0,0.2502,0.0579,Maintain,Mantenimiento - comunicacion periodica,Low
8380-MQINP,0.0207,Low,4.34,Low,0.1601,0,0.002030820690479035,0.08298279,0.1601,0.0579,Maintain,Mantenimiento - comunicacion periodica,Low
1555-HAPSU,0.02,Low,0.65,Low,0.2672,0,0.0011946004061641393,0.012428298,0.2672,0.0578,Maintain,Mantenimiento - comunicacion periodica,Low
5982-XMDEX,0.0207,Low,0.0,Low,0.2839,0,0.002030820690479035,0.0,0.2839,0.0578,Maintain,Mantenimiento - comunicacion periodica,Low
1207-BLKSA,0.0208,Low,0.84,Low,0.2593,0,0.002150280731095448,0.016061185,0.2593,0.0578,Maintain,Mantenimiento - comunicacion periodica,Low
4878-BUNFV,0.0212,Low,4.01,Low,0.1675,0,0.0026281208935611047,0.076673046,0.1675,0.0578,Maintain,Mantenimiento - comunicacion periodica,Low
1697-LYYYX,0.0256,Low,1.4,Low,0.2292,0,0.007884362680683314,0.026768642,0.2292,0.0578,Maintain,Mantenimiento - comunicacion periodica,Low
4979-HPRFL,0.0198,Low,0.36,Low,0.276,0,0.0009556803249313131,0.0068833656,0.276,0.0577,Maintain,Mantenimiento - comunicacion periodica,Low
9351-LZYGF,0.0598,Low,0.0,Low,0.1669,0,0.04873969657149684,0.0,0.1669,0.0577,Maintain,Mantenimiento - comunicacion periodica,Low
5859-HZYLF,0.0249,Low,5.41,Medium,0.1156,0,0.007048142396368414,0.10344168,0.1156,0.0577,Maintain,Mantenimiento - comunicacion periodica,Low
9837-FWLCH,0.0652,Low,1.29,Low,0.1133,0,0.05519053876478317,0.024665391,0.1133,0.0577,Maintain,Mantenimiento - comunicacion periodica,Low
4163-HFTUK,0.0331,Low,1.47,Low,0.2037,0,0.016843865726914344,0.028107075,0.2037,0.0576,Maintain,Mantenimiento - comunicacion periodica,Low
2725-TTRIQ,0.0301,Low,0.0,Low,0.255,0,0.013260064508421932,0.0,0.255,0.0576,Maintain,Mantenimiento - comunicacion periodica,Low
1215-EXRMO,0.0202,Low,4.1,Low,0.1664,0,0.0014335204873969654,0.078393884,0.1664,0.0575,Maintain,Mantenimiento - comunicacion periodica,Low
1218-VKFPE,0.065,Low,1.46,Low,0.108,0,0.054951618683550356,0.02791587,0.108,0.0575,Maintain,Mantenimiento - comunicacion periodica,Low
3774-VBNXY,0.0205,Low,4.6,Low,0.1504,0,0.0017919006092462087,0.08795411,0.1504,0.0574,Maintain,Mantenimiento - comunicacion periodica,Low
7696-AMHOD,0.0705,Low,0.37,Low,0.1227,0,0.0615219209174531,0.00707457,0.1227,0.0574,Maintain,Mantenimiento - comunicacion periodica,Low
0607-DAAHE,0.0399,Low,4.91,Low,0.0837,0,0.024967148488830485,0.09388145,0.0837,0.0574,Maintain,Mantenimiento - comunicacion periodica,Low
7706-YLMQA,0.0247,Low,0.81,Low,0.2466,0,0.006809222315135588,0.015487572,0.2466,0.0574,Maintain,Mantenimiento - comunicacion periodica,Low
1345-GKDZZ,0.058,Low,0.94,Low,0.1432,0,0.046589415840401396,0.017973231,0.1432,0.0573,Maintain,Mantenimiento - comunicacion periodica,Low
6656-GULJQ,0.0255,Low,0.03,Low,0.266,0,0.007764902640066897,0.00057361374,0.266,0.0573,Maintain,Mantenimiento - comunicacion periodica,Low
7998-WNZEM,0.0224,Low,2.7,Low,0.1984,0,0.00406164138095807,0.05162524,0.1984,0.0572,Maintain,Mantenimiento - comunicacion periodica,Low
8060-HIWJJ,0.0258,Low,0.2,Low,0.2602,0,0.00812328276191614,0.003824092,0.2602,0.0572,Maintain,Mantenimiento - comunicacion periodica,Low
5906-DVAPM,0.0468,Low,0.0,Low,0.2032,0,0.03320989129136304,0.0,0.2032,0.0572,Maintain,Mantenimiento - comunicacion periodica,Low
2632-TACXW,0.0201,Low,0.63,Low,0.2643,0,0.0013140604467805524,0.012045889,0.2643,0.0571,Maintain,Mantenimiento - comunicacion periodica,Low
6199-IPCAO,0.0221,Low,0.01,Low,0.2759,0,0.003703261259108831,0.00019120458,0.2759,0.0571,Maintain,Mantenimiento - comunicacion periodica,Low
3537-RYBHH,0.0466,Low,0.73,Low,0.1821,0,0.032970971210130214,0.013957935,0.1821,0.0571,Maintain,Mantenimiento - comunicacion periodica,Low
1494-EJZDW,0.0278,Low,4.43,Low,0.1321,0,0.010512483574244414,0.08470363,0.1321,0.0571,Maintain,Mantenimiento - comunicacion periodica,Low
5353-WILCI,0.0535,Low,2.69,Low,0.1049,0,0.04121371401266277,0.051434036,0.1049,0.057,Maintain,Mantenimiento - comunicacion periodica,Low
1240-HCBOH,0.0211,Low,0.02,Low,0.278,0,0.0025086608529446917,0.00038240917,0.278,0.057,Maintain,Mantenimiento - comunicacion periodica,Low
0847-HGRML,0.0231,Low,4.66,Low,0.1393,0,0.004897861665272966,0.08910134,0.1393,0.057,Maintain,Mantenimiento - comunicacion periodica,Low
1222-KJNZD,0.0246,Low,0.3,Low,0.2595,0,0.006689762274519175,0.005736138,0.2595,0.057,Maintain,Mantenimiento - comunicacion periodica,Low
6631-HMANX,0.0239,Low,0.1,Low,0.2668,0,0.005853541990204279,0.001912046,0.2668,0.0569,Maintain,Mantenimiento - comunicacion periodica,Low
4597-ELFTS,0.026,Low,0.04,Low,0.2618,0,0.008362202843148966,0.00076481834,0.2618,0.0568,Maintain,Mantenimiento - comunicacion periodica,Low
6061-GWWAV,0.0562,Low,1.39,Low,0.1328,0,0.04443913510930594,0.026577437,0.1328,0.0568,Maintain,Mantenimiento - comunicacion periodica,Low
1810-MVMAI,0.0684,Low,0.0,Low,0.1367,0,0.059013260064508424,0.0,0.1367,0.0568,Maintain,Mantenimiento - comunicacion periodica,Low
1299-AURJA,0.0195,Low,0.01,Low,0.2823,0,0.0005973002030820697,0.00019120458,0.2823,0.0568,Maintain,Mantenimiento - comunicacion periodica,Low
7717-BICXI,0.0206,Low,4.09,Low,0.1607,0,0.001911360649862622,0.07820268,0.1607,0.0566,Maintain,Mantenimiento - comunicacion periodica,Low
1171-TYKUR,0.0324,Low,0.0,Low,0.243,0,0.01600764544259945,0.0,0.243,0.0566,Maintain,Mantenimiento - comunicacion periodica,Low
8681-ICONS,0.0381,Low,0.04,Low,0.2248,0,0.022816867757735042,0.00076481834,0.2248,0.0566,Maintain,Mantenimiento - comunicacion periodica,Low
0967-BMLBD,0.042,Low,0.57,Low,0.1978,0,0.02747580934177518,0.010898662,0.1978,0.0566,Maintain,Mantenimiento - comunicacion periodica,Low
0795-XCCTE,0.0212,Low,0.0,Low,0.2765,0,0.0026281208935611047,0.0,0.2765,0.0566,Maintain,Mantenimiento - comunicacion periodica,Low
0394-YONDK,0.021,Low,0.0,Low,0.277,0,0.0023892008123282786,0.0,0.277,0.0566,Maintain,Mantenimiento - comunicacion periodica,Low
2987-BJXIK,0.0304,Low,0.0,Low,0.2485,0,0.013618444630271176,0.0,0.2485,0.0565,Maintain,Mantenimiento - comunicacion periodica,Low
3506-OVLKD,0.033,Low,0.09,Low,0.2379,0,0.016724405686297936,0.0017208414,0.2379,0.0565,Maintain,Mantenimiento - comunicacion periodica,Low
9814-AOUDH,0.0254,Low,5.19,Medium,0.1144,0,0.007645442599450484,0.099235184,0.1144,0.0565,Maintain,Mantenimiento - comunicacion periodica,Low
7480-SPLEF,0.0207,Low,0.0,Low,0.2775,0,0.002030820690479035,0.0,0.2775,0.0565,Maintain,Mantenimiento - comunicacion periodica,Low
9798-OPFEM,0.026,Low,3.93,Low,0.1485,0,0.008362202843148966,0.075143404,0.1485,0.0564,Maintain,Mantenimiento - comunicacion periodica,Low
9916-AYHTC,0.0206,Low,4.8,Low,0.1397,0,0.001911360649862622,0.09177821,0.1397,0.0564,Maintain,Mantenimiento - comunicacion periodica,Low
1163-ONYEY,0.064,Low,0.0,Low,0.1475,0,0.053757018277386215,0.0,0.1475,0.0564,Maintain,Mantenimiento - comunicacion periodica,Low
1635-NZATJ,0.0215,Low,0.0,Low,0.2743,0,0.002986501015410344,0.0,0.2743,0.0564,Maintain,Mantenimiento - comunicacion periodica,Low
8957-THMOA,0.0202,Low,4.57,Low,0.1473,0,0.0014335204873969654,0.0873805,0.1473,0.0564,Maintain,Mantenimiento - comunicacion periodica,Low
1085-LDWAM,0.0238,Low,0.32,Low,0.2582,0,0.005734081949587866,0.0061185467,0.2582,0.0563,Maintain,Mantenimiento - comunicacion periodica,Low
1814-DKOLC,0.0599,Low,0.0,Low,0.1595,0,0.04885915661211326,0.0,0.1595,0.0563,Maintain,Mantenimiento - comunicacion periodica,Low
2363-BJLSL,0.0572,Low,0.0,Low,0.1674,0,0.04563373551547008,0.0,0.1674,0.0563,Maintain,Mantenimiento - comunicacion periodica,Low
2428-HYUNX,0.0234,Low,5.27,Medium,0.1167,0,0.0052562417871222095,0.10076482,0.1167,0.0562,Maintain,Mantenimiento - comunicacion periodica,Low
6169-PPETC,0.0199,Low,4.12,Low,0.1599,0,0.001075140365547726,0.07877629,0.1599,0.0562,Maintain,Mantenimiento - comunicacion periodica,Low
7951-QKZPL,0.0225,Low,0.16,Low,0.2656,0,0.004181101421574483,0.0030592734,0.2656,0.0561,Maintain,Mantenimiento - comunicacion periodica,Low
5457-COLHT,0.0256,Low,2.58,Low,0.1866,0,0.007884362680683314,0.049330782,0.1866,0.0561,Maintain,Mantenimiento - comunicacion periodica,Low
5951-AOFIH,0.0718,Low,0.31,Low,0.1131,0,0.0630749014454665,0.0059273425,0.1131,0.0559,Maintain,Mantenimiento - comunicacion periodica,Low
8148-NLEGT,0.0221,Low,0.85,Low,0.2459,0,0.003703261259108831,0.016252391,0.2459,0.0559,Maintain,Mantenimiento - comunicacion periodica,Low
4365-MSDYN,0.0791,Low,0.97,Low,0.0718,0,0.07179548441046471,0.018546846,0.0718,0.0558,Maintain,Mantenimiento - comunicacion periodica,Low
1926-QUZNN,0.0205,Low,0.01,Low,0.2742,0,0.0017919006092462087,0.00019120458,0.2742,0.0558,Maintain,Mantenimiento - comunicacion periodica,Low
6625-FLENO,0.0216,Low,4.05,Low,0.1553,0,0.0031059610560267613,0.07743786,0.1553,0.0558,Maintain,Mantenimiento - comunicacion periodica,Low
1767-CJKBA,0.0207,Low,0.01,Low,0.2729,0,0.002030820690479035,0.00019120458,0.2729,0.0557,Maintain,Mantenimiento - comunicacion periodica,Low
1820-DJFPH,0.0204,Low,0.32,Low,0.265,0,0.0016724405686297957,0.0061185467,0.265,0.0557,Maintain,Mantenimiento - comunicacion periodica,Low
6024-RUGGH,0.0224,Low,0.02,Low,0.2679,0,0.00406164138095807,0.00038240917,0.2679,0.0557,Maintain,Mantenimiento - comunicacion periodica,Low
3887-PBQAO,0.0264,Low,0.05,Low,0.255,0,0.008840043005614622,0.000956023,0.255,0.0557,Maintain,Mantenimiento - comunicacion periodica,Low
1338-CECEE,0.0479,Low,3.43,Low,0.0937,0,0.03452395173814359,0.06558318,0.0937,0.0557,Maintain,Mantenimiento - comunicacion periodica,Low
0988-AADSA,0.0205,Low,2.55,Low,0.2008,0,0.0017919006092462087,0.04875717,0.2008,0.0557,Maintain,Mantenimiento - comunicacion periodica,Low
5406-KGRMX,0.0235,Low,0.1,Low,0.2617,0,0.0053757018277386225,0.001912046,0.2617,0.0556,Maintain,Mantenimiento - comunicacion periodica,Low
1088-CNNKB,0.0573,Low,0.05,Low,0.1624,0,0.04575319555608649,0.000956023,0.1624,0.0556,Maintain,Mantenimiento - comunicacion periodica,Low
9541-PWTWO,0.0418,Low,3.14,Low,0.1201,0,0.02723688926054235,0.060038242,0.1201,0.0556,Maintain,Mantenimiento - comunicacion periodica,Low
8838-GPHZP,0.0222,Low,4.1,Low,0.1509,0,0.003822721299725244,0.078393884,0.1509,0.0556,Maintain,Mantenimiento - comunicacion periodica,Low
9917-KWRBE,0.0704,Low,0.81,Low,0.1007,0,0.0614024608768367,0.015487572,0.1007,0.0555,Maintain,Mantenimiento - comunicacion periodica,Low
5220-AGAAX,0.0196,Low,0.64,Low,0.2572,0,0.0007167602436984827,0.012237093,0.2572,0.0555,Maintain,Mantenimiento - comunicacion periodica,Low
4589-IUAJB,0.0192,Low,0.35,Low,0.2671,0,0.00023892008123282618,0.0066921604,0.2671,0.0555,Maintain,Mantenimiento - comunicacion periodica,Low
5474-LAMUQ,0.0375,Low,0.48,Low,0.208,0,0.022100107514036554,0.00917782,0.208,0.0554,Maintain,Mantenimiento - comunicacion periodica,Low
6194-HBGQN,0.0503,Low,0.0,Low,0.1834,0,0.03739099271293752,0.0,0.1834,0.0554,Maintain,Mantenimiento - comunicacion periodica,Low
2050-ONYDQ,0.0203,Low,0.02,Low,0.2719,0,0.0015529805280133785,0.00038240917,0.2719,0.0553,Maintain,Mantenimiento - comunicacion periodica,Low
4565-NLZBV,0.0202,Low,0.02,Low,0.2724,0,0.0014335204873969654,0.00038240917,0.2724,0.0553,Maintain,Mantenimiento - comunicacion periodica,Low
8388-DMKAE,0.0328,Low,4.28,Low,0.1119,0,0.01648548560506511,0.08183557,0.1119,0.0552,Maintain,Mantenimiento - comunicacion periodica,Low
6485-QXWWE,0.0205,Low,0.01,Low,0.2712,0,0.0017919006092462087,0.00019120458,0.2712,0.0552,Maintain,Mantenimiento - comunicacion periodica,Low
2616-UUTFK,0.0694,Low,0.0,Low,0.125,0,0.060207860470672565,0.0,0.125,0.0551,Maintain,Mantenimiento - comunicacion periodica,Low
2229-DPMBI,0.0348,Low,5.08,Medium,0.0826,0,0.018874686417393382,0.09713193,0.0826,0.0551,Maintain,Mantenimiento - comunicacion periodica,Low
2207-RYYRL,0.0199,Low,0.16,Low,0.2683,0,0.001075140365547726,0.0030592734,0.2683,0.0551,Maintain,Mantenimiento - comunicacion periodica,Low
2439-QKJUL,0.0686,Low,0.21,Low,0.121,0,0.05925218014574124,0.004015296,0.121,0.055,Maintain,Mantenimiento - comunicacion periodica,Low
7266-GSSJX,0.0437,Low,0.09,Low,0.1985,0,0.029506630032254216,0.0017208414,0.1985,0.055,Maintain,Mantenimiento - comunicacion periodica,Low
2804-ETQDK,0.0208,Low,4.05,Low,0.1529,0,0.002150280731095448,0.07743786,0.1529,0.0549,Maintain,Mantenimiento - comunicacion periodica,Low
2150-UWTFY,0.0468,Low,0.54,Low,0.1762,0,0.03320989129136304,0.010325048,0.1762,0.0549,Maintain,Mantenimiento - comunicacion periodica,Low
4881-GQJTW,0.0552,Low,0.92,Low,0.1402,0,0.043244534703141796,0.017590823,0.1402,0.0549,Maintain,Mantenimiento - comunicacion periodica,Low
7311-MQJCH,0.0781,Low,1.07,Low,0.0668,0,0.07060088400430056,0.020458892,0.0668,0.0548,Maintain,Mantenimiento - comunicacion periodica,Low
1106-HRLKZ,0.0238,Low,5.09,Medium,0.1136,0,0.005734081949587866,0.09732314,0.1136,0.0548,Maintain,Mantenimiento - comunicacion periodica,Low
4140-WJAWW,0.0617,Low,0.63,Low,0.1284,0,0.0510094373432087,0.012045889,0.1284,0.0548,Maintain,Mantenimiento - comunicacion periodica,Low
3507-GASNP,0.0228,Low,4.69,Low,0.128,0,0.004539481543423727,0.08967496,0.128,0.0548,Maintain,Mantenimiento - comunicacion periodica,Low
3572-UUHRS,0.0297,Low,1.64,Low,0.1947,0,0.01278222434595628,0.031357553,0.1947,0.0547,Maintain,Mantenimiento - comunicacion periodica,Low
2202-OUTMO,0.0677,Low,0.02,Low,0.1273,0,0.05817703978019352,0.00038240917,0.1273,0.0547,Maintain,Mantenimiento - comunicacion periodica,Low
8174-LNWMW,0.0202,Low,3.71,Low,0.1635,0,0.0014335204873969654,0.0709369,0.1635,0.0547,Maintain,Mantenimiento - comunicacion periodica,Low
0608-JDVEC,0.0237,Low,4.86,Low,0.12,0,0.005614621908971449,0.09292544,0.12,0.0547,Maintain,Mantenimiento - comunicacion periodica,Low
3059-NGMXB,0.0785,Low,0.0,Low,0.0951,0,0.07107872416676622,0.0,0.0951,0.0546,Maintain,Mantenimiento - comunicacion periodica,Low
3038-PQIUY,0.0812,Low,0.0,Low,0.0869,0,0.07430414526340938,0.0,0.0869,0.0545,Maintain,Mantenimiento - comunicacion periodica,Low
6016-NXBNJ,0.0275,Low,1.38,Low,0.2074,0,0.010154103452395175,0.026386233,0.2074,0.0545,Maintain,Mantenimiento - comunicacion periodica,Low
7839-NUIAA,0.0456,Low,0.4,Low,0.1813,0,0.03177637080396608,0.007648184,0.1813,0.0544,Maintain,Mantenimiento - comunicacion periodica,Low
8129-GMVGI,0.0209,Low,4.6,Low,0.1344,0,0.002269740771711861,0.08795411,0.1344,0.0544,Maintain,Mantenimiento - comunicacion periodica,Low
0096-FCPUF,0.0786,Low,0.0,Low,0.0935,0,0.07119818420738264,0.0,0.0935,0.0543,Maintain,Mantenimiento - comunicacion periodica,Low
3190-ITQXP,0.0204,Low,4.37,Low,0.1414,0,0.0016724405686297957,0.083556406,0.1414,0.0542,Maintain,Mantenimiento - comunicacion periodica,Low
7247-XOZPB,0.0563,Low,0.25,Low,0.1526,0,0.04455859514992235,0.0047801146,0.1526,0.0542,Maintain,Mantenimiento - comunicacion periodica,Low
5627-TVBPP,0.0224,Low,0.51,Low,0.2456,0,0.00406164138095807,0.009751434,0.2456,0.0541,Maintain,Mantenimiento - comunicacion periodica,Low
5334-AFQJB,0.0212,Low,0.02,Low,0.2633,0,0.0026281208935611047,0.00038240917,0.2633,0.0541,Maintain,Mantenimiento - comunicacion periodica,Low
4335-BSMJS,0.022,Low,0.05,Low,0.2595,0,0.0035838012184924136,0.000956023,0.2595,0.054,Maintain,Mantenimiento - comunicacion periodica,Low
6813-GZQCG,0.0205,Low,0.03,Low,0.2649,0,0.0017919006092462087,0.00057361374,0.2649,0.054,Maintain,Mantenimiento - comunicacion periodica,Low
4195-PNGZS,0.0193,Low,0.13,Low,0.2654,0,0.0003583801218492434,0.0024856597,0.2654,0.054,Maintain,Mantenimiento - comunicacion periodica,Low
3721-WKIIL,0.0253,Low,5.03,Medium,0.1067,0,0.007525982558834071,0.09617592,0.1067,0.054,Maintain,Mantenimiento - comunicacion periodica,Low
4644-OBGFZ,0.0247,Low,1.05,Low,0.2224,0,0.006809222315135588,0.020076482,0.2224,0.0539,Maintain,Mantenimiento - comunicacion periodica,Low
9986-BONCE,0.0827,Low,0.05,Low,0.0774,0,0.07609604587265559,0.000956023,0.0774,0.0538,Maintain,Mantenimiento - comunicacion periodica,Low
5915-DGNVC,0.0566,Low,0.0,Low,0.1569,0,0.04491697527177159,0.0,0.1569,0.0538,Maintain,Mantenimiento - comunicacion periodica,Low
3359-DSRKA,0.0225,Low,4.82,Low,0.1203,0,0.004181101421574483,0.09216062,0.1203,0.0538,Maintain,Mantenimiento - comunicacion periodica,Low
4807-IZYOZ,0.0204,Low,4.06,Low,0.148,0,0.0016724405686297957,0.07762906,0.148,0.0537,Maintain,Mantenimiento - comunicacion periodica,Low
9430-NKQLY,0.0211,Low,0.02,Low,0.2619,0,0.0025086608529446917,0.00038240917,0.2619,0.0537,Maintain,Mantenimiento - comunicacion periodica,Low
8125-QPFJD,0.0301,Low,0.0,Low,0.235,0,0.013260064508421932,0.0,0.235,0.0536,Maintain,Mantenimiento - comunicacion periodica,Low
0969-RGKCU,0.0219,Low,0.75,Low,0.238,0,0.0034643411778760005,0.014340345,0.238,0.0536,Maintain,Mantenimiento - comunicacion periodica,Low
6510-UPNKS,0.0383,Low,0.19,Low,0.2048,0,0.02305578783896787,0.0036328873,0.2048,0.0536,Maintain,Mantenimiento - comunicacion periodica,Low
1429-UYJSV,0.0444,Low,0.91,Low,0.1662,0,0.030342850316569112,0.017399618,0.1662,0.0536,Maintain,Mantenimiento - comunicacion periodica,Low
9710-NJERN,0.0209,Low,4.6,Low,0.1297,0,0.002269740771711861,0.08795411,0.1297,0.0535,Maintain,Mantenimiento - comunicacion periodica,Low
1850-AKQEP,0.0524,Low,0.11,Low,0.1642,0,0.039899653565882216,0.0021032505,0.1642,0.0534,Maintain,Mantenimiento - comunicacion periodica,Low
3981-QSVQI,0.0683,Low,0.84,Low,0.0959,0,0.05889380002389201,0.016061185,0.0959,0.0534,Maintain,Mantenimiento - comunicacion periodica,Low
0971-QIFJK,0.0195,Low,0.32,Low,0.256,0,0.0005973002030820697,0.0061185467,0.256,0.0533,Maintain,Mantenimiento - comunicacion periodica,Low
7520-HQWJU,0.0339,Low,0.42,Low,0.2102,0,0.01779954605184566,0.008030592,0.2102,0.0533,Maintain,Mantenimiento - comunicacion periodica,Low
9256-JTBNZ,0.0524,Low,0.13,Low,0.1631,0,0.039899653565882216,0.0024856597,0.1631,0.0533,Maintain,Mantenimiento - comunicacion periodica,Low
1439-LCGVL,0.026,Low,1.33,Low,0.2074,0,0.008362202843148966,0.025430212,0.2074,0.0533,Maintain,Mantenimiento - comunicacion periodica,Low
2223-KAGMX,0.0799,Low,1.07,Low,0.0538,0,0.07275116473539602,0.020458892,0.0538,0.0533,Maintain,Mantenimiento - comunicacion periodica,Low
7337-CINUD,0.036,Low,5.08,Medium,0.0694,0,0.020308206904790346,0.09713193,0.0694,0.0532,Maintain,Mantenimiento - comunicacion periodica,Low
8033-ATFAS,0.0736,Low,0.76,Low,0.0812,0,0.06522518217656194,0.014531549,0.0812,0.0532,Maintain,Mantenimiento - comunicacion periodica,Low
1955-IBMMB,0.024,Low,4.58,Low,0.1197,0,0.005973002030820692,0.0875717,0.1197,0.0532,Maintain,Mantenimiento - comunicacion periodica,Low
7014-ZZXAW,0.0198,Low,0.35,Low,0.2535,0,0.0009556803249313131,0.0066921604,0.2535,0.0532,Maintain,Mantenimiento - comunicacion periodica,Low
7161-DFHUF,0.0197,Low,0.62,Low,0.2455,0,0.0008362202843148958,0.011854685,0.2455,0.0531,Maintain,Mantenimiento - comunicacion periodica,Low
0377-JBKKT,0.0709,Low,0.9,Low,0.0848,0,0.06199976107991877,0.017208412,0.0848,0.0531,Maintain,Mantenimiento - comunicacion periodica,Low
5296-PSYVW,0.0222,Low,0.1,Low,0.2533,0,0.003822721299725244,0.001912046,0.2533,0.0531,Maintain,Mantenimiento - comunicacion periodica,Low
3261-CQXOL,0.0199,Low,0.0,Low,0.2625,0,0.001075140365547726,0.0,0.2625,0.053,Maintain,Mantenimiento - comunicacion periodica,Low
7108-DGVUU,0.069,Low,1.94,Low,0.0602,0,0.05973002030820691,0.03709369,0.0602,0.053,Maintain,Mantenimiento - comunicacion periodica,Low
8851-RAGOV,0.0487,Low,0.0,Low,0.1762,0,0.035479632063074903,0.0,0.1762,0.053,Maintain,Mantenimiento - comunicacion periodica,Low
9084-OAYKL,0.023,Low,4.04,Low,0.1373,0,0.004778401624656553,0.07724665,0.1373,0.053,Maintain,Mantenimiento - comunicacion periodica,Low
7010-BRBUU,0.0205,Low,0.31,Low,0.2512,0,0.0017919006092462087,0.0059273425,0.2512,0.0529,Maintain,Mantenimiento - comunicacion periodica,Low
7168-HDQHG,0.0482,Low,1.37,Low,0.1378,0,0.034882331859992836,0.026195029,0.1378,0.0529,Maintain,Mantenimiento - comunicacion periodica,Low
6925-BAYGL,0.0233,Low,0.02,Low,0.2504,0,0.005136781746505796,0.00038240917,0.2504,0.0528,Maintain,Mantenimiento - comunicacion periodica,Low
3530-CRZSB,0.0597,Low,0.03,Low,0.1415,0,0.04862023653088042,0.00057361374,0.1415,0.0528,Maintain,Mantenimiento - comunicacion periodica,Low
2650-GYRYL,0.0288,Low,1.06,Low,0.2032,0,0.011707083980408553,0.020267686,0.2032,0.0526,Maintain,Mantenimiento - comunicacion periodica,Low
9069-LGEUL,0.0868,Low,0.4,Low,0.0483,0,0.08099390753792857,0.007648184,0.0483,0.0525,Maintain,Mantenimiento - comunicacion periodica,Low
5821-MMEIL,0.0218,Low,4.72,Low,0.119,0,0.0033448811372595874,0.09024856,0.119,0.0525,Maintain,Mantenimiento - comunicacion periodica,Low
7459-IMVYU,0.0622,Low,0.26,Low,0.1258,0,0.05160673754629077,0.0049713193,0.1258,0.0525,Maintain,Mantenimiento - comunicacion periodica,Low
1241-FPMOF,0.0278,Low,5.02,Medium,0.0914,0,0.010512483574244414,0.095984705,0.0914,0.0523,Maintain,Mantenimiento - comunicacion periodica,Low
6549-YMFAW,0.0557,Low,0.0,Low,0.152,0,0.04384183490622386,0.0,0.152,0.0523,Maintain,Mantenimiento - comunicacion periodica,Low
6922-NCEDI,0.026,Low,0.0,Low,0.2408,0,0.008362202843148966,0.0,0.2408,0.0523,Maintain,Mantenimiento - comunicacion periodica,Low
0603-TPMIB,0.0195,Low,0.0,Low,0.2596,0,0.0005973002030820697,0.0,0.2596,0.0522,Maintain,Mantenimiento - comunicacion periodica,Low
2129-ALKBS,0.0305,Low,0.0,Low,0.2266,0,0.013737904670887589,0.0,0.2266,0.0522,Maintain,Mantenimiento - comunicacion periodica,Low
3301-LSLWQ,0.09,Low,0.18,Low,0.0436,0,0.0848166288376538,0.0034416828,0.0436,0.0522,Maintain,Mantenimiento - comunicacion periodica,Low
1709-EJDOX,0.0244,Low,4.91,Low,0.1036,0,0.006450842193286349,0.09388145,0.1036,0.0521,Maintain,Mantenimiento - comunicacion periodica,Low
4163-NCJAK,0.0244,Low,0.06,Low,0.2423,0,0.006450842193286349,0.0011472275,0.2423,0.052,Maintain,Mantenimiento - comunicacion periodica,Low
5236-XMZJY,0.0518,Low,0.91,Low,0.1358,0,0.03918289332218373,0.017399618,0.1358,0.052,Maintain,Mantenimiento - comunicacion periodica,Low
1073-XXCZD,0.0212,Low,0.04,Low,0.2519,0,0.0026281208935611047,0.00076481834,0.2519,0.0519,Maintain,Mantenimiento - comunicacion periodica,Low
8098-TDCBU,0.0244,Low,0.03,Low,0.2424,0,0.006450842193286349,0.00057361374,0.2424,0.0519,Maintain,Mantenimiento - comunicacion periodica,Low
2812-REYAT,0.0228,Low,0.58,Low,0.2316,0,0.004539481543423727,0.011089866,0.2316,0.0519,Maintain,Mantenimiento - comunicacion periodica,Low
7321-KKSDU,0.0198,Low,4.05,Low,0.1408,0,0.0009556803249313131,0.07743786,0.1408,0.0519,Maintain,Mantenimiento - comunicacion periodica,Low
5546-BYZSM,0.0299,Low,0.31,Low,0.2174,0,0.013021144427189105,0.0059273425,0.2174,0.0518,Maintain,Mantenimiento - comunicacion periodica,Low
4827-DPADN,0.025,Low,0.0,Low,0.2404,0,0.0071676024369848315,0.0,0.2404,0.0517,Maintain,Mantenimiento - comunicacion periodica,Low
3544-FBCAS,0.0277,Low,0.0,Low,0.232,0,0.010393023533628,0.0,0.232,0.0516,Maintain,Mantenimiento - comunicacion periodica,Low
1744-JHKYS,0.0307,Low,0.0,Low,0.2232,0,0.013976824752120419,0.0,0.2232,0.0516,Maintain,Mantenimiento - comunicacion periodica,Low
5605-XNWEN,0.0198,Low,0.0,Low,0.2555,0,0.0009556803249313131,0.0,0.2555,0.0516,Maintain,Mantenimiento - comunicacion periodica,Low
2418-TPEUN,0.0223,Low,4.91,Low,0.107,0,0.003942181340341657,0.09388145,0.107,0.0515,Maintain,Mantenimiento - comunicacion periodica,Low
4504-YOULA,0.0578,Low,0.0,Low,0.1416,0,0.04635049575916856,0.0,0.1416,0.0515,Maintain,Mantenimiento - comunicacion periodica,Low
9339-FIIJL,0.0266,Low,0.06,Low,0.2331,0,0.009078963086847448,0.0011472275,0.2331,0.0515,Maintain,Mantenimiento - comunicacion periodica,Low
4558-CGYCZ,0.0801,Low,0.71,Low,0.0544,0,0.07299008481662884,0.013575526,0.0544,0.0514,Maintain,Mantenimiento - comunicacion periodica,Low
9964-WBQDJ,0.0205,Low,0.19,Low,0.2472,0,0.0017919006092462087,0.0036328873,0.2472,0.0514,Maintain,Mantenimiento - comunicacion periodica,Low
4458-KVRBJ,0.0203,Low,0.04,Low,0.2516,0,0.0015529805280133785,0.00076481834,0.2516,0.0513,Maintain,Mantenimiento - comunicacion periodica,Low
9153-BTBVV,0.0191,Low,0.0,Low,0.2563,0,0.00011946004061641309,0.0,0.2563,0.0513,Maintain,Mantenimiento - comunicacion periodica,Low
8390-FESFV,0.0355,Low,0.0,Low,0.2065,0,0.019710906701708275,0.0,0.2065,0.0512,Maintain,Mantenimiento - comunicacion periodica,Low
9451-WLYRI,0.0242,Low,1.44,Low,0.1992,0,0.006211922112053518,0.027533462,0.1992,0.0512,Maintain,Mantenimiento - comunicacion periodica,Low
9782-LGXMC,0.0524,Low,0.85,Low,0.1313,0,0.039899653565882216,0.016252391,0.1313,0.0511,Maintain,Mantenimiento - comunicacion periodica,Low
1022-RKXDR,0.0239,Low,0.08,Low,0.2384,0,0.005853541990204279,0.0015296367,0.2384,0.0511,Maintain,Mantenimiento - comunicacion periodica,Low
2361-UPSND,0.0415,Low,1.48,Low,0.1459,0,0.02687850913869311,0.02829828,0.1459,0.0511,Maintain,Mantenimiento - comunicacion periodica,Low
9142-XMYJH,0.0409,Low,1.18,Low,0.1562,0,0.026161748894994626,0.02256214,0.1562,0.0511,Maintain,Mantenimiento - comunicacion periodica,Low
9092-GDZKO,0.0275,Low,0.0,Low,0.2294,0,0.010154103452395175,0.0,0.2294,0.051,Maintain,Mantenimiento - comunicacion periodica,Low
5641-DMBFJ,0.0351,Low,0.0,Low,0.207,0,0.019233066539242623,0.0,0.207,0.051,Maintain,Mantenimiento - comunicacion periodica,Low
6725-TPKJO,0.0204,Low,4.57,Low,0.1196,0,0.0016724405686297957,0.0873805,0.1196,0.051,Maintain,Mantenimiento - comunicacion periodica,Low
0784-GTUUK,0.0233,Low,0.05,Low,0.2409,0,0.005136781746505796,0.000956023,0.2409,0.051,Maintain,Mantenimiento - comunicacion periodica,Low
7581-EBBOU,0.0351,Low,1.35,Low,0.1674,0,0.019233066539242623,0.02581262,0.1674,0.0508,Maintain,Mantenimiento - comunicacion periodica,Low
3486-KHMLI,0.0242,Low,0.0,Low,0.2379,0,0.006211922112053518,0.0,0.2379,0.0507,Maintain,Mantenimiento - comunicacion periodica,Low
3372-CDXFJ,0.0392,Low,0.22,Low,0.1867,0,0.02413092820451559,0.004206501,0.1867,0.0507,Maintain,Mantenimiento - comunicacion periodica,Low
0936-NQLJU,0.0198,Low,4.02,Low,0.1356,0,0.0009556803249313131,0.07686424,0.1356,0.0507,Maintain,Mantenimiento - comunicacion periodica,Low
2266-FUBDZ,0.0259,Low,5.29,Medium,0.0805,0,0.008242742802532553,0.10114723,0.0805,0.0506,Maintain,Mantenimiento - comunicacion periodica,Low
8100-HZZLJ,0.0629,Low,0.11,Low,0.1189,0,0.05244295783060566,0.0021032505,0.1189,0.0506,Maintain,Mantenimiento - comunicacion periodica,Low
5854-KSRBJ,0.0199,Low,0.0,Low,0.2497,0,0.001075140365547726,0.0,0.2497,0.0505,Maintain,Mantenimiento - comunicacion periodica,Low
9297-FVVDH,0.0365,Low,0.0,Low,0.2002,0,0.020905507107872416,0.0,0.2002,0.0505,Maintain,Mantenimiento - comunicacion periodica,Low
3750-RNQKR,0.0573,Low,1.06,Low,0.1078,0,0.04575319555608649,0.020267686,0.1078,0.0505,Maintain,Mantenimiento - comunicacion periodica,Low
3727-OVPRY,0.0242,Low,0.0,Low,0.2363,0,0.006211922112053518,0.0,0.2363,0.0504,Maintain,Mantenimiento - comunicacion periodica,Low
9257-AZMTZ,0.0211,Low,4.62,Low,0.1133,0,0.0025086608529446917,0.08833652,0.1133,0.0504,Maintain,Mantenimiento - comunicacion periodica,Low
1535-VTJOQ,0.0253,Low,0.25,Low,0.2262,0,0.007525982558834071,0.0047801146,0.2262,0.0504,Maintain,Mantenimiento - comunicacion periodica,Low
5917-HBSDW,0.0386,Low,1.29,Low,0.1563,0,0.023414167960817113,0.024665391,0.1563,0.0504,Maintain,Mantenimiento - comunicacion periodica,Low
4134-BSXLX,0.0402,Low,0.63,Low,0.1708,0,0.02532552861067973,0.012045889,0.1708,0.0504,Maintain,Mantenimiento - comunicacion periodica,Low
5542-NKVRU,0.0204,Low,4.02,Low,0.132,0,0.0016724405686297957,0.07686424,0.132,0.0503,Maintain,Mantenimiento - comunicacion periodica,Low
7036-ZZKBD,0.0702,Low,0.0,Low,0.0986,0,0.06116354079560387,0.0,0.0986,0.0503,Maintain,Mantenimiento - comunicacion periodica,Low
3212-KXOCR,0.0229,Low,3.95,Low,0.1268,0,0.00465894158404014,0.07552581,0.1268,0.0503,Maintain,Mantenimiento - comunicacion periodica,Low
5093-FEGLU,0.0258,Low,5.01,Medium,0.0874,0,0.00812328276191614,0.09579351,0.0874,0.0503,Maintain,Mantenimiento - comunicacion periodica,Low
1702-CCFNJ,0.0507,Low,0.59,Low,0.1393,0,0.037868832875403186,0.01128107,0.1393,0.0502,Maintain,Mantenimiento - comunicacion periodica,Low
3694-GLTJM,0.0539,Low,0.78,Low,0.1242,0,0.041691554175128424,0.014913958,0.1242,0.0502,Maintain,Mantenimiento - comunicacion periodica,Low
9822-BIIGN,0.0613,Low,0.0,Low,0.1242,0,0.05053159718074305,0.0,0.1242,0.0501,Maintain,Mantenimiento - comunicacion periodica,Low
1248-DYXUB,0.0211,Low,0.04,Low,0.2433,0,0.0025086608529446917,0.00076481834,0.2433,0.0501,Maintain,Mantenimiento - comunicacion periodica,Low
5092-STPKP,0.057,Low,2.73,Low,0.0583,0,0.045394815434237255,0.052198853,0.0583,0.05,Maintain,Mantenimiento - comunicacion periodica,Low
3580-GICBM,0.0206,Low,0.37,Low,0.234,0,0.001911360649862622,0.00707457,0.234,0.0499,Maintain,Mantenimiento - comunicacion periodica,Low
4779-ZGICK,0.0205,Low,0.66,Low,0.2256,0,0.0017919006092462087,0.012619504,0.2256,0.0498,Maintain,Mantenimiento - comunicacion periodica,Low
2346-LOCWC,0.0214,Low,4.22,Low,0.1209,0,0.002867040974793931,0.080688335,0.1209,0.0498,Maintain,Mantenimiento - comunicacion periodica,Low
5495-GPSRW,0.0246,Low,4.93,Low,0.0902,0,0.006689762274519175,0.09426386,0.0902,0.0497,Maintain,Mantenimiento - comunicacion periodica,Low
5846-ABOBJ,0.0194,Low,0.11,Low,0.2439,0,0.00047784016246565653,0.0021032505,0.2439,0.0496,Maintain,Mantenimiento - comunicacion periodica,Low
8092-NLTGF,0.0197,Low,0.0,Low,0.2458,0,0.0008362202843148958,0.0,0.2458,0.0496,Maintain,Mantenimiento - comunicacion periodica,Low
8499-BRXTD,0.0384,Low,0.47,Low,0.1767,0,0.023175247879584276,0.008986616,0.1767,0.0496,Maintain,Mantenimiento - comunicacion periodica,Low
0804-YGEQV,0.0231,Low,0.08,Low,0.2328,0,0.004897861665272966,0.0015296367,0.2328,0.0495,Maintain,Mantenimiento - comunicacion periodica,Low
4707-YNOQA,0.0258,Low,0.04,Low,0.2259,0,0.00812328276191614,0.00076481834,0.2259,0.0495,Maintain,Mantenimiento - comunicacion periodica,Low
0810-DHDBD,0.0524,Low,0.08,Low,0.1446,0,0.039899653565882216,0.0015296367,0.1446,0.0493,Maintain,Mantenimiento - comunicacion periodica,Low
5018-LXQQG,0.0519,Low,0.0,Low,0.1475,0,0.03930235336280014,0.0,0.1475,0.0492,Maintain,Mantenimiento - comunicacion periodica,Low
9194-GFVOI,0.0295,Low,0.28,Low,0.2064,0,0.01254330426472345,0.005353729,0.2064,0.0492,Maintain,Mantenimiento - comunicacion periodica,Low
2928-HLDBA,0.0484,Low,0.07,Low,0.1564,0,0.03512125194122566,0.0013384322,0.1564,0.0492,Maintain,Mantenimiento - comunicacion periodica,Low
6685-GBWJZ,0.0409,Low,1.26,Low,0.1443,0,0.026161748894994626,0.024091778,0.1443,0.0492,Maintain,Mantenimiento - comunicacion periodica,Low
7787-BNTZM,0.063,Low,0.37,Low,0.1036,0,0.052562417871222074,0.00707457,0.1036,0.0491,Maintain,Mantenimiento - comunicacion periodica,Low
9732-OUYRN,0.0251,Low,1.41,Low,0.1865,0,0.0072870624776012445,0.026959848,0.1865,0.049,Maintain,Mantenimiento - comunicacion periodica,Low
4801-KFYKL,0.0652,Low,1.04,Low,0.0772,0,0.05519053876478317,0.019885277,0.0772,0.049,Maintain,Mantenimiento - comunicacion periodica,Low
7361-YPXFS,0.0533,Low,0.0,Low,0.1426,0,0.040974793931429936,0.0,0.1426,0.049,Maintain,Mantenimiento - comunicacion periodica,Low
9447-YPTBX,0.0229,Low,0.77,Low,0.2113,0,0.00465894158404014,0.014722753,0.2113,0.049,Maintain,Mantenimiento - comunicacion periodica,Low
3097-PYWXL,0.0735,Low,0.52,Low,0.0673,0,0.06510572213594552,0.009942639,0.0673,0.049,Maintain,Mantenimiento - comunicacion periodica,Low
3457-PQBYH,0.0207,Low,4.33,Low,0.1151,0,0.002030820690479035,0.08279159,0.1151,0.0489,Maintain,Mantenimiento - comunicacion periodica,Low
5699-BNCAS,0.0201,Low,0.06,Low,0.2395,0,0.0013140604467805524,0.0011472275,0.2395,0.0489,Maintain,Mantenimiento - comunicacion periodica,Low
4193-IBKSW,0.0195,Low,0.02,Low,0.2421,0,0.0005973002030820697,0.00038240917,0.2421,0.0488,Maintain,Mantenimiento - comunicacion periodica,Low
6620-HVDUJ,0.0648,Low,0.57,Low,0.0911,0,0.05471269860231752,0.010898662,0.0911,0.0488,Maintain,Mantenimiento - comunicacion periodica,Low
6972-SNKKW,0.0442,Low,0.48,Low,0.1546,0,0.030103930235336286,0.00917782,0.1546,0.0487,Maintain,Mantenimiento - comunicacion periodica,Low
8645-KOMJQ,0.0286,Low,0.0,Low,0.2148,0,0.011468163899175727,0.0,0.2148,0.0487,Maintain,Mantenimiento - comunicacion periodica,Low
3969-JQABI,0.046,Low,0.0,Low,0.1627,0,0.03225421096643173,0.0,0.1627,0.0487,Maintain,Mantenimiento - comunicacion periodica,Low
9150-KPBJQ,0.0395,Low,4.92,Low,0.0414,0,0.024489308326364832,0.09407266,0.0414,0.0487,Maintain,Mantenimiento - comunicacion periodica,Low
8042-RNLKO,0.0262,Low,0.0,Low,0.2218,0,0.008601122924381796,0.0,0.2218,0.0487,Maintain,Mantenimiento - comunicacion periodica,Low
6878-GGDWG,0.0523,Low,0.99,Low,0.1153,0,0.039780193525265795,0.018929254,0.1153,0.0486,Maintain,Mantenimiento - comunicacion periodica,Low
9251-AWQGT,0.0204,Low,4.64,Low,0.1059,0,0.0016724405686297957,0.08871893,0.1059,0.0486,Maintain,Mantenimiento - comunicacion periodica,Low
2466-NEJOJ,0.0546,Low,0.88,Low,0.1116,0,0.04252777445944333,0.016826004,0.1116,0.0486,Maintain,Mantenimiento - comunicacion periodica,Low
6823-SIDFQ,0.0238,Low,1.63,Low,0.1816,0,0.005734081949587866,0.031166349,0.1816,0.0485,Maintain,Mantenimiento - comunicacion periodica,Low
4054-CUMIA,0.0432,Low,0.16,Low,0.1654,0,0.028909329829172145,0.0030592734,0.1654,0.0485,Maintain,Mantenimiento - comunicacion periodica,Low
4521-WFJAI,0.0235,Low,0.05,Low,0.2276,0,0.0053757018277386225,0.000956023,0.2276,0.0485,Maintain,Mantenimiento - comunicacion periodica,Low
9795-NREXC,0.0253,Low,0.0,Low,0.2237,0,0.007525982558834071,0.0,0.2237,0.0485,Maintain,Mantenimiento - comunicacion periodica,Low
0854-UYHZD,0.0265,Low,5.06,Medium,0.075,0,0.008959503046231035,0.09674952,0.075,0.0485,Maintain,Mantenimiento - comunicacion periodica,Low
8457-XIGKN,0.0292,Low,0.88,Low,0.1865,0,0.01218492414287421,0.016826004,0.1865,0.0484,Maintain,Mantenimiento - comunicacion periodica,Low
3675-EQOZA,0.046,Low,0.07,Low,0.1587,0,0.03225421096643173,0.0013384322,0.1587,0.0483,Maintain,Mantenimiento - comunicacion periodica,Low
6134-KWTBV,0.0209,Low,0.87,Low,0.2107,0,0.002269740771711861,0.0166348,0.2107,0.0483,Maintain,Mantenimiento - comunicacion periodica,Low
0307-BCOPK,0.0351,Low,1.52,Low,0.1486,0,0.019233066539242623,0.029063098,0.1486,0.0481,Maintain,Mantenimiento - comunicacion periodica,Low
6258-NGCNG,0.0489,Low,0.0,Low,0.1514,0,0.03571855214430773,0.0,0.1514,0.0481,Maintain,Mantenimiento - comunicacion periodica,Low
6292-TOSSS,0.0225,Low,0.04,Low,0.2289,0,0.004181101421574483,0.00076481834,0.2289,0.0481,Maintain,Mantenimiento - comunicacion periodica,Low
0754-EEBDC,0.0367,Low,4.52,Low,0.0574,0,0.02114442718910525,0.08642448,0.0574,0.048,Maintain,Mantenimiento - comunicacion periodica,Low
6377-KSLXC,0.0575,Low,0.55,Low,0.1085,0,0.04599211563731933,0.010516252,0.1085,0.0479,Maintain,Mantenimiento - comunicacion periodica,Low
9639-BUJXT,0.0245,Low,0.27,Low,0.2155,0,0.006570302233902762,0.005162524,0.2155,0.0479,Maintain,Mantenimiento - comunicacion periodica,Low
8003-EWNDZ,0.0589,Low,0.01,Low,0.1202,0,0.047664556205949116,0.00019120458,0.1202,0.0479,Maintain,Mantenimiento - comunicacion periodica,Low
8626-XHBIE,0.0201,Low,0.07,Low,0.234,0,0.0013140604467805524,0.0013384322,0.234,0.0479,Maintain,Mantenimiento - comunicacion periodica,Low
1093-YSWCA,0.0277,Low,5.08,Medium,0.0669,0,0.010393023533628,0.09713193,0.0669,0.0477,Maintain,Mantenimiento - comunicacion periodica,Low
8512-WIWYV,0.0335,Low,0.22,Low,0.1891,0,0.017321705889380007,0.004206501,0.1891,0.0477,Maintain,Mantenimiento - comunicacion periodica,Low
9385-NXKDA,0.0246,Low,0.0,Low,0.2219,0,0.006689762274519175,0.0,0.2219,0.0477,Maintain,Mantenimiento - comunicacion periodica,Low
2054-PJOCK,0.054,Low,0.0,Low,0.1338,0,0.04181101421574484,0.0,0.1338,0.0477,Maintain,Mantenimiento - comunicacion periodica,Low
8746-OQQRW,0.064,Low,0.0,Low,0.1039,0,0.053757018277386215,0.0,0.1039,0.0477,Maintain,Mantenimiento - comunicacion periodica,Low
3717-FDJFU,0.0315,Low,4.13,Low,0.0824,0,0.014932505077051728,0.0789675,0.0824,0.0476,Maintain,Mantenimiento - comunicacion periodica,Low
0486-LGCCH,0.0294,Low,4.97,Low,0.0641,0,0.012423844224107037,0.095028676,0.0641,0.0475,Maintain,Mantenimiento - comunicacion periodica,Low
0568-ONFPC,0.0467,Low,0.0,Low,0.155,0,0.03309043125074663,0.0,0.155,0.0475,Maintain,Mantenimiento - comunicacion periodica,Low
1574-DYCWE,0.0213,Low,4.71,Low,0.0954,0,0.002747580934177518,0.090057366,0.0954,0.0475,Maintain,Mantenimiento - comunicacion periodica,Low
5310-NOOVA,0.0257,Low,4.72,Low,0.0819,0,0.008003822721299727,0.09024856,0.0819,0.0475,Maintain,Mantenimiento - comunicacion periodica,Low
9938-PRCVK,0.0243,Low,4.99,Low,0.0786,0,0.006331382152669931,0.095411085,0.0786,0.0475,Maintain,Mantenimiento - comunicacion periodica,Low
7609-YBPXG,0.0321,Low,0.23,Low,0.1911,0,0.015649265320750207,0.0043977057,0.1911,0.0474,Maintain,Mantenimiento - comunicacion periodica,Low
5003-XZWWO,0.0273,Low,0.0,Low,0.212,0,0.009915183371162348,0.0,0.212,0.0474,Maintain,Mantenimiento - comunicacion periodica,Low
5555-RNPGT,0.0434,Low,0.0,Low,0.1643,0,0.02914824991040497,0.0,0.1643,0.0474,Maintain,Mantenimiento - comunicacion periodica,Low
1697-NVVGY,0.0755,Low,0.02,Low,0.0676,0,0.0674949229482738,0.00038240917,0.0676,0.0474,Maintain,Mantenimiento - comunicacion periodica,Low
4895-TMWIR,0.084,Low,0.57,Low,0.0258,0,0.07764902640066898,0.010898662,0.0258,0.0473,Maintain,Mantenimiento - comunicacion periodica,Low
1306-RPWXZ,0.0203,Low,4.29,Low,0.1093,0,0.0015529805280133785,0.08202677,0.1093,0.0472,Maintain,Mantenimiento - comunicacion periodica,Low
9953-ZMKSM,0.0218,Low,0.09,Low,0.225,0,0.0033448811372595874,0.0017208414,0.225,0.0472,Maintain,Mantenimiento - comunicacion periodica,Low
9504-YAZWB,0.0214,Low,4.38,Low,0.1034,0,0.002867040974793931,0.08374761,0.1034,0.0472,Maintain,Mantenimiento - comunicacion periodica,Low
6857-TKDJV,0.0196,Low,0.04,Low,0.2326,0,0.0007167602436984827,0.00076481834,0.2326,0.0471,Maintain,Mantenimiento - comunicacion periodica,Low
5197-LQXXH,0.0265,Low,0.0,Low,0.2131,0,0.008959503046231035,0.0,0.2131,0.0471,Maintain,Mantenimiento - comunicacion periodica,Low
0436-TWFFZ,0.0291,Low,0.01,Low,0.205,0,0.012065464102257797,0.00019120458,0.205,0.0471,Maintain,Mantenimiento - comunicacion periodica,Low
4770-QAZXN,0.0401,Low,1.06,Low,0.1417,0,0.02520606857006331,0.020267686,0.1417,0.047,Maintain,Mantenimiento - comunicacion periodica,Low
3077-RSNTJ,0.068,Low,0.8,Low,0.0655,0,0.05853541990204277,0.015296368,0.0655,0.047,Maintain,Mantenimiento - comunicacion periodica,Low
6072-NUQCB,0.0375,Low,0.27,Low,0.1718,0,0.022100107514036554,0.005162524,0.1718,0.047,Maintain,Mantenimiento - comunicacion periodica,Low
0839-QNXME,0.0238,Low,5.18,Medium,0.072,0,0.005734081949587866,0.09904397,0.072,0.047,Maintain,Mantenimiento - comunicacion periodica,Low
2243-FNMMI,0.0438,Low,1.03,Low,0.1307,0,0.029626090072870627,0.019694073,0.1307,0.0469,Maintain,Mantenimiento - comunicacion periodica,Low
7136-IHZJA,0.0562,Low,0.0,Low,0.1236,0,0.04443913510930594,0.0,0.1236,0.0469,Maintain,Mantenimiento - comunicacion periodica,Low
2072-ZVJJX,0.0209,Low,0.03,Low,0.228,0,0.002269740771711861,0.00057361374,0.228,0.0469,Maintain,Mantenimiento - comunicacion periodica,Low
6508-NJYRO,0.0317,Low,1.71,Low,0.1472,0,0.015171425158284554,0.032695986,0.1472,0.0468,Maintain,Mantenimiento - comunicacion periodica,Low
6322-HRPFA,0.0337,Low,1.19,Low,0.156,0,0.017560625970612833,0.022753347,0.156,0.0468,Maintain,Mantenimiento - comunicacion periodica,Low
0788-DXBFY,0.0312,Low,1.07,Low,0.1663,0,0.014574124955202484,0.020458892,0.1663,0.0467,Maintain,Mantenimiento - comunicacion periodica,Low
2333-KWEWW,0.0244,Low,4.49,Low,0.0885,0,0.006450842193286349,0.08585086,0.0885,0.0467,Maintain,Mantenimiento - comunicacion periodica,Low
0383-CLDDA,0.0275,Low,0.0,Low,0.2083,0,0.010154103452395175,0.0,0.2083,0.0467,Maintain,Mantenimiento - comunicacion periodica,Low
6349-JDHQP,0.0224,Low,4.79,Low,0.0858,0,0.00406164138095807,0.091587,0.0858,0.0467,Maintain,Mantenimiento - comunicacion periodica,Low
1627-AFWVJ,0.0244,Low,5.18,Medium,0.0679,0,0.006450842193286349,0.09904397,0.0679,0.0465,Maintain,Mantenimiento - comunicacion periodica,Low
2263-SFSQZ,0.0215,Low,0.05,Low,0.2238,0,0.002986501015410344,0.000956023,0.2238,0.0465,Maintain,Mantenimiento - comunicacion periodica,Low
8314-HTWVE,0.0299,Low,4.64,Low,0.0664,0,0.013021144427189105,0.08871893,0.0664,0.0464,Maintain,Mantenimiento - comunicacion periodica,Low
5993-BQHEA,0.0352,Low,0.49,Low,0.1694,0,0.01935252657985904,0.009369025,0.1694,0.0464,Maintain,Mantenimiento - comunicacion periodica,Low
3703-TTEPD,0.0568,Low,0.06,Low,0.1169,0,0.045155895353004426,0.0011472275,0.1169,0.0463,Maintain,Mantenimiento - comunicacion periodica,Low
1089-XZWHH,0.0253,Low,4.96,Low,0.0706,0,0.007525982558834071,0.09483748,0.0706,0.0463,Maintain,Mantenimiento - comunicacion periodica,Low
2550-QHZGP,0.0444,Low,1.04,Low,0.1259,0,0.030342850316569112,0.019885277,0.1259,0.0463,Maintain,Mantenimiento - comunicacion periodica,Low
2404-JIBFC,0.0339,Low,0.01,Low,0.1867,0,0.01779954605184566,0.00019120458,0.1867,0.0463,Maintain,Mantenimiento - comunicacion periodica,Low
4815-TUMEQ,0.0492,Low,1.3,Low,0.1042,0,0.03607693226615697,0.024856595,0.1042,0.0463,Maintain,Mantenimiento - comunicacion periodica,Low
8263-OKETD,0.0783,Low,0.0,Low,0.0538,0,0.07083980408553338,0.0,0.0538,0.0462,Maintain,Mantenimiento - comunicacion periodica,Low
8661-BOYNW,0.0249,Low,0.0,Low,0.2132,0,0.007048142396368414,0.0,0.2132,0.0462,Maintain,Mantenimiento - comunicacion periodica,Low
5176-LMJXE,0.0209,Low,4.09,Low,0.1075,0,0.002269740771711861,0.07820268,0.1075,0.0461,Maintain,Mantenimiento - comunicacion periodica,Low
2126-GSEGL,0.0264,Low,0.0,Low,0.2085,0,0.008840043005614622,0.0,0.2085,0.0461,Maintain,Mantenimiento - comunicacion periodica,Low
5876-QMYLD,0.0225,Low,0.53,Low,0.2047,0,0.004181101421574483,0.010133843,0.2047,0.0461,Maintain,Mantenimiento - comunicacion periodica,Low
9824-QCJPK,0.0216,Low,0.53,Low,0.2074,0,0.0031059610560267613,0.010133843,0.2074,0.0461,Maintain,Mantenimiento - comunicacion periodica,Low
3402-XRIUO,0.0719,Low,0.0,Low,0.0724,0,0.06319436148608291,0.0,0.0724,0.0461,Maintain,Mantenimiento - comunicacion periodica,Low
6839-ITVZJ,0.0599,Low,0.16,Low,0.1038,0,0.04885915661211326,0.0030592734,0.1038,0.0461,Maintain,Mantenimiento - comunicacion periodica,Low
0221-NAUXK,0.0419,Low,0.63,Low,0.1433,0,0.027356349301158763,0.012045889,0.1433,0.046,Maintain,Mantenimiento - comunicacion periodica,Low
8540-ZQGEA,0.0206,Low,4.62,Low,0.0926,0,0.001911360649862622,0.08833652,0.0926,0.046,Maintain,Mantenimiento - comunicacion periodica,Low
0052-YNYOT,0.025,Low,0.11,Low,0.2088,0,0.0071676024369848315,0.0021032505,0.2088,0.046,Maintain,Mantenimiento - comunicacion periodica,Low
2097-YVPKN,0.021,Low,0.03,Low,0.2231,0,0.0023892008123282786,0.00057361374,0.2231,0.046,Maintain,Mantenimiento - comunicacion periodica,Low
7531-GQHME,0.0422,Low,0.43,Low,0.148,0,0.027714729423008008,0.008221798,0.148,0.0459,Maintain,Mantenimiento - comunicacion periodica,Low
6828-HMKWP,0.0251,Low,3.85,Low,0.1004,0,0.0072870624776012445,0.07361376,0.1004,0.0458,Maintain,Mantenimiento - comunicacion periodica,Low
2252-NKNSI,0.0282,Low,0.15,Low,0.1974,0,0.010990323736710071,0.002868069,0.1974,0.0458,Maintain,Mantenimiento - comunicacion periodica,Low
3148-AOIQT,0.0205,Low,0.0,Low,0.2238,0,0.0017919006092462087,0.0,0.2238,0.0457,Maintain,Mantenimiento - comunicacion periodica,Low
2481-SBOYW,0.0205,Low,0.02,Low,0.2234,0,0.0017919006092462087,0.00038240917,0.2234,0.0457,Maintain,Mantenimiento - comunicacion periodica,Low
0354-VXMJC,0.0214,Low,5.04,Medium,0.0766,0,0.002867040974793931,0.09636711,0.0766,0.0457,Maintain,Mantenimiento - comunicacion periodica,Low
4335-UPJSI,0.0239,Low,4.9,Low,0.0721,0,0.005853541990204279,0.093690254,0.0721,0.0455,Maintain,Mantenimiento - comunicacion periodica,Low
3547-LQRIK,0.0269,Low,0.06,Low,0.2019,0,0.009437343208696693,0.0011472275,0.2019,0.0454,Maintain,Mantenimiento - comunicacion periodica,Low
4795-WRNVT,0.0609,Low,0.0,Low,0.1016,0,0.0500537570182774,0.0,0.1016,0.0453,Maintain,Mantenimiento - comunicacion periodica,Low
5003-OKNNK,0.0352,Low,0.18,Low,0.1729,0,0.01935252657985904,0.0034416828,0.1729,0.0453,Maintain,Mantenimiento - comunicacion periodica,Low
7601-DHFWZ,0.0213,Low,0.66,Low,0.2007,0,0.002747580934177518,0.012619504,0.2007,0.0453,Maintain,Mantenimiento - comunicacion periodica,Low
5804-JMYIO,0.0228,Low,4.93,Low,0.073,0,0.004539481543423727,0.09426386,0.073,0.0451,Maintain,Mantenimiento - comunicacion periodica,Low
4361-FEBGN,0.0213,Low,4.59,Low,0.0868,0,0.002747580934177518,0.08776291,0.0868,0.0451,Maintain,Mantenimiento - comunicacion periodica,Low
2068-WWXQZ,0.0205,Low,4.62,Low,0.0885,0,0.0017919006092462087,0.08833652,0.0885,0.0451,Maintain,Mantenimiento - comunicacion periodica,Low
8234-GSZYK,0.0245,Low,0.1,Low,0.2057,0,0.006570302233902762,0.001912046,0.2057,0.045,Maintain,Mantenimiento - comunicacion periodica,Low
7503-EPSZW,0.0197,Low,0.38,Low,0.212,0,0.0008362202843148958,0.0072657745,0.212,0.045,Maintain,Mantenimiento - comunicacion periodica,Low
7601-GNDYK,0.0257,Low,5.0,Low,0.0616,0,0.008003822721299727,0.0956023,0.0616,0.045,Maintain,Mantenimiento - comunicacion periodica,Low
2023-VQFDL,0.0455,Low,1.41,Low,0.1049,0,0.03165691076334966,0.026959848,0.1049,0.0449,Maintain,Mantenimiento - comunicacion periodica,Low
8807-OPMBM,0.0225,Low,0.03,Low,0.2129,0,0.004181101421574483,0.00057361374,0.2129,0.0448,Maintain,Mantenimiento - comunicacion periodica,Low
5478-JJVZK,0.0739,Low,0.0,Low,0.0602,0,0.06558356229841117,0.0,0.0602,0.0448,Maintain,Mantenimiento - comunicacion periodica,Low
5231-FIQPA,0.021,Low,4.84,Low,0.079,0,0.0023892008123282786,0.09254303,0.079,0.0448,Maintain,Mantenimiento - comunicacion periodica,Low
2384-OVPSA,0.0207,Low,4.54,Low,0.0889,0,0.002030820690479035,0.086806886,0.0889,0.0448,Maintain,Mantenimiento - comunicacion periodica,Low
8663-UPDGF,0.0746,Low,0.0,Low,0.0577,0,0.06641978258272607,0.0,0.0577,0.0447,Maintain,Mantenimiento - comunicacion periodica,Low
6000-UKLWI,0.0206,Low,4.57,Low,0.0878,0,0.001911360649862622,0.0873805,0.0878,0.0447,Maintain,Mantenimiento - comunicacion periodica,Low
0064-SUDOG,0.0267,Low,4.25,Low,0.0785,0,0.009198423127463867,0.08126195,0.0785,0.0447,Maintain,Mantenimiento - comunicacion periodica,Low
5063-IUOKK,0.0286,Low,4.89,Low,0.0547,0,0.011468163899175727,0.09349904,0.0547,0.0447,Maintain,Mantenimiento - comunicacion periodica,Low
2796-NNUFI,0.0214,Low,4.77,Low,0.0789,0,0.002867040974793931,0.09120459,0.0789,0.0446,Maintain,Mantenimiento - comunicacion periodica,Low
5296-BFCYD,0.0214,Low,4.62,Low,0.0834,0,0.002867040974793931,0.08833652,0.0834,0.0446,Maintain,Mantenimiento - comunicacion periodica,Low
6202-JVYEU,0.0474,Low,0.68,Low,0.1189,0,0.033926651535061525,0.013001912,0.1189,0.0446,Maintain,Mantenimiento - comunicacion periodica,Low
6961-MJKBO,0.0209,Low,4.29,Low,0.0941,0,0.002269740771711861,0.08202677,0.0941,0.0446,Maintain,Mantenimiento - comunicacion periodica,Low
8189-DUKMV,0.0743,Low,0.13,Low,0.0542,0,0.06606140246087684,0.0024856597,0.0542,0.0446,Maintain,Mantenimiento - comunicacion periodica,Low
3724-UCSHY,0.0541,Low,0.94,Low,0.0909,0,0.041930474256361254,0.017973231,0.0909,0.0445,Maintain,Mantenimiento - comunicacion periodica,Low
6621-YOBKI,0.046,Low,0.15,Low,0.1377,0,0.03225421096643173,0.002868069,0.1377,0.0445,Maintain,Mantenimiento - comunicacion periodica,Low
5442-BXVND,0.0275,Low,0.0,Low,0.197,0,0.010154103452395175,0.0,0.197,0.0445,Maintain,Mantenimiento - comunicacion periodica,Low
9397-TZSHA,0.0197,Low,0.0,Low,0.2198,0,0.0008362202843148958,0.0,0.2198,0.0444,Maintain,Mantenimiento - comunicacion periodica,Low
1925-GMVBW,0.0616,Low,0.07,Low,0.0921,0,0.05088997730259229,0.0013384322,0.0921,0.0443,Maintain,Mantenimiento - comunicacion periodica,Low
7445-WMRBW,0.0474,Low,0.16,Low,0.1319,0,0.033926651535061525,0.0030592734,0.1319,0.0443,Maintain,Mantenimiento - comunicacion periodica,Low
9068-FHQHD,0.0199,Low,4.57,Low,0.0877,0,0.001075140365547726,0.0873805,0.0877,0.0443,Maintain,Mantenimiento - comunicacion periodica,Low
7353-YOWFP,0.0467,Low,0.31,Low,0.1293,0,0.03309043125074663,0.0059273425,0.1293,0.0442,Maintain,Mantenimiento - comunicacion periodica,Low
0318-ZOPWS,0.021,Low,4.58,Low,0.0839,0,0.0023892008123282786,0.0875717,0.0839,0.0442,Maintain,Mantenimiento - comunicacion periodica,Low
6484-LATFU,0.0197,Low,0.11,Low,0.2141,0,0.0008362202843148958,0.0021032505,0.2141,0.0439,Maintain,Mantenimiento - comunicacion periodica,Low
4923-ADWXJ,0.0665,Low,0.23,Low,0.0711,0,0.056743519292796564,0.0043977057,0.0711,0.0439,Maintain,Mantenimiento - comunicacion periodica,Low
3957-SQXML,0.0204,Low,0.05,Low,0.2133,0,0.0016724405686297957,0.000956023,0.2133,0.0438,Maintain,Mantenimiento - comunicacion periodica,Low
6231-WFGFH,0.0638,Low,0.12,Low,0.0819,0,0.05351809819615338,0.002294455,0.0819,0.0438,Maintain,Mantenimiento - comunicacion periodica,Low
5242-UOWHD,0.0207,Low,4.35,Low,0.0887,0,0.002030820690479035,0.083174,0.0887,0.0437,Maintain,Mantenimiento - comunicacion periodica,Low
6923-AQONU,0.0205,Low,3.87,Low,0.103,0,0.0017919006092462087,0.07399617,0.103,0.0437,Maintain,Mantenimiento - comunicacion periodica,Low
8859-YSTWS,0.0287,Low,0.71,Low,0.1693,0,0.01158762393979214,0.013575526,0.1693,0.0437,Maintain,Mantenimiento - comunicacion periodica,Low
9817-APLHW,0.0399,Low,0.0,Low,0.1559,0,0.024967148488830485,0.0,0.1559,0.0437,Maintain,Mantenimiento - comunicacion periodica,Low
5939-SXWHM,0.0231,Low,0.02,Low,0.2052,0,0.004897861665272966,0.00038240917,0.2052,0.0436,Maintain,Mantenimiento - comunicacion periodica,Low
5214-CHIWJ,0.0364,Low,0.26,Low,0.1584,0,0.020786047067256008,0.0049713193,0.1584,0.0436,Maintain,Mantenimiento - comunicacion periodica,Low
2186-QZEYA,0.0723,Low,0.0,Low,0.0583,0,0.06367220164854856,0.0,0.0583,0.0435,Maintain,Mantenimiento - comunicacion periodica,Low
7996-MHXLW,0.0212,Low,0.02,Low,0.2105,0,0.0026281208935611047,0.00038240917,0.2105,0.0435,Maintain,Mantenimiento - comunicacion periodica,Low
4176-RELJR,0.0209,Low,0.0,Low,0.2114,0,0.002269740771711861,0.0,0.2114,0.0434,Maintain,Mantenimiento - comunicacion periodica,Low
2208-MPXIO,0.0206,Low,4.66,Low,0.0783,0,0.001911360649862622,0.08910134,0.0783,0.0433,Maintain,Mantenimiento - comunicacion periodica,Low
8191-XWSZG,0.022,Low,0.11,Low,0.2037,0,0.0035838012184924136,0.0021032505,0.2037,0.0432,Maintain,Mantenimiento - comunicacion periodica,Low
1684-FLBGS,0.0544,Low,0.0,Low,0.1105,0,0.04228885437821049,0.0,0.1105,0.0432,Maintain,Mantenimiento - comunicacion periodica,Low
1087-GRUYI,0.0201,Low,4.21,Low,0.0915,0,0.0013140604467805524,0.08049713,0.0915,0.0431,Maintain,Mantenimiento - comunicacion periodica,Low
1241-EZFMJ,0.0211,Low,0.03,Low,0.2077,0,0.0025086608529446917,0.00057361374,0.2077,0.043,Maintain,Mantenimiento - comunicacion periodica,Low
5995-LFTLE,0.0239,Low,0.04,Low,0.1992,0,0.005853541990204279,0.00076481834,0.1992,0.043,Maintain,Mantenimiento - comunicacion periodica,Low
0516-VRYBW,0.0565,Low,0.43,Low,0.0903,0,0.04479751523115519,0.008221798,0.0903,0.0429,Maintain,Mantenimiento - comunicacion periodica,Low
2228-BZDEE,0.0214,Low,4.6,Low,0.0755,0,0.002867040974793931,0.08795411,0.0755,0.0429,Maintain,Mantenimiento - comunicacion periodica,Low
7217-JYHOQ,0.0521,Low,0.0,Low,0.1149,0,0.03954127344403298,0.0,0.1149,0.0428,Maintain,Mantenimiento - comunicacion periodica,Low
3638-VBZTA,0.0227,Low,0.31,Low,0.1939,0,0.004420021502807314,0.0059273425,0.1939,0.0428,Maintain,Mantenimiento - comunicacion periodica,Low
1834-WULEG,0.0217,Low,0.3,Low,0.1971,0,0.0032254210966431744,0.005736138,0.1971,0.0428,Maintain,Mantenimiento - comunicacion periodica,Low
9030-QGZNL,0.0314,Low,3.88,Low,0.0657,0,0.01481304503643531,0.07418738,0.0657,0.0428,Maintain,Mantenimiento - comunicacion periodica,Low
5986-WWXDV,0.0291,Low,1.29,Low,0.147,0,0.012065464102257797,0.024665391,0.147,0.0428,Maintain,Mantenimiento - comunicacion periodica,Low
6370-ZVHDV,0.0202,Low,0.05,Low,0.2084,0,0.0014335204873969654,0.000956023,0.2084,0.0427,Maintain,Mantenimiento - comunicacion periodica,Low
8631-XVRZL,0.0386,Low,0.44,Low,0.1423,0,0.023414167960817113,0.008413002,0.1423,0.0427,Maintain,Mantenimiento - comunicacion periodica,Low
6614-YWYSC,0.02,Low,0.04,Low,0.2091,0,0.0011946004061641393,0.00076481834,0.2091,0.0426,Maintain,Mantenimiento - comunicacion periodica,Low
1468-DEFNC,0.02,Low,0.27,Low,0.2023,0,0.0011946004061641393,0.005162524,0.2023,0.0426,Maintain,Mantenimiento - comunicacion periodica,Low
5961-VUSRV,0.0389,Low,1.26,Low,0.1174,0,0.023772548082666347,0.024091778,0.1174,0.0426,Maintain,Mantenimiento - comunicacion periodica,Low
4703-MQYKT,0.0208,Low,5.03,Medium,0.0634,0,0.002150280731095448,0.09617592,0.0634,0.0426,Maintain,Mantenimiento - comunicacion periodica,Low
0484-JPBRU,0.0299,Low,0.0,Low,0.1806,0,0.013021144427189105,0.0,0.1806,0.0426,Maintain,Mantenimiento - comunicacion periodica,Low
3251-YMVWZ,0.0265,Low,0.09,Low,0.1874,0,0.008959503046231035,0.0017208414,0.1874,0.0425,Maintain,Mantenimiento - comunicacion periodica,Low
4825-FUREZ,0.0238,Low,4.34,Low,0.0738,0,0.005734081949587866,0.08298279,0.0738,0.0425,Maintain,Mantenimiento - comunicacion periodica,Low
8701-DGLVH,0.0215,Low,4.3,Low,0.081,0,0.002986501015410344,0.08221798,0.081,0.0424,Maintain,Mantenimiento - comunicacion periodica,Low
8785-EPNCG,0.0598,Low,0.01,Low,0.0897,0,0.04873969657149684,0.00019120458,0.0897,0.0424,Maintain,Mantenimiento - comunicacion periodica,Low
7647-GYYKX,0.021,Low,4.38,Low,0.0805,0,0.0023892008123282786,0.08374761,0.0805,0.0424,Maintain,Mantenimiento - comunicacion periodica,Low
9046-JBFWA,0.0348,Low,1.36,Low,0.1259,0,0.018874686417393382,0.026003825,0.1259,0.0424,Maintain,Mantenimiento - comunicacion periodica,Low
0506-YLVKJ,0.0201,Low,4.59,Low,0.0773,0,0.0013140604467805524,0.08776291,0.0773,0.0424,Maintain,Mantenimiento - comunicacion periodica,Low
9392-XBGTD,0.0205,Low,3.98,Low,0.0935,0,0.0017919006092462087,0.076099426,0.0935,0.0424,Maintain,Mantenimiento - comunicacion periodica,Low
1734-ZMNTZ,0.0247,Low,0.06,Low,0.193,0,0.006809222315135588,0.0011472275,0.193,0.0423,Maintain,Mantenimiento - comunicacion periodica,Low
0040-HALCW,0.0214,Low,4.33,Low,0.0803,0,0.002867040974793931,0.08279159,0.0803,0.0423,Maintain,Mantenimiento - comunicacion periodica,Low
1104-FEJAM,0.0754,Low,0.04,Low,0.0415,0,0.06737546290765738,0.00076481834,0.0415,0.0422,Maintain,Mantenimiento - comunicacion periodica,Low
4397-FRLTA,0.0623,Low,0.31,Low,0.0721,0,0.05172619758690719,0.0059273425,0.0721,0.0421,Maintain,Mantenimiento - comunicacion periodica,Low
9620-QJREV,0.0249,Low,0.15,Low,0.1879,0,0.007048142396368414,0.002868069,0.1879,0.042,Maintain,Mantenimiento - comunicacion periodica,Low
7874-ECPQJ,0.0539,Low,0.42,Low,0.0936,0,0.041691554175128424,0.008030592,0.0936,0.042,Maintain,Mantenimiento - comunicacion periodica,Low
8873-TMKGR,0.0229,Low,1.46,Low,0.1564,0,0.00465894158404014,0.02791587,0.1564,0.042,Maintain,Mantenimiento - comunicacion periodica,Low
4950-HKQTE,0.0249,Low,0.06,Low,0.1902,0,0.007048142396368414,0.0011472275,0.1902,0.0419,Maintain,Mantenimiento - comunicacion periodica,Low
1539-LNKHM,0.045,Low,0.09,Low,0.1292,0,0.03105961056026759,0.0017208414,0.1292,0.0419,Maintain,Mantenimiento - comunicacion periodica,Low
5917-RYRMG,0.0236,Low,0.76,Low,0.1733,0,0.005495161868355036,0.014531549,0.1733,0.0418,Maintain,Mantenimiento - comunicacion periodica,Low
5512-IDZEI,0.0275,Low,0.08,Low,0.1815,0,0.010154103452395175,0.0015296367,0.1815,0.0418,Maintain,Mantenimiento - comunicacion periodica,Low
8946-BFWSG,0.0209,Low,0.05,Low,0.2021,0,0.002269740771711861,0.000956023,0.2021,0.0418,Maintain,Mantenimiento - comunicacion periodica,Low
6671-NGWON,0.0563,Low,0.15,Low,0.0931,0,0.04455859514992235,0.002868069,0.0931,0.0418,Maintain,Mantenimiento - comunicacion periodica,Low
8361-LBRDI,0.0203,Low,0.25,Low,0.1974,0,0.0015529805280133785,0.0047801146,0.1974,0.0417,Maintain,Mantenimiento - comunicacion periodica,Low
2085-JVGAD,0.0254,Low,0.19,Low,0.1838,0,0.007645442599450484,0.0036328873,0.1838,0.0417,Maintain,Mantenimiento - comunicacion periodica,Low
3967-VQOGC,0.0193,Low,0.04,Low,0.2065,0,0.0003583801218492434,0.00076481834,0.2065,0.0417,Maintain,Mantenimiento - comunicacion periodica,Low
7089-RKVSZ,0.0343,Low,0.18,Low,0.157,0,0.01827738621431131,0.0034416828,0.157,0.0416,Maintain,Mantenimiento - comunicacion periodica,Low
7190-XHTWJ,0.0284,Low,1.4,Low,0.1391,0,0.0112292438179429,0.026768642,0.1391,0.0415,Maintain,Mantenimiento - comunicacion periodica,Low
0582-AVCLN,0.0204,Low,4.21,Low,0.0825,0,0.0016724405686297957,0.08049713,0.0825,0.0415,Maintain,Mantenimiento - comunicacion periodica,Low
2821-WARNZ,0.023,Low,1.08,Low,0.1645,0,0.004778401624656553,0.020650096,0.1645,0.0415,Maintain,Mantenimiento - comunicacion periodica,Low
7845-URHJN,0.0741,Low,0.39,Low,0.0312,0,0.06582248237964401,0.007456979,0.0312,0.0414,Maintain,Mantenimiento - comunicacion periodica,Low
5014-GSOUQ,0.0257,Low,4.57,Low,0.0561,0,0.008003822721299727,0.0873805,0.0561,0.0414,Maintain,Mantenimiento - comunicacion periodica,Low
8402-OOOHJ,0.0201,Low,3.95,Low,0.0905,0,0.0013140604467805524,0.07552581,0.0905,0.0414,Maintain,Mantenimiento - comunicacion periodica,Low
7977-HXJKU,0.0216,Low,5.02,Medium,0.0544,0,0.0031059610560267613,0.095984705,0.0544,0.0412,Maintain,Mantenimiento - comunicacion periodica,Low
2595-KIWPV,0.0215,Low,4.95,Low,0.0564,0,0.002986501015410344,0.09464627,0.0564,0.0412,Maintain,Mantenimiento - comunicacion periodica,Low
0164-XAIRP,0.0273,Low,5.08,Medium,0.0349,0,0.009915183371162348,0.09713193,0.0349,0.0411,Maintain,Mantenimiento - comunicacion periodica,Low
5197-YPYBZ,0.0263,Low,0.09,Low,0.1808,0,0.008720582964998209,0.0017208414,0.1808,0.041,Maintain,Mantenimiento - comunicacion periodica,Low
0732-OCQOC,0.0222,Low,0.02,Low,0.1949,0,0.003822721299725244,0.00038240917,0.1949,0.041,Maintain,Mantenimiento - comunicacion periodica,Low
8896-RAZCR,0.0219,Low,4.73,Low,0.0608,0,0.0034643411778760005,0.090439774,0.0608,0.041,Maintain,Mantenimiento - comunicacion periodica,Low
2138-VFAPZ,0.0266,Low,4.96,Low,0.0402,0,0.009078963086847448,0.09483748,0.0402,0.041,Maintain,Mantenimiento - comunicacion periodica,Low
9337-SRRNI,0.0222,Low,0.02,Low,0.1945,0,0.003822721299725244,0.00038240917,0.1945,0.0409,Maintain,Mantenimiento - comunicacion periodica,Low
0487-VVUVK,0.0461,Low,1.35,Low,0.0846,0,0.032373671007048146,0.02581262,0.0846,0.0409,Maintain,Mantenimiento - comunicacion periodica,Low
8859-DZTGQ,0.0212,Low,4.22,Low,0.0767,0,0.0026281208935611047,0.080688335,0.0767,0.0409,Maintain,Mantenimiento - comunicacion periodica,Low
3078-ZKNTS,0.0281,Low,4.89,Low,0.0369,0,0.010870863696093658,0.09349904,0.0369,0.0409,Maintain,Mantenimiento - comunicacion periodica,Low
3097-FQTVJ,0.0206,Low,4.66,Low,0.0658,0,0.001911360649862622,0.08910134,0.0658,0.0408,Maintain,Mantenimiento - comunicacion periodica,Low
8249-THVEC,0.0316,Low,1.12,Low,0.1344,0,0.015051965117668145,0.021414915,0.1344,0.0408,Maintain,Mantenimiento - comunicacion periodica,Low
6575-SUVOI,0.0709,Low,0.0,Low,0.0485,0,0.06199976107991877,0.0,0.0485,0.0407,Maintain,Mantenimiento - comunicacion periodica,Low
5148-HKFIR,0.0222,Low,4.95,Low,0.0521,0,0.003822721299725244,0.09464627,0.0521,0.0407,Maintain,Mantenimiento - comunicacion periodica,Low
8780-IHCRN,0.0194,Low,0.07,Low,0.2004,0,0.00047784016246565653,0.0013384322,0.2004,0.0407,Maintain,Mantenimiento - comunicacion periodica,Low
7008-LZVOZ,0.0224,Low,0.0,Low,0.1922,0,0.00406164138095807,0.0,0.1922,0.0405,Maintain,Mantenimiento - comunicacion periodica,Low
4945-RVMTE,0.0639,Low,0.52,Low,0.0533,0,0.0536375582367698,0.009942639,0.0533,0.0405,Maintain,Mantenimiento - comunicacion periodica,Low
1270-XKUCC,0.0239,Low,4.96,Low,0.0458,0,0.005853541990204279,0.09483748,0.0458,0.0405,Maintain,Mantenimiento - comunicacion periodica,Low
3179-GBRWV,0.0633,Low,0.0,Low,0.07,0,0.05292079799307131,0.0,0.07,0.0405,Maintain,Mantenimiento - comunicacion periodica,Low
7610-TVOPG,0.04,Low,0.0,Low,0.1397,0,0.025086608529446903,0.0,0.1397,0.0405,Maintain,Mantenimiento - comunicacion periodica,Low
0895-LNKRC,0.0479,Low,1.11,Low,0.0843,0,0.03452395173814359,0.02122371,0.0843,0.0405,Maintain,Mantenimiento - comunicacion periodica,Low
2208-NKVVH,0.0198,Low,0.38,Low,0.1894,0,0.0009556803249313131,0.0072657745,0.1894,0.0405,Maintain,Mantenimiento - comunicacion periodica,Low
6164-HXUGH,0.0648,Low,0.64,Low,0.0469,0,0.05471269860231752,0.012237093,0.0469,0.0404,Maintain,Mantenimiento - comunicacion periodica,Low
5057-RKGLH,0.0262,Low,4.26,Low,0.0576,0,0.008601122924381796,0.08145316,0.0576,0.0403,Maintain,Mantenimiento - comunicacion periodica,Low
3131-NWVFJ,0.0397,Low,1.07,Low,0.1089,0,0.02472822840759766,0.020458892,0.1089,0.0403,Maintain,Mantenimiento - comunicacion periodica,Low
7073-QETQY,0.0283,Low,0.32,Low,0.1638,0,0.011109783777326484,0.0061185467,0.1638,0.0402,Maintain,Mantenimiento - comunicacion periodica,Low
2740-JFBOK,0.0515,Low,0.0,Low,0.1041,0,0.03882451320033449,0.0,0.1041,0.0402,Maintain,Mantenimiento - comunicacion periodica,Low
8404-VLQFB,0.0361,Low,0.0,Low,0.15,0,0.020427666945406764,0.0,0.15,0.0402,Maintain,Mantenimiento - comunicacion periodica,Low
7083-YNSKY,0.0328,Low,0.0,Low,0.1596,0,0.01648548560506511,0.0,0.1596,0.0402,Maintain,Mantenimiento - comunicacion periodica,Low
1336-EZFZY,0.0608,Low,0.41,Low,0.0646,0,0.04993429697766098,0.007839388,0.0646,0.0402,Maintain,Mantenimiento - comunicacion periodica,Low
8173-RXAYP,0.0219,Low,4.95,Low,0.0495,0,0.0034643411778760005,0.09464627,0.0495,0.04,Maintain,Mantenimiento - comunicacion periodica,Low
0042-JVWOJ,0.0259,Low,0.93,Low,0.1526,0,0.008242742802532553,0.017782027,0.1526,0.04,Maintain,Mantenimiento - comunicacion periodica,Low
9891-NQDBD,0.0248,Low,0.26,Low,0.1752,0,0.006928682355752001,0.0049713193,0.1752,0.04,Maintain,Mantenimiento - comunicacion periodica,Low
9788-YTFGE,0.0562,Low,0.54,Low,0.0736,0,0.04443913510930594,0.010325048,0.0736,0.04,Maintain,Mantenimiento - comunicacion periodica,Low
4302-ZYFEL,0.0215,Low,0.08,Low,0.1896,0,0.002986501015410344,0.0015296367,0.1896,0.0399,Maintain,Mantenimiento - comunicacion periodica,Low
3682-YEUWS,0.0333,Low,0.0,Low,0.1551,0,0.01708278580814718,0.0,0.1551,0.0396,Maintain,Mantenimiento - comunicacion periodica,Low
8215-NGSPE,0.0201,Low,4.6,Low,0.0628,0,0.0013140604467805524,0.08795411,0.0628,0.0396,Maintain,Mantenimiento - comunicacion periodica,Low
0625-AFOHS,0.021,Low,4.43,Low,0.0639,0,0.0023892008123282786,0.08470363,0.0639,0.0394,Maintain,Mantenimiento - comunicacion periodica,Low
2729-VNVAP,0.0205,Low,4.76,Low,0.0558,0,0.0017919006092462087,0.09101339,0.0558,0.0394,Maintain,Mantenimiento - comunicacion periodica,Low
5322-ZSMZY,0.0219,Low,0.05,Low,0.1865,0,0.0034643411778760005,0.000956023,0.1865,0.0393,Maintain,Mantenimiento - comunicacion periodica,Low
5777-ZPQNC,0.0452,Low,0.46,Low,0.1052,0,0.03129853064150042,0.008795411,0.1052,0.0393,Maintain,Mantenimiento - comunicacion periodica,Low
9593-CVZKR,0.02,Low,0.16,Low,0.1887,0,0.0011946004061641393,0.0030592734,0.1887,0.0393,Maintain,Mantenimiento - comunicacion periodica,Low
2324-AALNO,0.024,Low,0.07,Low,0.1797,0,0.005973002030820692,0.0013384322,0.1797,0.0393,Maintain,Mantenimiento - comunicacion periodica,Low
4182-BGSIQ,0.0683,Low,0.76,Low,0.0274,0,0.05889380002389201,0.014531549,0.0274,0.0393,Maintain,Mantenimiento - comunicacion periodica,Low
7872-BAAZR,0.0252,Low,1.04,Low,0.1475,0,0.007406522518217658,0.019885277,0.1475,0.0392,Maintain,Mantenimiento - comunicacion periodica,Low
3027-YNWZU,0.0197,Low,0.03,Low,0.1929,0,0.0008362202843148958,0.00057361374,0.1929,0.0392,Maintain,Mantenimiento - comunicacion periodica,Low
9766-HGEDE,0.0284,Low,1.25,Low,0.132,0,0.0112292438179429,0.023900574,0.132,0.0392,Maintain,Mantenimiento - comunicacion periodica,Low
2351-RRBUE,0.0519,Low,0.11,Low,0.0946,0,0.03930235336280014,0.0021032505,0.0946,0.0392,Maintain,Mantenimiento - comunicacion periodica,Low
0301-KOBTQ,0.0197,Low,4.5,Low,0.0646,0,0.0008362202843148958,0.08604207,0.0646,0.0392,Maintain,Mantenimiento - comunicacion periodica,Low
6171-ZTVYB,0.0449,Low,0.0,Low,0.1186,0,0.030940150519651183,0.0,0.1186,0.0392,Maintain,Mantenimiento - comunicacion periodica,Low
7815-PDTHL,0.0205,Low,4.49,Low,0.0615,0,0.0017919006092462087,0.08585086,0.0615,0.039,Maintain,Mantenimiento - comunicacion periodica,Low
6551-ZCOTS,0.031,Low,0.14,Low,0.1553,0,0.014335204873969658,0.0026768644,0.1553,0.039,Maintain,Mantenimiento - comunicacion periodica,Low
4694-PHWFW,0.0473,Low,0.57,Low,0.0935,0,0.03380719149444511,0.010898662,0.0935,0.0389,Maintain,Mantenimiento - comunicacion periodica,Low
9531-NSBMR,0.0286,Low,1.36,Low,0.1268,0,0.011468163899175727,0.026003825,0.1268,0.0389,Maintain,Mantenimiento - comunicacion periodica,Low
5044-XDPYX,0.0228,Low,0.01,Low,0.1828,0,0.004539481543423727,0.00019120458,0.1828,0.0389,Maintain,Mantenimiento - comunicacion periodica,Low
7552-KEYGT,0.0233,Low,5.08,Medium,0.0362,0,0.005136781746505796,0.09713193,0.0362,0.0389,Maintain,Mantenimiento - comunicacion periodica,Low
7205-BAIAD,0.0218,Low,3.98,Low,0.0711,0,0.0033448811372595874,0.076099426,0.0711,0.0387,Maintain,Mantenimiento - comunicacion periodica,Low
2662-NNTDK,0.0217,Low,0.0,Low,0.1856,0,0.0032254210966431744,0.0,0.1856,0.0387,Maintain,Mantenimiento - comunicacion periodica,Low
3318-ISQFQ,0.0419,Low,0.96,Low,0.0977,0,0.027356349301158763,0.01835564,0.0977,0.0387,Maintain,Mantenimiento - comunicacion periodica,Low
6096-EGVTU,0.0214,Low,0.01,Low,0.1859,0,0.002867040974793931,0.00019120458,0.1859,0.0387,Maintain,Mantenimiento - comunicacion periodica,Low
3865-ZFZIB,0.0226,Low,4.97,Low,0.0402,0,0.004300561462190896,0.095028676,0.0402,0.0387,Maintain,Mantenimiento - comunicacion periodica,Low
1757-TCATG,0.0268,Low,0.68,Low,0.1504,0,0.00931788316808028,0.013001912,0.1504,0.0386,Maintain,Mantenimiento - comunicacion periodica,Low
3785-KTYSH,0.0216,Low,0.08,Low,0.1831,0,0.0031059610560267613,0.0015296367,0.1831,0.0386,Maintain,Mantenimiento - comunicacion periodica,Low
0519-DRGTI,0.0426,Low,0.1,Low,0.1196,0,0.02819256958547366,0.001912046,0.1196,0.0386,Maintain,Mantenimiento - comunicacion periodica,Low
9087-EYCPR,0.0198,Low,0.01,Low,0.1897,0,0.0009556803249313131,0.00019120458,0.1897,0.0385,Maintain,Mantenimiento - comunicacion periodica,Low
1371-OJCEK,0.0213,Low,0.04,Low,0.1843,0,0.002747580934177518,0.00076481834,0.1843,0.0385,Maintain,Mantenimiento - comunicacion periodica,Low
8143-ETQTI,0.0271,Low,4.99,Low,0.0246,0,0.009676263289929519,0.095411085,0.0246,0.0384,Maintain,Mantenimiento - comunicacion periodica,Low
3530-VWVGU,0.0261,Low,0.59,Low,0.1538,0,0.008481662883765383,0.01128107,0.1538,0.0384,Maintain,Mantenimiento - comunicacion periodica,Low
1784-BXEFA,0.042,Low,0.09,Low,0.1207,0,0.02747580934177518,0.0017208414,0.1207,0.0384,Maintain,Mantenimiento - comunicacion periodica,Low
1952-DVVSW,0.0388,Low,0.53,Low,0.1179,0,0.02365308804204994,0.010133843,0.1179,0.0384,Maintain,Mantenimiento - comunicacion periodica,Low
7452-FOLON,0.0239,Low,0.08,Low,0.175,0,0.005853541990204279,0.0015296367,0.175,0.0384,Maintain,Mantenimiento - comunicacion periodica,Low
3088-FVYWK,0.0229,Low,0.04,Low,0.1791,0,0.00465894158404014,0.00076481834,0.1791,0.0384,Maintain,Mantenimiento - comunicacion periodica,Low
4860-YZGZM,0.0493,Low,0.51,Low,0.087,0,0.036196392306773385,0.009751434,0.087,0.0384,Maintain,Mantenimiento - comunicacion periodica,Low
1015-JPFYW,0.0494,Low,1.12,Low,0.0684,0,0.0363158523473898,0.021414915,0.0684,0.0383,Maintain,Mantenimiento - comunicacion periodica,Low
4981-FLTMF,0.0297,Low,0.0,Low,0.1594,0,0.01278222434595628,0.0,0.1594,0.0383,Maintain,Mantenimiento - comunicacion periodica,Low
4735-BJKOU,0.0207,Low,4.57,Low,0.0556,0,0.002030820690479035,0.0873805,0.0556,0.0383,Maintain,Mantenimiento - comunicacion periodica,Low
9548-LERKT,0.0219,Low,4.91,Low,0.0416,0,0.0034643411778760005,0.09388145,0.0416,0.0382,Maintain,Mantenimiento - comunicacion periodica,Low
2332-TODQS,0.0219,Low,0.02,Low,0.182,0,0.0034643411778760005,0.00038240917,0.182,0.0382,Maintain,Mantenimiento - comunicacion periodica,Low
7623-HKYRK,0.0436,Low,0.81,Low,0.0942,0,0.0293871699916378,0.015487572,0.0942,0.0382,Maintain,Mantenimiento - comunicacion periodica,Low
8246-SHFGA,0.0379,Low,0.0,Low,0.1346,0,0.022577947676502216,0.0,0.1346,0.0382,Maintain,Mantenimiento - comunicacion periodica,Low
4625-LAMOB,0.0213,Low,4.34,Low,0.0599,0,0.002747580934177518,0.08298279,0.0599,0.0382,Maintain,Mantenimiento - comunicacion periodica,Low
2300-RQGOI,0.0204,Low,4.59,Low,0.0554,0,0.0016724405686297957,0.08776291,0.0554,0.0382,Maintain,Mantenimiento - comunicacion periodica,Low
7094-MSZAO,0.0431,Low,0.49,Low,0.1046,0,0.02878986978855573,0.009369025,0.1046,0.0381,Maintain,Mantenimiento - comunicacion periodica,Low
7277-KAMWT,0.0246,Low,4.52,Low,0.0441,0,0.006689762274519175,0.08642448,0.0441,0.0381,Maintain,Mantenimiento - comunicacion periodica,Low
9418-RUKPH,0.0204,Low,4.7,Low,0.0512,0,0.0016724405686297957,0.089866154,0.0512,0.038,Maintain,Mantenimiento - comunicacion periodica,Low
7696-CFTAT,0.0204,Low,4.85,Low,0.0469,0,0.0016724405686297957,0.092734225,0.0469,0.038,Maintain,Mantenimiento - comunicacion periodica,Low
8577-QSOCG,0.0198,Low,4.55,Low,0.0569,0,0.0009556803249313131,0.08699809,0.0569,0.038,Maintain,Mantenimiento - comunicacion periodica,Low
8219-VYBVI,0.0211,Low,0.05,Low,0.1816,0,0.0025086608529446917,0.000956023,0.1816,0.0379,Maintain,Mantenimiento - comunicacion periodica,Low
1699-TLDLZ,0.0233,Low,4.94,Low,0.0345,0,0.005136781746505796,0.09445507,0.0345,0.0378,Maintain,Mantenimiento - comunicacion periodica,Low
3284-SVCRO,0.0215,Low,0.01,Low,0.1808,0,0.002986501015410344,0.00019120458,0.1808,0.0377,Maintain,Mantenimiento - comunicacion periodica,Low
9467-ROOLM,0.0296,Low,1.41,Low,0.1165,0,0.012662764305339866,0.026959848,0.1165,0.0377,Maintain,Mantenimiento - comunicacion periodica,Low
2788-CJQAQ,0.0322,Low,1.13,Low,0.1162,0,0.015768725361366625,0.02160612,0.1162,0.0376,Maintain,Mantenimiento - comunicacion periodica,Low
2805-AUFQN,0.0206,Low,4.79,Low,0.0459,0,0.001911360649862622,0.091587,0.0459,0.0376,Maintain,Mantenimiento - comunicacion periodica,Low
7850-THJMU,0.0219,Low,4.97,Low,0.0368,0,0.0034643411778760005,0.095028676,0.0368,0.0376,Maintain,Mantenimiento - comunicacion periodica,Low
6772-WFQRD,0.0297,Low,0.24,Low,0.1488,0,0.01278222434595628,0.00458891,0.1488,0.0375,Maintain,Mantenimiento - comunicacion periodica,Low
6698-OXETB,0.0288,Low,4.23,Low,0.0369,0,0.011707083980408553,0.08087954,0.0369,0.0375,Maintain,Mantenimiento - comunicacion periodica,Low
5914-GXMDA,0.0265,Low,1.27,Low,0.1286,0,0.008959503046231035,0.024282983,0.1286,0.0375,Maintain,Mantenimiento - comunicacion periodica,Low
1009-IRMNA,0.0668,Low,0.48,Low,0.0312,0,0.0571018994146458,0.00917782,0.0312,0.0375,Maintain,Mantenimiento - comunicacion periodica,Low
5313-FPXWG,0.0265,Low,0.05,Low,0.1632,0,0.008959503046231035,0.000956023,0.1632,0.0374,Maintain,Mantenimiento - comunicacion periodica,Low
5249-QYHEX,0.0196,Low,0.06,Low,0.1835,0,0.0007167602436984827,0.0011472275,0.1835,0.0374,Maintain,Mantenimiento - comunicacion periodica,Low
7649-PHJVR,0.0359,Low,1.07,Low,0.1053,0,0.020188746864173938,0.020458892,0.1053,0.0373,Maintain,Mantenimiento - comunicacion periodica,Low
2882-DDZPG,0.0534,Low,1.06,Low,0.0534,0,0.04109425397204635,0.020267686,0.0534,0.0373,Maintain,Mantenimiento - comunicacion periodica,Low
6080-LNESI,0.0214,Low,0.05,Low,0.1781,0,0.002867040974793931,0.000956023,0.1781,0.0373,Maintain,Mantenimiento - comunicacion periodica,Low
0224-NIJLP,0.029,Low,4.43,Low,0.0293,0,0.011946004061641384,0.08470363,0.0293,0.0372,Maintain,Mantenimiento - comunicacion periodica,Low
8221-EQDGL,0.0442,Low,0.7,Low,0.09,0,0.030103930235336286,0.013384321,0.09,0.0371,Maintain,Mantenimiento - comunicacion periodica,Low
6770-UAYGJ,0.022,Low,0.0,Low,0.1766,0,0.0035838012184924136,0.0,0.1766,0.0371,Maintain,Mantenimiento - comunicacion periodica,Low
1563-IWQEX,0.0413,Low,0.85,Low,0.0946,0,0.026639589057460285,0.016252391,0.0946,0.0371,Maintain,Mantenimiento - comunicacion periodica,Low
3458-IDMFK,0.0204,Low,3.92,Low,0.0685,0,0.0016724405686297957,0.0749522,0.0685,0.037,Maintain,Mantenimiento - comunicacion periodica,Low
6082-GLJIX,0.0306,Low,1.25,Low,0.1144,0,0.013857364711504002,0.023900574,0.1144,0.037,Maintain,Mantenimiento - comunicacion periodica,Low
0463-TXOAK,0.0232,Low,0.03,Low,0.1709,0,0.005017321705889379,0.00057361374,0.1709,0.0369,Maintain,Mantenimiento - comunicacion periodica,Low
0098-BOWSO,0.0488,Low,1.04,Low,0.0656,0,0.03559909210369132,0.019885277,0.0656,0.0369,Maintain,Mantenimiento - comunicacion periodica,Low
6754-WKSHP,0.025,Low,0.08,Low,0.1638,0,0.0071676024369848315,0.0015296367,0.1638,0.0368,Maintain,Mantenimiento - comunicacion periodica,Low
7964-YESJC,0.0518,Low,0.0,Low,0.0855,0,0.03918289332218373,0.0,0.0855,0.0367,Maintain,Mantenimiento - comunicacion periodica,Low
9146-JRIOX,0.0269,Low,0.0,Low,0.1597,0,0.009437343208696693,0.0,0.1597,0.0367,Maintain,Mantenimiento - comunicacion periodica,Low
4636-TVXVG,0.0245,Low,0.68,Low,0.1477,0,0.006570302233902762,0.013001912,0.1477,0.0367,Maintain,Mantenimiento - comunicacion periodica,Low
8067-NIOYM,0.0199,Low,3.85,Low,0.0703,0,0.001075140365547726,0.07361376,0.0703,0.0367,Maintain,Mantenimiento - comunicacion periodica,Low
6265-FRMTQ,0.0201,Low,4.3,Low,0.0563,0,0.0013140604467805524,0.08221798,0.0563,0.0366,Maintain,Mantenimiento - comunicacion periodica,Low
6609-MXJHJ,0.0208,Low,0.03,Low,0.177,0,0.002150280731095448,0.00057361374,0.177,0.0366,Maintain,Mantenimiento - comunicacion periodica,Low
2495-TTHBQ,0.0553,Low,0.2,Low,0.0691,0,0.04336399474375821,0.003824092,0.0691,0.0366,Maintain,Mantenimiento - comunicacion periodica,Low
6188-UXBBR,0.0253,Low,0.41,Low,0.1518,0,0.007525982558834071,0.007839388,0.1518,0.0365,Maintain,Mantenimiento - comunicacion periodica,Low
0310-VQXAM,0.0645,Low,0.65,Low,0.028,0,0.05435431848046828,0.012428298,0.028,0.0365,Maintain,Mantenimiento - comunicacion periodica,Low
8292-ITGYJ,0.0201,Low,0.06,Low,0.1777,0,0.0013140604467805524,0.0011472275,0.1777,0.0365,Maintain,Mantenimiento - comunicacion periodica,Low
4609-KNNWG,0.02,Low,4.62,Low,0.0472,0,0.0011946004061641393,0.08833652,0.0472,0.0365,Maintain,Mantenimiento - comunicacion periodica,Low
8532-UEFWH,0.021,Low,0.04,Low,0.1755,0,0.0023892008123282786,0.00076481834,0.1755,0.0365,Maintain,Mantenimiento - comunicacion periodica,Low
8966-KZXXA,0.0202,Low,0.06,Low,0.1759,0,0.0014335204873969654,0.0011472275,0.1759,0.0362,Maintain,Mantenimiento - comunicacion periodica,Low
7107-UBYKY,0.0317,Low,0.0,Low,0.1429,0,0.015171425158284554,0.0,0.1429,0.0362,Maintain,Mantenimiento - comunicacion periodica,Low
0347-UBKUZ,0.0438,Low,0.62,Low,0.0893,0,0.029626090072870627,0.011854685,0.0893,0.0362,Maintain,Mantenimiento - comunicacion periodica,Low
4163-KIUHY,0.0369,Low,0.0,Low,0.1271,0,0.021383347270338075,0.0,0.1271,0.0361,Maintain,Mantenimiento - comunicacion periodica,Low
9391-TTOYH,0.0416,Low,0.98,Low,0.0849,0,0.026997969179309522,0.01873805,0.0849,0.0361,Maintain,Mantenimiento - comunicacion periodica,Low
5312-TSZVC,0.0292,Low,0.95,Low,0.1225,0,0.01218492414287421,0.018164435,0.1225,0.036,Maintain,Mantenimiento - comunicacion periodica,Low
1852-XEMDW,0.0605,Low,0.0,Low,0.0554,0,0.049575916855811725,0.0,0.0554,0.0359,Maintain,Mantenimiento - comunicacion periodica,Low
4939-KYYPY,0.0643,Low,0.31,Low,0.0346,0,0.05411539839923545,0.0059273425,0.0346,0.0358,Maintain,Mantenimiento - comunicacion periodica,Low
6814-ZPWFQ,0.0256,Low,0.02,Low,0.1583,0,0.007884362680683314,0.00038240917,0.1583,0.0357,Maintain,Mantenimiento - comunicacion periodica,Low
5995-WWKKG,0.0282,Low,0.86,Low,0.1262,0,0.010990323736710071,0.016443595,0.1262,0.0357,Maintain,Mantenimiento - comunicacion periodica,Low
6319-QSUSR,0.0604,Low,0.85,Low,0.0306,0,0.04945645681519533,0.016252391,0.0306,0.0357,Maintain,Mantenimiento - comunicacion periodica,Low
5384-ZTTWP,0.0308,Low,0.76,Low,0.121,0,0.014096284792736832,0.014531549,0.121,0.0356,Maintain,Mantenimiento - comunicacion periodica,Low
4884-LEVMQ,0.0199,Low,4.21,Low,0.0541,0,0.001075140365547726,0.08049713,0.0541,0.0355,Maintain,Mantenimiento - comunicacion periodica,Low
2808-CHTDM,0.0214,Low,0.11,Low,0.1666,0,0.002867040974793931,0.0021032505,0.1666,0.0354,Maintain,Mantenimiento - comunicacion periodica,Low
7976-CICYS,0.0573,Low,0.06,Low,0.0593,0,0.04575319555608649,0.0011472275,0.0593,0.0351,Maintain,Mantenimiento - comunicacion periodica,Low
8717-VCTXJ,0.0319,Low,1.02,Low,0.1073,0,0.01541034523951738,0.019502869,0.1073,0.035,Maintain,Mantenimiento - comunicacion periodica,Low
4785-NKHCX,0.0447,Low,0.4,Low,0.0866,0,0.030701230438418346,0.007648184,0.0866,0.035,Maintain,Mantenimiento - comunicacion periodica,Low
3460-TJBWI,0.0208,Low,0.47,Low,0.1554,0,0.002150280731095448,0.008986616,0.1554,0.0349,Maintain,Mantenimiento - comunicacion periodica,Low
2428-ZMCTB,0.0449,Low,0.83,Low,0.0731,0,0.030940150519651183,0.01586998,0.0731,0.0349,Maintain,Mantenimiento - comunicacion periodica,Low
5774-XZTQC,0.0464,Low,0.13,Low,0.0883,0,0.032732051128897384,0.0024856597,0.0883,0.0348,Maintain,Mantenimiento - comunicacion periodica,Low
4955-VCWBI,0.0209,Low,0.64,Low,0.15,0,0.002269740771711861,0.012237093,0.15,0.0348,Maintain,Mantenimiento - comunicacion periodica,Low
0114-RSRRW,0.0502,Low,0.57,Low,0.0642,0,0.03727153267232111,0.010898662,0.0642,0.0347,Maintain,Mantenimiento - comunicacion periodica,Low
3935-TBRZZ,0.0218,Low,0.06,Low,0.1632,0,0.0033448811372595874,0.0011472275,0.1632,0.0347,Maintain,Mantenimiento - comunicacion periodica,Low
5616-PRTNT,0.0383,Low,1.05,Low,0.0855,0,0.02305578783896787,0.020076482,0.0855,0.0347,Maintain,Mantenimiento - comunicacion periodica,Low
1561-BWHIN,0.0225,Low,0.8,Low,0.1399,0,0.004181101421574483,0.015296368,0.1399,0.0347,Maintain,Mantenimiento - comunicacion periodica,Low
3705-PSNGL,0.0432,Low,0.37,Low,0.0904,0,0.028909329829172145,0.00707457,0.0904,0.0347,Maintain,Mantenimiento - comunicacion periodica,Low
5539-HIVAK,0.0313,Low,0.0,Low,0.1366,0,0.014693584995818902,0.0,0.1366,0.0347,Maintain,Mantenimiento - comunicacion periodica,Low
9313-CDOGY,0.0322,Low,1.01,Low,0.1049,0,0.015768725361366625,0.019311663,0.1049,0.0347,Maintain,Mantenimiento - comunicacion periodica,Low
0428-AXXLJ,0.0312,Low,1.03,Low,0.1069,0,0.014574124955202484,0.019694073,0.1069,0.0346,Maintain,Mantenimiento - comunicacion periodica,Low
3769-MHZNV,0.0211,Low,4.42,Low,0.0394,0,0.0025086608529446917,0.08451243,0.0394,0.0345,Maintain,Mantenimiento - comunicacion periodica,Low
1395-WSWXR,0.0206,Low,3.9,Low,0.0552,0,0.001911360649862622,0.07456979,0.0552,0.0344,Maintain,Mantenimiento - comunicacion periodica,Low
4403-BWPAY,0.029,Low,0.18,Low,0.137,0,0.011946004061641384,0.0034416828,0.137,0.0344,Maintain,Mantenimiento - comunicacion periodica,Low
8859-AXJZP,0.0207,Low,0.7,Low,0.147,0,0.002030820690479035,0.013384321,0.147,0.0344,Maintain,Mantenimiento - comunicacion periodica,Low
2732-ISEZX,0.059,Low,0.14,Low,0.0483,0,0.04778401624656552,0.0026768644,0.0483,0.0344,Maintain,Mantenimiento - comunicacion periodica,Low
0750-EKNGL,0.0558,Low,0.07,Low,0.0597,0,0.043961294946840285,0.0013384322,0.0597,0.0343,Maintain,Mantenimiento - comunicacion periodica,Low
7244-KXYZN,0.0332,Low,0.13,Low,0.1249,0,0.016963325767530762,0.0024856597,0.1249,0.0342,Maintain,Mantenimiento - comunicacion periodica,Low
0731-EBJQB,0.0294,Low,0.35,Low,0.1301,0,0.012423844224107037,0.0066921604,0.1301,0.0342,Maintain,Mantenimiento - comunicacion periodica,Low
2592-HODOV,0.031,Low,1.35,Low,0.0954,0,0.014335204873969658,0.02581262,0.0954,0.034,Maintain,Mantenimiento - comunicacion periodica,Low
6407-GSJNL,0.0214,Low,0.03,Low,0.1609,0,0.002867040974793931,0.00057361374,0.1609,0.0338,Maintain,Mantenimiento - comunicacion periodica,Low
6551-VLJMV,0.0201,Low,4.41,Low,0.0391,0,0.0013140604467805524,0.08432122,0.0391,0.0338,Maintain,Mantenimiento - comunicacion periodica,Low
2642-MAWLJ,0.0199,Low,4.18,Low,0.0446,0,0.001075140365547726,0.07992352,0.0446,0.0334,Maintain,Mantenimiento - comunicacion periodica,Low
5549-ZGHFB,0.0199,Low,0.05,Low,0.1627,0,0.001075140365547726,0.000956023,0.1627,0.0334,Maintain,Mantenimiento - comunicacion periodica,Low
9618-LFJRU,0.0607,Low,0.08,Low,0.0403,0,0.04981483693704456,0.0015296367,0.0403,0.0334,Maintain,Mantenimiento - comunicacion periodica,Low
1226-JZNKR,0.0549,Low,0.82,Low,0.0362,0,0.04288615458129256,0.015678776,0.0362,0.0334,Maintain,Mantenimiento - comunicacion periodica,Low
9442-JTWDL,0.0359,Low,0.54,Low,0.1003,0,0.020188746864173938,0.010325048,0.1003,0.0333,Maintain,Mantenimiento - comunicacion periodica,Low
0257-KXZGU,0.0409,Low,0.06,Low,0.0978,0,0.026161748894994626,0.0011472275,0.0978,0.033,Maintain,Mantenimiento - comunicacion periodica,Low
4936-YPJNK,0.0586,Low,0.62,Low,0.0279,0,0.047306176084099864,0.011854685,0.0279,0.0328,Maintain,Mantenimiento - comunicacion periodica,Low
1843-TLSGD,0.0221,Low,3.91,Low,0.042,0,0.003703261259108831,0.074760996,0.042,0.0327,Maintain,Mantenimiento - comunicacion periodica,Low
5537-UXXVS,0.0318,Low,1.25,Low,0.0894,0,0.015290885198900971,0.023900574,0.0894,0.0327,Maintain,Mantenimiento - comunicacion periodica,Low
1897-RCFUM,0.022,Low,0.11,Low,0.1515,0,0.0035838012184924136,0.0021032505,0.1515,0.0327,Maintain,Mantenimiento - comunicacion periodica,Low
8884-FEEWR,0.0283,Low,0.1,Low,0.1329,0,0.011109783777326484,0.001912046,0.1329,0.0327,Maintain,Mantenimiento - comunicacion periodica,Low
1328-EUZHC,0.0212,Low,4.5,Low,0.0274,0,0.0026281208935611047,0.08604207,0.0274,0.0326,Maintain,Mantenimiento - comunicacion periodica,Low
1131-ALZWV,0.0282,Low,0.21,Low,0.1297,0,0.010990323736710071,0.004015296,0.1297,0.0326,Maintain,Mantenimiento - comunicacion periodica,Low
5345-BMKWB,0.0621,Low,0.23,Low,0.0278,0,0.051487277505674355,0.0043977057,0.0278,0.0326,Maintain,Mantenimiento - comunicacion periodica,Low
2122-SZZZD,0.0224,Low,1.03,Low,0.1229,0,0.00406164138095807,0.019694073,0.1229,0.0325,Maintain,Mantenimiento - comunicacion periodica,Low
8327-WKMIE,0.026,Low,0.56,Low,0.1254,0,0.008362202843148966,0.010707458,0.1254,0.0325,Maintain,Mantenimiento - comunicacion periodica,Low
2159-TURXX,0.048,Low,0.46,Low,0.0627,0,0.03464341177876001,0.008795411,0.0627,0.0325,Maintain,Mantenimiento - comunicacion periodica,Low
1984-GPTEH,0.0332,Low,0.0,Low,0.1202,0,0.016963325767530762,0.0,0.1202,0.0325,Maintain,Mantenimiento - comunicacion periodica,Low
4538-WNTMJ,0.0223,Low,0.06,Low,0.1511,0,0.003942181340341657,0.0011472275,0.1511,0.0325,Maintain,Mantenimiento - comunicacion periodica,Low
8908-SLFCJ,0.0206,Low,3.89,Low,0.0459,0,0.001911360649862622,0.07437859,0.0459,0.0324,Maintain,Mantenimiento - comunicacion periodica,Low
5396-IZEPB,0.0512,Low,0.83,Low,0.0422,0,0.03846613307848526,0.01586998,0.0422,0.0324,Maintain,Mantenimiento - comunicacion periodica,Low
3146-JTQHR,0.0446,Low,0.94,Low,0.0584,0,0.03058177039780194,0.017973231,0.0584,0.0324,Maintain,Mantenimiento - comunicacion periodica,Low
3070-FNFZQ,0.0207,Low,4.25,Low,0.0344,0,0.002030820690479035,0.08126195,0.0344,0.0323,Maintain,Mantenimiento - comunicacion periodica,Low
4962-CHQPW,0.0206,Low,0.71,Low,0.1359,0,0.001911360649862622,0.013575526,0.1359,0.0322,Maintain,Mantenimiento - comunicacion periodica,Low
3823-KYNQY,0.0304,Low,0.15,Low,0.1222,0,0.013618444630271176,0.002868069,0.1222,0.0321,Maintain,Mantenimiento - comunicacion periodica,Low
8317-BVKSO,0.0415,Low,0.49,Low,0.0793,0,0.02687850913869311,0.009369025,0.0793,0.0321,Maintain,Mantenimiento - comunicacion periodica,Low
7435-ZNUYY,0.0425,Low,0.09,Low,0.0873,0,0.028073109544857252,0.0017208414,0.0873,0.032,Maintain,Mantenimiento - comunicacion periodica,Low
3675-YDUPJ,0.0525,Low,0.66,Low,0.0408,0,0.04001911360649863,0.012619504,0.0408,0.032,Maintain,Mantenimiento - comunicacion periodica,Low
1998-VHJHK,0.024,Low,1.41,Low,0.1048,0,0.005973002030820692,0.026959848,0.1048,0.032,Maintain,Mantenimiento - comunicacion periodica,Low
8450-LUGUK,0.0207,Low,0.39,Low,0.1434,0,0.002030820690479035,0.007456979,0.1434,0.0319,Maintain,Mantenimiento - comunicacion periodica,Low
6546-OPBBH,0.0238,Low,0.08,Low,0.1428,0,0.005734081949587866,0.0015296367,0.1428,0.0319,Maintain,Mantenimiento - comunicacion periodica,Low
3549-ZTMNH,0.026,Low,0.65,Low,0.1198,0,0.008362202843148966,0.012428298,0.1198,0.0319,Maintain,Mantenimiento - comunicacion periodica,Low
6040-CGACY,0.0509,Low,0.92,Low,0.0372,0,0.038107752956636,0.017590823,0.0372,0.0318,Maintain,Mantenimiento - comunicacion periodica,Low
7706-DZNKK,0.0388,Low,0.13,Low,0.0963,0,0.02365308804204994,0.0024856597,0.0963,0.0318,Maintain,Mantenimiento - comunicacion periodica,Low
1333-PBMXB,0.0227,Low,0.04,Low,0.147,0,0.004420021502807314,0.00076481834,0.147,0.0318,Maintain,Mantenimiento - comunicacion periodica,Low
7998-ZLXWN,0.0326,Low,0.14,Low,0.1135,0,0.016246565523832277,0.0026768644,0.1135,0.0316,Maintain,Mantenimiento - comunicacion periodica,Low
7026-YMSBE,0.0272,Low,0.86,Low,0.1086,0,0.009795723330545932,0.016443595,0.1086,0.0316,Maintain,Mantenimiento - comunicacion periodica,Low
9648-BCHKM,0.0206,Low,0.08,Low,0.1504,0,0.001911360649862622,0.0015296367,0.1504,0.0315,Maintain,Mantenimiento - comunicacion periodica,Low
2511-ALLCS,0.0198,Low,0.26,Low,0.1468,0,0.0009556803249313131,0.0049713193,0.1468,0.0313,Maintain,Mantenimiento - comunicacion periodica,Low
5602-BVFMK,0.0382,Low,1.34,Low,0.0608,0,0.02293632779835145,0.025621416,0.0608,0.0313,Maintain,Mantenimiento - comunicacion periodica,Low
7267-FRMJW,0.0196,Low,4.49,Low,0.0251,0,0.0007167602436984827,0.08585086,0.0251,0.0311,Maintain,Mantenimiento - comunicacion periodica,Low
5850-BDWCY,0.0539,Low,0.33,Low,0.0413,0,0.041691554175128424,0.006309752,0.0413,0.031,Maintain,Mantenimiento - comunicacion periodica,Low
7216-KAOID,0.0276,Low,1.07,Low,0.0983,0,0.010273563493011588,0.020458892,0.0983,0.0309,Maintain,Mantenimiento - comunicacion periodica,Low
3985-HOYPM,0.0266,Low,1.11,Low,0.1002,0,0.009078963086847448,0.02122371,0.1002,0.0309,Maintain,Mantenimiento - comunicacion periodica,Low
8332-OSJDW,0.0264,Low,0.2,Low,0.1268,0,0.008840043005614622,0.003824092,0.1268,0.0309,Maintain,Mantenimiento - comunicacion periodica,Low
8138-EALND,0.0398,Low,0.83,Low,0.068,0,0.024847688448214077,0.01586998,0.068,0.0308,Maintain,Mantenimiento - comunicacion periodica,Low
3712-PKXZA,0.0247,Low,0.07,Low,0.1346,0,0.006809222315135588,0.0013384322,0.1346,0.0307,Maintain,Mantenimiento - comunicacion periodica,Low
2589-AYCRP,0.0296,Low,0.85,Low,0.0977,0,0.012662764305339866,0.016252391,0.0977,0.0307,Maintain,Mantenimiento - comunicacion periodica,Low
8612-GXIDD,0.0249,Low,0.08,Low,0.133,0,0.007048142396368414,0.0015296367,0.133,0.0306,Maintain,Mantenimiento - comunicacion periodica,Low
2346-CZYIL,0.0203,Low,4.26,Low,0.0268,0,0.0015529805280133785,0.08145316,0.0268,0.0306,Maintain,Mantenimiento - comunicacion periodica,Low
5124-EOGYE,0.0201,Low,4.22,Low,0.0283,0,0.0013140604467805524,0.080688335,0.0283,0.0305,Maintain,Mantenimiento - comunicacion periodica,Low
6248-BSHKG,0.0214,Low,0.27,Low,0.1377,0,0.002867040974793931,0.005162524,0.1377,0.0305,Maintain,Mantenimiento - comunicacion periodica,Low
2690-DVRVK,0.05,Low,0.12,Low,0.0564,0,0.03703261259108829,0.002294455,0.0564,0.0305,Maintain,Mantenimiento - comunicacion periodica,Low
1934-MKPXS,0.0204,Low,0.49,Low,0.1339,0,0.0016724405686297957,0.009369025,0.1339,0.0304,Maintain,Mantenimiento - comunicacion periodica,Low
1245-HARPS,0.0225,Low,4.25,Low,0.0199,0,0.004181101421574483,0.08126195,0.0199,0.0304,Maintain,Mantenimiento - comunicacion periodica,Low
1635-HDGFT,0.0199,Low,4.11,Low,0.0311,0,0.001075140365547726,0.07858509,0.0311,0.0303,Maintain,Mantenimiento - comunicacion periodica,Low
9847-HNVGP,0.0233,Low,0.61,Low,0.1212,0,0.005136781746505796,0.011663481,0.1212,0.0303,Maintain,Mantenimiento - comunicacion periodica,Low
3750-YHRYO,0.0407,Low,0.13,Low,0.0826,0,0.0259228288137618,0.0024856597,0.0826,0.0302,Maintain,Mantenimiento - comunicacion periodica,Low
0547-HURJB,0.0387,Low,0.04,Low,0.0903,0,0.02353362800143352,0.00076481834,0.0903,0.0301,Maintain,Mantenimiento - comunicacion periodica,Low
5968-HYJRZ,0.0208,Low,0.15,Low,0.1403,0,0.002150280731095448,0.002868069,0.1403,0.03,Maintain,Mantenimiento - comunicacion periodica,Low
1970-KKFWL,0.0212,Low,0.87,Low,0.1179,0,0.0026281208935611047,0.0166348,0.1179,0.0299,Maintain,Mantenimiento - comunicacion periodica,Low
4213-HKBJO,0.0219,Low,0.03,Low,0.1402,0,0.0034643411778760005,0.00057361374,0.1402,0.0299,Maintain,Mantenimiento - comunicacion periodica,Low
6447-EGDIV,0.0244,Low,0.0,Low,0.1322,0,0.006450842193286349,0.0,0.1322,0.0297,Maintain,Mantenimiento - comunicacion periodica,Low
9617-UDPEU,0.027,Low,1.36,Low,0.0858,0,0.009556803249313106,0.026003825,0.0858,0.0297,Maintain,Mantenimiento - comunicacion periodica,Low
7061-OVMIM,0.0321,Low,1.01,Low,0.0799,0,0.015649265320750207,0.019311663,0.0799,0.0296,Maintain,Mantenimiento - comunicacion periodica,Low
4487-ZYJZK,0.0268,Low,1.01,Low,0.0947,0,0.00931788316808028,0.019311663,0.0947,0.0294,Maintain,Mantenimiento - comunicacion periodica,Low
6506-EYCNH,0.0469,Low,0.98,Low,0.0349,0,0.03332935133197945,0.01873805,0.0349,0.0293,Maintain,Mantenimiento - comunicacion periodica,Low
6036-TTFYU,0.0525,Low,0.9,Low,0.0206,0,0.04001911360649863,0.017208412,0.0206,0.0293,Maintain,Mantenimiento - comunicacion periodica,Low
0129-QMPDR,0.0222,Low,0.32,Low,0.1276,0,0.003822721299725244,0.0061185467,0.1276,0.0293,Maintain,Mantenimiento - comunicacion periodica,Low
5469-NUJUR,0.0208,Low,4.59,Low,0.0086,0,0.002150280731095448,0.08776291,0.0086,0.0291,Maintain,Mantenimiento - comunicacion periodica,Low
4311-QTTAI,0.0275,Low,1.26,Low,0.0839,0,0.010154103452395175,0.024091778,0.0839,0.0291,Maintain,Mantenimiento - comunicacion periodica,Low
5924-SNGKP,0.0249,Low,0.44,Low,0.1154,0,0.007048142396368414,0.008413002,0.1154,0.0291,Maintain,Mantenimiento - comunicacion periodica,Low
9650-VBUOG,0.0205,Low,0.06,Low,0.1395,0,0.0017919006092462087,0.0011472275,0.1395,0.0291,Maintain,Mantenimiento - comunicacion periodica,Low
4652-ODEVH,0.0204,Low,0.14,Low,0.1375,0,0.0016724405686297957,0.0026768644,0.1375,0.0291,Maintain,Mantenimiento - comunicacion periodica,Low
9867-NNXLC,0.035,Low,0.45,Low,0.0849,0,0.019113606498626215,0.008604206,0.0849,0.0291,Maintain,Mantenimiento - comunicacion periodica,Low
8008-OTEZX,0.0305,Low,0.93,Low,0.0838,0,0.013737904670887589,0.017782027,0.0838,0.029,Maintain,Mantenimiento - comunicacion periodica,Low
2120-SMPEX,0.033,Low,0.39,Low,0.0922,0,0.016724405686297936,0.007456979,0.0922,0.029,Maintain,Mantenimiento - comunicacion periodica,Low
9170-ARBTB,0.0259,Low,0.92,Low,0.0978,0,0.008242742802532553,0.017590823,0.0978,0.029,Maintain,Mantenimiento - comunicacion periodica,Low
0057-QBUQH,0.0262,Low,0.03,Low,0.1223,0,0.008601122924381796,0.00057361374,0.1223,0.0289,Maintain,Mantenimiento - comunicacion periodica,Low
1790-NESIO,0.0239,Low,4.22,Low,0.0082,0,0.005853541990204279,0.080688335,0.0082,0.0288,Maintain,Mantenimiento - comunicacion periodica,Low
4709-LKHYG,0.0228,Low,0.57,Low,0.116,0,0.004539481543423727,0.010898662,0.116,0.0287,Maintain,Mantenimiento - comunicacion periodica,Low
8461-EFQYM,0.0277,Low,0.12,Low,0.1136,0,0.010393023533628,0.002294455,0.1136,0.0286,Maintain,Mantenimiento - comunicacion periodica,Low
7297-DVYGA,0.0234,Low,0.77,Low,0.1073,0,0.0052562417871222095,0.014722753,0.1073,0.0285,Maintain,Mantenimiento - comunicacion periodica,Low
3523-BRGUW,0.0277,Low,1.3,Low,0.079,0,0.010393023533628,0.024856595,0.079,0.0285,Maintain,Mantenimiento - comunicacion periodica,Low
0835-DUUIQ,0.0271,Low,0.0,Low,0.1179,0,0.009676263289929519,0.0,0.1179,0.0284,Maintain,Mantenimiento - comunicacion periodica,Low
6765-MBQNU,0.0238,Low,0.12,Low,0.1244,0,0.005734081949587866,0.002294455,0.1244,0.0284,Maintain,Mantenimiento - comunicacion periodica,Low
3472-QPRCH,0.0216,Low,0.05,Low,0.1321,0,0.0031059610560267613,0.000956023,0.1321,0.0283,Maintain,Mantenimiento - comunicacion periodica,Low
8999-EXMNO,0.0211,Low,4.43,Low,0.0075,0,0.0025086608529446917,0.08470363,0.0075,0.0282,Maintain,Mantenimiento - comunicacion periodica,Low
4526-EXKKN,0.0212,Low,0.1,Low,0.1306,0,0.0026281208935611047,0.001912046,0.1306,0.028,Maintain,Mantenimiento - comunicacion periodica,Low
7596-IIWYC,0.0199,Low,4.32,Low,0.0122,0,0.001075140365547726,0.082600385,0.0122,0.0278,Maintain,Mantenimiento - comunicacion periodica,Low
1686-STUHN,0.0272,Low,0.85,Low,0.0902,0,0.009795723330545932,0.016252391,0.0902,0.0278,Maintain,Mantenimiento - comunicacion periodica,Low
9046-DQMTP,0.0311,Low,0.13,Low,0.0979,0,0.01445466491458607,0.0024856597,0.0979,0.0276,Maintain,Mantenimiento - comunicacion periodica,Low
7554-NEWDD,0.0304,Low,0.07,Low,0.1009,0,0.013618444630271176,0.0013384322,0.1009,0.0274,Maintain,Mantenimiento - comunicacion periodica,Low
7305-ZWMAJ,0.0238,Low,0.04,Low,0.121,0,0.005734081949587866,0.00076481834,0.121,0.0273,Maintain,Mantenimiento - comunicacion periodica,Low
1223-UNPKS,0.0193,Low,4.49,Low,0.0067,0,0.0003583801218492434,0.08585086,0.0067,0.0273,Maintain,Mantenimiento - comunicacion periodica,Low
3423-HHXAO,0.0421,Low,1.09,Low,0.0356,0,0.02759526938239159,0.0208413,0.0356,0.0272,Maintain,Mantenimiento - comunicacion periodica,Low
8430-TWCBX,0.0224,Low,0.12,Low,0.1222,0,0.00406164138095807,0.002294455,0.1222,0.0272,Maintain,Mantenimiento - comunicacion periodica,Low
5789-LDFXO,0.03,Low,0.23,Low,0.0959,0,0.013140604467805518,0.0043977057,0.0959,0.0271,Maintain,Mantenimiento - comunicacion periodica,Low
3982-JGSFD,0.024,Low,0.24,Low,0.1136,0,0.005973002030820692,0.00458891,0.1136,0.0271,Maintain,Mantenimiento - comunicacion periodica,Low
2717-HVIZY,0.0468,Low,0.47,Low,0.0373,0,0.03320989129136304,0.008986616,0.0373,0.0268,Maintain,Mantenimiento - comunicacion periodica,Low
2371-JUNGC,0.0388,Low,0.23,Low,0.0682,0,0.02365308804204994,0.0043977057,0.0682,0.0268,Maintain,Mantenimiento - comunicacion periodica,Low
3178-CIFOT,0.0275,Low,0.91,Low,0.0824,0,0.010154103452395175,0.017399618,0.0824,0.0268,Maintain,Mantenimiento - comunicacion periodica,Low
4732-RRJZC,0.0479,Low,0.2,Low,0.0415,0,0.03452395173814359,0.003824092,0.0415,0.0267,Maintain,Mantenimiento - comunicacion periodica,Low
8573-CGOCC,0.0283,Low,0.83,Low,0.0817,0,0.011109783777326484,0.01586998,0.0817,0.0267,Maintain,Mantenimiento - comunicacion periodica,Low
5266-PFRQK,0.0217,Low,0.11,Low,0.1223,0,0.0032254210966431744,0.0021032505,0.1223,0.0267,Maintain,Mantenimiento - comunicacion periodica,Low
8075-GXIUB,0.0419,Low,0.73,Low,0.0443,0,0.027356349301158763,0.013957935,0.0443,0.0267,Maintain,Mantenimiento - comunicacion periodica,Low
9364-YKUVW,0.0367,Low,0.75,Low,0.0593,0,0.02114442718910525,0.014340345,0.0593,0.0267,Maintain,Mantenimiento - comunicacion periodica,Low
8573-JGCZW,0.0336,Low,0.96,Low,0.0605,0,0.017441165929996415,0.01835564,0.0605,0.0263,Maintain,Mantenimiento - comunicacion periodica,Low
6648-INWPS,0.0364,Low,0.41,Low,0.0675,0,0.020786047067256008,0.007839388,0.0675,0.0262,Maintain,Mantenimiento - comunicacion periodica,Low
3043-SUDUA,0.0252,Low,0.56,Low,0.0964,0,0.007406522518217658,0.010707458,0.0964,0.0262,Maintain,Mantenimiento - comunicacion periodica,Low
8874-EJNSR,0.021,Low,0.06,Low,0.1232,0,0.0023892008123282786,0.0011472275,0.1232,0.0262,Maintain,Mantenimiento - comunicacion periodica,Low
5847-MXBEO,0.0279,Low,0.27,Low,0.0969,0,0.010631943614860832,0.005162524,0.0969,0.0262,Maintain,Mantenimiento - comunicacion periodica,Low
1964-SVLEA,0.0301,Low,0.89,Low,0.0725,0,0.013260064508421932,0.017017208,0.0725,0.0262,Maintain,Mantenimiento - comunicacion periodica,Low
8595-SIZNC,0.027,Low,0.11,Low,0.1035,0,0.009556803249313106,0.0021032505,0.1035,0.0261,Maintain,Mantenimiento - comunicacion periodica,Low
1552-CZCLL,0.0259,Low,0.64,Low,0.0916,0,0.008242742802532553,0.012237093,0.0916,0.0261,Maintain,Mantenimiento - comunicacion periodica,Low
9178-JHUVJ,0.021,Low,0.48,Low,0.1105,0,0.0023892008123282786,0.00917782,0.1105,0.026,Maintain,Mantenimiento - comunicacion periodica,Low
5642-MHDQT,0.0239,Low,0.81,Low,0.0917,0,0.005853541990204279,0.015487572,0.0917,0.0259,Maintain,Mantenimiento - comunicacion periodica,Low
4804-NCPET,0.0199,Low,4.43,Low,0.0,0,0.001075140365547726,0.08470363,0.0,0.0259,Maintain,Mantenimiento - comunicacion periodica,Low
4318-RAJVY,0.0449,Low,0.8,Low,0.0293,0,0.030940150519651183,0.015296368,0.0293,0.0259,Maintain,Mantenimiento - comunicacion periodica,Low
9367-TCUYN,0.0335,Low,0.47,Low,0.0728,0,0.017321705889380007,0.008986616,0.0728,0.0259,Maintain,Mantenimiento - comunicacion periodica,Low
0621-TSSMU,0.0239,Low,0.7,Low,0.0948,0,0.005853541990204279,0.013384321,0.0948,0.0259,Maintain,Mantenimiento - comunicacion periodica,Low
4537-CIBHB,0.0431,Low,0.32,Low,0.0474,0,0.02878986978855573,0.0061185467,0.0474,0.0257,Maintain,Mantenimiento - comunicacion periodica,Low
3283-WCWXT,0.0272,Low,0.07,Low,0.1018,0,0.009795723330545932,0.0013384322,0.1018,0.0257,Maintain,Mantenimiento - comunicacion periodica,Low
4750-UKWJK,0.0328,Low,1.0,Low,0.0583,0,0.01648548560506511,0.019120459,0.0583,0.0256,Maintain,Mantenimiento - comunicacion periodica,Low
4083-EUGRJ,0.0522,Low,0.22,Low,0.0218,0,0.039660733484649394,0.004206501,0.0218,0.0255,Maintain,Mantenimiento - comunicacion periodica,Low
7996-BPXHY,0.023,Low,0.09,Low,0.1125,0,0.004778401624656553,0.0017208414,0.1125,0.0254,Maintain,Mantenimiento - comunicacion periodica,Low
8510-BBWMU,0.0276,Low,0.86,Low,0.0766,0,0.010273563493011588,0.016443595,0.0766,0.0254,Maintain,Mantenimiento - comunicacion periodica,Low
8277-RVRSV,0.0211,Low,0.11,Low,0.1173,0,0.0025086608529446917,0.0021032505,0.1173,0.0253,Maintain,Mantenimiento - comunicacion periodica,Low
2706-QZIHY,0.0217,Low,0.08,Low,0.1154,0,0.0032254210966431744,0.0015296367,0.1154,0.0252,Maintain,Mantenimiento - comunicacion periodica,Low
3374-PZLXD,0.0368,Low,0.76,Low,0.0512,0,0.02126388722972166,0.014531549,0.0512,0.0252,Maintain,Mantenimiento - comunicacion periodica,Low
7560-QRBXH,0.0215,Low,0.71,Low,0.0975,0,0.002986501015410344,0.013575526,0.0975,0.0251,Maintain,Mantenimiento - comunicacion periodica,Low
6518-KZXCB,0.0233,Low,0.07,Low,0.1108,0,0.005136781746505796,0.0013384322,0.1108,0.0251,Maintain,Mantenimiento - comunicacion periodica,Low
0269-XFESX,0.0215,Low,0.32,Low,0.1085,0,0.002986501015410344,0.0061185467,0.1085,0.025,Maintain,Mantenimiento - comunicacion periodica,Low
0380-ZCSBI,0.05,Low,0.5,Low,0.0178,0,0.03703261259108829,0.009560229,0.0178,0.0249,Maintain,Mantenimiento - comunicacion periodica,Low
4568-TTZRT,0.0521,Low,0.14,Low,0.0214,0,0.03954127344403298,0.0026768644,0.0214,0.0249,Maintain,Mantenimiento - comunicacion periodica,Low
1552-TKMXS,0.0303,Low,0.31,Low,0.0818,0,0.013498984589654763,0.0059273425,0.0818,0.0249,Maintain,Mantenimiento - comunicacion periodica,Low
7407-SUJIZ,0.03,Low,0.09,Low,0.0887,0,0.013140604467805518,0.0017208414,0.0887,0.0248,Maintain,Mantenimiento - comunicacion periodica,Low
7677-SJJJK,0.0397,Low,0.69,Low,0.0426,0,0.02472822840759766,0.0131931165,0.0426,0.0248,Maintain,Mantenimiento - comunicacion periodica,Low
2878-DHMIN,0.0242,Low,0.67,Low,0.0895,0,0.006211922112053518,0.012810708,0.0895,0.0248,Maintain,Mantenimiento - comunicacion periodica,Low
9602-WCXPI,0.0218,Low,0.5,Low,0.1013,0,0.0033448811372595874,0.009560229,0.1013,0.0248,Maintain,Mantenimiento - comunicacion periodica,Low
6278-FEPBZ,0.0468,Low,0.23,Low,0.0337,0,0.03320989129136304,0.0043977057,0.0337,0.0247,Maintain,Mantenimiento - comunicacion periodica,Low
4980-URKXC,0.0226,Low,0.0,Low,0.1127,0,0.004300561462190896,0.0,0.1127,0.0247,Maintain,Mantenimiento - comunicacion periodica,Low
6527-PZFPV,0.0229,Low,0.08,Low,0.1097,0,0.00465894158404014,0.0015296367,0.1097,0.0247,Maintain,Mantenimiento - comunicacion periodica,Low
3896-ZVNET,0.0199,Low,0.26,Low,0.1124,0,0.001075140365547726,0.0049713193,0.1124,0.0245,Maintain,Mantenimiento - comunicacion periodica,Low
5577-OTWWW,0.0458,Low,0.83,Low,0.0182,0,0.0320152908851989,0.01586998,0.0182,0.0244,Maintain,Mantenimiento - comunicacion periodica,Low
3280-NMUVX,0.0264,Low,0.88,Low,0.0747,0,0.008840043005614622,0.016826004,0.0747,0.0244,Maintain,Mantenimiento - comunicacion periodica,Low
3452-FLHYD,0.0234,Low,0.04,Low,0.1077,0,0.0052562417871222095,0.00076481834,0.1077,0.0244,Maintain,Mantenimiento - comunicacion periodica,Low
6061-PQHMK,0.0248,Low,0.68,Low,0.0839,0,0.006928682355752001,0.013001912,0.0839,0.0241,Maintain,Mantenimiento - comunicacion periodica,Low
5372-FBKBN,0.0274,Low,0.07,Low,0.0934,0,0.010034643411778761,0.0013384322,0.0934,0.0241,Maintain,Mantenimiento - comunicacion periodica,Low
3079-BCHLN,0.025,Low,0.77,Low,0.0798,0,0.0071676024369848315,0.014722753,0.0798,0.024,Maintain,Mantenimiento - comunicacion periodica,Low
2320-TZRRH,0.0256,Low,1.06,Low,0.0698,0,0.007884362680683314,0.020267686,0.0698,0.024,Maintain,Mantenimiento - comunicacion periodica,Low
3243-ZHOHY,0.0242,Low,0.51,Low,0.0897,0,0.006211922112053518,0.009751434,0.0897,0.024,Maintain,Mantenimiento - comunicacion periodica,Low
9932-WBWIK,0.0471,Low,0.17,Low,0.0311,0,0.03356827141321229,0.003250478,0.0311,0.024,Maintain,Mantenimiento - comunicacion periodica,Low
8763-KIAFH,0.0274,Low,0.06,Low,0.0921,0,0.010034643411778761,0.0011472275,0.0921,0.0238,Maintain,Mantenimiento - comunicacion periodica,Low
0902-RFHOF,0.0214,Low,0.65,Low,0.0924,0,0.002867040974793931,0.012428298,0.0924,0.0236,Maintain,Mantenimiento - comunicacion periodica,Low
7140-ADSMJ,0.048,Low,0.13,Low,0.0268,0,0.03464341177876001,0.0024856597,0.0268,0.0234,Maintain,Mantenimiento - comunicacion periodica,Low
9509-MPYOD,0.0217,Low,0.0,Low,0.1078,0,0.0032254210966431744,0.0,0.1078,0.0232,Maintain,Mantenimiento - comunicacion periodica,Low
8963-MQVYN,0.0344,Low,0.08,Low,0.0673,0,0.01839684625492773,0.0015296367,0.0673,0.0231,Maintain,Mantenimiento - comunicacion periodica,Low
9483-GCPWE,0.0325,Low,0.54,Low,0.0595,0,0.016127105483215866,0.010325048,0.0595,0.0231,Maintain,Mantenimiento - comunicacion periodica,Low
6286-ZHAOK,0.0272,Low,0.0,Low,0.0907,0,0.009795723330545932,0.0,0.0907,0.023,Maintain,Mantenimiento - comunicacion periodica,Low
8084-OIVBS,0.0408,Low,0.56,Low,0.0338,0,0.026042288854378214,0.010707458,0.0338,0.023,Maintain,Mantenimiento - comunicacion periodica,Low
3181-MIZBN,0.0448,Low,0.84,Low,0.0139,0,0.030820690479034765,0.016061185,0.0139,0.023,Maintain,Mantenimiento - comunicacion periodica,Low
1755-FZQEC,0.025,Low,0.8,Low,0.0737,0,0.0071676024369848315,0.015296368,0.0737,0.0229,Maintain,Mantenimiento - comunicacion periodica,Low
1872-EBWSC,0.028,Low,0.19,Low,0.0823,0,0.010751403655477245,0.0036328873,0.0823,0.0229,Maintain,Mantenimiento - comunicacion periodica,Low
8942-DBMHZ,0.0347,Low,0.13,Low,0.0637,0,0.01875522637677697,0.0024856597,0.0637,0.0229,Maintain,Mantenimiento - comunicacion periodica,Low
8439-LTUGF,0.046,Low,0.5,Low,0.0185,0,0.03225421096643173,0.009560229,0.0185,0.0227,Maintain,Mantenimiento - comunicacion periodica,Low
4830-FAXFM,0.0253,Low,0.0,Low,0.0936,0,0.007525982558834071,0.0,0.0936,0.0225,Maintain,Mantenimiento - comunicacion periodica,Low
1092-WPIVQ,0.0207,Low,0.05,Low,0.1055,0,0.002030820690479035,0.000956023,0.1055,0.0224,Maintain,Mantenimiento - comunicacion periodica,Low
9067-SQTNS,0.024,Low,0.17,Low,0.0916,0,0.005973002030820692,0.003250478,0.0916,0.0223,Maintain,Mantenimiento - comunicacion periodica,Low
6476-EPYZR,0.0322,Low,0.14,Low,0.0682,0,0.015768725361366625,0.0026768644,0.0682,0.0223,Maintain,Mantenimiento - comunicacion periodica,Low
5519-TEEUH,0.0277,Low,0.51,Low,0.07,0,0.010393023533628,0.009751434,0.07,0.0221,Maintain,Mantenimiento - comunicacion periodica,Low
1038-RQOST,0.0259,Low,0.08,Low,0.0872,0,0.008242742802532553,0.0015296367,0.0872,0.022,Maintain,Mantenimiento - comunicacion periodica,Low
7328-OWMOM,0.0212,Low,0.48,Low,0.0894,0,0.0026281208935611047,0.00917782,0.0894,0.0219,Maintain,Mantenimiento - comunicacion periodica,Low
4378-BZYFP,0.0292,Low,0.15,Low,0.0746,0,0.01218492414287421,0.002868069,0.0746,0.0219,Maintain,Mantenimiento - comunicacion periodica,Low
4623-ZKHLY,0.0296,Low,0.1,Low,0.0731,0,0.012662764305339866,0.001912046,0.0731,0.0215,Maintain,Mantenimiento - comunicacion periodica,Low
6419-ZTTLE,0.0354,Low,0.19,Low,0.0533,0,0.019591446661091867,0.0036328873,0.0533,0.0215,Maintain,Mantenimiento - comunicacion periodica,Low
7527-QNRUS,0.0231,Low,0.07,Low,0.0929,0,0.004897861665272966,0.0013384322,0.0929,0.0214,Maintain,Mantenimiento - comunicacion periodica,Low
5260-UMPWX,0.0248,Low,0.22,Low,0.0812,0,0.006928682355752001,0.004206501,0.0812,0.021,Maintain,Mantenimiento - comunicacion periodica,Low
8902-ZEOVF,0.0229,Low,0.64,Low,0.0743,0,0.00465894158404014,0.012237093,0.0743,0.0209,Maintain,Mantenimiento - comunicacion periodica,Low
7777-UNYHB,0.0399,Low,0.48,Low,0.0276,0,0.024967148488830485,0.00917782,0.0276,0.0208,Maintain,Mantenimiento - comunicacion periodica,Low
6131-JLWZM,0.0325,Low,0.21,Low,0.0571,0,0.016127105483215866,0.004015296,0.0571,0.0207,Maintain,Mantenimiento - comunicacion periodica,Low
1866-ZSLJM,0.0241,Low,0.09,Low,0.0859,0,0.006092462071437105,0.0017208414,0.0859,0.0207,Maintain,Mantenimiento - comunicacion periodica,Low
5871-DGTXZ,0.0206,Low,0.76,Low,0.0764,0,0.001911360649862622,0.014531549,0.0764,0.0206,Maintain,Mantenimiento - comunicacion periodica,Low
3824-RHKVR,0.0358,Low,0.84,Low,0.0285,0,0.02006928682355752,0.016061185,0.0285,0.0206,Maintain,Mantenimiento - comunicacion periodica,Low
1269-FOYWN,0.021,Low,0.62,Low,0.079,0,0.0023892008123282786,0.011854685,0.079,0.0206,Maintain,Mantenimiento - comunicacion periodica,Low
7812-FZHPE,0.0279,Low,0.0,Low,0.0766,0,0.010631943614860832,0.0,0.0766,0.0206,Maintain,Mantenimiento - comunicacion periodica,Low
0956-SYCWG,0.033,Low,0.94,Low,0.0338,0,0.016724405686297936,0.017973231,0.0338,0.0205,Maintain,Mantenimiento - comunicacion periodica,Low
0516-QREYC,0.0273,Low,0.19,Low,0.0717,0,0.009915183371162348,0.0036328873,0.0717,0.0204,Maintain,Mantenimiento - comunicacion periodica,Low
9313-QOLTZ,0.0241,Low,0.05,Low,0.0845,0,0.006092462071437105,0.000956023,0.0845,0.0202,Maintain,Mantenimiento - comunicacion periodica,Low
1038-ZAGBI,0.0338,Low,0.8,Low,0.0336,0,0.01768008601122924,0.015296368,0.0336,0.0201,Maintain,Mantenimiento - comunicacion periodica,Low
0357-NVCRI,0.0233,Low,0.47,Low,0.0737,0,0.005136781746505796,0.008986616,0.0737,0.02,Maintain,Mantenimiento - comunicacion periodica,Low
9546-KDTRB,0.0281,Low,0.0,Low,0.0716,0,0.010870863696093658,0.0,0.0716,0.0198,Maintain,Mantenimiento - comunicacion periodica,Low
2958-NHPPS,0.0335,Low,0.1,Low,0.0517,0,0.017321705889380007,0.001912046,0.0517,0.0196,Maintain,Mantenimiento - comunicacion periodica,Low
3061-BCKYI,0.0376,Low,0.62,Low,0.0244,0,0.022219567554652972,0.011854685,0.0244,0.0195,Maintain,Mantenimiento - comunicacion periodica,Low
4203-QGNZA,0.0234,Low,0.22,Low,0.0776,0,0.0052562417871222095,0.004206501,0.0776,0.0194,Maintain,Mantenimiento - comunicacion periodica,Low
1722-LDZJS,0.0225,Low,0.46,Low,0.0735,0,0.004181101421574483,0.008795411,0.0735,0.0194,Maintain,Mantenimiento - comunicacion periodica,Low
6016-LVTJQ,0.0268,Low,0.12,Low,0.0702,0,0.00931788316808028,0.002294455,0.0702,0.0194,Maintain,Mantenimiento - comunicacion periodica,Low
4486-EFAEB,0.0365,Low,0.14,Low,0.0407,0,0.020905507107872416,0.0026768644,0.0407,0.0194,Maintain,Mantenimiento - comunicacion periodica,Low
6861-OKBCE,0.0424,Low,0.46,Low,0.0128,0,0.027953649504240834,0.008795411,0.0128,0.0192,Maintain,Mantenimiento - comunicacion periodica,Low
0071-NDAFP,0.0213,Low,0.14,Low,0.0848,0,0.002747580934177518,0.0026768644,0.0848,0.0191,Maintain,Mantenimiento - comunicacion periodica,Low
7446-SFAOA,0.0234,Low,0.75,Low,0.0606,0,0.0052562417871222095,0.014340345,0.0606,0.0191,Maintain,Mantenimiento - comunicacion periodica,Low
0594-UFTUL,0.0363,Low,0.68,Low,0.0238,0,0.02066658702663959,0.013001912,0.0238,0.019,Maintain,Mantenimiento - comunicacion periodica,Low
8007-YYPWD,0.0233,Low,0.09,Low,0.0797,0,0.005136781746505796,0.0017208414,0.0797,0.019,Maintain,Mantenimiento - comunicacion periodica,Low
1293-HHSHJ,0.0226,Low,0.05,Low,0.0818,0,0.004300561462190896,0.000956023,0.0818,0.0188,Maintain,Mantenimiento - comunicacion periodica,Low
8735-NBLWT,0.0414,Low,0.13,Low,0.0234,0,0.026759049098076696,0.0024856597,0.0234,0.0188,Maintain,Mantenimiento - comunicacion periodica,Low
5039-LZRQT,0.029,Low,0.43,Low,0.0513,0,0.011946004061641384,0.008221798,0.0513,0.0187,Maintain,Mantenimiento - comunicacion periodica,Low
6746-WAUWT,0.0267,Low,0.9,Low,0.0448,0,0.009198423127463867,0.017208412,0.0448,0.0187,Maintain,Mantenimiento - comunicacion periodica,Low
9229-RQABD,0.0242,Low,0.23,Low,0.0715,0,0.006211922112053518,0.0043977057,0.0715,0.0187,Maintain,Mantenimiento - comunicacion periodica,Low
3129-AAQOU,0.0203,Low,0.06,Low,0.0865,0,0.0015529805280133785,0.0011472275,0.0865,0.0184,Maintain,Mantenimiento - comunicacion periodica,Low
4883-KCPZJ,0.0213,Low,0.06,Low,0.0822,0,0.002747580934177518,0.0011472275,0.0822,0.0182,Maintain,Mantenimiento - comunicacion periodica,Low
4712-UYOOI,0.0312,Low,0.5,Low,0.0398,0,0.014574124955202484,0.009560229,0.0398,0.0181,Maintain,Mantenimiento - comunicacion periodica,Low
2907-ILJBN,0.0305,Low,0.13,Low,0.0519,0,0.013737904670887589,0.0024856597,0.0519,0.018,Maintain,Mantenimiento - comunicacion periodica,Low
8387-UGUSU,0.0286,Low,0.49,Low,0.0467,0,0.011468163899175727,0.009369025,0.0467,0.0179,Maintain,Mantenimiento - comunicacion periodica,Low
3778-FOAQW,0.0219,Low,0.43,Low,0.0675,0,0.0034643411778760005,0.008221798,0.0675,0.0177,Maintain,Mantenimiento - comunicacion periodica,Low
2277-AXSDC,0.0267,Low,0.81,Low,0.0423,0,0.009198423127463867,0.015487572,0.0423,0.0177,Maintain,Mantenimiento - comunicacion periodica,Low
5688-KZTSN,0.0339,Low,0.53,Low,0.0282,0,0.01779954605184566,0.010133843,0.0282,0.0176,Maintain,Mantenimiento - comunicacion periodica,Low
8606-OEGQZ,0.0219,Low,0.06,Low,0.0766,0,0.0034643411778760005,0.0011472275,0.0766,0.0174,Maintain,Mantenimiento - comunicacion periodica,Low
2682-KEVRP,0.0239,Low,0.52,Low,0.0572,0,0.005853541990204279,0.009942639,0.0572,0.0173,Maintain,Mantenimiento - comunicacion periodica,Low
3721-CNZHX,0.0266,Low,0.82,Low,0.0394,0,0.009078963086847448,0.015678776,0.0394,0.0171,Maintain,Mantenimiento - comunicacion periodica,Low
3125-RAHBV,0.0248,Low,0.27,Low,0.0591,0,0.006928682355752001,0.005162524,0.0591,0.0168,Maintain,Mantenimiento - comunicacion periodica,Low
3190-FZATL,0.0327,Low,0.57,Low,0.0261,0,0.016366025564448692,0.010898662,0.0261,0.0167,Maintain,Mantenimiento - comunicacion periodica,Low
4716-MRVEN,0.0245,Low,0.57,Low,0.0504,0,0.006570302233902762,0.010898662,0.0504,0.0166,Maintain,Mantenimiento - comunicacion periodica,Low
1498-DQNRX,0.0313,Low,0.67,Low,0.0268,0,0.014693584995818902,0.012810708,0.0268,0.0166,Maintain,Mantenimiento - comunicacion periodica,Low
4933-IKULF,0.0268,Low,0.07,Low,0.0573,0,0.00931788316808028,0.0013384322,0.0573,0.0165,Maintain,Mantenimiento - comunicacion periodica,Low
6147-CBCRA,0.0288,Low,0.39,Low,0.0413,0,0.011707083980408553,0.007456979,0.0413,0.0164,Maintain,Mantenimiento - comunicacion periodica,Low
6082-OQFBA,0.0243,Low,0.91,Low,0.0403,0,0.006331382152669931,0.017399618,0.0403,0.0164,Maintain,Mantenimiento - comunicacion periodica,Low
4518-FZBSX,0.0223,Low,0.45,Low,0.0588,0,0.003942181340341657,0.008604206,0.0588,0.0163,Maintain,Mantenimiento - comunicacion periodica,Low
2150-OEGBV,0.0266,Low,0.53,Low,0.0435,0,0.009078963086847448,0.010133843,0.0435,0.0163,Maintain,Mantenimiento - comunicacion periodica,Low
5505-OVWQW,0.029,Low,0.48,Low,0.0372,0,0.011946004061641384,0.00917782,0.0372,0.0162,Maintain,Mantenimiento - comunicacion periodica,Low
8590-OHDIW,0.0209,Low,0.38,Low,0.0638,0,0.002269740771711861,0.0072657745,0.0638,0.0161,Maintain,Mantenimiento - comunicacion periodica,Low
9801-NOSHQ,0.024,Low,0.8,Low,0.0426,0,0.005973002030820692,0.015296368,0.0426,0.0161,Maintain,Mantenimiento - comunicacion periodica,Low
3556-BVQGL,0.0266,Low,0.57,Low,0.0405,0,0.009078963086847448,0.010898662,0.0405,0.0159,Maintain,Mantenimiento - comunicacion periodica,Low
6479-OAUSD,0.0245,Low,0.68,Low,0.0429,0,0.006570302233902762,0.013001912,0.0429,0.0158,Maintain,Mantenimiento - comunicacion periodica,Low
9184-GALIL,0.026,Low,0.25,Low,0.0503,0,0.008362202843148966,0.0047801146,0.0503,0.0157,Maintain,Mantenimiento - comunicacion periodica,Low
0219-QAERP,0.0221,Low,0.78,Low,0.0471,0,0.003703261259108831,0.014913958,0.0471,0.0157,Maintain,Mantenimiento - comunicacion periodica,Low
3752-CQSJI,0.0328,Low,0.13,Low,0.0304,0,0.01648548560506511,0.0024856597,0.0304,0.0151,Maintain,Mantenimiento - comunicacion periodica,Low
2995-YWTCD,0.0205,Low,0.09,Low,0.0682,0,0.0017919006092462087,0.0017208414,0.0682,0.0151,Maintain,Mantenimiento - comunicacion periodica,Low
7632-YUTXB,0.0248,Low,0.54,Low,0.0415,0,0.006928682355752001,0.010325048,0.0415,0.0149,Maintain,Mantenimiento - comunicacion periodica,Low
9522-ZSINC,0.0323,Low,0.63,Low,0.0167,0,0.01588818540198304,0.012045889,0.0167,0.0149,Maintain,Mantenimiento - comunicacion periodica,Low
4685-TFLLS,0.0223,Low,0.8,Low,0.041,0,0.003942181340341657,0.015296368,0.041,0.0148,Maintain,Mantenimiento - comunicacion periodica,Low
2466-FCCPT,0.0289,Low,0.89,Low,0.0185,0,0.011826544021024966,0.017017208,0.0185,0.0147,Maintain,Mantenimiento - comunicacion periodica,Low
6563-VRERX,0.0216,Low,0.0,Low,0.0652,0,0.0031059610560267613,0.0,0.0652,0.0146,Maintain,Mantenimiento - comunicacion periodica,Low
9860-LISIZ,0.0246,Low,0.17,Low,0.0508,0,0.006689762274519175,0.003250478,0.0508,0.0145,Maintain,Mantenimiento - comunicacion periodica,Low
6838-HVLXG,0.0373,Low,0.23,Low,0.0111,0,0.021861187432803728,0.0043977057,0.0111,0.0145,Maintain,Mantenimiento - comunicacion periodica,Low
5177-RVZNU,0.0259,Low,0.37,Low,0.0397,0,0.008242742802532553,0.00707457,0.0397,0.0142,Maintain,Mantenimiento - comunicacion periodica,Low
1069-QJOEE,0.0262,Low,0.68,Low,0.0301,0,0.008601122924381796,0.013001912,0.0301,0.0142,Maintain,Mantenimiento - comunicacion periodica,Low
8022-BECSI,0.0236,Low,0.96,Low,0.0293,0,0.005495161868355036,0.01835564,0.0293,0.0141,Maintain,Mantenimiento - comunicacion periodica,Low
1776-SPBWV,0.0242,Low,0.59,Low,0.037,0,0.006211922112053518,0.01128107,0.037,0.0139,Maintain,Mantenimiento - comunicacion periodica,Low
7279-NMVJC,0.025,Low,0.66,Low,0.0323,0,0.0071676024369848315,0.012619504,0.0323,0.0138,Maintain,Mantenimiento - comunicacion periodica,Low
1682-VCOIO,0.0238,Low,0.14,Low,0.0503,0,0.005734081949587866,0.0026768644,0.0503,0.0137,Maintain,Mantenimiento - comunicacion periodica,Low
2749-CTKAJ,0.021,Low,0.44,Low,0.0495,0,0.0023892008123282786,0.008413002,0.0495,0.0136,Maintain,Mantenimiento - comunicacion periodica,Low
8748-HFWBO,0.0212,Low,0.68,Low,0.0406,0,0.0026281208935611047,0.013001912,0.0406,0.0133,Maintain,Mantenimiento - comunicacion periodica,Low
2829-HYVZP,0.025,Low,0.82,Low,0.0244,0,0.0071676024369848315,0.015678776,0.0244,0.0132,Maintain,Mantenimiento - comunicacion periodica,Low
9746-UGFAC,0.0237,Low,0.09,Low,0.0481,0,0.005614621908971449,0.0017208414,0.0481,0.0129,Maintain,Mantenimiento - comunicacion periodica,Low
1159-WFSGR,0.0363,Low,0.15,Low,0.0078,0,0.02066658702663959,0.002868069,0.0078,0.0128,Maintain,Mantenimiento - comunicacion periodica,Low
5918-VUKWP,0.0242,Low,0.0,Low,0.047,0,0.006211922112053518,0.0,0.047,0.0125,Maintain,Mantenimiento - comunicacion periodica,Low
7817-OMJNA,0.0282,Low,0.19,Low,0.0281,0,0.010990323736710071,0.0036328873,0.0281,0.0122,Maintain,Mantenimiento - comunicacion periodica,Low
5849-ASHZJ,0.0219,Low,0.53,Low,0.0358,0,0.0034643411778760005,0.010133843,0.0358,0.0119,Maintain,Mantenimiento - comunicacion periodica,Low
9967-ATRFS,0.0254,Low,0.58,Low,0.0227,0,0.007645442599450484,0.011089866,0.0227,0.0117,Maintain,Mantenimiento - comunicacion periodica,Low
0142-GVYSN,0.0288,Low,0.21,Low,0.0233,0,0.011707083980408553,0.004015296,0.0233,0.0117,Maintain,Mantenimiento - comunicacion periodica,Low
0787-LHDYT,0.0301,Low,0.08,Low,0.0208,0,0.013260064508421932,0.0015296367,0.0208,0.0112,Maintain,Mantenimiento - comunicacion periodica,Low
3011-WQKSZ,0.031,Low,0.49,Low,0.0058,0,0.014335204873969658,0.009369025,0.0058,0.0111,Maintain,Mantenimiento - comunicacion periodica,Low
0859-YGKFW,0.0223,Low,0.53,Low,0.0306,0,0.003942181340341657,0.010133843,0.0306,0.0111,Maintain,Mantenimiento - comunicacion periodica,Low
5546-QUERU,0.0285,Low,0.63,Low,0.0093,0,0.011348703858559314,0.012045889,0.0093,0.0111,Maintain,Mantenimiento - comunicacion periodica,Low
3623-FQBOX,0.0278,Low,0.53,Low,0.0123,0,0.010512483574244414,0.010133843,0.0123,0.0108,Maintain,Mantenimiento - comunicacion periodica,Low
8966-OIQHG,0.0229,Low,0.09,Low,0.0389,0,0.00465894158404014,0.0017208414,0.0389,0.0106,Maintain,Mantenimiento - comunicacion periodica,Low
8204-TIFGJ,0.0297,Low,0.2,Low,0.0149,0,0.01278222434595628,0.003824092,0.0149,0.0105,Maintain,Mantenimiento - comunicacion periodica,Low
2819-GWENI,0.0221,Low,0.68,Low,0.0234,0,0.003703261259108831,0.013001912,0.0234,0.0104,Maintain,Mantenimiento - comunicacion periodica,Low
1401-FTHFQ,0.0211,Low,0.56,Low,0.0299,0,0.0025086608529446917,0.010707458,0.0299,0.0104,Maintain,Mantenimiento - comunicacion periodica,Low
4488-PSYCG,0.0326,Low,0.21,Low,0.0046,0,0.016246565523832277,0.004015296,0.0046,0.0102,Maintain,Mantenimiento - comunicacion periodica,Low
0536-BGFMZ,0.0257,Low,0.12,Low,0.0276,0,0.008003822721299727,0.002294455,0.0276,0.0102,Maintain,Mantenimiento - comunicacion periodica,Low
0422-OHQHQ,0.0241,Low,0.12,Low,0.032,0,0.006092462071437105,0.002294455,0.032,0.0101,Maintain,Mantenimiento - comunicacion periodica,Low
6100-FJZDG,0.0218,Low,0.53,Low,0.0255,0,0.0033448811372595874,0.010133843,0.0255,0.0098,Maintain,Mantenimiento - comunicacion periodica,Low
8884-MRNSU,0.0234,Low,0.68,Low,0.0157,0,0.0052562417871222095,0.013001912,0.0157,0.0097,Maintain,Mantenimiento - comunicacion periodica,Low
1763-KUAAW,0.0314,Low,0.22,Low,0.0046,0,0.01481304503643531,0.004206501,0.0046,0.0096,Maintain,Mantenimiento - comunicacion periodica,Low
4616-EWBNJ,0.0282,Low,0.52,Low,0.0046,0,0.010990323736710071,0.009942639,0.0046,0.0094,Maintain,Mantenimiento - comunicacion periodica,Low
8746-BFOAJ,0.0269,Low,0.12,Low,0.0198,0,0.009437343208696693,0.002294455,0.0198,0.0094,Maintain,Mantenimiento - comunicacion periodica,Low
7542-CYDDM,0.0289,Low,0.44,Low,0.0047,0,0.011826544021024966,0.008413002,0.0047,0.0094,Maintain,Mantenimiento - comunicacion periodica,Low
2164-SOQXL,0.0261,Low,0.43,Low,0.0124,0,0.008481662883765383,0.008221798,0.0124,0.0092,Maintain,Mantenimiento - comunicacion periodica,Low
0829-DDVLK,0.0272,Low,0.54,Low,0.0058,0,0.009795723330545932,0.010325048,0.0058,0.0092,Maintain,Mantenimiento - comunicacion periodica,Low
9621-OUPYD,0.0252,Low,0.39,Low,0.0127,0,0.007406522518217658,0.007456979,0.0127,0.0085,Maintain,Mantenimiento - comunicacion periodica,Low
4359-INNWN,0.026,Low,0.56,Low,0.0054,0,0.008362202843148966,0.010707458,0.0054,0.0085,Maintain,Mantenimiento - comunicacion periodica,Low
7813-TKCVO,0.0216,Low,0.21,Low,0.0264,0,0.0031059610560267613,0.004015296,0.0264,0.008,Maintain,Mantenimiento - comunicacion periodica,Low
7047-YXDMZ,0.0246,Low,0.47,Low,0.0095,0,0.006689762274519175,0.008986616,0.0095,0.0079,Maintain,Mantenimiento - comunicacion periodica,Low
4632-PAOYU,0.0226,Low,0.63,Low,0.0095,0,0.004300561462190896,0.012045889,0.0095,0.0077,Maintain,Mantenimiento - comunicacion periodica,Low
6131-IUNXN,0.0258,Low,0.34,Low,0.008,0,0.00812328276191614,0.006500956,0.008,0.0076,Maintain,Mantenimiento - comunicacion periodica,Low
7010-ZMVBF,0.0233,Low,0.1,Low,0.022,0,0.005136781746505796,0.001912046,0.022,0.0075,Maintain,Mantenimiento - comunicacion periodica,Low
3594-BDSOA,0.0225,Low,0.16,Low,0.0201,0,0.004181101421574483,0.0030592734,0.0201,0.007,Maintain,Mantenimiento - comunicacion periodica,Low
4092-OFQZS,0.0226,Low,0.1,Low,0.0213,0,0.004300561462190896,0.001912046,0.0213,0.007,Maintain,Mantenimiento - comunicacion periodica,Low
1178-PZGAB,0.024,Low,0.33,Low,0.0063,0,0.005973002030820692,0.006309752,0.0063,0.0061,Maintain,Mantenimiento - comunicacion periodica,Low
4018-KJYUY,0.0221,Low,0.35,Low,0.01,0,0.003703261259108831,0.0066921604,0.01,0.0059,Maintain,Mantenimiento - comunicacion periodica,Low
1930-BZLHI,0.0231,Low,0.21,Low,0.0066,0,0.004897861665272966,0.004015296,0.0066,0.005,Maintain,Mantenimiento - comunicacion periodica,Low
